 
****************************************
Report : timing
        -path full
        -delay min
        -max_paths 100
Design : SYS_TOP
Version: K-2015.06
Date   : Sun Sep 28 21:41:58 2025
****************************************

Operating Conditions: scmetro_tsmc_cl013g_rvt_ff_1p32v_m40c   Library: scmetro_tsmc_cl013g_rvt_ff_1p32v_m40c
Wire Load Model Mode: top

  Startpoint: U_ALU/ALU_OUT_reg[14]
              (rising edge-triggered flip-flop clocked by ALU_CLK)
  Endpoint: U_ALU/ALU_OUT_reg[15]
            (rising edge-triggered flip-flop clocked by ALU_CLK)
  Path Group: ALU_CLK
  Path Type: min

  Point                                                   Incr       Path
  --------------------------------------------------------------------------
  clock ALU_CLK (rise edge)                               0.00       0.00
  clock network delay (ideal)                             0.00       0.00
  U_ALU/ALU_OUT_reg[14]/CK (SDFFRQX2M)                    0.00       0.00 r
  U_ALU/ALU_OUT_reg[14]/Q (SDFFRQX2M)                     0.34       0.34 r
  U_ALU/ALU_OUT_reg[15]/SI (SDFFRQX2M)                    0.00       0.34 r
  data arrival time                                                  0.34

  clock ALU_CLK (rise edge)                               0.00       0.00
  clock network delay (ideal)                             0.00       0.00
  clock uncertainty                                       0.10       0.10
  U_ALU/ALU_OUT_reg[15]/CK (SDFFRQX2M)                    0.00       0.10 r
  library hold time                                      -0.18      -0.08
  data required time                                                -0.08
  --------------------------------------------------------------------------
  data required time                                                -0.08
  data arrival time                                                 -0.34
  --------------------------------------------------------------------------
  slack (MET)                                                        0.42


  Startpoint: U_ALU/ALU_OUT_reg[13]
              (rising edge-triggered flip-flop clocked by ALU_CLK)
  Endpoint: U_ALU/ALU_OUT_reg[14]
            (rising edge-triggered flip-flop clocked by ALU_CLK)
  Path Group: ALU_CLK
  Path Type: min

  Point                                                   Incr       Path
  --------------------------------------------------------------------------
  clock ALU_CLK (rise edge)                               0.00       0.00
  clock network delay (ideal)                             0.00       0.00
  U_ALU/ALU_OUT_reg[13]/CK (SDFFRQX2M)                    0.00       0.00 r
  U_ALU/ALU_OUT_reg[13]/Q (SDFFRQX2M)                     0.34       0.34 r
  U_ALU/ALU_OUT_reg[14]/SI (SDFFRQX2M)                    0.00       0.34 r
  data arrival time                                                  0.34

  clock ALU_CLK (rise edge)                               0.00       0.00
  clock network delay (ideal)                             0.00       0.00
  clock uncertainty                                       0.10       0.10
  U_ALU/ALU_OUT_reg[14]/CK (SDFFRQX2M)                    0.00       0.10 r
  library hold time                                      -0.18      -0.08
  data required time                                                -0.08
  --------------------------------------------------------------------------
  data required time                                                -0.08
  data arrival time                                                 -0.34
  --------------------------------------------------------------------------
  slack (MET)                                                        0.42


  Startpoint: U_ALU/ALU_OUT_reg[12]
              (rising edge-triggered flip-flop clocked by ALU_CLK)
  Endpoint: U_ALU/ALU_OUT_reg[13]
            (rising edge-triggered flip-flop clocked by ALU_CLK)
  Path Group: ALU_CLK
  Path Type: min

  Point                                                   Incr       Path
  --------------------------------------------------------------------------
  clock ALU_CLK (rise edge)                               0.00       0.00
  clock network delay (ideal)                             0.00       0.00
  U_ALU/ALU_OUT_reg[12]/CK (SDFFRQX2M)                    0.00       0.00 r
  U_ALU/ALU_OUT_reg[12]/Q (SDFFRQX2M)                     0.34       0.34 r
  U_ALU/ALU_OUT_reg[13]/SI (SDFFRQX2M)                    0.00       0.34 r
  data arrival time                                                  0.34

  clock ALU_CLK (rise edge)                               0.00       0.00
  clock network delay (ideal)                             0.00       0.00
  clock uncertainty                                       0.10       0.10
  U_ALU/ALU_OUT_reg[13]/CK (SDFFRQX2M)                    0.00       0.10 r
  library hold time                                      -0.18      -0.08
  data required time                                                -0.08
  --------------------------------------------------------------------------
  data required time                                                -0.08
  data arrival time                                                 -0.34
  --------------------------------------------------------------------------
  slack (MET)                                                        0.42


  Startpoint: U_ALU/ALU_OUT_reg[11]
              (rising edge-triggered flip-flop clocked by ALU_CLK)
  Endpoint: U_ALU/ALU_OUT_reg[12]
            (rising edge-triggered flip-flop clocked by ALU_CLK)
  Path Group: ALU_CLK
  Path Type: min

  Point                                                   Incr       Path
  --------------------------------------------------------------------------
  clock ALU_CLK (rise edge)                               0.00       0.00
  clock network delay (ideal)                             0.00       0.00
  U_ALU/ALU_OUT_reg[11]/CK (SDFFRQX2M)                    0.00       0.00 r
  U_ALU/ALU_OUT_reg[11]/Q (SDFFRQX2M)                     0.34       0.34 r
  U_ALU/ALU_OUT_reg[12]/SI (SDFFRQX2M)                    0.00       0.34 r
  data arrival time                                                  0.34

  clock ALU_CLK (rise edge)                               0.00       0.00
  clock network delay (ideal)                             0.00       0.00
  clock uncertainty                                       0.10       0.10
  U_ALU/ALU_OUT_reg[12]/CK (SDFFRQX2M)                    0.00       0.10 r
  library hold time                                      -0.18      -0.08
  data required time                                                -0.08
  --------------------------------------------------------------------------
  data required time                                                -0.08
  data arrival time                                                 -0.34
  --------------------------------------------------------------------------
  slack (MET)                                                        0.42


  Startpoint: U_ALU/ALU_OUT_reg[10]
              (rising edge-triggered flip-flop clocked by ALU_CLK)
  Endpoint: U_ALU/ALU_OUT_reg[11]
            (rising edge-triggered flip-flop clocked by ALU_CLK)
  Path Group: ALU_CLK
  Path Type: min

  Point                                                   Incr       Path
  --------------------------------------------------------------------------
  clock ALU_CLK (rise edge)                               0.00       0.00
  clock network delay (ideal)                             0.00       0.00
  U_ALU/ALU_OUT_reg[10]/CK (SDFFRQX2M)                    0.00       0.00 r
  U_ALU/ALU_OUT_reg[10]/Q (SDFFRQX2M)                     0.34       0.34 r
  U_ALU/ALU_OUT_reg[11]/SI (SDFFRQX2M)                    0.00       0.34 r
  data arrival time                                                  0.34

  clock ALU_CLK (rise edge)                               0.00       0.00
  clock network delay (ideal)                             0.00       0.00
  clock uncertainty                                       0.10       0.10
  U_ALU/ALU_OUT_reg[11]/CK (SDFFRQX2M)                    0.00       0.10 r
  library hold time                                      -0.18      -0.08
  data required time                                                -0.08
  --------------------------------------------------------------------------
  data required time                                                -0.08
  data arrival time                                                 -0.34
  --------------------------------------------------------------------------
  slack (MET)                                                        0.42


  Startpoint: U_ALU/ALU_OUT_reg[9]
              (rising edge-triggered flip-flop clocked by ALU_CLK)
  Endpoint: U_ALU/ALU_OUT_reg[10]
            (rising edge-triggered flip-flop clocked by ALU_CLK)
  Path Group: ALU_CLK
  Path Type: min

  Point                                                   Incr       Path
  --------------------------------------------------------------------------
  clock ALU_CLK (rise edge)                               0.00       0.00
  clock network delay (ideal)                             0.00       0.00
  U_ALU/ALU_OUT_reg[9]/CK (SDFFRQX2M)                     0.00       0.00 r
  U_ALU/ALU_OUT_reg[9]/Q (SDFFRQX2M)                      0.34       0.34 r
  U_ALU/ALU_OUT_reg[10]/SI (SDFFRQX2M)                    0.00       0.34 r
  data arrival time                                                  0.34

  clock ALU_CLK (rise edge)                               0.00       0.00
  clock network delay (ideal)                             0.00       0.00
  clock uncertainty                                       0.10       0.10
  U_ALU/ALU_OUT_reg[10]/CK (SDFFRQX2M)                    0.00       0.10 r
  library hold time                                      -0.18      -0.08
  data required time                                                -0.08
  --------------------------------------------------------------------------
  data required time                                                -0.08
  data arrival time                                                 -0.34
  --------------------------------------------------------------------------
  slack (MET)                                                        0.42


  Startpoint: U_ALU/ALU_OUT_reg[8]
              (rising edge-triggered flip-flop clocked by ALU_CLK)
  Endpoint: U_ALU/ALU_OUT_reg[9]
            (rising edge-triggered flip-flop clocked by ALU_CLK)
  Path Group: ALU_CLK
  Path Type: min

  Point                                    Incr       Path
  -----------------------------------------------------------
  clock ALU_CLK (rise edge)                0.00       0.00
  clock network delay (ideal)              0.00       0.00
  U_ALU/ALU_OUT_reg[8]/CK (SDFFRQX2M)      0.00       0.00 r
  U_ALU/ALU_OUT_reg[8]/Q (SDFFRQX2M)       0.34       0.34 r
  U_ALU/ALU_OUT_reg[9]/SI (SDFFRQX2M)      0.00       0.34 r
  data arrival time                                   0.34

  clock ALU_CLK (rise edge)                0.00       0.00
  clock network delay (ideal)              0.00       0.00
  clock uncertainty                        0.10       0.10
  U_ALU/ALU_OUT_reg[9]/CK (SDFFRQX2M)      0.00       0.10 r
  library hold time                       -0.18      -0.08
  data required time                                 -0.08
  -----------------------------------------------------------
  data required time                                 -0.08
  data arrival time                                  -0.34
  -----------------------------------------------------------
  slack (MET)                                         0.42


  Startpoint: U_ALU/ALU_OUT_reg[15]
              (rising edge-triggered flip-flop clocked by ALU_CLK)
  Endpoint: U_ALU/OUT_VALID_reg
            (rising edge-triggered flip-flop clocked by ALU_CLK)
  Path Group: ALU_CLK
  Path Type: min

  Point                                                   Incr       Path
  --------------------------------------------------------------------------
  clock ALU_CLK (rise edge)                               0.00       0.00
  clock network delay (ideal)                             0.00       0.00
  U_ALU/ALU_OUT_reg[15]/CK (SDFFRQX2M)                    0.00       0.00 r
  U_ALU/ALU_OUT_reg[15]/Q (SDFFRQX2M)                     0.34       0.34 r
  U_ALU/OUT_VALID_reg/SI (SDFFRQX2M)                      0.00       0.34 r
  data arrival time                                                  0.34

  clock ALU_CLK (rise edge)                               0.00       0.00
  clock network delay (ideal)                             0.00       0.00
  clock uncertainty                                       0.10       0.10
  U_ALU/OUT_VALID_reg/CK (SDFFRQX2M)                      0.00       0.10 r
  library hold time                                      -0.18      -0.08
  data required time                                                -0.08
  --------------------------------------------------------------------------
  data required time                                                -0.08
  data arrival time                                                 -0.34
  --------------------------------------------------------------------------
  slack (MET)                                                        0.42


  Startpoint: U_ALU/ALU_OUT_reg[5]
              (rising edge-triggered flip-flop clocked by ALU_CLK)
  Endpoint: U_ALU/ALU_OUT_reg[6]
            (rising edge-triggered flip-flop clocked by ALU_CLK)
  Path Group: ALU_CLK
  Path Type: min

  Point                                    Incr       Path
  -----------------------------------------------------------
  clock ALU_CLK (rise edge)                0.00       0.00
  clock network delay (ideal)              0.00       0.00
  U_ALU/ALU_OUT_reg[5]/CK (SDFFRQX2M)      0.00       0.00 r
  U_ALU/ALU_OUT_reg[5]/Q (SDFFRQX2M)       0.35       0.35 r
  U_ALU/ALU_OUT_reg[6]/SI (SDFFRQX2M)      0.00       0.35 r
  data arrival time                                   0.35

  clock ALU_CLK (rise edge)                0.00       0.00
  clock network delay (ideal)              0.00       0.00
  clock uncertainty                        0.10       0.10
  U_ALU/ALU_OUT_reg[6]/CK (SDFFRQX2M)      0.00       0.10 r
  library hold time                       -0.18      -0.08
  data required time                                 -0.08
  -----------------------------------------------------------
  data required time                                 -0.08
  data arrival time                                  -0.35
  -----------------------------------------------------------
  slack (MET)                                         0.43


  Startpoint: U_ALU/ALU_OUT_reg[4]
              (rising edge-triggered flip-flop clocked by ALU_CLK)
  Endpoint: U_ALU/ALU_OUT_reg[5]
            (rising edge-triggered flip-flop clocked by ALU_CLK)
  Path Group: ALU_CLK
  Path Type: min

  Point                                    Incr       Path
  -----------------------------------------------------------
  clock ALU_CLK (rise edge)                0.00       0.00
  clock network delay (ideal)              0.00       0.00
  U_ALU/ALU_OUT_reg[4]/CK (SDFFRQX2M)      0.00       0.00 r
  U_ALU/ALU_OUT_reg[4]/Q (SDFFRQX2M)       0.35       0.35 r
  U_ALU/ALU_OUT_reg[5]/SI (SDFFRQX2M)      0.00       0.35 r
  data arrival time                                   0.35

  clock ALU_CLK (rise edge)                0.00       0.00
  clock network delay (ideal)              0.00       0.00
  clock uncertainty                        0.10       0.10
  U_ALU/ALU_OUT_reg[5]/CK (SDFFRQX2M)      0.00       0.10 r
  library hold time                       -0.18      -0.08
  data required time                                 -0.08
  -----------------------------------------------------------
  data required time                                 -0.08
  data arrival time                                  -0.35
  -----------------------------------------------------------
  slack (MET)                                         0.43


  Startpoint: U_ALU/ALU_OUT_reg[3]
              (rising edge-triggered flip-flop clocked by ALU_CLK)
  Endpoint: U_ALU/ALU_OUT_reg[4]
            (rising edge-triggered flip-flop clocked by ALU_CLK)
  Path Group: ALU_CLK
  Path Type: min

  Point                                    Incr       Path
  -----------------------------------------------------------
  clock ALU_CLK (rise edge)                0.00       0.00
  clock network delay (ideal)              0.00       0.00
  U_ALU/ALU_OUT_reg[3]/CK (SDFFRQX2M)      0.00       0.00 r
  U_ALU/ALU_OUT_reg[3]/Q (SDFFRQX2M)       0.35       0.35 r
  U_ALU/ALU_OUT_reg[4]/SI (SDFFRQX2M)      0.00       0.35 r
  data arrival time                                   0.35

  clock ALU_CLK (rise edge)                0.00       0.00
  clock network delay (ideal)              0.00       0.00
  clock uncertainty                        0.10       0.10
  U_ALU/ALU_OUT_reg[4]/CK (SDFFRQX2M)      0.00       0.10 r
  library hold time                       -0.18      -0.08
  data required time                                 -0.08
  -----------------------------------------------------------
  data required time                                 -0.08
  data arrival time                                  -0.35
  -----------------------------------------------------------
  slack (MET)                                         0.43


  Startpoint: U_ALU/ALU_OUT_reg[2]
              (rising edge-triggered flip-flop clocked by ALU_CLK)
  Endpoint: U_ALU/ALU_OUT_reg[3]
            (rising edge-triggered flip-flop clocked by ALU_CLK)
  Path Group: ALU_CLK
  Path Type: min

  Point                                    Incr       Path
  -----------------------------------------------------------
  clock ALU_CLK (rise edge)                0.00       0.00
  clock network delay (ideal)              0.00       0.00
  U_ALU/ALU_OUT_reg[2]/CK (SDFFRQX2M)      0.00       0.00 r
  U_ALU/ALU_OUT_reg[2]/Q (SDFFRQX2M)       0.35       0.35 r
  U_ALU/ALU_OUT_reg[3]/SI (SDFFRQX2M)      0.00       0.35 r
  data arrival time                                   0.35

  clock ALU_CLK (rise edge)                0.00       0.00
  clock network delay (ideal)              0.00       0.00
  clock uncertainty                        0.10       0.10
  U_ALU/ALU_OUT_reg[3]/CK (SDFFRQX2M)      0.00       0.10 r
  library hold time                       -0.18      -0.08
  data required time                                 -0.08
  -----------------------------------------------------------
  data required time                                 -0.08
  data arrival time                                  -0.35
  -----------------------------------------------------------
  slack (MET)                                         0.43


  Startpoint: U_ALU/ALU_OUT_reg[1]
              (rising edge-triggered flip-flop clocked by ALU_CLK)
  Endpoint: U_ALU/ALU_OUT_reg[2]
            (rising edge-triggered flip-flop clocked by ALU_CLK)
  Path Group: ALU_CLK
  Path Type: min

  Point                                    Incr       Path
  -----------------------------------------------------------
  clock ALU_CLK (rise edge)                0.00       0.00
  clock network delay (ideal)              0.00       0.00
  U_ALU/ALU_OUT_reg[1]/CK (SDFFRQX2M)      0.00       0.00 r
  U_ALU/ALU_OUT_reg[1]/Q (SDFFRQX2M)       0.35       0.35 r
  U_ALU/ALU_OUT_reg[2]/SI (SDFFRQX2M)      0.00       0.35 r
  data arrival time                                   0.35

  clock ALU_CLK (rise edge)                0.00       0.00
  clock network delay (ideal)              0.00       0.00
  clock uncertainty                        0.10       0.10
  U_ALU/ALU_OUT_reg[2]/CK (SDFFRQX2M)      0.00       0.10 r
  library hold time                       -0.18      -0.08
  data required time                                 -0.08
  -----------------------------------------------------------
  data required time                                 -0.08
  data arrival time                                  -0.35
  -----------------------------------------------------------
  slack (MET)                                         0.43


  Startpoint: U_ALU/ALU_OUT_reg[0]
              (rising edge-triggered flip-flop clocked by ALU_CLK)
  Endpoint: U_ALU/ALU_OUT_reg[1]
            (rising edge-triggered flip-flop clocked by ALU_CLK)
  Path Group: ALU_CLK
  Path Type: min

  Point                                    Incr       Path
  -----------------------------------------------------------
  clock ALU_CLK (rise edge)                0.00       0.00
  clock network delay (ideal)              0.00       0.00
  U_ALU/ALU_OUT_reg[0]/CK (SDFFRQX2M)      0.00       0.00 r
  U_ALU/ALU_OUT_reg[0]/Q (SDFFRQX2M)       0.35       0.35 r
  U_ALU/ALU_OUT_reg[1]/SI (SDFFRQX2M)      0.00       0.35 r
  data arrival time                                   0.35

  clock ALU_CLK (rise edge)                0.00       0.00
  clock network delay (ideal)              0.00       0.00
  clock uncertainty                        0.10       0.10
  U_ALU/ALU_OUT_reg[1]/CK (SDFFRQX2M)      0.00       0.10 r
  library hold time                       -0.18      -0.08
  data required time                                 -0.08
  -----------------------------------------------------------
  data required time                                 -0.08
  data arrival time                                  -0.35
  -----------------------------------------------------------
  slack (MET)                                         0.43


  Startpoint: U_ALU/ALU_OUT_reg[7]
              (rising edge-triggered flip-flop clocked by ALU_CLK)
  Endpoint: U_ALU/ALU_OUT_reg[8]
            (rising edge-triggered flip-flop clocked by ALU_CLK)
  Path Group: ALU_CLK
  Path Type: min

  Point                                    Incr       Path
  -----------------------------------------------------------
  clock ALU_CLK (rise edge)                0.00       0.00
  clock network delay (ideal)              0.00       0.00
  U_ALU/ALU_OUT_reg[7]/CK (SDFFRQX2M)      0.00       0.00 r
  U_ALU/ALU_OUT_reg[7]/Q (SDFFRQX2M)       0.35       0.35 r
  U_ALU/ALU_OUT_reg[8]/SI (SDFFRQX2M)      0.00       0.35 r
  data arrival time                                   0.35

  clock ALU_CLK (rise edge)                0.00       0.00
  clock network delay (ideal)              0.00       0.00
  clock uncertainty                        0.10       0.10
  U_ALU/ALU_OUT_reg[8]/CK (SDFFRQX2M)      0.00       0.10 r
  library hold time                       -0.18      -0.08
  data required time                                 -0.08
  -----------------------------------------------------------
  data required time                                 -0.08
  data arrival time                                  -0.35
  -----------------------------------------------------------
  slack (MET)                                         0.43


  Startpoint: REF_RST_SYNC/sync_reg_reg[0]
              (rising edge-triggered flip-flop clocked by DFTCLK)
  Endpoint: REF_RST_SYNC/sync_reg_reg[1]
            (rising edge-triggered flip-flop clocked by DFTCLK)
  Path Group: DFTCLK
  Path Type: min

  Point                                                   Incr       Path
  --------------------------------------------------------------------------
  clock DFTCLK (rise edge)                                0.00       0.00
  clock network delay (ideal)                             0.00       0.00
  REF_RST_SYNC/sync_reg_reg[0]/CK (SDFFRQX2M)             0.00       0.00 r
  REF_RST_SYNC/sync_reg_reg[0]/Q (SDFFRQX2M)              0.35       0.35 r
  REF_RST_SYNC/sync_reg_reg[1]/D (SDFFRQX2M)              0.00       0.35 r
  data arrival time                                                  0.35

  clock DFTCLK (rise edge)                                0.00       0.00
  clock network delay (ideal)                             0.00       0.00
  clock uncertainty                                       0.01       0.01
  REF_RST_SYNC/sync_reg_reg[1]/CK (SDFFRQX2M)             0.00       0.01 r
  library hold time                                      -0.16      -0.15
  data required time                                                -0.15
  --------------------------------------------------------------------------
  data required time                                                -0.15
  data arrival time                                                 -0.35
  --------------------------------------------------------------------------
  slack (MET)                                                        0.51


  Startpoint: UART_RST_SYNC/sync_reg_reg[0]
              (rising edge-triggered flip-flop clocked by DFTCLK)
  Endpoint: UART_RST_SYNC/sync_reg_reg[1]
            (rising edge-triggered flip-flop clocked by DFTCLK)
  Path Group: DFTCLK
  Path Type: min

  Point                                                   Incr       Path
  --------------------------------------------------------------------------
  clock DFTCLK (rise edge)                                0.00       0.00
  clock network delay (ideal)                             0.00       0.00
  UART_RST_SYNC/sync_reg_reg[0]/CK (SDFFRQX2M)            0.00       0.00 r
  UART_RST_SYNC/sync_reg_reg[0]/Q (SDFFRQX2M)             0.35       0.35 r
  UART_RST_SYNC/sync_reg_reg[1]/D (SDFFRQX2M)             0.00       0.35 r
  data arrival time                                                  0.35

  clock DFTCLK (rise edge)                                0.00       0.00
  clock network delay (ideal)                             0.00       0.00
  clock uncertainty                                       0.01       0.01
  UART_RST_SYNC/sync_reg_reg[1]/CK (SDFFRQX2M)            0.00       0.01 r
  library hold time                                      -0.16      -0.15
  data required time                                                -0.15
  --------------------------------------------------------------------------
  data required time                                                -0.15
  data arrival time                                                 -0.35
  --------------------------------------------------------------------------
  slack (MET)                                                        0.51


  Startpoint: U_FIFO/BIT_SYNC_R_TO_W/sync_reg_reg[1][0]
              (rising edge-triggered flip-flop clocked by DFTCLK)
  Endpoint: U_FIFO/BIT_SYNC_R_TO_W/sync_reg_reg[1][1]
            (rising edge-triggered flip-flop clocked by DFTCLK)
  Path Group: DFTCLK
  Path Type: min

  Point                                                   Incr       Path
  --------------------------------------------------------------------------
  clock DFTCLK (rise edge)                                0.00       0.00
  clock network delay (ideal)                             0.00       0.00
  U_FIFO/BIT_SYNC_R_TO_W/sync_reg_reg[1][0]/CK (SDFFRQX2M)
                                                          0.00       0.00 r
  U_FIFO/BIT_SYNC_R_TO_W/sync_reg_reg[1][0]/Q (SDFFRQX2M)
                                                          0.35       0.35 r
  U_FIFO/BIT_SYNC_R_TO_W/sync_reg_reg[1][1]/D (SDFFRQX2M)
                                                          0.00       0.35 r
  data arrival time                                                  0.35

  clock DFTCLK (rise edge)                                0.00       0.00
  clock network delay (ideal)                             0.00       0.00
  clock uncertainty                                       0.01       0.01
  U_FIFO/BIT_SYNC_R_TO_W/sync_reg_reg[1][1]/CK (SDFFRQX2M)
                                                          0.00       0.01 r
  library hold time                                      -0.16      -0.15
  data required time                                                -0.15
  --------------------------------------------------------------------------
  data required time                                                -0.15
  data arrival time                                                 -0.35
  --------------------------------------------------------------------------
  slack (MET)                                                        0.51


  Startpoint: U_FIFO/BIT_SYNC_R_TO_W/sync_reg_reg[0][0]
              (rising edge-triggered flip-flop clocked by DFTCLK)
  Endpoint: U_FIFO/BIT_SYNC_R_TO_W/sync_reg_reg[0][1]
            (rising edge-triggered flip-flop clocked by DFTCLK)
  Path Group: DFTCLK
  Path Type: min

  Point                                                   Incr       Path
  --------------------------------------------------------------------------
  clock DFTCLK (rise edge)                                0.00       0.00
  clock network delay (ideal)                             0.00       0.00
  U_FIFO/BIT_SYNC_R_TO_W/sync_reg_reg[0][0]/CK (SDFFRQX2M)
                                                          0.00       0.00 r
  U_FIFO/BIT_SYNC_R_TO_W/sync_reg_reg[0][0]/Q (SDFFRQX2M)
                                                          0.35       0.35 r
  U_FIFO/BIT_SYNC_R_TO_W/sync_reg_reg[0][1]/D (SDFFRQX2M)
                                                          0.00       0.35 r
  data arrival time                                                  0.35

  clock DFTCLK (rise edge)                                0.00       0.00
  clock network delay (ideal)                             0.00       0.00
  clock uncertainty                                       0.01       0.01
  U_FIFO/BIT_SYNC_R_TO_W/sync_reg_reg[0][1]/CK (SDFFRQX2M)
                                                          0.00       0.01 r
  library hold time                                      -0.16      -0.15
  data required time                                                -0.15
  --------------------------------------------------------------------------
  data required time                                                -0.15
  data arrival time                                                 -0.35
  --------------------------------------------------------------------------
  slack (MET)                                                        0.51


  Startpoint: U_FIFO/BIT_SYNC_R_TO_W/sync_reg_reg[2][0]
              (rising edge-triggered flip-flop clocked by DFTCLK)
  Endpoint: U_FIFO/BIT_SYNC_R_TO_W/sync_reg_reg[2][1]
            (rising edge-triggered flip-flop clocked by DFTCLK)
  Path Group: DFTCLK
  Path Type: min

  Point                                                   Incr       Path
  --------------------------------------------------------------------------
  clock DFTCLK (rise edge)                                0.00       0.00
  clock network delay (ideal)                             0.00       0.00
  U_FIFO/BIT_SYNC_R_TO_W/sync_reg_reg[2][0]/CK (SDFFRQX2M)
                                                          0.00       0.00 r
  U_FIFO/BIT_SYNC_R_TO_W/sync_reg_reg[2][0]/Q (SDFFRQX2M)
                                                          0.35       0.35 r
  U_FIFO/BIT_SYNC_R_TO_W/sync_reg_reg[2][1]/D (SDFFRQX2M)
                                                          0.00       0.35 r
  data arrival time                                                  0.35

  clock DFTCLK (rise edge)                                0.00       0.00
  clock network delay (ideal)                             0.00       0.00
  clock uncertainty                                       0.01       0.01
  U_FIFO/BIT_SYNC_R_TO_W/sync_reg_reg[2][1]/CK (SDFFRQX2M)
                                                          0.00       0.01 r
  library hold time                                      -0.16      -0.15
  data required time                                                -0.15
  --------------------------------------------------------------------------
  data required time                                                -0.15
  data arrival time                                                 -0.35
  --------------------------------------------------------------------------
  slack (MET)                                                        0.51


  Startpoint: U_FIFO/READ_MODULE/GRAY_R_ADD_reg[2]
              (rising edge-triggered flip-flop clocked by DFTCLK)
  Endpoint: U_FIFO/BIT_SYNC_R_TO_W/sync_reg_reg[2][0]
            (rising edge-triggered flip-flop clocked by DFTCLK)
  Path Group: DFTCLK
  Path Type: min

  Point                                                   Incr       Path
  --------------------------------------------------------------------------
  clock DFTCLK (rise edge)                                0.00       0.00
  clock network delay (ideal)                             0.00       0.00
  U_FIFO/READ_MODULE/GRAY_R_ADD_reg[2]/CK (SDFFRQX2M)     0.00       0.00 r
  U_FIFO/READ_MODULE/GRAY_R_ADD_reg[2]/Q (SDFFRQX2M)      0.35       0.35 r
  U_FIFO/READ_MODULE/GRAY_R_ADD[2] (FIFO_RD_ADDRES_WIDTH4_test_1)
                                                          0.00       0.35 r
  U_FIFO/BIT_SYNC_R_TO_W/ASYNC[2] (BIT_SYNC_NUM_STAGES2_BUS_WIDTH4_test_0)
                                                          0.00       0.35 r
  U_FIFO/BIT_SYNC_R_TO_W/sync_reg_reg[2][0]/D (SDFFRQX2M)
                                                          0.00       0.35 r
  data arrival time                                                  0.35

  clock DFTCLK (rise edge)                                0.00       0.00
  clock network delay (ideal)                             0.00       0.00
  clock uncertainty                                       0.01       0.01
  U_FIFO/BIT_SYNC_R_TO_W/sync_reg_reg[2][0]/CK (SDFFRQX2M)
                                                          0.00       0.01 r
  library hold time                                      -0.16      -0.15
  data required time                                                -0.15
  --------------------------------------------------------------------------
  data required time                                                -0.15
  data arrival time                                                 -0.35
  --------------------------------------------------------------------------
  slack (MET)                                                        0.51


  Startpoint: U_FIFO/READ_MODULE/GRAY_R_ADD_reg[1]
              (rising edge-triggered flip-flop clocked by DFTCLK)
  Endpoint: U_FIFO/BIT_SYNC_R_TO_W/sync_reg_reg[1][0]
            (rising edge-triggered flip-flop clocked by DFTCLK)
  Path Group: DFTCLK
  Path Type: min

  Point                                                   Incr       Path
  --------------------------------------------------------------------------
  clock DFTCLK (rise edge)                                0.00       0.00
  clock network delay (ideal)                             0.00       0.00
  U_FIFO/READ_MODULE/GRAY_R_ADD_reg[1]/CK (SDFFRQX2M)     0.00       0.00 r
  U_FIFO/READ_MODULE/GRAY_R_ADD_reg[1]/Q (SDFFRQX2M)      0.35       0.35 r
  U_FIFO/READ_MODULE/GRAY_R_ADD[1] (FIFO_RD_ADDRES_WIDTH4_test_1)
                                                          0.00       0.35 r
  U_FIFO/BIT_SYNC_R_TO_W/ASYNC[1] (BIT_SYNC_NUM_STAGES2_BUS_WIDTH4_test_0)
                                                          0.00       0.35 r
  U_FIFO/BIT_SYNC_R_TO_W/sync_reg_reg[1][0]/D (SDFFRQX2M)
                                                          0.00       0.35 r
  data arrival time                                                  0.35

  clock DFTCLK (rise edge)                                0.00       0.00
  clock network delay (ideal)                             0.00       0.00
  clock uncertainty                                       0.01       0.01
  U_FIFO/BIT_SYNC_R_TO_W/sync_reg_reg[1][0]/CK (SDFFRQX2M)
                                                          0.00       0.01 r
  library hold time                                      -0.16      -0.15
  data required time                                                -0.15
  --------------------------------------------------------------------------
  data required time                                                -0.15
  data arrival time                                                 -0.35
  --------------------------------------------------------------------------
  slack (MET)                                                        0.51


  Startpoint: U_FIFO/READ_MODULE/GRAY_R_ADD_reg[0]
              (rising edge-triggered flip-flop clocked by DFTCLK)
  Endpoint: U_FIFO/BIT_SYNC_R_TO_W/sync_reg_reg[0][0]
            (rising edge-triggered flip-flop clocked by DFTCLK)
  Path Group: DFTCLK
  Path Type: min

  Point                                                   Incr       Path
  --------------------------------------------------------------------------
  clock DFTCLK (rise edge)                                0.00       0.00
  clock network delay (ideal)                             0.00       0.00
  U_FIFO/READ_MODULE/GRAY_R_ADD_reg[0]/CK (SDFFRQX2M)     0.00       0.00 r
  U_FIFO/READ_MODULE/GRAY_R_ADD_reg[0]/Q (SDFFRQX2M)      0.35       0.35 r
  U_FIFO/READ_MODULE/GRAY_R_ADD[0] (FIFO_RD_ADDRES_WIDTH4_test_1)
                                                          0.00       0.35 r
  U_FIFO/BIT_SYNC_R_TO_W/ASYNC[0] (BIT_SYNC_NUM_STAGES2_BUS_WIDTH4_test_0)
                                                          0.00       0.35 r
  U_FIFO/BIT_SYNC_R_TO_W/sync_reg_reg[0][0]/D (SDFFRQX2M)
                                                          0.00       0.35 r
  data arrival time                                                  0.35

  clock DFTCLK (rise edge)                                0.00       0.00
  clock network delay (ideal)                             0.00       0.00
  clock uncertainty                                       0.01       0.01
  U_FIFO/BIT_SYNC_R_TO_W/sync_reg_reg[0][0]/CK (SDFFRQX2M)
                                                          0.00       0.01 r
  library hold time                                      -0.16      -0.15
  data required time                                                -0.15
  --------------------------------------------------------------------------
  data required time                                                -0.15
  data arrival time                                                 -0.35
  --------------------------------------------------------------------------
  slack (MET)                                                        0.51


  Startpoint: U_FIFO/BIT_SYNC_W_TO_R/sync_reg_reg[2][0]
              (rising edge-triggered flip-flop clocked by DFTCLK)
  Endpoint: U_FIFO/BIT_SYNC_W_TO_R/sync_reg_reg[2][1]
            (rising edge-triggered flip-flop clocked by DFTCLK)
  Path Group: DFTCLK
  Path Type: min

  Point                                                   Incr       Path
  --------------------------------------------------------------------------
  clock DFTCLK (rise edge)                                0.00       0.00
  clock network delay (ideal)                             0.00       0.00
  U_FIFO/BIT_SYNC_W_TO_R/sync_reg_reg[2][0]/CK (SDFFRQX2M)
                                                          0.00       0.00 r
  U_FIFO/BIT_SYNC_W_TO_R/sync_reg_reg[2][0]/Q (SDFFRQX2M)
                                                          0.35       0.35 r
  U_FIFO/BIT_SYNC_W_TO_R/sync_reg_reg[2][1]/D (SDFFRQX2M)
                                                          0.00       0.35 r
  data arrival time                                                  0.35

  clock DFTCLK (rise edge)                                0.00       0.00
  clock network delay (ideal)                             0.00       0.00
  clock uncertainty                                       0.01       0.01
  U_FIFO/BIT_SYNC_W_TO_R/sync_reg_reg[2][1]/CK (SDFFRQX2M)
                                                          0.00       0.01 r
  library hold time                                      -0.16      -0.15
  data required time                                                -0.15
  --------------------------------------------------------------------------
  data required time                                                -0.15
  data arrival time                                                 -0.35
  --------------------------------------------------------------------------
  slack (MET)                                                        0.51


  Startpoint: U_FIFO/BIT_SYNC_W_TO_R/sync_reg_reg[1][0]
              (rising edge-triggered flip-flop clocked by DFTCLK)
  Endpoint: U_FIFO/BIT_SYNC_W_TO_R/sync_reg_reg[1][1]
            (rising edge-triggered flip-flop clocked by DFTCLK)
  Path Group: DFTCLK
  Path Type: min

  Point                                                   Incr       Path
  --------------------------------------------------------------------------
  clock DFTCLK (rise edge)                                0.00       0.00
  clock network delay (ideal)                             0.00       0.00
  U_FIFO/BIT_SYNC_W_TO_R/sync_reg_reg[1][0]/CK (SDFFRQX2M)
                                                          0.00       0.00 r
  U_FIFO/BIT_SYNC_W_TO_R/sync_reg_reg[1][0]/Q (SDFFRQX2M)
                                                          0.35       0.35 r
  U_FIFO/BIT_SYNC_W_TO_R/sync_reg_reg[1][1]/D (SDFFRQX2M)
                                                          0.00       0.35 r
  data arrival time                                                  0.35

  clock DFTCLK (rise edge)                                0.00       0.00
  clock network delay (ideal)                             0.00       0.00
  clock uncertainty                                       0.01       0.01
  U_FIFO/BIT_SYNC_W_TO_R/sync_reg_reg[1][1]/CK (SDFFRQX2M)
                                                          0.00       0.01 r
  library hold time                                      -0.16      -0.15
  data required time                                                -0.15
  --------------------------------------------------------------------------
  data required time                                                -0.15
  data arrival time                                                 -0.35
  --------------------------------------------------------------------------
  slack (MET)                                                        0.51


  Startpoint: U_FIFO/BIT_SYNC_W_TO_R/sync_reg_reg[0][0]
              (rising edge-triggered flip-flop clocked by DFTCLK)
  Endpoint: U_FIFO/BIT_SYNC_W_TO_R/sync_reg_reg[0][1]
            (rising edge-triggered flip-flop clocked by DFTCLK)
  Path Group: DFTCLK
  Path Type: min

  Point                                                   Incr       Path
  --------------------------------------------------------------------------
  clock DFTCLK (rise edge)                                0.00       0.00
  clock network delay (ideal)                             0.00       0.00
  U_FIFO/BIT_SYNC_W_TO_R/sync_reg_reg[0][0]/CK (SDFFRQX2M)
                                                          0.00       0.00 r
  U_FIFO/BIT_SYNC_W_TO_R/sync_reg_reg[0][0]/Q (SDFFRQX2M)
                                                          0.35       0.35 r
  U_FIFO/BIT_SYNC_W_TO_R/sync_reg_reg[0][1]/D (SDFFRQX2M)
                                                          0.00       0.35 r
  data arrival time                                                  0.35

  clock DFTCLK (rise edge)                                0.00       0.00
  clock network delay (ideal)                             0.00       0.00
  clock uncertainty                                       0.01       0.01
  U_FIFO/BIT_SYNC_W_TO_R/sync_reg_reg[0][1]/CK (SDFFRQX2M)
                                                          0.00       0.01 r
  library hold time                                      -0.16      -0.15
  data required time                                                -0.15
  --------------------------------------------------------------------------
  data required time                                                -0.15
  data arrival time                                                 -0.35
  --------------------------------------------------------------------------
  slack (MET)                                                        0.51


  Startpoint: U_FIFO/WRITE_MODULE/GRAY_W_ADD_reg[3]
              (rising edge-triggered flip-flop clocked by DFTCLK)
  Endpoint: U_FIFO/BIT_SYNC_W_TO_R/sync_reg_reg[3][0]
            (rising edge-triggered flip-flop clocked by DFTCLK)
  Path Group: DFTCLK
  Path Type: min

  Point                                                   Incr       Path
  --------------------------------------------------------------------------
  clock DFTCLK (rise edge)                                0.00       0.00
  clock network delay (ideal)                             0.00       0.00
  U_FIFO/WRITE_MODULE/GRAY_W_ADD_reg[3]/CK (SDFFRQX2M)
                                                          0.00       0.00 r
  U_FIFO/WRITE_MODULE/GRAY_W_ADD_reg[3]/Q (SDFFRQX2M)     0.35       0.35 r
  U_FIFO/WRITE_MODULE/GRAY_W_ADD[3] (FIFO_WR_ADDRES_WIDTH4_test_1)
                                                          0.00       0.35 r
  U_FIFO/BIT_SYNC_W_TO_R/ASYNC[3] (BIT_SYNC_NUM_STAGES2_BUS_WIDTH4_test_1)
                                                          0.00       0.35 r
  U_FIFO/BIT_SYNC_W_TO_R/sync_reg_reg[3][0]/D (SDFFRQX2M)
                                                          0.00       0.35 r
  data arrival time                                                  0.35

  clock DFTCLK (rise edge)                                0.00       0.00
  clock network delay (ideal)                             0.00       0.00
  clock uncertainty                                       0.01       0.01
  U_FIFO/BIT_SYNC_W_TO_R/sync_reg_reg[3][0]/CK (SDFFRQX2M)
                                                          0.00       0.01 r
  library hold time                                      -0.16      -0.15
  data required time                                                -0.15
  --------------------------------------------------------------------------
  data required time                                                -0.15
  data arrival time                                                 -0.35
  --------------------------------------------------------------------------
  slack (MET)                                                        0.51


  Startpoint: U_FIFO/WRITE_MODULE/GRAY_W_ADD_reg[2]
              (rising edge-triggered flip-flop clocked by DFTCLK)
  Endpoint: U_FIFO/BIT_SYNC_W_TO_R/sync_reg_reg[2][0]
            (rising edge-triggered flip-flop clocked by DFTCLK)
  Path Group: DFTCLK
  Path Type: min

  Point                                                   Incr       Path
  --------------------------------------------------------------------------
  clock DFTCLK (rise edge)                                0.00       0.00
  clock network delay (ideal)                             0.00       0.00
  U_FIFO/WRITE_MODULE/GRAY_W_ADD_reg[2]/CK (SDFFRQX2M)
                                                          0.00       0.00 r
  U_FIFO/WRITE_MODULE/GRAY_W_ADD_reg[2]/Q (SDFFRQX2M)     0.35       0.35 r
  U_FIFO/WRITE_MODULE/GRAY_W_ADD[2] (FIFO_WR_ADDRES_WIDTH4_test_1)
                                                          0.00       0.35 r
  U_FIFO/BIT_SYNC_W_TO_R/ASYNC[2] (BIT_SYNC_NUM_STAGES2_BUS_WIDTH4_test_1)
                                                          0.00       0.35 r
  U_FIFO/BIT_SYNC_W_TO_R/sync_reg_reg[2][0]/D (SDFFRQX2M)
                                                          0.00       0.35 r
  data arrival time                                                  0.35

  clock DFTCLK (rise edge)                                0.00       0.00
  clock network delay (ideal)                             0.00       0.00
  clock uncertainty                                       0.01       0.01
  U_FIFO/BIT_SYNC_W_TO_R/sync_reg_reg[2][0]/CK (SDFFRQX2M)
                                                          0.00       0.01 r
  library hold time                                      -0.16      -0.15
  data required time                                                -0.15
  --------------------------------------------------------------------------
  data required time                                                -0.15
  data arrival time                                                 -0.35
  --------------------------------------------------------------------------
  slack (MET)                                                        0.51


  Startpoint: U_FIFO/WRITE_MODULE/GRAY_W_ADD_reg[1]
              (rising edge-triggered flip-flop clocked by DFTCLK)
  Endpoint: U_FIFO/BIT_SYNC_W_TO_R/sync_reg_reg[1][0]
            (rising edge-triggered flip-flop clocked by DFTCLK)
  Path Group: DFTCLK
  Path Type: min

  Point                                                   Incr       Path
  --------------------------------------------------------------------------
  clock DFTCLK (rise edge)                                0.00       0.00
  clock network delay (ideal)                             0.00       0.00
  U_FIFO/WRITE_MODULE/GRAY_W_ADD_reg[1]/CK (SDFFRQX2M)
                                                          0.00       0.00 r
  U_FIFO/WRITE_MODULE/GRAY_W_ADD_reg[1]/Q (SDFFRQX2M)     0.35       0.35 r
  U_FIFO/WRITE_MODULE/GRAY_W_ADD[1] (FIFO_WR_ADDRES_WIDTH4_test_1)
                                                          0.00       0.35 r
  U_FIFO/BIT_SYNC_W_TO_R/ASYNC[1] (BIT_SYNC_NUM_STAGES2_BUS_WIDTH4_test_1)
                                                          0.00       0.35 r
  U_FIFO/BIT_SYNC_W_TO_R/sync_reg_reg[1][0]/D (SDFFRQX2M)
                                                          0.00       0.35 r
  data arrival time                                                  0.35

  clock DFTCLK (rise edge)                                0.00       0.00
  clock network delay (ideal)                             0.00       0.00
  clock uncertainty                                       0.01       0.01
  U_FIFO/BIT_SYNC_W_TO_R/sync_reg_reg[1][0]/CK (SDFFRQX2M)
                                                          0.00       0.01 r
  library hold time                                      -0.16      -0.15
  data required time                                                -0.15
  --------------------------------------------------------------------------
  data required time                                                -0.15
  data arrival time                                                 -0.35
  --------------------------------------------------------------------------
  slack (MET)                                                        0.51


  Startpoint: U_FIFO/WRITE_MODULE/GRAY_W_ADD_reg[0]
              (rising edge-triggered flip-flop clocked by DFTCLK)
  Endpoint: U_FIFO/BIT_SYNC_W_TO_R/sync_reg_reg[0][0]
            (rising edge-triggered flip-flop clocked by DFTCLK)
  Path Group: DFTCLK
  Path Type: min

  Point                                                   Incr       Path
  --------------------------------------------------------------------------
  clock DFTCLK (rise edge)                                0.00       0.00
  clock network delay (ideal)                             0.00       0.00
  U_FIFO/WRITE_MODULE/GRAY_W_ADD_reg[0]/CK (SDFFRQX2M)
                                                          0.00       0.00 r
  U_FIFO/WRITE_MODULE/GRAY_W_ADD_reg[0]/Q (SDFFRQX2M)     0.35       0.35 r
  U_FIFO/WRITE_MODULE/GRAY_W_ADD[0] (FIFO_WR_ADDRES_WIDTH4_test_1)
                                                          0.00       0.35 r
  U_FIFO/BIT_SYNC_W_TO_R/ASYNC[0] (BIT_SYNC_NUM_STAGES2_BUS_WIDTH4_test_1)
                                                          0.00       0.35 r
  U_FIFO/BIT_SYNC_W_TO_R/sync_reg_reg[0][0]/D (SDFFRQX2M)
                                                          0.00       0.35 r
  data arrival time                                                  0.35

  clock DFTCLK (rise edge)                                0.00       0.00
  clock network delay (ideal)                             0.00       0.00
  clock uncertainty                                       0.01       0.01
  U_FIFO/BIT_SYNC_W_TO_R/sync_reg_reg[0][0]/CK (SDFFRQX2M)
                                                          0.00       0.01 r
  library hold time                                      -0.16      -0.15
  data required time                                                -0.15
  --------------------------------------------------------------------------
  data required time                                                -0.15
  data arrival time                                                 -0.35
  --------------------------------------------------------------------------
  slack (MET)                                                        0.51


  Startpoint: DATA_sync_ref/bit_sync_reg_reg[0]
              (rising edge-triggered flip-flop clocked by DFTCLK)
  Endpoint: DATA_sync_ref/bit_sync_reg_reg[1]
            (rising edge-triggered flip-flop clocked by DFTCLK)
  Path Group: DFTCLK
  Path Type: min

  Point                                                   Incr       Path
  --------------------------------------------------------------------------
  clock DFTCLK (rise edge)                                0.00       0.00
  clock network delay (ideal)                             0.00       0.00
  DATA_sync_ref/bit_sync_reg_reg[0]/CK (SDFFRQX2M)        0.00       0.00 r
  DATA_sync_ref/bit_sync_reg_reg[0]/Q (SDFFRQX2M)         0.35       0.35 r
  DATA_sync_ref/bit_sync_reg_reg[1]/D (SDFFRQX2M)         0.00       0.35 r
  data arrival time                                                  0.35

  clock DFTCLK (rise edge)                                0.00       0.00
  clock network delay (ideal)                             0.00       0.00
  clock uncertainty                                       0.01       0.01
  DATA_sync_ref/bit_sync_reg_reg[1]/CK (SDFFRQX2M)        0.00       0.01 r
  library hold time                                      -0.16      -0.15
  data required time                                                -0.15
  --------------------------------------------------------------------------
  data required time                                                -0.15
  data arrival time                                                 -0.35
  --------------------------------------------------------------------------
  slack (MET)                                                        0.51


  Startpoint: U_FIFO/READ_MODULE/GRAY_R_ADD_reg[3]
              (rising edge-triggered flip-flop clocked by DFTCLK)
  Endpoint: U_FIFO/BIT_SYNC_R_TO_W/sync_reg_reg[3][0]
            (rising edge-triggered flip-flop clocked by DFTCLK)
  Path Group: DFTCLK
  Path Type: min

  Point                                                   Incr       Path
  --------------------------------------------------------------------------
  clock DFTCLK (rise edge)                                0.00       0.00
  clock network delay (ideal)                             0.00       0.00
  U_FIFO/READ_MODULE/GRAY_R_ADD_reg[3]/CK (SDFFRQX2M)     0.00       0.00 r
  U_FIFO/READ_MODULE/GRAY_R_ADD_reg[3]/Q (SDFFRQX2M)      0.35       0.35 r
  U_FIFO/READ_MODULE/GRAY_R_ADD[3] (FIFO_RD_ADDRES_WIDTH4_test_1)
                                                          0.00       0.35 r
  U_FIFO/BIT_SYNC_R_TO_W/ASYNC[3] (BIT_SYNC_NUM_STAGES2_BUS_WIDTH4_test_0)
                                                          0.00       0.35 r
  U_FIFO/BIT_SYNC_R_TO_W/sync_reg_reg[3][0]/D (SDFFRQX2M)
                                                          0.00       0.35 r
  data arrival time                                                  0.35

  clock DFTCLK (rise edge)                                0.00       0.00
  clock network delay (ideal)                             0.00       0.00
  clock uncertainty                                       0.01       0.01
  U_FIFO/BIT_SYNC_R_TO_W/sync_reg_reg[3][0]/CK (SDFFRQX2M)
                                                          0.00       0.01 r
  library hold time                                      -0.16      -0.15
  data required time                                                -0.15
  --------------------------------------------------------------------------
  data required time                                                -0.15
  data arrival time                                                 -0.35
  --------------------------------------------------------------------------
  slack (MET)                                                        0.51


  Startpoint: REF_RST_SYNC/sync_reg_reg[0]
              (rising edge-triggered flip-flop clocked by DFTCLK)
  Endpoint: REF_RST_SYNC/sync_reg_reg[1]
            (rising edge-triggered flip-flop clocked by DFTCLK)
  Path Group: DFTCLK
  Path Type: min

  Point                                                   Incr       Path
  --------------------------------------------------------------------------
  clock DFTCLK (rise edge)                                0.00       0.00
  clock network delay (ideal)                             0.00       0.00
  REF_RST_SYNC/sync_reg_reg[0]/CK (SDFFRQX2M)             0.00       0.00 r
  REF_RST_SYNC/sync_reg_reg[0]/Q (SDFFRQX2M)              0.35       0.35 r
  REF_RST_SYNC/sync_reg_reg[1]/SI (SDFFRQX2M)             0.00       0.35 r
  data arrival time                                                  0.35

  clock DFTCLK (rise edge)                                0.00       0.00
  clock network delay (ideal)                             0.00       0.00
  clock uncertainty                                       0.01       0.01
  REF_RST_SYNC/sync_reg_reg[1]/CK (SDFFRQX2M)             0.00       0.01 r
  library hold time                                      -0.18      -0.17
  data required time                                                -0.17
  --------------------------------------------------------------------------
  data required time                                                -0.17
  data arrival time                                                 -0.35
  --------------------------------------------------------------------------
  slack (MET)                                                        0.52


  Startpoint: UART_RST_SYNC/sync_reg_reg[0]
              (rising edge-triggered flip-flop clocked by DFTCLK)
  Endpoint: UART_RST_SYNC/sync_reg_reg[1]
            (rising edge-triggered flip-flop clocked by DFTCLK)
  Path Group: DFTCLK
  Path Type: min

  Point                                                   Incr       Path
  --------------------------------------------------------------------------
  clock DFTCLK (rise edge)                                0.00       0.00
  clock network delay (ideal)                             0.00       0.00
  UART_RST_SYNC/sync_reg_reg[0]/CK (SDFFRQX2M)            0.00       0.00 r
  UART_RST_SYNC/sync_reg_reg[0]/Q (SDFFRQX2M)             0.35       0.35 r
  UART_RST_SYNC/sync_reg_reg[1]/SI (SDFFRQX2M)            0.00       0.35 r
  data arrival time                                                  0.35

  clock DFTCLK (rise edge)                                0.00       0.00
  clock network delay (ideal)                             0.00       0.00
  clock uncertainty                                       0.01       0.01
  UART_RST_SYNC/sync_reg_reg[1]/CK (SDFFRQX2M)            0.00       0.01 r
  library hold time                                      -0.18      -0.17
  data required time                                                -0.17
  --------------------------------------------------------------------------
  data required time                                                -0.17
  data arrival time                                                 -0.35
  --------------------------------------------------------------------------
  slack (MET)                                                        0.52


  Startpoint: U_FIFO/WRITE_MODULE/GRAY_W_ADD_reg[3]
              (rising edge-triggered flip-flop clocked by DFTCLK)
  Endpoint: U_PULSE_GEN/pulse_flop_reg
            (rising edge-triggered flip-flop clocked by DFTCLK)
  Path Group: DFTCLK
  Path Type: min

  Point                                                   Incr       Path
  --------------------------------------------------------------------------
  clock DFTCLK (rise edge)                                0.00       0.00
  clock network delay (ideal)                             0.00       0.00
  U_FIFO/WRITE_MODULE/GRAY_W_ADD_reg[3]/CK (SDFFRQX2M)
                                                          0.00       0.00 r
  U_FIFO/WRITE_MODULE/GRAY_W_ADD_reg[3]/Q (SDFFRQX2M)     0.35       0.35 r
  U_FIFO/WRITE_MODULE/GRAY_W_ADD[3] (FIFO_WR_ADDRES_WIDTH4_test_1)
                                                          0.00       0.35 r
  U_FIFO/test_so2 (ASYNC_FIFO_ADDRES_WIDTH4_DATA_WIDTH8_FIFO_DEPTH8_test_1)
                                                          0.00       0.35 r
  U_PULSE_GEN/test_si (PULSE_GEN_test_1)                  0.00       0.35 r
  U_PULSE_GEN/pulse_flop_reg/SI (SDFFRQX2M)               0.00       0.35 r
  data arrival time                                                  0.35

  clock DFTCLK (rise edge)                                0.00       0.00
  clock network delay (ideal)                             0.00       0.00
  clock uncertainty                                       0.01       0.01
  U_PULSE_GEN/pulse_flop_reg/CK (SDFFRQX2M)               0.00       0.01 r
  library hold time                                      -0.18      -0.17
  data required time                                                -0.17
  --------------------------------------------------------------------------
  data required time                                                -0.17
  data arrival time                                                 -0.35
  --------------------------------------------------------------------------
  slack (MET)                                                        0.52


  Startpoint: U_FIFO/BIT_SYNC_R_TO_W/sync_reg_reg[1][0]
              (rising edge-triggered flip-flop clocked by DFTCLK)
  Endpoint: U_FIFO/BIT_SYNC_R_TO_W/sync_reg_reg[1][1]
            (rising edge-triggered flip-flop clocked by DFTCLK)
  Path Group: DFTCLK
  Path Type: min

  Point                                                   Incr       Path
  --------------------------------------------------------------------------
  clock DFTCLK (rise edge)                                0.00       0.00
  clock network delay (ideal)                             0.00       0.00
  U_FIFO/BIT_SYNC_R_TO_W/sync_reg_reg[1][0]/CK (SDFFRQX2M)
                                                          0.00       0.00 r
  U_FIFO/BIT_SYNC_R_TO_W/sync_reg_reg[1][0]/Q (SDFFRQX2M)
                                                          0.35       0.35 r
  U_FIFO/BIT_SYNC_R_TO_W/sync_reg_reg[1][1]/SI (SDFFRQX2M)
                                                          0.00       0.35 r
  data arrival time                                                  0.35

  clock DFTCLK (rise edge)                                0.00       0.00
  clock network delay (ideal)                             0.00       0.00
  clock uncertainty                                       0.01       0.01
  U_FIFO/BIT_SYNC_R_TO_W/sync_reg_reg[1][1]/CK (SDFFRQX2M)
                                                          0.00       0.01 r
  library hold time                                      -0.18      -0.17
  data required time                                                -0.17
  --------------------------------------------------------------------------
  data required time                                                -0.17
  data arrival time                                                 -0.35
  --------------------------------------------------------------------------
  slack (MET)                                                        0.52


  Startpoint: U_FIFO/BIT_SYNC_R_TO_W/sync_reg_reg[0][0]
              (rising edge-triggered flip-flop clocked by DFTCLK)
  Endpoint: U_FIFO/BIT_SYNC_R_TO_W/sync_reg_reg[0][1]
            (rising edge-triggered flip-flop clocked by DFTCLK)
  Path Group: DFTCLK
  Path Type: min

  Point                                                   Incr       Path
  --------------------------------------------------------------------------
  clock DFTCLK (rise edge)                                0.00       0.00
  clock network delay (ideal)                             0.00       0.00
  U_FIFO/BIT_SYNC_R_TO_W/sync_reg_reg[0][0]/CK (SDFFRQX2M)
                                                          0.00       0.00 r
  U_FIFO/BIT_SYNC_R_TO_W/sync_reg_reg[0][0]/Q (SDFFRQX2M)
                                                          0.35       0.35 r
  U_FIFO/BIT_SYNC_R_TO_W/sync_reg_reg[0][1]/SI (SDFFRQX2M)
                                                          0.00       0.35 r
  data arrival time                                                  0.35

  clock DFTCLK (rise edge)                                0.00       0.00
  clock network delay (ideal)                             0.00       0.00
  clock uncertainty                                       0.01       0.01
  U_FIFO/BIT_SYNC_R_TO_W/sync_reg_reg[0][1]/CK (SDFFRQX2M)
                                                          0.00       0.01 r
  library hold time                                      -0.18      -0.17
  data required time                                                -0.17
  --------------------------------------------------------------------------
  data required time                                                -0.17
  data arrival time                                                 -0.35
  --------------------------------------------------------------------------
  slack (MET)                                                        0.52


  Startpoint: U_FIFO/BIT_SYNC_R_TO_W/sync_reg_reg[2][0]
              (rising edge-triggered flip-flop clocked by DFTCLK)
  Endpoint: U_FIFO/BIT_SYNC_R_TO_W/sync_reg_reg[2][1]
            (rising edge-triggered flip-flop clocked by DFTCLK)
  Path Group: DFTCLK
  Path Type: min

  Point                                                   Incr       Path
  --------------------------------------------------------------------------
  clock DFTCLK (rise edge)                                0.00       0.00
  clock network delay (ideal)                             0.00       0.00
  U_FIFO/BIT_SYNC_R_TO_W/sync_reg_reg[2][0]/CK (SDFFRQX2M)
                                                          0.00       0.00 r
  U_FIFO/BIT_SYNC_R_TO_W/sync_reg_reg[2][0]/Q (SDFFRQX2M)
                                                          0.35       0.35 r
  U_FIFO/BIT_SYNC_R_TO_W/sync_reg_reg[2][1]/SI (SDFFRQX2M)
                                                          0.00       0.35 r
  data arrival time                                                  0.35

  clock DFTCLK (rise edge)                                0.00       0.00
  clock network delay (ideal)                             0.00       0.00
  clock uncertainty                                       0.01       0.01
  U_FIFO/BIT_SYNC_R_TO_W/sync_reg_reg[2][1]/CK (SDFFRQX2M)
                                                          0.00       0.01 r
  library hold time                                      -0.18      -0.17
  data required time                                                -0.17
  --------------------------------------------------------------------------
  data required time                                                -0.17
  data arrival time                                                 -0.35
  --------------------------------------------------------------------------
  slack (MET)                                                        0.52


  Startpoint: U_FIFO/BIT_SYNC_W_TO_R/sync_reg_reg[2][0]
              (rising edge-triggered flip-flop clocked by DFTCLK)
  Endpoint: U_FIFO/BIT_SYNC_W_TO_R/sync_reg_reg[2][1]
            (rising edge-triggered flip-flop clocked by DFTCLK)
  Path Group: DFTCLK
  Path Type: min

  Point                                                   Incr       Path
  --------------------------------------------------------------------------
  clock DFTCLK (rise edge)                                0.00       0.00
  clock network delay (ideal)                             0.00       0.00
  U_FIFO/BIT_SYNC_W_TO_R/sync_reg_reg[2][0]/CK (SDFFRQX2M)
                                                          0.00       0.00 r
  U_FIFO/BIT_SYNC_W_TO_R/sync_reg_reg[2][0]/Q (SDFFRQX2M)
                                                          0.35       0.35 r
  U_FIFO/BIT_SYNC_W_TO_R/sync_reg_reg[2][1]/SI (SDFFRQX2M)
                                                          0.00       0.35 r
  data arrival time                                                  0.35

  clock DFTCLK (rise edge)                                0.00       0.00
  clock network delay (ideal)                             0.00       0.00
  clock uncertainty                                       0.01       0.01
  U_FIFO/BIT_SYNC_W_TO_R/sync_reg_reg[2][1]/CK (SDFFRQX2M)
                                                          0.00       0.01 r
  library hold time                                      -0.18      -0.17
  data required time                                                -0.17
  --------------------------------------------------------------------------
  data required time                                                -0.17
  data arrival time                                                 -0.35
  --------------------------------------------------------------------------
  slack (MET)                                                        0.52


  Startpoint: U_FIFO/BIT_SYNC_W_TO_R/sync_reg_reg[1][0]
              (rising edge-triggered flip-flop clocked by DFTCLK)
  Endpoint: U_FIFO/BIT_SYNC_W_TO_R/sync_reg_reg[1][1]
            (rising edge-triggered flip-flop clocked by DFTCLK)
  Path Group: DFTCLK
  Path Type: min

  Point                                                   Incr       Path
  --------------------------------------------------------------------------
  clock DFTCLK (rise edge)                                0.00       0.00
  clock network delay (ideal)                             0.00       0.00
  U_FIFO/BIT_SYNC_W_TO_R/sync_reg_reg[1][0]/CK (SDFFRQX2M)
                                                          0.00       0.00 r
  U_FIFO/BIT_SYNC_W_TO_R/sync_reg_reg[1][0]/Q (SDFFRQX2M)
                                                          0.35       0.35 r
  U_FIFO/BIT_SYNC_W_TO_R/sync_reg_reg[1][1]/SI (SDFFRQX2M)
                                                          0.00       0.35 r
  data arrival time                                                  0.35

  clock DFTCLK (rise edge)                                0.00       0.00
  clock network delay (ideal)                             0.00       0.00
  clock uncertainty                                       0.01       0.01
  U_FIFO/BIT_SYNC_W_TO_R/sync_reg_reg[1][1]/CK (SDFFRQX2M)
                                                          0.00       0.01 r
  library hold time                                      -0.18      -0.17
  data required time                                                -0.17
  --------------------------------------------------------------------------
  data required time                                                -0.17
  data arrival time                                                 -0.35
  --------------------------------------------------------------------------
  slack (MET)                                                        0.52


  Startpoint: U_FIFO/BIT_SYNC_W_TO_R/sync_reg_reg[0][0]
              (rising edge-triggered flip-flop clocked by DFTCLK)
  Endpoint: U_FIFO/BIT_SYNC_W_TO_R/sync_reg_reg[0][1]
            (rising edge-triggered flip-flop clocked by DFTCLK)
  Path Group: DFTCLK
  Path Type: min

  Point                                                   Incr       Path
  --------------------------------------------------------------------------
  clock DFTCLK (rise edge)                                0.00       0.00
  clock network delay (ideal)                             0.00       0.00
  U_FIFO/BIT_SYNC_W_TO_R/sync_reg_reg[0][0]/CK (SDFFRQX2M)
                                                          0.00       0.00 r
  U_FIFO/BIT_SYNC_W_TO_R/sync_reg_reg[0][0]/Q (SDFFRQX2M)
                                                          0.35       0.35 r
  U_FIFO/BIT_SYNC_W_TO_R/sync_reg_reg[0][1]/SI (SDFFRQX2M)
                                                          0.00       0.35 r
  data arrival time                                                  0.35

  clock DFTCLK (rise edge)                                0.00       0.00
  clock network delay (ideal)                             0.00       0.00
  clock uncertainty                                       0.01       0.01
  U_FIFO/BIT_SYNC_W_TO_R/sync_reg_reg[0][1]/CK (SDFFRQX2M)
                                                          0.00       0.01 r
  library hold time                                      -0.18      -0.17
  data required time                                                -0.17
  --------------------------------------------------------------------------
  data required time                                                -0.17
  data arrival time                                                 -0.35
  --------------------------------------------------------------------------
  slack (MET)                                                        0.52


  Startpoint: U_FIFO/WRITE_MODULE/GRAY_W_ADD_reg[2]
              (rising edge-triggered flip-flop clocked by DFTCLK)
  Endpoint: U_FIFO/WRITE_MODULE/GRAY_W_ADD_reg[3]
            (rising edge-triggered flip-flop clocked by DFTCLK)
  Path Group: DFTCLK
  Path Type: min

  Point                                                   Incr       Path
  --------------------------------------------------------------------------
  clock DFTCLK (rise edge)                                0.00       0.00
  clock network delay (ideal)                             0.00       0.00
  U_FIFO/WRITE_MODULE/GRAY_W_ADD_reg[2]/CK (SDFFRQX2M)
                                                          0.00       0.00 r
  U_FIFO/WRITE_MODULE/GRAY_W_ADD_reg[2]/Q (SDFFRQX2M)     0.35       0.35 r
  U_FIFO/WRITE_MODULE/GRAY_W_ADD_reg[3]/SI (SDFFRQX2M)
                                                          0.00       0.35 r
  data arrival time                                                  0.35

  clock DFTCLK (rise edge)                                0.00       0.00
  clock network delay (ideal)                             0.00       0.00
  clock uncertainty                                       0.01       0.01
  U_FIFO/WRITE_MODULE/GRAY_W_ADD_reg[3]/CK (SDFFRQX2M)
                                                          0.00       0.01 r
  library hold time                                      -0.18      -0.17
  data required time                                                -0.17
  --------------------------------------------------------------------------
  data required time                                                -0.17
  data arrival time                                                 -0.35
  --------------------------------------------------------------------------
  slack (MET)                                                        0.52


  Startpoint: U_FIFO/WRITE_MODULE/GRAY_W_ADD_reg[1]
              (rising edge-triggered flip-flop clocked by DFTCLK)
  Endpoint: U_FIFO/WRITE_MODULE/GRAY_W_ADD_reg[2]
            (rising edge-triggered flip-flop clocked by DFTCLK)
  Path Group: DFTCLK
  Path Type: min

  Point                                                   Incr       Path
  --------------------------------------------------------------------------
  clock DFTCLK (rise edge)                                0.00       0.00
  clock network delay (ideal)                             0.00       0.00
  U_FIFO/WRITE_MODULE/GRAY_W_ADD_reg[1]/CK (SDFFRQX2M)
                                                          0.00       0.00 r
  U_FIFO/WRITE_MODULE/GRAY_W_ADD_reg[1]/Q (SDFFRQX2M)     0.35       0.35 r
  U_FIFO/WRITE_MODULE/GRAY_W_ADD_reg[2]/SI (SDFFRQX2M)
                                                          0.00       0.35 r
  data arrival time                                                  0.35

  clock DFTCLK (rise edge)                                0.00       0.00
  clock network delay (ideal)                             0.00       0.00
  clock uncertainty                                       0.01       0.01
  U_FIFO/WRITE_MODULE/GRAY_W_ADD_reg[2]/CK (SDFFRQX2M)
                                                          0.00       0.01 r
  library hold time                                      -0.18      -0.17
  data required time                                                -0.17
  --------------------------------------------------------------------------
  data required time                                                -0.17
  data arrival time                                                 -0.35
  --------------------------------------------------------------------------
  slack (MET)                                                        0.52


  Startpoint: U_FIFO/WRITE_MODULE/GRAY_W_ADD_reg[0]
              (rising edge-triggered flip-flop clocked by DFTCLK)
  Endpoint: U_FIFO/WRITE_MODULE/GRAY_W_ADD_reg[1]
            (rising edge-triggered flip-flop clocked by DFTCLK)
  Path Group: DFTCLK
  Path Type: min

  Point                                                   Incr       Path
  --------------------------------------------------------------------------
  clock DFTCLK (rise edge)                                0.00       0.00
  clock network delay (ideal)                             0.00       0.00
  U_FIFO/WRITE_MODULE/GRAY_W_ADD_reg[0]/CK (SDFFRQX2M)
                                                          0.00       0.00 r
  U_FIFO/WRITE_MODULE/GRAY_W_ADD_reg[0]/Q (SDFFRQX2M)     0.35       0.35 r
  U_FIFO/WRITE_MODULE/GRAY_W_ADD_reg[1]/SI (SDFFRQX2M)
                                                          0.00       0.35 r
  data arrival time                                                  0.35

  clock DFTCLK (rise edge)                                0.00       0.00
  clock network delay (ideal)                             0.00       0.00
  clock uncertainty                                       0.01       0.01
  U_FIFO/WRITE_MODULE/GRAY_W_ADD_reg[1]/CK (SDFFRQX2M)
                                                          0.00       0.01 r
  library hold time                                      -0.18      -0.17
  data required time                                                -0.17
  --------------------------------------------------------------------------
  data required time                                                -0.17
  data arrival time                                                 -0.35
  --------------------------------------------------------------------------
  slack (MET)                                                        0.52


  Startpoint: U_FIFO/READ_MODULE/GRAY_R_ADD_reg[2]
              (rising edge-triggered flip-flop clocked by DFTCLK)
  Endpoint: U_FIFO/READ_MODULE/GRAY_R_ADD_reg[3]
            (rising edge-triggered flip-flop clocked by DFTCLK)
  Path Group: DFTCLK
  Path Type: min

  Point                                                   Incr       Path
  --------------------------------------------------------------------------
  clock DFTCLK (rise edge)                                0.00       0.00
  clock network delay (ideal)                             0.00       0.00
  U_FIFO/READ_MODULE/GRAY_R_ADD_reg[2]/CK (SDFFRQX2M)     0.00       0.00 r
  U_FIFO/READ_MODULE/GRAY_R_ADD_reg[2]/Q (SDFFRQX2M)      0.35       0.35 r
  U_FIFO/READ_MODULE/GRAY_R_ADD_reg[3]/SI (SDFFRQX2M)     0.00       0.35 r
  data arrival time                                                  0.35

  clock DFTCLK (rise edge)                                0.00       0.00
  clock network delay (ideal)                             0.00       0.00
  clock uncertainty                                       0.01       0.01
  U_FIFO/READ_MODULE/GRAY_R_ADD_reg[3]/CK (SDFFRQX2M)     0.00       0.01 r
  library hold time                                      -0.18      -0.17
  data required time                                                -0.17
  --------------------------------------------------------------------------
  data required time                                                -0.17
  data arrival time                                                 -0.35
  --------------------------------------------------------------------------
  slack (MET)                                                        0.52


  Startpoint: U_FIFO/READ_MODULE/GRAY_R_ADD_reg[1]
              (rising edge-triggered flip-flop clocked by DFTCLK)
  Endpoint: U_FIFO/READ_MODULE/GRAY_R_ADD_reg[2]
            (rising edge-triggered flip-flop clocked by DFTCLK)
  Path Group: DFTCLK
  Path Type: min

  Point                                                   Incr       Path
  --------------------------------------------------------------------------
  clock DFTCLK (rise edge)                                0.00       0.00
  clock network delay (ideal)                             0.00       0.00
  U_FIFO/READ_MODULE/GRAY_R_ADD_reg[1]/CK (SDFFRQX2M)     0.00       0.00 r
  U_FIFO/READ_MODULE/GRAY_R_ADD_reg[1]/Q (SDFFRQX2M)      0.35       0.35 r
  U_FIFO/READ_MODULE/GRAY_R_ADD_reg[2]/SI (SDFFRQX2M)     0.00       0.35 r
  data arrival time                                                  0.35

  clock DFTCLK (rise edge)                                0.00       0.00
  clock network delay (ideal)                             0.00       0.00
  clock uncertainty                                       0.01       0.01
  U_FIFO/READ_MODULE/GRAY_R_ADD_reg[2]/CK (SDFFRQX2M)     0.00       0.01 r
  library hold time                                      -0.18      -0.17
  data required time                                                -0.17
  --------------------------------------------------------------------------
  data required time                                                -0.17
  data arrival time                                                 -0.35
  --------------------------------------------------------------------------
  slack (MET)                                                        0.52


  Startpoint: U_FIFO/READ_MODULE/GRAY_R_ADD_reg[0]
              (rising edge-triggered flip-flop clocked by DFTCLK)
  Endpoint: U_FIFO/READ_MODULE/GRAY_R_ADD_reg[1]
            (rising edge-triggered flip-flop clocked by DFTCLK)
  Path Group: DFTCLK
  Path Type: min

  Point                                                   Incr       Path
  --------------------------------------------------------------------------
  clock DFTCLK (rise edge)                                0.00       0.00
  clock network delay (ideal)                             0.00       0.00
  U_FIFO/READ_MODULE/GRAY_R_ADD_reg[0]/CK (SDFFRQX2M)     0.00       0.00 r
  U_FIFO/READ_MODULE/GRAY_R_ADD_reg[0]/Q (SDFFRQX2M)      0.35       0.35 r
  U_FIFO/READ_MODULE/GRAY_R_ADD_reg[1]/SI (SDFFRQX2M)     0.00       0.35 r
  data arrival time                                                  0.35

  clock DFTCLK (rise edge)                                0.00       0.00
  clock network delay (ideal)                             0.00       0.00
  clock uncertainty                                       0.01       0.01
  U_FIFO/READ_MODULE/GRAY_R_ADD_reg[1]/CK (SDFFRQX2M)     0.00       0.01 r
  library hold time                                      -0.18      -0.17
  data required time                                                -0.17
  --------------------------------------------------------------------------
  data required time                                                -0.17
  data arrival time                                                 -0.35
  --------------------------------------------------------------------------
  slack (MET)                                                        0.52


  Startpoint: DATA_sync_ref/bit_sync_reg_reg[0]
              (rising edge-triggered flip-flop clocked by DFTCLK)
  Endpoint: DATA_sync_ref/bit_sync_reg_reg[1]
            (rising edge-triggered flip-flop clocked by DFTCLK)
  Path Group: DFTCLK
  Path Type: min

  Point                                                   Incr       Path
  --------------------------------------------------------------------------
  clock DFTCLK (rise edge)                                0.00       0.00
  clock network delay (ideal)                             0.00       0.00
  DATA_sync_ref/bit_sync_reg_reg[0]/CK (SDFFRQX2M)        0.00       0.00 r
  DATA_sync_ref/bit_sync_reg_reg[0]/Q (SDFFRQX2M)         0.35       0.35 r
  DATA_sync_ref/bit_sync_reg_reg[1]/SI (SDFFRQX2M)        0.00       0.35 r
  data arrival time                                                  0.35

  clock DFTCLK (rise edge)                                0.00       0.00
  clock network delay (ideal)                             0.00       0.00
  clock uncertainty                                       0.01       0.01
  DATA_sync_ref/bit_sync_reg_reg[1]/CK (SDFFRQX2M)        0.00       0.01 r
  library hold time                                      -0.18      -0.17
  data required time                                                -0.17
  --------------------------------------------------------------------------
  data required time                                                -0.17
  data arrival time                                                 -0.35
  --------------------------------------------------------------------------
  slack (MET)                                                        0.52


  Startpoint: U_PULSE_GEN/rcv_flop_reg
              (rising edge-triggered flip-flop clocked by DFTCLK)
  Endpoint: U_PULSE_GEN/pulse_flop_reg
            (rising edge-triggered flip-flop clocked by DFTCLK)
  Path Group: DFTCLK
  Path Type: min

  Point                                                   Incr       Path
  --------------------------------------------------------------------------
  clock DFTCLK (rise edge)                                0.00       0.00
  clock network delay (ideal)                             0.00       0.00
  U_PULSE_GEN/rcv_flop_reg/CK (SDFFRQX2M)                 0.00       0.00 r
  U_PULSE_GEN/rcv_flop_reg/Q (SDFFRQX2M)                  0.37       0.37 r
  U_PULSE_GEN/pulse_flop_reg/D (SDFFRQX2M)                0.00       0.37 r
  data arrival time                                                  0.37

  clock DFTCLK (rise edge)                                0.00       0.00
  clock network delay (ideal)                             0.00       0.00
  clock uncertainty                                       0.01       0.01
  U_PULSE_GEN/pulse_flop_reg/CK (SDFFRQX2M)               0.00       0.01 r
  library hold time                                      -0.16      -0.15
  data required time                                                -0.15
  --------------------------------------------------------------------------
  data required time                                                -0.15
  data arrival time                                                 -0.37
  --------------------------------------------------------------------------
  slack (MET)                                                        0.52


  Startpoint: U_FIFO/BIT_SYNC_R_TO_W/sync_reg_reg[3][0]
              (rising edge-triggered flip-flop clocked by DFTCLK)
  Endpoint: U_FIFO/BIT_SYNC_R_TO_W/sync_reg_reg[3][1]
            (rising edge-triggered flip-flop clocked by DFTCLK)
  Path Group: DFTCLK
  Path Type: min

  Point                                                   Incr       Path
  --------------------------------------------------------------------------
  clock DFTCLK (rise edge)                                0.00       0.00
  clock network delay (ideal)                             0.00       0.00
  U_FIFO/BIT_SYNC_R_TO_W/sync_reg_reg[3][0]/CK (SDFFRQX2M)
                                                          0.00       0.00 r
  U_FIFO/BIT_SYNC_R_TO_W/sync_reg_reg[3][0]/Q (SDFFRQX2M)
                                                          0.35       0.35 r
  U_FIFO/BIT_SYNC_R_TO_W/sync_reg_reg[3][1]/D (SDFFRQX1M)
                                                          0.00       0.35 r
  data arrival time                                                  0.35

  clock DFTCLK (rise edge)                                0.00       0.00
  clock network delay (ideal)                             0.00       0.00
  clock uncertainty                                       0.01       0.01
  U_FIFO/BIT_SYNC_R_TO_W/sync_reg_reg[3][1]/CK (SDFFRQX1M)
                                                          0.00       0.01 r
  library hold time                                      -0.18      -0.17
  data required time                                                -0.17
  --------------------------------------------------------------------------
  data required time                                                -0.17
  data arrival time                                                 -0.35
  --------------------------------------------------------------------------
  slack (MET)                                                        0.52


  Startpoint: U_FIFO/BIT_SYNC_W_TO_R/sync_reg_reg[3][0]
              (rising edge-triggered flip-flop clocked by DFTCLK)
  Endpoint: U_FIFO/BIT_SYNC_W_TO_R/sync_reg_reg[3][1]
            (rising edge-triggered flip-flop clocked by DFTCLK)
  Path Group: DFTCLK
  Path Type: min

  Point                                                   Incr       Path
  --------------------------------------------------------------------------
  clock DFTCLK (rise edge)                                0.00       0.00
  clock network delay (ideal)                             0.00       0.00
  U_FIFO/BIT_SYNC_W_TO_R/sync_reg_reg[3][0]/CK (SDFFRQX2M)
                                                          0.00       0.00 r
  U_FIFO/BIT_SYNC_W_TO_R/sync_reg_reg[3][0]/Q (SDFFRQX2M)
                                                          0.35       0.35 r
  U_FIFO/BIT_SYNC_W_TO_R/sync_reg_reg[3][1]/D (SDFFRQX1M)
                                                          0.00       0.35 r
  data arrival time                                                  0.35

  clock DFTCLK (rise edge)                                0.00       0.00
  clock network delay (ideal)                             0.00       0.00
  clock uncertainty                                       0.01       0.01
  U_FIFO/BIT_SYNC_W_TO_R/sync_reg_reg[3][1]/CK (SDFFRQX1M)
                                                          0.00       0.01 r
  library hold time                                      -0.18      -0.17
  data required time                                                -0.17
  --------------------------------------------------------------------------
  data required time                                                -0.17
  data arrival time                                                 -0.35
  --------------------------------------------------------------------------
  slack (MET)                                                        0.52


  Startpoint: UART/U_UART_RX/U6/sample_3_reg
              (rising edge-triggered flip-flop clocked by DFTCLK)
  Endpoint: UART/U_UART_RX/U6/sampled_bit_reg
            (rising edge-triggered flip-flop clocked by DFTCLK)
  Path Group: DFTCLK
  Path Type: min

  Point                                                   Incr       Path
  --------------------------------------------------------------------------
  clock DFTCLK (rise edge)                                0.00       0.00
  clock network delay (ideal)                             0.00       0.00
  UART/U_UART_RX/U6/sample_3_reg/CK (SDFFRQX2M)           0.00       0.00 r
  UART/U_UART_RX/U6/sample_3_reg/Q (SDFFRQX2M)            0.36       0.36 r
  UART/U_UART_RX/U6/sampled_bit_reg/SI (SDFFRQX2M)        0.00       0.36 r
  data arrival time                                                  0.36

  clock DFTCLK (rise edge)                                0.00       0.00
  clock network delay (ideal)                             0.00       0.00
  clock uncertainty                                       0.01       0.01
  UART/U_UART_RX/U6/sampled_bit_reg/CK (SDFFRQX2M)        0.00       0.01 r
  library hold time                                      -0.18      -0.17
  data required time                                                -0.17
  --------------------------------------------------------------------------
  data required time                                                -0.17
  data arrival time                                                 -0.36
  --------------------------------------------------------------------------
  slack (MET)                                                        0.52


  Startpoint: DATA_sync_ref/pulse_gen_reg_reg
              (rising edge-triggered flip-flop clocked by DFTCLK)
  Endpoint: DATA_sync_ref/sync_bus_reg[0]
            (rising edge-triggered flip-flop clocked by DFTCLK)
  Path Group: DFTCLK
  Path Type: min

  Point                                                   Incr       Path
  --------------------------------------------------------------------------
  clock DFTCLK (rise edge)                                0.00       0.00
  clock network delay (ideal)                             0.00       0.00
  DATA_sync_ref/pulse_gen_reg_reg/CK (SDFFRQX2M)          0.00       0.00 r
  DATA_sync_ref/pulse_gen_reg_reg/Q (SDFFRQX2M)           0.36       0.36 r
  DATA_sync_ref/sync_bus_reg[0]/SI (SDFFRQX2M)            0.00       0.36 r
  data arrival time                                                  0.36

  clock DFTCLK (rise edge)                                0.00       0.00
  clock network delay (ideal)                             0.00       0.00
  clock uncertainty                                       0.01       0.01
  DATA_sync_ref/sync_bus_reg[0]/CK (SDFFRQX2M)            0.00       0.01 r
  library hold time                                      -0.18      -0.17
  data required time                                                -0.17
  --------------------------------------------------------------------------
  data required time                                                -0.17
  data arrival time                                                 -0.36
  --------------------------------------------------------------------------
  slack (MET)                                                        0.53


  Startpoint: DATA_sync_ref/bit_sync_reg_reg[1]
              (rising edge-triggered flip-flop clocked by DFTCLK)
  Endpoint: DATA_sync_ref/pulse_gen_reg_reg
            (rising edge-triggered flip-flop clocked by DFTCLK)
  Path Group: DFTCLK
  Path Type: min

  Point                                                   Incr       Path
  --------------------------------------------------------------------------
  clock DFTCLK (rise edge)                                0.00       0.00
  clock network delay (ideal)                             0.00       0.00
  DATA_sync_ref/bit_sync_reg_reg[1]/CK (SDFFRQX2M)        0.00       0.00 r
  DATA_sync_ref/bit_sync_reg_reg[1]/Q (SDFFRQX2M)         0.38       0.38 r
  DATA_sync_ref/pulse_gen_reg_reg/D (SDFFRQX2M)           0.00       0.38 r
  data arrival time                                                  0.38

  clock DFTCLK (rise edge)                                0.00       0.00
  clock network delay (ideal)                             0.00       0.00
  clock uncertainty                                       0.01       0.01
  DATA_sync_ref/pulse_gen_reg_reg/CK (SDFFRQX2M)          0.00       0.01 r
  library hold time                                      -0.17      -0.16
  data required time                                                -0.16
  --------------------------------------------------------------------------
  data required time                                                -0.16
  data arrival time                                                 -0.38
  --------------------------------------------------------------------------
  slack (MET)                                                        0.53


  Startpoint: UART/U_UART_TX/U2/BUSY_reg
              (rising edge-triggered flip-flop clocked by DFTCLK)
  Endpoint: U_PULSE_GEN/rcv_flop_reg
            (rising edge-triggered flip-flop clocked by DFTCLK)
  Path Group: DFTCLK
  Path Type: min

  Point                                                   Incr       Path
  --------------------------------------------------------------------------
  clock DFTCLK (rise edge)                                0.00       0.00
  clock network delay (ideal)                             0.00       0.00
  UART/U_UART_TX/U2/BUSY_reg/CK (SDFFRQX2M)               0.00       0.00 r
  UART/U_UART_TX/U2/BUSY_reg/Q (SDFFRQX2M)                0.38       0.38 r
  UART/U_UART_TX/U2/BUSY (FSM_tx_MUX_WIDTH2_test_1)       0.00       0.38 r
  UART/U_UART_TX/BUSY (UART_TX_DATA_WIDTH8_test_1)        0.00       0.38 r
  UART/TX_OUT_V (UART_TOP_test_1)                         0.00       0.38 r
  U_PULSE_GEN/lvl_sig (PULSE_GEN_test_1)                  0.00       0.38 r
  U_PULSE_GEN/rcv_flop_reg/D (SDFFRQX2M)                  0.00       0.38 r
  data arrival time                                                  0.38

  clock DFTCLK (rise edge)                                0.00       0.00
  clock network delay (ideal)                             0.00       0.00
  clock uncertainty                                       0.01       0.01
  U_PULSE_GEN/rcv_flop_reg/CK (SDFFRQX2M)                 0.00       0.01 r
  library hold time                                      -0.17      -0.16
  data required time                                                -0.16
  --------------------------------------------------------------------------
  data required time                                                -0.16
  data arrival time                                                 -0.38
  --------------------------------------------------------------------------
  slack (MET)                                                        0.53


  Startpoint: U_PULSE_GEN/rcv_flop_reg
              (rising edge-triggered flip-flop clocked by DFTCLK)
  Endpoint: U_RegFile/RdData_VLD_reg
            (rising edge-triggered flip-flop clocked by DFTCLK)
  Path Group: DFTCLK
  Path Type: min

  Point                                                   Incr       Path
  --------------------------------------------------------------------------
  clock DFTCLK (rise edge)                                0.00       0.00
  clock network delay (ideal)                             0.00       0.00
  U_PULSE_GEN/rcv_flop_reg/CK (SDFFRQX2M)                 0.00       0.00 r
  U_PULSE_GEN/rcv_flop_reg/Q (SDFFRQX2M)                  0.37       0.37 r
  U_PULSE_GEN/test_so (PULSE_GEN_test_1)                  0.00       0.37 r
  U_RegFile/test_si1 (RegFile_test_1)                     0.00       0.37 r
  U_RegFile/RdData_VLD_reg/SI (SDFFRQX2M)                 0.00       0.37 r
  data arrival time                                                  0.37

  clock DFTCLK (rise edge)                                0.00       0.00
  clock network delay (ideal)                             0.00       0.00
  clock uncertainty                                       0.01       0.01
  U_RegFile/RdData_VLD_reg/CK (SDFFRQX2M)                 0.00       0.01 r
  library hold time                                      -0.18      -0.17
  data required time                                                -0.17
  --------------------------------------------------------------------------
  data required time                                                -0.17
  data arrival time                                                 -0.37
  --------------------------------------------------------------------------
  slack (MET)                                                        0.53


  Startpoint: U_FIFO/BIT_SYNC_R_TO_W/sync_reg_reg[3][0]
              (rising edge-triggered flip-flop clocked by DFTCLK)
  Endpoint: U_FIFO/BIT_SYNC_R_TO_W/sync_reg_reg[3][1]
            (rising edge-triggered flip-flop clocked by DFTCLK)
  Path Group: DFTCLK
  Path Type: min

  Point                                                   Incr       Path
  --------------------------------------------------------------------------
  clock DFTCLK (rise edge)                                0.00       0.00
  clock network delay (ideal)                             0.00       0.00
  U_FIFO/BIT_SYNC_R_TO_W/sync_reg_reg[3][0]/CK (SDFFRQX2M)
                                                          0.00       0.00 r
  U_FIFO/BIT_SYNC_R_TO_W/sync_reg_reg[3][0]/Q (SDFFRQX2M)
                                                          0.35       0.35 r
  U_FIFO/BIT_SYNC_R_TO_W/sync_reg_reg[3][1]/SI (SDFFRQX1M)
                                                          0.00       0.35 r
  data arrival time                                                  0.35

  clock DFTCLK (rise edge)                                0.00       0.00
  clock network delay (ideal)                             0.00       0.00
  clock uncertainty                                       0.01       0.01
  U_FIFO/BIT_SYNC_R_TO_W/sync_reg_reg[3][1]/CK (SDFFRQX1M)
                                                          0.00       0.01 r
  library hold time                                      -0.19      -0.18
  data required time                                                -0.18
  --------------------------------------------------------------------------
  data required time                                                -0.18
  data arrival time                                                 -0.35
  --------------------------------------------------------------------------
  slack (MET)                                                        0.54


  Startpoint: U_FIFO/BIT_SYNC_W_TO_R/sync_reg_reg[3][0]
              (rising edge-triggered flip-flop clocked by DFTCLK)
  Endpoint: U_FIFO/BIT_SYNC_W_TO_R/sync_reg_reg[3][1]
            (rising edge-triggered flip-flop clocked by DFTCLK)
  Path Group: DFTCLK
  Path Type: min

  Point                                                   Incr       Path
  --------------------------------------------------------------------------
  clock DFTCLK (rise edge)                                0.00       0.00
  clock network delay (ideal)                             0.00       0.00
  U_FIFO/BIT_SYNC_W_TO_R/sync_reg_reg[3][0]/CK (SDFFRQX2M)
                                                          0.00       0.00 r
  U_FIFO/BIT_SYNC_W_TO_R/sync_reg_reg[3][0]/Q (SDFFRQX2M)
                                                          0.35       0.35 r
  U_FIFO/BIT_SYNC_W_TO_R/sync_reg_reg[3][1]/SI (SDFFRQX1M)
                                                          0.00       0.35 r
  data arrival time                                                  0.35

  clock DFTCLK (rise edge)                                0.00       0.00
  clock network delay (ideal)                             0.00       0.00
  clock uncertainty                                       0.01       0.01
  U_FIFO/BIT_SYNC_W_TO_R/sync_reg_reg[3][1]/CK (SDFFRQX1M)
                                                          0.00       0.01 r
  library hold time                                      -0.19      -0.18
  data required time                                                -0.18
  --------------------------------------------------------------------------
  data required time                                                -0.18
  data arrival time                                                 -0.35
  --------------------------------------------------------------------------
  slack (MET)                                                        0.54


  Startpoint: REF_RST_SYNC/sync_reg_reg[1]
              (rising edge-triggered flip-flop clocked by DFTCLK)
  Endpoint: UART/U_UART_RX/U1/bit_cnt_reg[0]
            (rising edge-triggered flip-flop clocked by DFTCLK)
  Path Group: DFTCLK
  Path Type: min

  Point                                                   Incr       Path
  --------------------------------------------------------------------------
  clock DFTCLK (rise edge)                                0.00       0.00
  clock network delay (ideal)                             0.00       0.00
  REF_RST_SYNC/sync_reg_reg[1]/CK (SDFFRQX2M)             0.00       0.00 r
  REF_RST_SYNC/sync_reg_reg[1]/Q (SDFFRQX2M)              0.37       0.37 r
  REF_RST_SYNC/SYNC_RST (RST_SYNC_NUM_STAGES2_test_0)     0.00       0.37 r
  UART/test_si1 (UART_TOP_test_1)                         0.00       0.37 r
  UART/U_UART_RX/test_si (UART_RX_DATA_WIDTH8_test_1)     0.00       0.37 r
  UART/U_UART_RX/U1/test_si (EDGE_BIT_COUNTER_test_1)     0.00       0.37 r
  UART/U_UART_RX/U1/bit_cnt_reg[0]/SI (SDFFRQX2M)         0.00       0.37 r
  data arrival time                                                  0.37

  clock DFTCLK (rise edge)                                0.00       0.00
  clock network delay (ideal)                             0.00       0.00
  clock uncertainty                                       0.01       0.01
  UART/U_UART_RX/U1/bit_cnt_reg[0]/CK (SDFFRQX2M)         0.00       0.01 r
  library hold time                                      -0.18      -0.17
  data required time                                                -0.17
  --------------------------------------------------------------------------
  data required time                                                -0.17
  data arrival time                                                 -0.37
  --------------------------------------------------------------------------
  slack (MET)                                                        0.54


  Startpoint: Clk_Div_RX_Prescale/div_clk_reg
              (rising edge-triggered flip-flop clocked by DFTCLK)
  Endpoint: Clk_Div_RX_Prescale/odd_edge_tog_reg
            (rising edge-triggered flip-flop clocked by DFTCLK)
  Path Group: DFTCLK
  Path Type: min

  Point                                                   Incr       Path
  --------------------------------------------------------------------------
  clock DFTCLK (rise edge)                                0.00       0.00
  clock network delay (ideal)                             0.00       0.00
  Clk_Div_RX_Prescale/div_clk_reg/CK (SDFFRQX2M)          0.00       0.00 r
  Clk_Div_RX_Prescale/div_clk_reg/Q (SDFFRQX2M)           0.39       0.39 r
  Clk_Div_RX_Prescale/odd_edge_tog_reg/SI (SDFFSQX1M)     0.00       0.39 r
  data arrival time                                                  0.39

  clock DFTCLK (rise edge)                                0.00       0.00
  clock network delay (ideal)                             0.00       0.00
  clock uncertainty                                       0.01       0.01
  Clk_Div_RX_Prescale/odd_edge_tog_reg/CK (SDFFSQX1M)     0.00       0.01 r
  library hold time                                      -0.16      -0.15
  data required time                                                -0.15
  --------------------------------------------------------------------------
  data required time                                                -0.15
  data arrival time                                                 -0.39
  --------------------------------------------------------------------------
  slack (MET)                                                        0.54


  Startpoint: U_RegFile/regArr_reg[1][7]
              (rising edge-triggered flip-flop clocked by DFTCLK)
  Endpoint: U_RegFile/regArr_reg[2][0]
            (rising edge-triggered flip-flop clocked by DFTCLK)
  Path Group: DFTCLK
  Path Type: min

  Point                                                   Incr       Path
  --------------------------------------------------------------------------
  clock DFTCLK (rise edge)                                0.00       0.00
  clock network delay (ideal)                             0.00       0.00
  U_RegFile/regArr_reg[1][7]/CK (SDFFRQX2M)               0.00       0.00 r
  U_RegFile/regArr_reg[1][7]/Q (SDFFRQX2M)                0.39       0.39 r
  U_RegFile/regArr_reg[2][0]/SI (SDFFSQX2M)               0.00       0.39 r
  data arrival time                                                  0.39

  clock DFTCLK (rise edge)                                0.00       0.00
  clock network delay (ideal)                             0.00       0.00
  clock uncertainty                                       0.01       0.01
  U_RegFile/regArr_reg[2][0]/CK (SDFFSQX2M)               0.00       0.01 r
  library hold time                                      -0.16      -0.15
  data required time                                                -0.15
  --------------------------------------------------------------------------
  data required time                                                -0.15
  data arrival time                                                 -0.39
  --------------------------------------------------------------------------
  slack (MET)                                                        0.54


  Startpoint: U_PULSE_GEN/pulse_flop_reg
              (rising edge-triggered flip-flop clocked by DFTCLK)
  Endpoint: U_PULSE_GEN/rcv_flop_reg
            (rising edge-triggered flip-flop clocked by DFTCLK)
  Path Group: DFTCLK
  Path Type: min

  Point                                                   Incr       Path
  --------------------------------------------------------------------------
  clock DFTCLK (rise edge)                                0.00       0.00
  clock network delay (ideal)                             0.00       0.00
  U_PULSE_GEN/pulse_flop_reg/CK (SDFFRQX2M)               0.00       0.00 r
  U_PULSE_GEN/pulse_flop_reg/Q (SDFFRQX2M)                0.37       0.37 r
  U_PULSE_GEN/rcv_flop_reg/SI (SDFFRQX2M)                 0.00       0.37 r
  data arrival time                                                  0.37

  clock DFTCLK (rise edge)                                0.00       0.00
  clock network delay (ideal)                             0.00       0.00
  clock uncertainty                                       0.01       0.01
  U_PULSE_GEN/rcv_flop_reg/CK (SDFFRQX2M)                 0.00       0.01 r
  library hold time                                      -0.18      -0.17
  data required time                                                -0.17
  --------------------------------------------------------------------------
  data required time                                                -0.17
  data arrival time                                                 -0.37
  --------------------------------------------------------------------------
  slack (MET)                                                        0.54


  Startpoint: U_FIFO/BIT_SYNC_R_TO_W/sync_reg_reg[1][1]
              (rising edge-triggered flip-flop clocked by DFTCLK)
  Endpoint: U_FIFO/BIT_SYNC_R_TO_W/sync_reg_reg[2][0]
            (rising edge-triggered flip-flop clocked by DFTCLK)
  Path Group: DFTCLK
  Path Type: min

  Point                                                   Incr       Path
  --------------------------------------------------------------------------
  clock DFTCLK (rise edge)                                0.00       0.00
  clock network delay (ideal)                             0.00       0.00
  U_FIFO/BIT_SYNC_R_TO_W/sync_reg_reg[1][1]/CK (SDFFRQX2M)
                                                          0.00       0.00 r
  U_FIFO/BIT_SYNC_R_TO_W/sync_reg_reg[1][1]/Q (SDFFRQX2M)
                                                          0.37       0.37 r
  U_FIFO/BIT_SYNC_R_TO_W/sync_reg_reg[2][0]/SI (SDFFRQX2M)
                                                          0.00       0.37 r
  data arrival time                                                  0.37

  clock DFTCLK (rise edge)                                0.00       0.00
  clock network delay (ideal)                             0.00       0.00
  clock uncertainty                                       0.01       0.01
  U_FIFO/BIT_SYNC_R_TO_W/sync_reg_reg[2][0]/CK (SDFFRQX2M)
                                                          0.00       0.01 r
  library hold time                                      -0.18      -0.17
  data required time                                                -0.17
  --------------------------------------------------------------------------
  data required time                                                -0.17
  data arrival time                                                 -0.37
  --------------------------------------------------------------------------
  slack (MET)                                                        0.54


  Startpoint: U_FIFO/BIT_SYNC_R_TO_W/sync_reg_reg[0][1]
              (rising edge-triggered flip-flop clocked by DFTCLK)
  Endpoint: U_FIFO/BIT_SYNC_R_TO_W/sync_reg_reg[1][0]
            (rising edge-triggered flip-flop clocked by DFTCLK)
  Path Group: DFTCLK
  Path Type: min

  Point                                                   Incr       Path
  --------------------------------------------------------------------------
  clock DFTCLK (rise edge)                                0.00       0.00
  clock network delay (ideal)                             0.00       0.00
  U_FIFO/BIT_SYNC_R_TO_W/sync_reg_reg[0][1]/CK (SDFFRQX2M)
                                                          0.00       0.00 r
  U_FIFO/BIT_SYNC_R_TO_W/sync_reg_reg[0][1]/Q (SDFFRQX2M)
                                                          0.37       0.37 r
  U_FIFO/BIT_SYNC_R_TO_W/sync_reg_reg[1][0]/SI (SDFFRQX2M)
                                                          0.00       0.37 r
  data arrival time                                                  0.37

  clock DFTCLK (rise edge)                                0.00       0.00
  clock network delay (ideal)                             0.00       0.00
  clock uncertainty                                       0.01       0.01
  U_FIFO/BIT_SYNC_R_TO_W/sync_reg_reg[1][0]/CK (SDFFRQX2M)
                                                          0.00       0.01 r
  library hold time                                      -0.18      -0.17
  data required time                                                -0.17
  --------------------------------------------------------------------------
  data required time                                                -0.17
  data arrival time                                                 -0.37
  --------------------------------------------------------------------------
  slack (MET)                                                        0.54


  Startpoint: U_FIFO/BIT_SYNC_W_TO_R/sync_reg_reg[2][1]
              (rising edge-triggered flip-flop clocked by DFTCLK)
  Endpoint: U_FIFO/BIT_SYNC_W_TO_R/sync_reg_reg[3][0]
            (rising edge-triggered flip-flop clocked by DFTCLK)
  Path Group: DFTCLK
  Path Type: min

  Point                                                   Incr       Path
  --------------------------------------------------------------------------
  clock DFTCLK (rise edge)                                0.00       0.00
  clock network delay (ideal)                             0.00       0.00
  U_FIFO/BIT_SYNC_W_TO_R/sync_reg_reg[2][1]/CK (SDFFRQX2M)
                                                          0.00       0.00 r
  U_FIFO/BIT_SYNC_W_TO_R/sync_reg_reg[2][1]/Q (SDFFRQX2M)
                                                          0.37       0.37 r
  U_FIFO/BIT_SYNC_W_TO_R/sync_reg_reg[3][0]/SI (SDFFRQX2M)
                                                          0.00       0.37 r
  data arrival time                                                  0.37

  clock DFTCLK (rise edge)                                0.00       0.00
  clock network delay (ideal)                             0.00       0.00
  clock uncertainty                                       0.01       0.01
  U_FIFO/BIT_SYNC_W_TO_R/sync_reg_reg[3][0]/CK (SDFFRQX2M)
                                                          0.00       0.01 r
  library hold time                                      -0.18      -0.17
  data required time                                                -0.17
  --------------------------------------------------------------------------
  data required time                                                -0.17
  data arrival time                                                 -0.37
  --------------------------------------------------------------------------
  slack (MET)                                                        0.54


  Startpoint: U_FIFO/BIT_SYNC_W_TO_R/sync_reg_reg[1][1]
              (rising edge-triggered flip-flop clocked by DFTCLK)
  Endpoint: U_FIFO/BIT_SYNC_W_TO_R/sync_reg_reg[2][0]
            (rising edge-triggered flip-flop clocked by DFTCLK)
  Path Group: DFTCLK
  Path Type: min

  Point                                                   Incr       Path
  --------------------------------------------------------------------------
  clock DFTCLK (rise edge)                                0.00       0.00
  clock network delay (ideal)                             0.00       0.00
  U_FIFO/BIT_SYNC_W_TO_R/sync_reg_reg[1][1]/CK (SDFFRQX2M)
                                                          0.00       0.00 r
  U_FIFO/BIT_SYNC_W_TO_R/sync_reg_reg[1][1]/Q (SDFFRQX2M)
                                                          0.37       0.37 r
  U_FIFO/BIT_SYNC_W_TO_R/sync_reg_reg[2][0]/SI (SDFFRQX2M)
                                                          0.00       0.37 r
  data arrival time                                                  0.37

  clock DFTCLK (rise edge)                                0.00       0.00
  clock network delay (ideal)                             0.00       0.00
  clock uncertainty                                       0.01       0.01
  U_FIFO/BIT_SYNC_W_TO_R/sync_reg_reg[2][0]/CK (SDFFRQX2M)
                                                          0.00       0.01 r
  library hold time                                      -0.18      -0.17
  data required time                                                -0.17
  --------------------------------------------------------------------------
  data required time                                                -0.17
  data arrival time                                                 -0.37
  --------------------------------------------------------------------------
  slack (MET)                                                        0.54


  Startpoint: U_FIFO/BIT_SYNC_W_TO_R/sync_reg_reg[0][1]
              (rising edge-triggered flip-flop clocked by DFTCLK)
  Endpoint: U_FIFO/BIT_SYNC_W_TO_R/sync_reg_reg[1][0]
            (rising edge-triggered flip-flop clocked by DFTCLK)
  Path Group: DFTCLK
  Path Type: min

  Point                                                   Incr       Path
  --------------------------------------------------------------------------
  clock DFTCLK (rise edge)                                0.00       0.00
  clock network delay (ideal)                             0.00       0.00
  U_FIFO/BIT_SYNC_W_TO_R/sync_reg_reg[0][1]/CK (SDFFRQX2M)
                                                          0.00       0.00 r
  U_FIFO/BIT_SYNC_W_TO_R/sync_reg_reg[0][1]/Q (SDFFRQX2M)
                                                          0.37       0.37 r
  U_FIFO/BIT_SYNC_W_TO_R/sync_reg_reg[1][0]/SI (SDFFRQX2M)
                                                          0.00       0.37 r
  data arrival time                                                  0.37

  clock DFTCLK (rise edge)                                0.00       0.00
  clock network delay (ideal)                             0.00       0.00
  clock uncertainty                                       0.01       0.01
  U_FIFO/BIT_SYNC_W_TO_R/sync_reg_reg[1][0]/CK (SDFFRQX2M)
                                                          0.00       0.01 r
  library hold time                                      -0.18      -0.17
  data required time                                                -0.17
  --------------------------------------------------------------------------
  data required time                                                -0.17
  data arrival time                                                 -0.37
  --------------------------------------------------------------------------
  slack (MET)                                                        0.54


  Startpoint: U_FIFO/READ_MODULE/GRAY_R_ADD_reg[3]
              (rising edge-triggered flip-flop clocked by DFTCLK)
  Endpoint: U_FIFO/READ_MODULE/R_ADD_COUNTER_reg[0]
            (rising edge-triggered flip-flop clocked by DFTCLK)
  Path Group: DFTCLK
  Path Type: min

  Point                                                   Incr       Path
  --------------------------------------------------------------------------
  clock DFTCLK (rise edge)                                0.00       0.00
  clock network delay (ideal)                             0.00       0.00
  U_FIFO/READ_MODULE/GRAY_R_ADD_reg[3]/CK (SDFFRQX2M)     0.00       0.00 r
  U_FIFO/READ_MODULE/GRAY_R_ADD_reg[3]/Q (SDFFRQX2M)      0.35       0.35 r
  U_FIFO/READ_MODULE/R_ADD_COUNTER_reg[0]/SI (SDFFRX1M)
                                                          0.00       0.35 r
  data arrival time                                                  0.35

  clock DFTCLK (rise edge)                                0.00       0.00
  clock network delay (ideal)                             0.00       0.00
  clock uncertainty                                       0.01       0.01
  U_FIFO/READ_MODULE/R_ADD_COUNTER_reg[0]/CK (SDFFRX1M)
                                                          0.00       0.01 r
  library hold time                                      -0.20      -0.19
  data required time                                                -0.19
  --------------------------------------------------------------------------
  data required time                                                -0.19
  data arrival time                                                 -0.35
  --------------------------------------------------------------------------
  slack (MET)                                                        0.54


  Startpoint: U_FIFO/READ_MODULE/R_ADD_COUNTER_reg[0]
              (rising edge-triggered flip-flop clocked by DFTCLK)
  Endpoint: U_FIFO/READ_MODULE/R_ADD_COUNTER_reg[1]
            (rising edge-triggered flip-flop clocked by DFTCLK)
  Path Group: DFTCLK
  Path Type: min

  Point                                                   Incr       Path
  --------------------------------------------------------------------------
  clock DFTCLK (rise edge)                                0.00       0.00
  clock network delay (ideal)                             0.00       0.00
  U_FIFO/READ_MODULE/R_ADD_COUNTER_reg[0]/CK (SDFFRX1M)
                                                          0.00       0.00 r
  U_FIFO/READ_MODULE/R_ADD_COUNTER_reg[0]/QN (SDFFRX1M)
                                                          0.36       0.36 r
  U_FIFO/READ_MODULE/R_ADD_COUNTER_reg[1]/SI (SDFFRQX2M)
                                                          0.00       0.36 r
  data arrival time                                                  0.36

  clock DFTCLK (rise edge)                                0.00       0.00
  clock network delay (ideal)                             0.00       0.00
  clock uncertainty                                       0.01       0.01
  U_FIFO/READ_MODULE/R_ADD_COUNTER_reg[1]/CK (SDFFRQX2M)
                                                          0.00       0.01 r
  library hold time                                      -0.19      -0.18
  data required time                                                -0.18
  --------------------------------------------------------------------------
  data required time                                                -0.18
  data arrival time                                                 -0.36
  --------------------------------------------------------------------------
  slack (MET)                                                        0.54


  Startpoint: Clk_Div_TX_CONS/div_clk_reg
              (rising edge-triggered flip-flop clocked by DFTCLK)
  Endpoint: Clk_Div_TX_CONS/odd_edge_tog_reg
            (rising edge-triggered flip-flop clocked by DFTCLK)
  Path Group: DFTCLK
  Path Type: min

  Point                                                   Incr       Path
  --------------------------------------------------------------------------
  clock DFTCLK (rise edge)                                0.00       0.00
  clock network delay (ideal)                             0.00       0.00
  Clk_Div_TX_CONS/div_clk_reg/CK (SDFFRQX2M)              0.00       0.00 r
  Clk_Div_TX_CONS/div_clk_reg/Q (SDFFRQX2M)               0.39       0.39 r
  Clk_Div_TX_CONS/odd_edge_tog_reg/SI (SDFFSQX2M)         0.00       0.39 r
  data arrival time                                                  0.39

  clock DFTCLK (rise edge)                                0.00       0.00
  clock network delay (ideal)                             0.00       0.00
  clock uncertainty                                       0.01       0.01
  Clk_Div_TX_CONS/odd_edge_tog_reg/CK (SDFFSQX2M)         0.00       0.01 r
  library hold time                                      -0.16      -0.15
  data required time                                                -0.15
  --------------------------------------------------------------------------
  data required time                                                -0.15
  data arrival time                                                 -0.39
  --------------------------------------------------------------------------
  slack (MET)                                                        0.54


  Startpoint: UART/U_UART_TX/U1/register_reg[5]
              (rising edge-triggered flip-flop clocked by DFTCLK)
  Endpoint: UART/U_UART_TX/U1/register_reg[6]
            (rising edge-triggered flip-flop clocked by DFTCLK)
  Path Group: DFTCLK
  Path Type: min

  Point                                                   Incr       Path
  --------------------------------------------------------------------------
  clock DFTCLK (rise edge)                                0.00       0.00
  clock network delay (ideal)                             0.00       0.00
  UART/U_UART_TX/U1/register_reg[5]/CK (SDFFRQX2M)        0.00       0.00 r
  UART/U_UART_TX/U1/register_reg[5]/Q (SDFFRQX2M)         0.37       0.37 r
  UART/U_UART_TX/U1/register_reg[6]/SI (SDFFRQX2M)        0.00       0.37 r
  data arrival time                                                  0.37

  clock DFTCLK (rise edge)                                0.00       0.00
  clock network delay (ideal)                             0.00       0.00
  clock uncertainty                                       0.01       0.01
  UART/U_UART_TX/U1/register_reg[6]/CK (SDFFRQX2M)        0.00       0.01 r
  library hold time                                      -0.18      -0.17
  data required time                                                -0.17
  --------------------------------------------------------------------------
  data required time                                                -0.17
  data arrival time                                                 -0.37
  --------------------------------------------------------------------------
  slack (MET)                                                        0.54


  Startpoint: UART/U_UART_TX/U1/register_reg[4]
              (rising edge-triggered flip-flop clocked by DFTCLK)
  Endpoint: UART/U_UART_TX/U1/register_reg[5]
            (rising edge-triggered flip-flop clocked by DFTCLK)
  Path Group: DFTCLK
  Path Type: min

  Point                                                   Incr       Path
  --------------------------------------------------------------------------
  clock DFTCLK (rise edge)                                0.00       0.00
  clock network delay (ideal)                             0.00       0.00
  UART/U_UART_TX/U1/register_reg[4]/CK (SDFFRQX2M)        0.00       0.00 r
  UART/U_UART_TX/U1/register_reg[4]/Q (SDFFRQX2M)         0.37       0.37 r
  UART/U_UART_TX/U1/register_reg[5]/SI (SDFFRQX2M)        0.00       0.37 r
  data arrival time                                                  0.37

  clock DFTCLK (rise edge)                                0.00       0.00
  clock network delay (ideal)                             0.00       0.00
  clock uncertainty                                       0.01       0.01
  UART/U_UART_TX/U1/register_reg[5]/CK (SDFFRQX2M)        0.00       0.01 r
  library hold time                                      -0.18      -0.17
  data required time                                                -0.17
  --------------------------------------------------------------------------
  data required time                                                -0.17
  data arrival time                                                 -0.37
  --------------------------------------------------------------------------
  slack (MET)                                                        0.54


  Startpoint: UART/U_UART_TX/U1/register_reg[3]
              (rising edge-triggered flip-flop clocked by DFTCLK)
  Endpoint: UART/U_UART_TX/U1/register_reg[4]
            (rising edge-triggered flip-flop clocked by DFTCLK)
  Path Group: DFTCLK
  Path Type: min

  Point                                                   Incr       Path
  --------------------------------------------------------------------------
  clock DFTCLK (rise edge)                                0.00       0.00
  clock network delay (ideal)                             0.00       0.00
  UART/U_UART_TX/U1/register_reg[3]/CK (SDFFRQX2M)        0.00       0.00 r
  UART/U_UART_TX/U1/register_reg[3]/Q (SDFFRQX2M)         0.37       0.37 r
  UART/U_UART_TX/U1/register_reg[4]/SI (SDFFRQX2M)        0.00       0.37 r
  data arrival time                                                  0.37

  clock DFTCLK (rise edge)                                0.00       0.00
  clock network delay (ideal)                             0.00       0.00
  clock uncertainty                                       0.01       0.01
  UART/U_UART_TX/U1/register_reg[4]/CK (SDFFRQX2M)        0.00       0.01 r
  library hold time                                      -0.18      -0.17
  data required time                                                -0.17
  --------------------------------------------------------------------------
  data required time                                                -0.17
  data arrival time                                                 -0.37
  --------------------------------------------------------------------------
  slack (MET)                                                        0.54


  Startpoint: UART/U_UART_TX/U1/register_reg[2]
              (rising edge-triggered flip-flop clocked by DFTCLK)
  Endpoint: UART/U_UART_TX/U1/register_reg[3]
            (rising edge-triggered flip-flop clocked by DFTCLK)
  Path Group: DFTCLK
  Path Type: min

  Point                                                   Incr       Path
  --------------------------------------------------------------------------
  clock DFTCLK (rise edge)                                0.00       0.00
  clock network delay (ideal)                             0.00       0.00
  UART/U_UART_TX/U1/register_reg[2]/CK (SDFFRQX2M)        0.00       0.00 r
  UART/U_UART_TX/U1/register_reg[2]/Q (SDFFRQX2M)         0.37       0.37 r
  UART/U_UART_TX/U1/register_reg[3]/SI (SDFFRQX2M)        0.00       0.37 r
  data arrival time                                                  0.37

  clock DFTCLK (rise edge)                                0.00       0.00
  clock network delay (ideal)                             0.00       0.00
  clock uncertainty                                       0.01       0.01
  UART/U_UART_TX/U1/register_reg[3]/CK (SDFFRQX2M)        0.00       0.01 r
  library hold time                                      -0.18      -0.17
  data required time                                                -0.17
  --------------------------------------------------------------------------
  data required time                                                -0.17
  data arrival time                                                 -0.37
  --------------------------------------------------------------------------
  slack (MET)                                                        0.54


  Startpoint: UART/U_UART_TX/U1/register_reg[1]
              (rising edge-triggered flip-flop clocked by DFTCLK)
  Endpoint: UART/U_UART_TX/U1/register_reg[2]
            (rising edge-triggered flip-flop clocked by DFTCLK)
  Path Group: DFTCLK
  Path Type: min

  Point                                                   Incr       Path
  --------------------------------------------------------------------------
  clock DFTCLK (rise edge)                                0.00       0.00
  clock network delay (ideal)                             0.00       0.00
  UART/U_UART_TX/U1/register_reg[1]/CK (SDFFRQX2M)        0.00       0.00 r
  UART/U_UART_TX/U1/register_reg[1]/Q (SDFFRQX2M)         0.37       0.37 r
  UART/U_UART_TX/U1/register_reg[2]/SI (SDFFRQX2M)        0.00       0.37 r
  data arrival time                                                  0.37

  clock DFTCLK (rise edge)                                0.00       0.00
  clock network delay (ideal)                             0.00       0.00
  clock uncertainty                                       0.01       0.01
  UART/U_UART_TX/U1/register_reg[2]/CK (SDFFRQX2M)        0.00       0.01 r
  library hold time                                      -0.18      -0.17
  data required time                                                -0.17
  --------------------------------------------------------------------------
  data required time                                                -0.17
  data arrival time                                                 -0.37
  --------------------------------------------------------------------------
  slack (MET)                                                        0.54


  Startpoint: UART/U_UART_TX/U1/register_reg[0]
              (rising edge-triggered flip-flop clocked by DFTCLK)
  Endpoint: UART/U_UART_TX/U1/register_reg[1]
            (rising edge-triggered flip-flop clocked by DFTCLK)
  Path Group: DFTCLK
  Path Type: min

  Point                                                   Incr       Path
  --------------------------------------------------------------------------
  clock DFTCLK (rise edge)                                0.00       0.00
  clock network delay (ideal)                             0.00       0.00
  UART/U_UART_TX/U1/register_reg[0]/CK (SDFFRQX2M)        0.00       0.00 r
  UART/U_UART_TX/U1/register_reg[0]/Q (SDFFRQX2M)         0.37       0.37 r
  UART/U_UART_TX/U1/register_reg[1]/SI (SDFFRQX2M)        0.00       0.37 r
  data arrival time                                                  0.37

  clock DFTCLK (rise edge)                                0.00       0.00
  clock network delay (ideal)                             0.00       0.00
  clock uncertainty                                       0.01       0.01
  UART/U_UART_TX/U1/register_reg[1]/CK (SDFFRQX2M)        0.00       0.01 r
  library hold time                                      -0.18      -0.17
  data required time                                                -0.17
  --------------------------------------------------------------------------
  data required time                                                -0.17
  data arrival time                                                 -0.37
  --------------------------------------------------------------------------
  slack (MET)                                                        0.54


  Startpoint: UART/U_UART_TX/U1/register_reg[6]
              (rising edge-triggered flip-flop clocked by DFTCLK)
  Endpoint: UART/U_UART_TX/U1/ser_data_reg
            (rising edge-triggered flip-flop clocked by DFTCLK)
  Path Group: DFTCLK
  Path Type: min

  Point                                                   Incr       Path
  --------------------------------------------------------------------------
  clock DFTCLK (rise edge)                                0.00       0.00
  clock network delay (ideal)                             0.00       0.00
  UART/U_UART_TX/U1/register_reg[6]/CK (SDFFRQX2M)        0.00       0.00 r
  UART/U_UART_TX/U1/register_reg[6]/Q (SDFFRQX2M)         0.37       0.37 r
  UART/U_UART_TX/U1/ser_data_reg/SI (SDFFRQX2M)           0.00       0.37 r
  data arrival time                                                  0.37

  clock DFTCLK (rise edge)                                0.00       0.00
  clock network delay (ideal)                             0.00       0.00
  clock uncertainty                                       0.01       0.01
  UART/U_UART_TX/U1/ser_data_reg/CK (SDFFRQX2M)           0.00       0.01 r
  library hold time                                      -0.18      -0.17
  data required time                                                -0.17
  --------------------------------------------------------------------------
  data required time                                                -0.17
  data arrival time                                                 -0.37
  --------------------------------------------------------------------------
  slack (MET)                                                        0.54


  Startpoint: UART/U_UART_TX/U3/par_bit_reg
              (rising edge-triggered flip-flop clocked by DFTCLK)
  Endpoint: UART_RST_SYNC/sync_reg_reg[0]
            (rising edge-triggered flip-flop clocked by DFTCLK)
  Path Group: DFTCLK
  Path Type: min

  Point                                                   Incr       Path
  --------------------------------------------------------------------------
  clock DFTCLK (rise edge)                                0.00       0.00
  clock network delay (ideal)                             0.00       0.00
  UART/U_UART_TX/U3/par_bit_reg/CK (SDFFRQX2M)            0.00       0.00 r
  UART/U_UART_TX/U3/par_bit_reg/Q (SDFFRQX2M)             0.37       0.37 r
  UART/U_UART_TX/U3/par_bit (PARITY_CALC_DATA_WIDTH8_test_1)
                                                          0.00       0.37 r
  UART/U_UART_TX/test_so1 (UART_TX_DATA_WIDTH8_test_1)
                                                          0.00       0.37 r
  UART/test_so1 (UART_TOP_test_1)                         0.00       0.37 r
  UART_RST_SYNC/test_si (RST_SYNC_NUM_STAGES2_test_1)     0.00       0.37 r
  UART_RST_SYNC/sync_reg_reg[0]/SI (SDFFRQX2M)            0.00       0.37 r
  data arrival time                                                  0.37

  clock DFTCLK (rise edge)                                0.00       0.00
  clock network delay (ideal)                             0.00       0.00
  clock uncertainty                                       0.01       0.01
  UART_RST_SYNC/sync_reg_reg[0]/CK (SDFFRQX2M)            0.00       0.01 r
  library hold time                                      -0.18      -0.17
  data required time                                                -0.17
  --------------------------------------------------------------------------
  data required time                                                -0.17
  data arrival time                                                 -0.37
  --------------------------------------------------------------------------
  slack (MET)                                                        0.54


  Startpoint: U_SYS_CTRL/STORE_2ND_BYTE_OF_ALU_OUT_reg[6]
              (rising edge-triggered flip-flop clocked by DFTCLK)
  Endpoint: U_SYS_CTRL/STORE_2ND_BYTE_OF_ALU_OUT_reg[7]
            (rising edge-triggered flip-flop clocked by DFTCLK)
  Path Group: DFTCLK
  Path Type: min

  Point                                                   Incr       Path
  --------------------------------------------------------------------------
  clock DFTCLK (rise edge)                                0.00       0.00
  clock network delay (ideal)                             0.00       0.00
  U_SYS_CTRL/STORE_2ND_BYTE_OF_ALU_OUT_reg[6]/CK (SDFFRQX2M)
                                                          0.00       0.00 r
  U_SYS_CTRL/STORE_2ND_BYTE_OF_ALU_OUT_reg[6]/Q (SDFFRQX2M)
                                                          0.37       0.37 r
  U_SYS_CTRL/STORE_2ND_BYTE_OF_ALU_OUT_reg[7]/SI (SDFFRQX2M)
                                                          0.00       0.37 r
  data arrival time                                                  0.37

  clock DFTCLK (rise edge)                                0.00       0.00
  clock network delay (ideal)                             0.00       0.00
  clock uncertainty                                       0.01       0.01
  U_SYS_CTRL/STORE_2ND_BYTE_OF_ALU_OUT_reg[7]/CK (SDFFRQX2M)
                                                          0.00       0.01 r
  library hold time                                      -0.18      -0.17
  data required time                                                -0.17
  --------------------------------------------------------------------------
  data required time                                                -0.17
  data arrival time                                                 -0.37
  --------------------------------------------------------------------------
  slack (MET)                                                        0.54


  Startpoint: U_SYS_CTRL/STORE_2ND_BYTE_OF_ALU_OUT_reg[5]
              (rising edge-triggered flip-flop clocked by DFTCLK)
  Endpoint: U_SYS_CTRL/STORE_2ND_BYTE_OF_ALU_OUT_reg[6]
            (rising edge-triggered flip-flop clocked by DFTCLK)
  Path Group: DFTCLK
  Path Type: min

  Point                                                   Incr       Path
  --------------------------------------------------------------------------
  clock DFTCLK (rise edge)                                0.00       0.00
  clock network delay (ideal)                             0.00       0.00
  U_SYS_CTRL/STORE_2ND_BYTE_OF_ALU_OUT_reg[5]/CK (SDFFRQX2M)
                                                          0.00       0.00 r
  U_SYS_CTRL/STORE_2ND_BYTE_OF_ALU_OUT_reg[5]/Q (SDFFRQX2M)
                                                          0.37       0.37 r
  U_SYS_CTRL/STORE_2ND_BYTE_OF_ALU_OUT_reg[6]/SI (SDFFRQX2M)
                                                          0.00       0.37 r
  data arrival time                                                  0.37

  clock DFTCLK (rise edge)                                0.00       0.00
  clock network delay (ideal)                             0.00       0.00
  clock uncertainty                                       0.01       0.01
  U_SYS_CTRL/STORE_2ND_BYTE_OF_ALU_OUT_reg[6]/CK (SDFFRQX2M)
                                                          0.00       0.01 r
  library hold time                                      -0.18      -0.17
  data required time                                                -0.17
  --------------------------------------------------------------------------
  data required time                                                -0.17
  data arrival time                                                 -0.37
  --------------------------------------------------------------------------
  slack (MET)                                                        0.54


  Startpoint: U_SYS_CTRL/STORE_2ND_BYTE_OF_ALU_OUT_reg[4]
              (rising edge-triggered flip-flop clocked by DFTCLK)
  Endpoint: U_SYS_CTRL/STORE_2ND_BYTE_OF_ALU_OUT_reg[5]
            (rising edge-triggered flip-flop clocked by DFTCLK)
  Path Group: DFTCLK
  Path Type: min

  Point                                                   Incr       Path
  --------------------------------------------------------------------------
  clock DFTCLK (rise edge)                                0.00       0.00
  clock network delay (ideal)                             0.00       0.00
  U_SYS_CTRL/STORE_2ND_BYTE_OF_ALU_OUT_reg[4]/CK (SDFFRQX2M)
                                                          0.00       0.00 r
  U_SYS_CTRL/STORE_2ND_BYTE_OF_ALU_OUT_reg[4]/Q (SDFFRQX2M)
                                                          0.37       0.37 r
  U_SYS_CTRL/STORE_2ND_BYTE_OF_ALU_OUT_reg[5]/SI (SDFFRQX2M)
                                                          0.00       0.37 r
  data arrival time                                                  0.37

  clock DFTCLK (rise edge)                                0.00       0.00
  clock network delay (ideal)                             0.00       0.00
  clock uncertainty                                       0.01       0.01
  U_SYS_CTRL/STORE_2ND_BYTE_OF_ALU_OUT_reg[5]/CK (SDFFRQX2M)
                                                          0.00       0.01 r
  library hold time                                      -0.18      -0.17
  data required time                                                -0.17
  --------------------------------------------------------------------------
  data required time                                                -0.17
  data arrival time                                                 -0.37
  --------------------------------------------------------------------------
  slack (MET)                                                        0.54


  Startpoint: U_SYS_CTRL/STORE_2ND_BYTE_OF_ALU_OUT_reg[3]
              (rising edge-triggered flip-flop clocked by DFTCLK)
  Endpoint: U_SYS_CTRL/STORE_2ND_BYTE_OF_ALU_OUT_reg[4]
            (rising edge-triggered flip-flop clocked by DFTCLK)
  Path Group: DFTCLK
  Path Type: min

  Point                                                   Incr       Path
  --------------------------------------------------------------------------
  clock DFTCLK (rise edge)                                0.00       0.00
  clock network delay (ideal)                             0.00       0.00
  U_SYS_CTRL/STORE_2ND_BYTE_OF_ALU_OUT_reg[3]/CK (SDFFRQX2M)
                                                          0.00       0.00 r
  U_SYS_CTRL/STORE_2ND_BYTE_OF_ALU_OUT_reg[3]/Q (SDFFRQX2M)
                                                          0.37       0.37 r
  U_SYS_CTRL/STORE_2ND_BYTE_OF_ALU_OUT_reg[4]/SI (SDFFRQX2M)
                                                          0.00       0.37 r
  data arrival time                                                  0.37

  clock DFTCLK (rise edge)                                0.00       0.00
  clock network delay (ideal)                             0.00       0.00
  clock uncertainty                                       0.01       0.01
  U_SYS_CTRL/STORE_2ND_BYTE_OF_ALU_OUT_reg[4]/CK (SDFFRQX2M)
                                                          0.00       0.01 r
  library hold time                                      -0.18      -0.17
  data required time                                                -0.17
  --------------------------------------------------------------------------
  data required time                                                -0.17
  data arrival time                                                 -0.37
  --------------------------------------------------------------------------
  slack (MET)                                                        0.54


  Startpoint: U_SYS_CTRL/STORE_2ND_BYTE_OF_ALU_OUT_reg[2]
              (rising edge-triggered flip-flop clocked by DFTCLK)
  Endpoint: U_SYS_CTRL/STORE_2ND_BYTE_OF_ALU_OUT_reg[3]
            (rising edge-triggered flip-flop clocked by DFTCLK)
  Path Group: DFTCLK
  Path Type: min

  Point                                                   Incr       Path
  --------------------------------------------------------------------------
  clock DFTCLK (rise edge)                                0.00       0.00
  clock network delay (ideal)                             0.00       0.00
  U_SYS_CTRL/STORE_2ND_BYTE_OF_ALU_OUT_reg[2]/CK (SDFFRQX2M)
                                                          0.00       0.00 r
  U_SYS_CTRL/STORE_2ND_BYTE_OF_ALU_OUT_reg[2]/Q (SDFFRQX2M)
                                                          0.37       0.37 r
  U_SYS_CTRL/STORE_2ND_BYTE_OF_ALU_OUT_reg[3]/SI (SDFFRQX2M)
                                                          0.00       0.37 r
  data arrival time                                                  0.37

  clock DFTCLK (rise edge)                                0.00       0.00
  clock network delay (ideal)                             0.00       0.00
  clock uncertainty                                       0.01       0.01
  U_SYS_CTRL/STORE_2ND_BYTE_OF_ALU_OUT_reg[3]/CK (SDFFRQX2M)
                                                          0.00       0.01 r
  library hold time                                      -0.18      -0.17
  data required time                                                -0.17
  --------------------------------------------------------------------------
  data required time                                                -0.17
  data arrival time                                                 -0.37
  --------------------------------------------------------------------------
  slack (MET)                                                        0.54


  Startpoint: U_SYS_CTRL/STORE_2ND_BYTE_OF_ALU_OUT_reg[1]
              (rising edge-triggered flip-flop clocked by DFTCLK)
  Endpoint: U_SYS_CTRL/STORE_2ND_BYTE_OF_ALU_OUT_reg[2]
            (rising edge-triggered flip-flop clocked by DFTCLK)
  Path Group: DFTCLK
  Path Type: min

  Point                                                   Incr       Path
  --------------------------------------------------------------------------
  clock DFTCLK (rise edge)                                0.00       0.00
  clock network delay (ideal)                             0.00       0.00
  U_SYS_CTRL/STORE_2ND_BYTE_OF_ALU_OUT_reg[1]/CK (SDFFRQX2M)
                                                          0.00       0.00 r
  U_SYS_CTRL/STORE_2ND_BYTE_OF_ALU_OUT_reg[1]/Q (SDFFRQX2M)
                                                          0.37       0.37 r
  U_SYS_CTRL/STORE_2ND_BYTE_OF_ALU_OUT_reg[2]/SI (SDFFRQX2M)
                                                          0.00       0.37 r
  data arrival time                                                  0.37

  clock DFTCLK (rise edge)                                0.00       0.00
  clock network delay (ideal)                             0.00       0.00
  clock uncertainty                                       0.01       0.01
  U_SYS_CTRL/STORE_2ND_BYTE_OF_ALU_OUT_reg[2]/CK (SDFFRQX2M)
                                                          0.00       0.01 r
  library hold time                                      -0.18      -0.17
  data required time                                                -0.17
  --------------------------------------------------------------------------
  data required time                                                -0.17
  data arrival time                                                 -0.37
  --------------------------------------------------------------------------
  slack (MET)                                                        0.54


  Startpoint: U_SYS_CTRL/STORE_2ND_BYTE_OF_ALU_OUT_reg[0]
              (rising edge-triggered flip-flop clocked by DFTCLK)
  Endpoint: U_SYS_CTRL/STORE_2ND_BYTE_OF_ALU_OUT_reg[1]
            (rising edge-triggered flip-flop clocked by DFTCLK)
  Path Group: DFTCLK
  Path Type: min

  Point                                                   Incr       Path
  --------------------------------------------------------------------------
  clock DFTCLK (rise edge)                                0.00       0.00
  clock network delay (ideal)                             0.00       0.00
  U_SYS_CTRL/STORE_2ND_BYTE_OF_ALU_OUT_reg[0]/CK (SDFFRQX2M)
                                                          0.00       0.00 r
  U_SYS_CTRL/STORE_2ND_BYTE_OF_ALU_OUT_reg[0]/Q (SDFFRQX2M)
                                                          0.37       0.37 r
  U_SYS_CTRL/STORE_2ND_BYTE_OF_ALU_OUT_reg[1]/SI (SDFFRQX2M)
                                                          0.00       0.37 r
  data arrival time                                                  0.37

  clock DFTCLK (rise edge)                                0.00       0.00
  clock network delay (ideal)                             0.00       0.00
  clock uncertainty                                       0.01       0.01
  U_SYS_CTRL/STORE_2ND_BYTE_OF_ALU_OUT_reg[1]/CK (SDFFRQX2M)
                                                          0.00       0.01 r
  library hold time                                      -0.18      -0.17
  data required time                                                -0.17
  --------------------------------------------------------------------------
  data required time                                                -0.17
  data arrival time                                                 -0.37
  --------------------------------------------------------------------------
  slack (MET)                                                        0.54


  Startpoint: U_RegFile/RdData_reg[6]
              (rising edge-triggered flip-flop clocked by DFTCLK)
  Endpoint: U_RegFile/RdData_reg[7]
            (rising edge-triggered flip-flop clocked by DFTCLK)
  Path Group: DFTCLK
  Path Type: min

  Point                                                   Incr       Path
  --------------------------------------------------------------------------
  clock DFTCLK (rise edge)                                0.00       0.00
  clock network delay (ideal)                             0.00       0.00
  U_RegFile/RdData_reg[6]/CK (SDFFRQX2M)                  0.00       0.00 r
  U_RegFile/RdData_reg[6]/Q (SDFFRQX2M)                   0.37       0.37 r
  U_RegFile/RdData_reg[7]/SI (SDFFRQX2M)                  0.00       0.37 r
  data arrival time                                                  0.37

  clock DFTCLK (rise edge)                                0.00       0.00
  clock network delay (ideal)                             0.00       0.00
  clock uncertainty                                       0.01       0.01
  U_RegFile/RdData_reg[7]/CK (SDFFRQX2M)                  0.00       0.01 r
  library hold time                                      -0.18      -0.17
  data required time                                                -0.17
  --------------------------------------------------------------------------
  data required time                                                -0.17
  data arrival time                                                 -0.37
  --------------------------------------------------------------------------
  slack (MET)                                                        0.54


  Startpoint: U_RegFile/RdData_reg[5]
              (rising edge-triggered flip-flop clocked by DFTCLK)
  Endpoint: U_RegFile/RdData_reg[6]
            (rising edge-triggered flip-flop clocked by DFTCLK)
  Path Group: DFTCLK
  Path Type: min

  Point                                                   Incr       Path
  --------------------------------------------------------------------------
  clock DFTCLK (rise edge)                                0.00       0.00
  clock network delay (ideal)                             0.00       0.00
  U_RegFile/RdData_reg[5]/CK (SDFFRQX2M)                  0.00       0.00 r
  U_RegFile/RdData_reg[5]/Q (SDFFRQX2M)                   0.37       0.37 r
  U_RegFile/RdData_reg[6]/SI (SDFFRQX2M)                  0.00       0.37 r
  data arrival time                                                  0.37

  clock DFTCLK (rise edge)                                0.00       0.00
  clock network delay (ideal)                             0.00       0.00
  clock uncertainty                                       0.01       0.01
  U_RegFile/RdData_reg[6]/CK (SDFFRQX2M)                  0.00       0.01 r
  library hold time                                      -0.18      -0.17
  data required time                                                -0.17
  --------------------------------------------------------------------------
  data required time                                                -0.17
  data arrival time                                                 -0.37
  --------------------------------------------------------------------------
  slack (MET)                                                        0.54


  Startpoint: U_RegFile/RdData_reg[4]
              (rising edge-triggered flip-flop clocked by DFTCLK)
  Endpoint: U_RegFile/RdData_reg[5]
            (rising edge-triggered flip-flop clocked by DFTCLK)
  Path Group: DFTCLK
  Path Type: min

  Point                                                   Incr       Path
  --------------------------------------------------------------------------
  clock DFTCLK (rise edge)                                0.00       0.00
  clock network delay (ideal)                             0.00       0.00
  U_RegFile/RdData_reg[4]/CK (SDFFRQX2M)                  0.00       0.00 r
  U_RegFile/RdData_reg[4]/Q (SDFFRQX2M)                   0.37       0.37 r
  U_RegFile/RdData_reg[5]/SI (SDFFRQX2M)                  0.00       0.37 r
  data arrival time                                                  0.37

  clock DFTCLK (rise edge)                                0.00       0.00
  clock network delay (ideal)                             0.00       0.00
  clock uncertainty                                       0.01       0.01
  U_RegFile/RdData_reg[5]/CK (SDFFRQX2M)                  0.00       0.01 r
  library hold time                                      -0.18      -0.17
  data required time                                                -0.17
  --------------------------------------------------------------------------
  data required time                                                -0.17
  data arrival time                                                 -0.37
  --------------------------------------------------------------------------
  slack (MET)                                                        0.54


  Startpoint: U_RegFile/RdData_reg[3]
              (rising edge-triggered flip-flop clocked by DFTCLK)
  Endpoint: U_RegFile/RdData_reg[4]
            (rising edge-triggered flip-flop clocked by DFTCLK)
  Path Group: DFTCLK
  Path Type: min

  Point                                                   Incr       Path
  --------------------------------------------------------------------------
  clock DFTCLK (rise edge)                                0.00       0.00
  clock network delay (ideal)                             0.00       0.00
  U_RegFile/RdData_reg[3]/CK (SDFFRQX2M)                  0.00       0.00 r
  U_RegFile/RdData_reg[3]/Q (SDFFRQX2M)                   0.37       0.37 r
  U_RegFile/RdData_reg[4]/SI (SDFFRQX2M)                  0.00       0.37 r
  data arrival time                                                  0.37

  clock DFTCLK (rise edge)                                0.00       0.00
  clock network delay (ideal)                             0.00       0.00
  clock uncertainty                                       0.01       0.01
  U_RegFile/RdData_reg[4]/CK (SDFFRQX2M)                  0.00       0.01 r
  library hold time                                      -0.18      -0.17
  data required time                                                -0.17
  --------------------------------------------------------------------------
  data required time                                                -0.17
  data arrival time                                                 -0.37
  --------------------------------------------------------------------------
  slack (MET)                                                        0.54


  Startpoint: U_RegFile/RdData_reg[2]
              (rising edge-triggered flip-flop clocked by DFTCLK)
  Endpoint: U_RegFile/RdData_reg[3]
            (rising edge-triggered flip-flop clocked by DFTCLK)
  Path Group: DFTCLK
  Path Type: min

  Point                                                   Incr       Path
  --------------------------------------------------------------------------
  clock DFTCLK (rise edge)                                0.00       0.00
  clock network delay (ideal)                             0.00       0.00
  U_RegFile/RdData_reg[2]/CK (SDFFRQX2M)                  0.00       0.00 r
  U_RegFile/RdData_reg[2]/Q (SDFFRQX2M)                   0.37       0.37 r
  U_RegFile/RdData_reg[3]/SI (SDFFRQX2M)                  0.00       0.37 r
  data arrival time                                                  0.37

  clock DFTCLK (rise edge)                                0.00       0.00
  clock network delay (ideal)                             0.00       0.00
  clock uncertainty                                       0.01       0.01
  U_RegFile/RdData_reg[3]/CK (SDFFRQX2M)                  0.00       0.01 r
  library hold time                                      -0.18      -0.17
  data required time                                                -0.17
  --------------------------------------------------------------------------
  data required time                                                -0.17
  data arrival time                                                 -0.37
  --------------------------------------------------------------------------
  slack (MET)                                                        0.54


  Startpoint: U_RegFile/RdData_reg[1]
              (rising edge-triggered flip-flop clocked by DFTCLK)
  Endpoint: U_RegFile/RdData_reg[2]
            (rising edge-triggered flip-flop clocked by DFTCLK)
  Path Group: DFTCLK
  Path Type: min

  Point                                                   Incr       Path
  --------------------------------------------------------------------------
  clock DFTCLK (rise edge)                                0.00       0.00
  clock network delay (ideal)                             0.00       0.00
  U_RegFile/RdData_reg[1]/CK (SDFFRQX2M)                  0.00       0.00 r
  U_RegFile/RdData_reg[1]/Q (SDFFRQX2M)                   0.37       0.37 r
  U_RegFile/RdData_reg[2]/SI (SDFFRQX2M)                  0.00       0.37 r
  data arrival time                                                  0.37

  clock DFTCLK (rise edge)                                0.00       0.00
  clock network delay (ideal)                             0.00       0.00
  clock uncertainty                                       0.01       0.01
  U_RegFile/RdData_reg[2]/CK (SDFFRQX2M)                  0.00       0.01 r
  library hold time                                      -0.18      -0.17
  data required time                                                -0.17
  --------------------------------------------------------------------------
  data required time                                                -0.17
  data arrival time                                                 -0.37
  --------------------------------------------------------------------------
  slack (MET)                                                        0.54


  Startpoint: U_RegFile/RdData_reg[0]
              (rising edge-triggered flip-flop clocked by DFTCLK)
  Endpoint: U_RegFile/RdData_reg[1]
            (rising edge-triggered flip-flop clocked by DFTCLK)
  Path Group: DFTCLK
  Path Type: min

  Point                                                   Incr       Path
  --------------------------------------------------------------------------
  clock DFTCLK (rise edge)                                0.00       0.00
  clock network delay (ideal)                             0.00       0.00
  U_RegFile/RdData_reg[0]/CK (SDFFRQX2M)                  0.00       0.00 r
  U_RegFile/RdData_reg[0]/Q (SDFFRQX2M)                   0.37       0.37 r
  U_RegFile/RdData_reg[1]/SI (SDFFRQX2M)                  0.00       0.37 r
  data arrival time                                                  0.37

  clock DFTCLK (rise edge)                                0.00       0.00
  clock network delay (ideal)                             0.00       0.00
  clock uncertainty                                       0.01       0.01
  U_RegFile/RdData_reg[1]/CK (SDFFRQX2M)                  0.00       0.01 r
  library hold time                                      -0.18      -0.17
  data required time                                                -0.17
  --------------------------------------------------------------------------
  data required time                                                -0.17
  data arrival time                                                 -0.37
  --------------------------------------------------------------------------
  slack (MET)                                                        0.54


  Startpoint: U_RegFile/RdData_reg[7]
              (rising edge-triggered flip-flop clocked by DFTCLK)
  Endpoint: U_RegFile/regArr_reg[0][0]
            (rising edge-triggered flip-flop clocked by DFTCLK)
  Path Group: DFTCLK
  Path Type: min

  Point                                                   Incr       Path
  --------------------------------------------------------------------------
  clock DFTCLK (rise edge)                                0.00       0.00
  clock network delay (ideal)                             0.00       0.00
  U_RegFile/RdData_reg[7]/CK (SDFFRQX2M)                  0.00       0.00 r
  U_RegFile/RdData_reg[7]/Q (SDFFRQX2M)                   0.37       0.37 r
  U_RegFile/regArr_reg[0][0]/SI (SDFFRQX2M)               0.00       0.37 r
  data arrival time                                                  0.37

  clock DFTCLK (rise edge)                                0.00       0.00
  clock network delay (ideal)                             0.00       0.00
  clock uncertainty                                       0.01       0.01
  U_RegFile/regArr_reg[0][0]/CK (SDFFRQX2M)               0.00       0.01 r
  library hold time                                      -0.18      -0.17
  data required time                                                -0.17
  --------------------------------------------------------------------------
  data required time                                                -0.17
  data arrival time                                                 -0.37
  --------------------------------------------------------------------------
  slack (MET)                                                        0.54


  Startpoint: UART/U_UART_TX/U1/ser_data_reg
              (rising edge-triggered flip-flop clocked by DFTCLK)
  Endpoint: UART/U_UART_TX/U2/BUSY_reg
            (rising edge-triggered flip-flop clocked by DFTCLK)
  Path Group: DFTCLK
  Path Type: min

  Point                                                   Incr       Path
  --------------------------------------------------------------------------
  clock DFTCLK (rise edge)                                0.00       0.00
  clock network delay (ideal)                             0.00       0.00
  UART/U_UART_TX/U1/ser_data_reg/CK (SDFFRQX2M)           0.00       0.00 r
  UART/U_UART_TX/U1/ser_data_reg/Q (SDFFRQX2M)            0.37       0.37 r
  UART/U_UART_TX/U1/ser_data (SERIALIZER_DATA_WIDTH8_COUNT3_test_1)
                                                          0.00       0.37 r
  UART/U_UART_TX/U2/test_si (FSM_tx_MUX_WIDTH2_test_1)
                                                          0.00       0.37 r
  UART/U_UART_TX/U2/BUSY_reg/SI (SDFFRQX2M)               0.00       0.37 r
  data arrival time                                                  0.37

  clock DFTCLK (rise edge)                                0.00       0.00
  clock network delay (ideal)                             0.00       0.00
  clock uncertainty                                       0.01       0.01
  UART/U_UART_TX/U2/BUSY_reg/CK (SDFFRQX2M)               0.00       0.01 r
  library hold time                                      -0.18      -0.17
  data required time                                                -0.17
  --------------------------------------------------------------------------
  data required time                                                -0.17
  data arrival time                                                 -0.37
  --------------------------------------------------------------------------
  slack (MET)                                                        0.54


  Startpoint: U_FIFO/BIT_SYNC_R_TO_W/sync_reg_reg[2][1]
              (rising edge-triggered flip-flop clocked by DFTCLK)
  Endpoint: U_FIFO/BIT_SYNC_R_TO_W/sync_reg_reg[3][0]
            (rising edge-triggered flip-flop clocked by DFTCLK)
  Path Group: DFTCLK
  Path Type: min

  Point                                                   Incr       Path
  --------------------------------------------------------------------------
  clock DFTCLK (rise edge)                                0.00       0.00
  clock network delay (ideal)                             0.00       0.00
  U_FIFO/BIT_SYNC_R_TO_W/sync_reg_reg[2][1]/CK (SDFFRQX2M)
                                                          0.00       0.00 r
  U_FIFO/BIT_SYNC_R_TO_W/sync_reg_reg[2][1]/Q (SDFFRQX2M)
                                                          0.37       0.37 r
  U_FIFO/BIT_SYNC_R_TO_W/sync_reg_reg[3][0]/SI (SDFFRQX2M)
                                                          0.00       0.37 r
  data arrival time                                                  0.37

  clock DFTCLK (rise edge)                                0.00       0.00
  clock network delay (ideal)                             0.00       0.00
  clock uncertainty                                       0.01       0.01
  U_FIFO/BIT_SYNC_R_TO_W/sync_reg_reg[3][0]/CK (SDFFRQX2M)
                                                          0.00       0.01 r
  library hold time                                      -0.18      -0.17
  data required time                                                -0.17
  --------------------------------------------------------------------------
  data required time                                                -0.17
  data arrival time                                                 -0.37
  --------------------------------------------------------------------------
  slack (MET)                                                        0.54


  Startpoint: U_FIFO/MEMORY_MODULE/MEMORY_reg[6][7]
              (rising edge-triggered flip-flop clocked by DFTCLK)
  Endpoint: U_FIFO/MEMORY_MODULE/MEMORY_reg[7][0]
            (rising edge-triggered flip-flop clocked by DFTCLK)
  Path Group: DFTCLK
  Path Type: min

  Point                                                   Incr       Path
  --------------------------------------------------------------------------
  clock DFTCLK (rise edge)                                0.00       0.00
  clock network delay (ideal)                             0.00       0.00
  U_FIFO/MEMORY_MODULE/MEMORY_reg[6][7]/CK (SDFFRQX2M)
                                                          0.00       0.00 r
  U_FIFO/MEMORY_MODULE/MEMORY_reg[6][7]/Q (SDFFRQX2M)     0.37       0.37 r
  U_FIFO/MEMORY_MODULE/MEMORY_reg[7][0]/SI (SDFFRQX2M)
                                                          0.00       0.37 r
  data arrival time                                                  0.37

  clock DFTCLK (rise edge)                                0.00       0.00
  clock network delay (ideal)                             0.00       0.00
  clock uncertainty                                       0.01       0.01
  U_FIFO/MEMORY_MODULE/MEMORY_reg[7][0]/CK (SDFFRQX2M)
                                                          0.00       0.01 r
  library hold time                                      -0.18      -0.17
  data required time                                                -0.17
  --------------------------------------------------------------------------
  data required time                                                -0.17
  data arrival time                                                 -0.37
  --------------------------------------------------------------------------
  slack (MET)                                                        0.54


  Startpoint: U_FIFO/MEMORY_MODULE/MEMORY_reg[2][7]
              (rising edge-triggered flip-flop clocked by DFTCLK)
  Endpoint: U_FIFO/MEMORY_MODULE/MEMORY_reg[3][0]
            (rising edge-triggered flip-flop clocked by DFTCLK)
  Path Group: DFTCLK
  Path Type: min

  Point                                                   Incr       Path
  --------------------------------------------------------------------------
  clock DFTCLK (rise edge)                                0.00       0.00
  clock network delay (ideal)                             0.00       0.00
  U_FIFO/MEMORY_MODULE/MEMORY_reg[2][7]/CK (SDFFRQX2M)
                                                          0.00       0.00 r
  U_FIFO/MEMORY_MODULE/MEMORY_reg[2][7]/Q (SDFFRQX2M)     0.37       0.37 r
  U_FIFO/MEMORY_MODULE/MEMORY_reg[3][0]/SI (SDFFRQX2M)
                                                          0.00       0.37 r
  data arrival time                                                  0.37

  clock DFTCLK (rise edge)                                0.00       0.00
  clock network delay (ideal)                             0.00       0.00
  clock uncertainty                                       0.01       0.01
  U_FIFO/MEMORY_MODULE/MEMORY_reg[3][0]/CK (SDFFRQX2M)
                                                          0.00       0.01 r
  library hold time                                      -0.18      -0.17
  data required time                                                -0.17
  --------------------------------------------------------------------------
  data required time                                                -0.17
  data arrival time                                                 -0.37
  --------------------------------------------------------------------------
  slack (MET)                                                        0.54


  Startpoint: U_FIFO/MEMORY_MODULE/MEMORY_reg[6][2]
              (rising edge-triggered flip-flop clocked by DFTCLK)
  Endpoint: U_FIFO/MEMORY_MODULE/MEMORY_reg[6][3]
            (rising edge-triggered flip-flop clocked by DFTCLK)
  Path Group: DFTCLK
  Path Type: min

  Point                                                   Incr       Path
  --------------------------------------------------------------------------
  clock DFTCLK (rise edge)                                0.00       0.00
  clock network delay (ideal)                             0.00       0.00
  U_FIFO/MEMORY_MODULE/MEMORY_reg[6][2]/CK (SDFFRQX2M)
                                                          0.00       0.00 r
  U_FIFO/MEMORY_MODULE/MEMORY_reg[6][2]/Q (SDFFRQX2M)     0.37       0.37 r
  U_FIFO/MEMORY_MODULE/MEMORY_reg[6][3]/SI (SDFFRQX2M)
                                                          0.00       0.37 r
  data arrival time                                                  0.37

  clock DFTCLK (rise edge)                                0.00       0.00
  clock network delay (ideal)                             0.00       0.00
  clock uncertainty                                       0.01       0.01
  U_FIFO/MEMORY_MODULE/MEMORY_reg[6][3]/CK (SDFFRQX2M)
                                                          0.00       0.01 r
  library hold time                                      -0.18      -0.17
  data required time                                                -0.17
  --------------------------------------------------------------------------
  data required time                                                -0.17
  data arrival time                                                 -0.37
  --------------------------------------------------------------------------
  slack (MET)                                                        0.54


  Startpoint: U_FIFO/MEMORY_MODULE/MEMORY_reg[6][1]
              (rising edge-triggered flip-flop clocked by DFTCLK)
  Endpoint: U_FIFO/MEMORY_MODULE/MEMORY_reg[6][2]
            (rising edge-triggered flip-flop clocked by DFTCLK)
  Path Group: DFTCLK
  Path Type: min

  Point                                                   Incr       Path
  --------------------------------------------------------------------------
  clock DFTCLK (rise edge)                                0.00       0.00
  clock network delay (ideal)                             0.00       0.00
  U_FIFO/MEMORY_MODULE/MEMORY_reg[6][1]/CK (SDFFRQX2M)
                                                          0.00       0.00 r
  U_FIFO/MEMORY_MODULE/MEMORY_reg[6][1]/Q (SDFFRQX2M)     0.37       0.37 r
  U_FIFO/MEMORY_MODULE/MEMORY_reg[6][2]/SI (SDFFRQX2M)
                                                          0.00       0.37 r
  data arrival time                                                  0.37

  clock DFTCLK (rise edge)                                0.00       0.00
  clock network delay (ideal)                             0.00       0.00
  clock uncertainty                                       0.01       0.01
  U_FIFO/MEMORY_MODULE/MEMORY_reg[6][2]/CK (SDFFRQX2M)
                                                          0.00       0.01 r
  library hold time                                      -0.18      -0.17
  data required time                                                -0.17
  --------------------------------------------------------------------------
  data required time                                                -0.17
  data arrival time                                                 -0.37
  --------------------------------------------------------------------------
  slack (MET)                                                        0.54


  Startpoint: U_FIFO/MEMORY_MODULE/MEMORY_reg[6][0]
              (rising edge-triggered flip-flop clocked by DFTCLK)
  Endpoint: U_FIFO/MEMORY_MODULE/MEMORY_reg[6][1]
            (rising edge-triggered flip-flop clocked by DFTCLK)
  Path Group: DFTCLK
  Path Type: min

  Point                                                   Incr       Path
  --------------------------------------------------------------------------
  clock DFTCLK (rise edge)                                0.00       0.00
  clock network delay (ideal)                             0.00       0.00
  U_FIFO/MEMORY_MODULE/MEMORY_reg[6][0]/CK (SDFFRQX2M)
                                                          0.00       0.00 r
  U_FIFO/MEMORY_MODULE/MEMORY_reg[6][0]/Q (SDFFRQX2M)     0.37       0.37 r
  U_FIFO/MEMORY_MODULE/MEMORY_reg[6][1]/SI (SDFFRQX2M)
                                                          0.00       0.37 r
  data arrival time                                                  0.37

  clock DFTCLK (rise edge)                                0.00       0.00
  clock network delay (ideal)                             0.00       0.00
  clock uncertainty                                       0.01       0.01
  U_FIFO/MEMORY_MODULE/MEMORY_reg[6][1]/CK (SDFFRQX2M)
                                                          0.00       0.01 r
  library hold time                                      -0.18      -0.17
  data required time                                                -0.17
  --------------------------------------------------------------------------
  data required time                                                -0.17
  data arrival time                                                 -0.37
  --------------------------------------------------------------------------
  slack (MET)                                                        0.54


  Startpoint: U_FIFO/MEMORY_MODULE/MEMORY_reg[2][2]
              (rising edge-triggered flip-flop clocked by DFTCLK)
  Endpoint: U_FIFO/MEMORY_MODULE/MEMORY_reg[2][3]
            (rising edge-triggered flip-flop clocked by DFTCLK)
  Path Group: DFTCLK
  Path Type: min

  Point                                                   Incr       Path
  --------------------------------------------------------------------------
  clock DFTCLK (rise edge)                                0.00       0.00
  clock network delay (ideal)                             0.00       0.00
  U_FIFO/MEMORY_MODULE/MEMORY_reg[2][2]/CK (SDFFRQX2M)
                                                          0.00       0.00 r
  U_FIFO/MEMORY_MODULE/MEMORY_reg[2][2]/Q (SDFFRQX2M)     0.37       0.37 r
  U_FIFO/MEMORY_MODULE/MEMORY_reg[2][3]/SI (SDFFRQX2M)
                                                          0.00       0.37 r
  data arrival time                                                  0.37

  clock DFTCLK (rise edge)                                0.00       0.00
  clock network delay (ideal)                             0.00       0.00
  clock uncertainty                                       0.01       0.01
  U_FIFO/MEMORY_MODULE/MEMORY_reg[2][3]/CK (SDFFRQX2M)
                                                          0.00       0.01 r
  library hold time                                      -0.18      -0.17
  data required time                                                -0.17
  --------------------------------------------------------------------------
  data required time                                                -0.17
  data arrival time                                                 -0.37
  --------------------------------------------------------------------------
  slack (MET)                                                        0.54


  Startpoint: U_FIFO/MEMORY_MODULE/MEMORY_reg[2][1]
              (rising edge-triggered flip-flop clocked by DFTCLK)
  Endpoint: U_FIFO/MEMORY_MODULE/MEMORY_reg[2][2]
            (rising edge-triggered flip-flop clocked by DFTCLK)
  Path Group: DFTCLK
  Path Type: min

  Point                                                   Incr       Path
  --------------------------------------------------------------------------
  clock DFTCLK (rise edge)                                0.00       0.00
  clock network delay (ideal)                             0.00       0.00
  U_FIFO/MEMORY_MODULE/MEMORY_reg[2][1]/CK (SDFFRQX2M)
                                                          0.00       0.00 r
  U_FIFO/MEMORY_MODULE/MEMORY_reg[2][1]/Q (SDFFRQX2M)     0.37       0.37 r
  U_FIFO/MEMORY_MODULE/MEMORY_reg[2][2]/SI (SDFFRQX2M)
                                                          0.00       0.37 r
  data arrival time                                                  0.37

  clock DFTCLK (rise edge)                                0.00       0.00
  clock network delay (ideal)                             0.00       0.00
  clock uncertainty                                       0.01       0.01
  U_FIFO/MEMORY_MODULE/MEMORY_reg[2][2]/CK (SDFFRQX2M)
                                                          0.00       0.01 r
  library hold time                                      -0.18      -0.17
  data required time                                                -0.17
  --------------------------------------------------------------------------
  data required time                                                -0.17
  data arrival time                                                 -0.37
  --------------------------------------------------------------------------
  slack (MET)                                                        0.54


  Startpoint: U_FIFO/MEMORY_MODULE/MEMORY_reg[2][0]
              (rising edge-triggered flip-flop clocked by DFTCLK)
  Endpoint: U_FIFO/MEMORY_MODULE/MEMORY_reg[2][1]
            (rising edge-triggered flip-flop clocked by DFTCLK)
  Path Group: DFTCLK
  Path Type: min

  Point                                                   Incr       Path
  --------------------------------------------------------------------------
  clock DFTCLK (rise edge)                                0.00       0.00
  clock network delay (ideal)                             0.00       0.00
  U_FIFO/MEMORY_MODULE/MEMORY_reg[2][0]/CK (SDFFRQX2M)
                                                          0.00       0.00 r
  U_FIFO/MEMORY_MODULE/MEMORY_reg[2][0]/Q (SDFFRQX2M)     0.37       0.37 r
  U_FIFO/MEMORY_MODULE/MEMORY_reg[2][1]/SI (SDFFRQX2M)
                                                          0.00       0.37 r
  data arrival time                                                  0.37

  clock DFTCLK (rise edge)                                0.00       0.00
  clock network delay (ideal)                             0.00       0.00
  clock uncertainty                                       0.01       0.01
  U_FIFO/MEMORY_MODULE/MEMORY_reg[2][1]/CK (SDFFRQX2M)
                                                          0.00       0.01 r
  library hold time                                      -0.18      -0.17
  data required time                                                -0.17
  --------------------------------------------------------------------------
  data required time                                                -0.17
  data arrival time                                                 -0.37
  --------------------------------------------------------------------------
  slack (MET)                                                        0.54


  Startpoint: U_FIFO/MEMORY_MODULE/MEMORY_reg[6][6]
              (rising edge-triggered flip-flop clocked by DFTCLK)
  Endpoint: U_FIFO/MEMORY_MODULE/MEMORY_reg[6][7]
            (rising edge-triggered flip-flop clocked by DFTCLK)
  Path Group: DFTCLK
  Path Type: min

  Point                                                   Incr       Path
  --------------------------------------------------------------------------
  clock DFTCLK (rise edge)                                0.00       0.00
  clock network delay (ideal)                             0.00       0.00
  U_FIFO/MEMORY_MODULE/MEMORY_reg[6][6]/CK (SDFFRQX2M)
                                                          0.00       0.00 r
  U_FIFO/MEMORY_MODULE/MEMORY_reg[6][6]/Q (SDFFRQX2M)     0.37       0.37 r
  U_FIFO/MEMORY_MODULE/MEMORY_reg[6][7]/SI (SDFFRQX2M)
                                                          0.00       0.37 r
  data arrival time                                                  0.37

  clock DFTCLK (rise edge)                                0.00       0.00
  clock network delay (ideal)                             0.00       0.00
  clock uncertainty                                       0.01       0.01
  U_FIFO/MEMORY_MODULE/MEMORY_reg[6][7]/CK (SDFFRQX2M)
                                                          0.00       0.01 r
  library hold time                                      -0.18      -0.17
  data required time                                                -0.17
  --------------------------------------------------------------------------
  data required time                                                -0.17
  data arrival time                                                 -0.37
  --------------------------------------------------------------------------
  slack (MET)                                                        0.54


  Startpoint: U_FIFO/MEMORY_MODULE/MEMORY_reg[6][5]
              (rising edge-triggered flip-flop clocked by DFTCLK)
  Endpoint: U_FIFO/MEMORY_MODULE/MEMORY_reg[6][6]
            (rising edge-triggered flip-flop clocked by DFTCLK)
  Path Group: DFTCLK
  Path Type: min

  Point                                                   Incr       Path
  --------------------------------------------------------------------------
  clock DFTCLK (rise edge)                                0.00       0.00
  clock network delay (ideal)                             0.00       0.00
  U_FIFO/MEMORY_MODULE/MEMORY_reg[6][5]/CK (SDFFRQX2M)
                                                          0.00       0.00 r
  U_FIFO/MEMORY_MODULE/MEMORY_reg[6][5]/Q (SDFFRQX2M)     0.37       0.37 r
  U_FIFO/MEMORY_MODULE/MEMORY_reg[6][6]/SI (SDFFRQX2M)
                                                          0.00       0.37 r
  data arrival time                                                  0.37

  clock DFTCLK (rise edge)                                0.00       0.00
  clock network delay (ideal)                             0.00       0.00
  clock uncertainty                                       0.01       0.01
  U_FIFO/MEMORY_MODULE/MEMORY_reg[6][6]/CK (SDFFRQX2M)
                                                          0.00       0.01 r
  library hold time                                      -0.18      -0.17
  data required time                                                -0.17
  --------------------------------------------------------------------------
  data required time                                                -0.17
  data arrival time                                                 -0.37
  --------------------------------------------------------------------------
  slack (MET)                                                        0.54


  Startpoint: U_FIFO/MEMORY_MODULE/MEMORY_reg[6][4]
              (rising edge-triggered flip-flop clocked by DFTCLK)
  Endpoint: U_FIFO/MEMORY_MODULE/MEMORY_reg[6][5]
            (rising edge-triggered flip-flop clocked by DFTCLK)
  Path Group: DFTCLK
  Path Type: min

  Point                                                   Incr       Path
  --------------------------------------------------------------------------
  clock DFTCLK (rise edge)                                0.00       0.00
  clock network delay (ideal)                             0.00       0.00
  U_FIFO/MEMORY_MODULE/MEMORY_reg[6][4]/CK (SDFFRQX2M)
                                                          0.00       0.00 r
  U_FIFO/MEMORY_MODULE/MEMORY_reg[6][4]/Q (SDFFRQX2M)     0.37       0.37 r
  U_FIFO/MEMORY_MODULE/MEMORY_reg[6][5]/SI (SDFFRQX2M)
                                                          0.00       0.37 r
  data arrival time                                                  0.37

  clock DFTCLK (rise edge)                                0.00       0.00
  clock network delay (ideal)                             0.00       0.00
  clock uncertainty                                       0.01       0.01
  U_FIFO/MEMORY_MODULE/MEMORY_reg[6][5]/CK (SDFFRQX2M)
                                                          0.00       0.01 r
  library hold time                                      -0.18      -0.17
  data required time                                                -0.17
  --------------------------------------------------------------------------
  data required time                                                -0.17
  data arrival time                                                 -0.37
  --------------------------------------------------------------------------
  slack (MET)                                                        0.54


  Startpoint: U_FIFO/MEMORY_MODULE/MEMORY_reg[6][3]
              (rising edge-triggered flip-flop clocked by DFTCLK)
  Endpoint: U_FIFO/MEMORY_MODULE/MEMORY_reg[6][4]
            (rising edge-triggered flip-flop clocked by DFTCLK)
  Path Group: DFTCLK
  Path Type: min

  Point                                                   Incr       Path
  --------------------------------------------------------------------------
  clock DFTCLK (rise edge)                                0.00       0.00
  clock network delay (ideal)                             0.00       0.00
  U_FIFO/MEMORY_MODULE/MEMORY_reg[6][3]/CK (SDFFRQX2M)
                                                          0.00       0.00 r
  U_FIFO/MEMORY_MODULE/MEMORY_reg[6][3]/Q (SDFFRQX2M)     0.37       0.37 r
  U_FIFO/MEMORY_MODULE/MEMORY_reg[6][4]/SI (SDFFRQX2M)
                                                          0.00       0.37 r
  data arrival time                                                  0.37

  clock DFTCLK (rise edge)                                0.00       0.00
  clock network delay (ideal)                             0.00       0.00
  clock uncertainty                                       0.01       0.01
  U_FIFO/MEMORY_MODULE/MEMORY_reg[6][4]/CK (SDFFRQX2M)
                                                          0.00       0.01 r
  library hold time                                      -0.18      -0.17
  data required time                                                -0.17
  --------------------------------------------------------------------------
  data required time                                                -0.17
  data arrival time                                                 -0.37
  --------------------------------------------------------------------------
  slack (MET)                                                        0.54


  Startpoint: U_FIFO/MEMORY_MODULE/MEMORY_reg[2][6]
              (rising edge-triggered flip-flop clocked by DFTCLK)
  Endpoint: U_FIFO/MEMORY_MODULE/MEMORY_reg[2][7]
            (rising edge-triggered flip-flop clocked by DFTCLK)
  Path Group: DFTCLK
  Path Type: min

  Point                                                   Incr       Path
  --------------------------------------------------------------------------
  clock DFTCLK (rise edge)                                0.00       0.00
  clock network delay (ideal)                             0.00       0.00
  U_FIFO/MEMORY_MODULE/MEMORY_reg[2][6]/CK (SDFFRQX2M)
                                                          0.00       0.00 r
  U_FIFO/MEMORY_MODULE/MEMORY_reg[2][6]/Q (SDFFRQX2M)     0.37       0.37 r
  U_FIFO/MEMORY_MODULE/MEMORY_reg[2][7]/SI (SDFFRQX2M)
                                                          0.00       0.37 r
  data arrival time                                                  0.37

  clock DFTCLK (rise edge)                                0.00       0.00
  clock network delay (ideal)                             0.00       0.00
  clock uncertainty                                       0.01       0.01
  U_FIFO/MEMORY_MODULE/MEMORY_reg[2][7]/CK (SDFFRQX2M)
                                                          0.00       0.01 r
  library hold time                                      -0.18      -0.17
  data required time                                                -0.17
  --------------------------------------------------------------------------
  data required time                                                -0.17
  data arrival time                                                 -0.37
  --------------------------------------------------------------------------
  slack (MET)                                                        0.54


  Startpoint: U_FIFO/MEMORY_MODULE/MEMORY_reg[2][5]
              (rising edge-triggered flip-flop clocked by DFTCLK)
  Endpoint: U_FIFO/MEMORY_MODULE/MEMORY_reg[2][6]
            (rising edge-triggered flip-flop clocked by DFTCLK)
  Path Group: DFTCLK
  Path Type: min

  Point                                                   Incr       Path
  --------------------------------------------------------------------------
  clock DFTCLK (rise edge)                                0.00       0.00
  clock network delay (ideal)                             0.00       0.00
  U_FIFO/MEMORY_MODULE/MEMORY_reg[2][5]/CK (SDFFRQX2M)
                                                          0.00       0.00 r
  U_FIFO/MEMORY_MODULE/MEMORY_reg[2][5]/Q (SDFFRQX2M)     0.37       0.37 r
  U_FIFO/MEMORY_MODULE/MEMORY_reg[2][6]/SI (SDFFRQX2M)
                                                          0.00       0.37 r
  data arrival time                                                  0.37

  clock DFTCLK (rise edge)                                0.00       0.00
  clock network delay (ideal)                             0.00       0.00
  clock uncertainty                                       0.01       0.01
  U_FIFO/MEMORY_MODULE/MEMORY_reg[2][6]/CK (SDFFRQX2M)
                                                          0.00       0.01 r
  library hold time                                      -0.18      -0.17
  data required time                                                -0.17
  --------------------------------------------------------------------------
  data required time                                                -0.17
  data arrival time                                                 -0.37
  --------------------------------------------------------------------------
  slack (MET)                                                        0.54


  Startpoint: U_FIFO/MEMORY_MODULE/MEMORY_reg[2][4]
              (rising edge-triggered flip-flop clocked by DFTCLK)
  Endpoint: U_FIFO/MEMORY_MODULE/MEMORY_reg[2][5]
            (rising edge-triggered flip-flop clocked by DFTCLK)
  Path Group: DFTCLK
  Path Type: min

  Point                                                   Incr       Path
  --------------------------------------------------------------------------
  clock DFTCLK (rise edge)                                0.00       0.00
  clock network delay (ideal)                             0.00       0.00
  U_FIFO/MEMORY_MODULE/MEMORY_reg[2][4]/CK (SDFFRQX2M)
                                                          0.00       0.00 r
  U_FIFO/MEMORY_MODULE/MEMORY_reg[2][4]/Q (SDFFRQX2M)     0.37       0.37 r
  U_FIFO/MEMORY_MODULE/MEMORY_reg[2][5]/SI (SDFFRQX2M)
                                                          0.00       0.37 r
  data arrival time                                                  0.37

  clock DFTCLK (rise edge)                                0.00       0.00
  clock network delay (ideal)                             0.00       0.00
  clock uncertainty                                       0.01       0.01
  U_FIFO/MEMORY_MODULE/MEMORY_reg[2][5]/CK (SDFFRQX2M)
                                                          0.00       0.01 r
  library hold time                                      -0.18      -0.17
  data required time                                                -0.17
  --------------------------------------------------------------------------
  data required time                                                -0.17
  data arrival time                                                 -0.37
  --------------------------------------------------------------------------
  slack (MET)                                                        0.54


  Startpoint: U_FIFO/MEMORY_MODULE/MEMORY_reg[2][3]
              (rising edge-triggered flip-flop clocked by DFTCLK)
  Endpoint: U_FIFO/MEMORY_MODULE/MEMORY_reg[2][4]
            (rising edge-triggered flip-flop clocked by DFTCLK)
  Path Group: DFTCLK
  Path Type: min

  Point                                                   Incr       Path
  --------------------------------------------------------------------------
  clock DFTCLK (rise edge)                                0.00       0.00
  clock network delay (ideal)                             0.00       0.00
  U_FIFO/MEMORY_MODULE/MEMORY_reg[2][3]/CK (SDFFRQX2M)
                                                          0.00       0.00 r
  U_FIFO/MEMORY_MODULE/MEMORY_reg[2][3]/Q (SDFFRQX2M)     0.37       0.37 r
  U_FIFO/MEMORY_MODULE/MEMORY_reg[2][4]/SI (SDFFRQX2M)
                                                          0.00       0.37 r
  data arrival time                                                  0.37

  clock DFTCLK (rise edge)                                0.00       0.00
  clock network delay (ideal)                             0.00       0.00
  clock uncertainty                                       0.01       0.01
  U_FIFO/MEMORY_MODULE/MEMORY_reg[2][4]/CK (SDFFRQX2M)
                                                          0.00       0.01 r
  library hold time                                      -0.18      -0.17
  data required time                                                -0.17
  --------------------------------------------------------------------------
  data required time                                                -0.17
  data arrival time                                                 -0.37
  --------------------------------------------------------------------------
  slack (MET)                                                        0.54


  Startpoint: U_RegFile/regArr_reg[6][3]
              (rising edge-triggered flip-flop clocked by DFTCLK)
  Endpoint: U_RegFile/regArr_reg[6][4]
            (rising edge-triggered flip-flop clocked by DFTCLK)
  Path Group: DFTCLK
  Path Type: min

  Point                                                   Incr       Path
  --------------------------------------------------------------------------
  clock DFTCLK (rise edge)                                0.00       0.00
  clock network delay (ideal)                             0.00       0.00
  U_RegFile/regArr_reg[6][3]/CK (SDFFRQX2M)               0.00       0.00 r
  U_RegFile/regArr_reg[6][3]/Q (SDFFRQX2M)                0.37       0.37 r
  U_RegFile/regArr_reg[6][4]/SI (SDFFRQX2M)               0.00       0.37 r
  data arrival time                                                  0.37

  clock DFTCLK (rise edge)                                0.00       0.00
  clock network delay (ideal)                             0.00       0.00
  clock uncertainty                                       0.01       0.01
  U_RegFile/regArr_reg[6][4]/CK (SDFFRQX2M)               0.00       0.01 r
  library hold time                                      -0.18      -0.17
  data required time                                                -0.17
  --------------------------------------------------------------------------
  data required time                                                -0.17
  data arrival time                                                 -0.37
  --------------------------------------------------------------------------
  slack (MET)                                                        0.54


  Startpoint: U_RegFile/regArr_reg[6][2]
              (rising edge-triggered flip-flop clocked by DFTCLK)
  Endpoint: U_RegFile/regArr_reg[6][3]
            (rising edge-triggered flip-flop clocked by DFTCLK)
  Path Group: DFTCLK
  Path Type: min

  Point                                                   Incr       Path
  --------------------------------------------------------------------------
  clock DFTCLK (rise edge)                                0.00       0.00
  clock network delay (ideal)                             0.00       0.00
  U_RegFile/regArr_reg[6][2]/CK (SDFFRQX2M)               0.00       0.00 r
  U_RegFile/regArr_reg[6][2]/Q (SDFFRQX2M)                0.37       0.37 r
  U_RegFile/regArr_reg[6][3]/SI (SDFFRQX2M)               0.00       0.37 r
  data arrival time                                                  0.37

  clock DFTCLK (rise edge)                                0.00       0.00
  clock network delay (ideal)                             0.00       0.00
  clock uncertainty                                       0.01       0.01
  U_RegFile/regArr_reg[6][3]/CK (SDFFRQX2M)               0.00       0.01 r
  library hold time                                      -0.18      -0.17
  data required time                                                -0.17
  --------------------------------------------------------------------------
  data required time                                                -0.17
  data arrival time                                                 -0.37
  --------------------------------------------------------------------------
  slack (MET)                                                        0.54


  Startpoint: U_RegFile/regArr_reg[6][1]
              (rising edge-triggered flip-flop clocked by DFTCLK)
  Endpoint: U_RegFile/regArr_reg[6][2]
            (rising edge-triggered flip-flop clocked by DFTCLK)
  Path Group: DFTCLK
  Path Type: min

  Point                                                   Incr       Path
  --------------------------------------------------------------------------
  clock DFTCLK (rise edge)                                0.00       0.00
  clock network delay (ideal)                             0.00       0.00
  U_RegFile/regArr_reg[6][1]/CK (SDFFRQX2M)               0.00       0.00 r
  U_RegFile/regArr_reg[6][1]/Q (SDFFRQX2M)                0.37       0.37 r
  U_RegFile/regArr_reg[6][2]/SI (SDFFRQX2M)               0.00       0.37 r
  data arrival time                                                  0.37

  clock DFTCLK (rise edge)                                0.00       0.00
  clock network delay (ideal)                             0.00       0.00
  clock uncertainty                                       0.01       0.01
  U_RegFile/regArr_reg[6][2]/CK (SDFFRQX2M)               0.00       0.01 r
  library hold time                                      -0.18      -0.17
  data required time                                                -0.17
  --------------------------------------------------------------------------
  data required time                                                -0.17
  data arrival time                                                 -0.37
  --------------------------------------------------------------------------
  slack (MET)                                                        0.54


  Startpoint: U_RegFile/regArr_reg[6][0]
              (rising edge-triggered flip-flop clocked by DFTCLK)
  Endpoint: U_RegFile/regArr_reg[6][1]
            (rising edge-triggered flip-flop clocked by DFTCLK)
  Path Group: DFTCLK
  Path Type: min

  Point                                                   Incr       Path
  --------------------------------------------------------------------------
  clock DFTCLK (rise edge)                                0.00       0.00
  clock network delay (ideal)                             0.00       0.00
  U_RegFile/regArr_reg[6][0]/CK (SDFFRQX2M)               0.00       0.00 r
  U_RegFile/regArr_reg[6][0]/Q (SDFFRQX2M)                0.37       0.37 r
  U_RegFile/regArr_reg[6][1]/SI (SDFFRQX2M)               0.00       0.37 r
  data arrival time                                                  0.37

  clock DFTCLK (rise edge)                                0.00       0.00
  clock network delay (ideal)                             0.00       0.00
  clock uncertainty                                       0.01       0.01
  U_RegFile/regArr_reg[6][1]/CK (SDFFRQX2M)               0.00       0.01 r
  library hold time                                      -0.18      -0.17
  data required time                                                -0.17
  --------------------------------------------------------------------------
  data required time                                                -0.17
  data arrival time                                                 -0.37
  --------------------------------------------------------------------------
  slack (MET)                                                        0.54


  Startpoint: SI[3] (input port clocked by DFTCLK)
  Endpoint: Clk_Div_RX_Prescale/count_reg[0]
            (rising edge-triggered flip-flop clocked by DFTCLK)
  Path Group: INREG
  Path Type: min

  Point                                                   Incr       Path
  --------------------------------------------------------------------------
  clock DFTCLK (rise edge)                                0.00       0.00
  clock network delay (ideal)                             0.00       0.00
  input external delay                                   20.00      20.00 r
  SI[3] (in)                                              0.01      20.01 r
  Clk_Div_RX_Prescale/test_si (ClkDiv_test_1)             0.00      20.01 r
  Clk_Div_RX_Prescale/count_reg[0]/SI (SDFFRQX2M)         0.00      20.01 r
  data arrival time                                                 20.01

  clock DFTCLK (rise edge)                                0.00       0.00
  clock network delay (ideal)                             0.00       0.00
  clock uncertainty                                       0.01       0.01
  Clk_Div_RX_Prescale/count_reg[0]/CK (SDFFRQX2M)         0.00       0.01 r
  library hold time                                      -0.17      -0.16
  data required time                                                -0.16
  --------------------------------------------------------------------------
  data required time                                                -0.16
  data arrival time                                                -20.01
  --------------------------------------------------------------------------
  slack (MET)                                                       20.17


  Startpoint: SI[1] (input port clocked by DFTCLK)
  Endpoint: U_FIFO/MEMORY_MODULE/MEMORY_reg[7][5]
            (rising edge-triggered flip-flop clocked by DFTCLK)
  Path Group: INREG
  Path Type: min

  Point                                                   Incr       Path
  --------------------------------------------------------------------------
  clock DFTCLK (rise edge)                                0.00       0.00
  clock network delay (ideal)                             0.00       0.00
  input external delay                                   20.00      20.00 r
  SI[1] (in)                                              0.01      20.01 r
  U_FIFO/test_si2 (ASYNC_FIFO_ADDRES_WIDTH4_DATA_WIDTH8_FIFO_DEPTH8_test_1)
                                                          0.00      20.01 r
  U_FIFO/MEMORY_MODULE/test_si2 (FIFO_MEM_CNTRL_ADDRES_WIDTH4_DATA_WIDTH8_FIFO_DEPTH8_test_1)
                                                          0.00      20.01 r
  U_FIFO/MEMORY_MODULE/MEMORY_reg[7][5]/SI (SDFFRQX2M)
                                                          0.00      20.01 r
  data arrival time                                                 20.01

  clock DFTCLK (rise edge)                                0.00       0.00
  clock network delay (ideal)                             0.00       0.00
  clock uncertainty                                       0.01       0.01
  U_FIFO/MEMORY_MODULE/MEMORY_reg[7][5]/CK (SDFFRQX2M)
                                                          0.00       0.01 r
  library hold time                                      -0.17      -0.16
  data required time                                                -0.16
  --------------------------------------------------------------------------
  data required time                                                -0.16
  data arrival time                                                -20.01
  --------------------------------------------------------------------------
  slack (MET)                                                       20.17


  Startpoint: SI[0] (input port clocked by DFTCLK)
  Endpoint: U_RegFile/regArr_reg[7][1]
            (rising edge-triggered flip-flop clocked by DFTCLK)
  Path Group: INREG
  Path Type: min

  Point                                                   Incr       Path
  --------------------------------------------------------------------------
  clock DFTCLK (rise edge)                                0.00       0.00
  clock network delay (ideal)                             0.00       0.00
  input external delay                                   20.00      20.00 r
  SI[0] (in)                                              0.01      20.01 r
  U_RegFile/test_si2 (RegFile_test_1)                     0.00      20.01 r
  U_RegFile/regArr_reg[7][1]/SI (SDFFRQX2M)               0.00      20.01 r
  data arrival time                                                 20.01

  clock DFTCLK (rise edge)                                0.00       0.00
  clock network delay (ideal)                             0.00       0.00
  clock uncertainty                                       0.01       0.01
  U_RegFile/regArr_reg[7][1]/CK (SDFFRQX2M)               0.00       0.01 r
  library hold time                                      -0.17      -0.16
  data required time                                                -0.16
  --------------------------------------------------------------------------
  data required time                                                -0.16
  data arrival time                                                -20.01
  --------------------------------------------------------------------------
  slack (MET)                                                       20.17


  Startpoint: SE (input port clocked by DFTCLK)
  Endpoint: U_FIFO/BIT_SYNC_R_TO_W/sync_reg_reg[1][1]
            (rising edge-triggered flip-flop clocked by DFTCLK)
  Path Group: INREG
  Path Type: min

  Point                                                   Incr       Path
  --------------------------------------------------------------------------
  clock DFTCLK (rise edge)                                0.00       0.00
  clock network delay (ideal)                             0.00       0.00
  input external delay                                   20.00      20.00 f
  SE (in)                                                 0.27      20.27 f
  U_FIFO/test_se (ASYNC_FIFO_ADDRES_WIDTH4_DATA_WIDTH8_FIFO_DEPTH8_test_1)
                                                          0.00      20.27 f
  U_FIFO/BIT_SYNC_R_TO_W/test_se (BIT_SYNC_NUM_STAGES2_BUS_WIDTH4_test_0)
                                                          0.00      20.27 f
  U_FIFO/BIT_SYNC_R_TO_W/sync_reg_reg[1][1]/SE (SDFFRQX2M)
                                                          0.00      20.27 f
  data arrival time                                                 20.27

  clock DFTCLK (rise edge)                                0.00       0.00
  clock network delay (ideal)                             0.00       0.00
  clock uncertainty                                       0.01       0.01
  U_FIFO/BIT_SYNC_R_TO_W/sync_reg_reg[1][1]/CK (SDFFRQX2M)
                                                          0.00       0.01 r
  library hold time                                      -0.26      -0.25
  data required time                                                -0.25
  --------------------------------------------------------------------------
  data required time                                                -0.25
  data arrival time                                                -20.27
  --------------------------------------------------------------------------
  slack (MET)                                                       20.52


  Startpoint: SE (input port clocked by DFTCLK)
  Endpoint: U_FIFO/BIT_SYNC_R_TO_W/sync_reg_reg[0][1]
            (rising edge-triggered flip-flop clocked by DFTCLK)
  Path Group: INREG
  Path Type: min

  Point                                                   Incr       Path
  --------------------------------------------------------------------------
  clock DFTCLK (rise edge)                                0.00       0.00
  clock network delay (ideal)                             0.00       0.00
  input external delay                                   20.00      20.00 f
  SE (in)                                                 0.27      20.27 f
  U_FIFO/test_se (ASYNC_FIFO_ADDRES_WIDTH4_DATA_WIDTH8_FIFO_DEPTH8_test_1)
                                                          0.00      20.27 f
  U_FIFO/BIT_SYNC_R_TO_W/test_se (BIT_SYNC_NUM_STAGES2_BUS_WIDTH4_test_0)
                                                          0.00      20.27 f
  U_FIFO/BIT_SYNC_R_TO_W/sync_reg_reg[0][1]/SE (SDFFRQX2M)
                                                          0.00      20.27 f
  data arrival time                                                 20.27

  clock DFTCLK (rise edge)                                0.00       0.00
  clock network delay (ideal)                             0.00       0.00
  clock uncertainty                                       0.01       0.01
  U_FIFO/BIT_SYNC_R_TO_W/sync_reg_reg[0][1]/CK (SDFFRQX2M)
                                                          0.00       0.01 r
  library hold time                                      -0.26      -0.25
  data required time                                                -0.25
  --------------------------------------------------------------------------
  data required time                                                -0.25
  data arrival time                                                -20.27
  --------------------------------------------------------------------------
  slack (MET)                                                       20.52


  Startpoint: SE (input port clocked by DFTCLK)
  Endpoint: U_FIFO/BIT_SYNC_R_TO_W/sync_reg_reg[2][1]
            (rising edge-triggered flip-flop clocked by DFTCLK)
  Path Group: INREG
  Path Type: min

  Point                                                   Incr       Path
  --------------------------------------------------------------------------
  clock DFTCLK (rise edge)                                0.00       0.00
  clock network delay (ideal)                             0.00       0.00
  input external delay                                   20.00      20.00 f
  SE (in)                                                 0.27      20.27 f
  U_FIFO/test_se (ASYNC_FIFO_ADDRES_WIDTH4_DATA_WIDTH8_FIFO_DEPTH8_test_1)
                                                          0.00      20.27 f
  U_FIFO/BIT_SYNC_R_TO_W/test_se (BIT_SYNC_NUM_STAGES2_BUS_WIDTH4_test_0)
                                                          0.00      20.27 f
  U_FIFO/BIT_SYNC_R_TO_W/sync_reg_reg[2][1]/SE (SDFFRQX2M)
                                                          0.00      20.27 f
  data arrival time                                                 20.27

  clock DFTCLK (rise edge)                                0.00       0.00
  clock network delay (ideal)                             0.00       0.00
  clock uncertainty                                       0.01       0.01
  U_FIFO/BIT_SYNC_R_TO_W/sync_reg_reg[2][1]/CK (SDFFRQX2M)
                                                          0.00       0.01 r
  library hold time                                      -0.26      -0.25
  data required time                                                -0.25
  --------------------------------------------------------------------------
  data required time                                                -0.25
  data arrival time                                                -20.27
  --------------------------------------------------------------------------
  slack (MET)                                                       20.52


  Startpoint: SE (input port clocked by DFTCLK)
  Endpoint: U_FIFO/BIT_SYNC_R_TO_W/sync_reg_reg[3][0]
            (rising edge-triggered flip-flop clocked by DFTCLK)
  Path Group: INREG
  Path Type: min

  Point                                                   Incr       Path
  --------------------------------------------------------------------------
  clock DFTCLK (rise edge)                                0.00       0.00
  clock network delay (ideal)                             0.00       0.00
  input external delay                                   20.00      20.00 f
  SE (in)                                                 0.27      20.27 f
  U_FIFO/test_se (ASYNC_FIFO_ADDRES_WIDTH4_DATA_WIDTH8_FIFO_DEPTH8_test_1)
                                                          0.00      20.27 f
  U_FIFO/BIT_SYNC_R_TO_W/test_se (BIT_SYNC_NUM_STAGES2_BUS_WIDTH4_test_0)
                                                          0.00      20.27 f
  U_FIFO/BIT_SYNC_R_TO_W/sync_reg_reg[3][0]/SE (SDFFRQX2M)
                                                          0.00      20.27 f
  data arrival time                                                 20.27

  clock DFTCLK (rise edge)                                0.00       0.00
  clock network delay (ideal)                             0.00       0.00
  clock uncertainty                                       0.01       0.01
  U_FIFO/BIT_SYNC_R_TO_W/sync_reg_reg[3][0]/CK (SDFFRQX2M)
                                                          0.00       0.01 r
  library hold time                                      -0.26      -0.25
  data required time                                                -0.25
  --------------------------------------------------------------------------
  data required time                                                -0.25
  data arrival time                                                -20.27
  --------------------------------------------------------------------------
  slack (MET)                                                       20.52


  Startpoint: SE (input port clocked by DFTCLK)
  Endpoint: U_FIFO/BIT_SYNC_R_TO_W/sync_reg_reg[2][0]
            (rising edge-triggered flip-flop clocked by DFTCLK)
  Path Group: INREG
  Path Type: min

  Point                                                   Incr       Path
  --------------------------------------------------------------------------
  clock DFTCLK (rise edge)                                0.00       0.00
  clock network delay (ideal)                             0.00       0.00
  input external delay                                   20.00      20.00 f
  SE (in)                                                 0.27      20.27 f
  U_FIFO/test_se (ASYNC_FIFO_ADDRES_WIDTH4_DATA_WIDTH8_FIFO_DEPTH8_test_1)
                                                          0.00      20.27 f
  U_FIFO/BIT_SYNC_R_TO_W/test_se (BIT_SYNC_NUM_STAGES2_BUS_WIDTH4_test_0)
                                                          0.00      20.27 f
  U_FIFO/BIT_SYNC_R_TO_W/sync_reg_reg[2][0]/SE (SDFFRQX2M)
                                                          0.00      20.27 f
  data arrival time                                                 20.27

  clock DFTCLK (rise edge)                                0.00       0.00
  clock network delay (ideal)                             0.00       0.00
  clock uncertainty                                       0.01       0.01
  U_FIFO/BIT_SYNC_R_TO_W/sync_reg_reg[2][0]/CK (SDFFRQX2M)
                                                          0.00       0.01 r
  library hold time                                      -0.26      -0.25
  data required time                                                -0.25
  --------------------------------------------------------------------------
  data required time                                                -0.25
  data arrival time                                                -20.27
  --------------------------------------------------------------------------
  slack (MET)                                                       20.52


  Startpoint: SE (input port clocked by DFTCLK)
  Endpoint: U_FIFO/BIT_SYNC_R_TO_W/sync_reg_reg[1][0]
            (rising edge-triggered flip-flop clocked by DFTCLK)
  Path Group: INREG
  Path Type: min

  Point                                                   Incr       Path
  --------------------------------------------------------------------------
  clock DFTCLK (rise edge)                                0.00       0.00
  clock network delay (ideal)                             0.00       0.00
  input external delay                                   20.00      20.00 f
  SE (in)                                                 0.27      20.27 f
  U_FIFO/test_se (ASYNC_FIFO_ADDRES_WIDTH4_DATA_WIDTH8_FIFO_DEPTH8_test_1)
                                                          0.00      20.27 f
  U_FIFO/BIT_SYNC_R_TO_W/test_se (BIT_SYNC_NUM_STAGES2_BUS_WIDTH4_test_0)
                                                          0.00      20.27 f
  U_FIFO/BIT_SYNC_R_TO_W/sync_reg_reg[1][0]/SE (SDFFRQX2M)
                                                          0.00      20.27 f
  data arrival time                                                 20.27

  clock DFTCLK (rise edge)                                0.00       0.00
  clock network delay (ideal)                             0.00       0.00
  clock uncertainty                                       0.01       0.01
  U_FIFO/BIT_SYNC_R_TO_W/sync_reg_reg[1][0]/CK (SDFFRQX2M)
                                                          0.00       0.01 r
  library hold time                                      -0.26      -0.25
  data required time                                                -0.25
  --------------------------------------------------------------------------
  data required time                                                -0.25
  data arrival time                                                -20.27
  --------------------------------------------------------------------------
  slack (MET)                                                       20.52


  Startpoint: SE (input port clocked by DFTCLK)
  Endpoint: U_FIFO/BIT_SYNC_R_TO_W/sync_reg_reg[0][0]
            (rising edge-triggered flip-flop clocked by DFTCLK)
  Path Group: INREG
  Path Type: min

  Point                                                   Incr       Path
  --------------------------------------------------------------------------
  clock DFTCLK (rise edge)                                0.00       0.00
  clock network delay (ideal)                             0.00       0.00
  input external delay                                   20.00      20.00 f
  SE (in)                                                 0.27      20.27 f
  U_FIFO/test_se (ASYNC_FIFO_ADDRES_WIDTH4_DATA_WIDTH8_FIFO_DEPTH8_test_1)
                                                          0.00      20.27 f
  U_FIFO/BIT_SYNC_R_TO_W/test_se (BIT_SYNC_NUM_STAGES2_BUS_WIDTH4_test_0)
                                                          0.00      20.27 f
  U_FIFO/BIT_SYNC_R_TO_W/sync_reg_reg[0][0]/SE (SDFFRQX2M)
                                                          0.00      20.27 f
  data arrival time                                                 20.27

  clock DFTCLK (rise edge)                                0.00       0.00
  clock network delay (ideal)                             0.00       0.00
  clock uncertainty                                       0.01       0.01
  U_FIFO/BIT_SYNC_R_TO_W/sync_reg_reg[0][0]/CK (SDFFRQX2M)
                                                          0.00       0.01 r
  library hold time                                      -0.26      -0.25
  data required time                                                -0.25
  --------------------------------------------------------------------------
  data required time                                                -0.25
  data arrival time                                                -20.27
  --------------------------------------------------------------------------
  slack (MET)                                                       20.52


  Startpoint: SE (input port clocked by DFTCLK)
  Endpoint: U_FIFO/BIT_SYNC_W_TO_R/sync_reg_reg[2][1]
            (rising edge-triggered flip-flop clocked by DFTCLK)
  Path Group: INREG
  Path Type: min

  Point                                                   Incr       Path
  --------------------------------------------------------------------------
  clock DFTCLK (rise edge)                                0.00       0.00
  clock network delay (ideal)                             0.00       0.00
  input external delay                                   20.00      20.00 f
  SE (in)                                                 0.27      20.27 f
  U_FIFO/test_se (ASYNC_FIFO_ADDRES_WIDTH4_DATA_WIDTH8_FIFO_DEPTH8_test_1)
                                                          0.00      20.27 f
  U_FIFO/BIT_SYNC_W_TO_R/test_se (BIT_SYNC_NUM_STAGES2_BUS_WIDTH4_test_1)
                                                          0.00      20.27 f
  U_FIFO/BIT_SYNC_W_TO_R/sync_reg_reg[2][1]/SE (SDFFRQX2M)
                                                          0.00      20.27 f
  data arrival time                                                 20.27

  clock DFTCLK (rise edge)                                0.00       0.00
  clock network delay (ideal)                             0.00       0.00
  clock uncertainty                                       0.01       0.01
  U_FIFO/BIT_SYNC_W_TO_R/sync_reg_reg[2][1]/CK (SDFFRQX2M)
                                                          0.00       0.01 r
  library hold time                                      -0.26      -0.25
  data required time                                                -0.25
  --------------------------------------------------------------------------
  data required time                                                -0.25
  data arrival time                                                -20.27
  --------------------------------------------------------------------------
  slack (MET)                                                       20.52


  Startpoint: SE (input port clocked by DFTCLK)
  Endpoint: U_FIFO/BIT_SYNC_W_TO_R/sync_reg_reg[1][1]
            (rising edge-triggered flip-flop clocked by DFTCLK)
  Path Group: INREG
  Path Type: min

  Point                                                   Incr       Path
  --------------------------------------------------------------------------
  clock DFTCLK (rise edge)                                0.00       0.00
  clock network delay (ideal)                             0.00       0.00
  input external delay                                   20.00      20.00 f
  SE (in)                                                 0.27      20.27 f
  U_FIFO/test_se (ASYNC_FIFO_ADDRES_WIDTH4_DATA_WIDTH8_FIFO_DEPTH8_test_1)
                                                          0.00      20.27 f
  U_FIFO/BIT_SYNC_W_TO_R/test_se (BIT_SYNC_NUM_STAGES2_BUS_WIDTH4_test_1)
                                                          0.00      20.27 f
  U_FIFO/BIT_SYNC_W_TO_R/sync_reg_reg[1][1]/SE (SDFFRQX2M)
                                                          0.00      20.27 f
  data arrival time                                                 20.27

  clock DFTCLK (rise edge)                                0.00       0.00
  clock network delay (ideal)                             0.00       0.00
  clock uncertainty                                       0.01       0.01
  U_FIFO/BIT_SYNC_W_TO_R/sync_reg_reg[1][1]/CK (SDFFRQX2M)
                                                          0.00       0.01 r
  library hold time                                      -0.26      -0.25
  data required time                                                -0.25
  --------------------------------------------------------------------------
  data required time                                                -0.25
  data arrival time                                                -20.27
  --------------------------------------------------------------------------
  slack (MET)                                                       20.52


  Startpoint: SE (input port clocked by DFTCLK)
  Endpoint: U_FIFO/BIT_SYNC_W_TO_R/sync_reg_reg[0][1]
            (rising edge-triggered flip-flop clocked by DFTCLK)
  Path Group: INREG
  Path Type: min

  Point                                                   Incr       Path
  --------------------------------------------------------------------------
  clock DFTCLK (rise edge)                                0.00       0.00
  clock network delay (ideal)                             0.00       0.00
  input external delay                                   20.00      20.00 f
  SE (in)                                                 0.27      20.27 f
  U_FIFO/test_se (ASYNC_FIFO_ADDRES_WIDTH4_DATA_WIDTH8_FIFO_DEPTH8_test_1)
                                                          0.00      20.27 f
  U_FIFO/BIT_SYNC_W_TO_R/test_se (BIT_SYNC_NUM_STAGES2_BUS_WIDTH4_test_1)
                                                          0.00      20.27 f
  U_FIFO/BIT_SYNC_W_TO_R/sync_reg_reg[0][1]/SE (SDFFRQX2M)
                                                          0.00      20.27 f
  data arrival time                                                 20.27

  clock DFTCLK (rise edge)                                0.00       0.00
  clock network delay (ideal)                             0.00       0.00
  clock uncertainty                                       0.01       0.01
  U_FIFO/BIT_SYNC_W_TO_R/sync_reg_reg[0][1]/CK (SDFFRQX2M)
                                                          0.00       0.01 r
  library hold time                                      -0.26      -0.25
  data required time                                                -0.25
  --------------------------------------------------------------------------
  data required time                                                -0.25
  data arrival time                                                -20.27
  --------------------------------------------------------------------------
  slack (MET)                                                       20.52


  Startpoint: SE (input port clocked by DFTCLK)
  Endpoint: U_FIFO/BIT_SYNC_W_TO_R/sync_reg_reg[3][0]
            (rising edge-triggered flip-flop clocked by DFTCLK)
  Path Group: INREG
  Path Type: min

  Point                                                   Incr       Path
  --------------------------------------------------------------------------
  clock DFTCLK (rise edge)                                0.00       0.00
  clock network delay (ideal)                             0.00       0.00
  input external delay                                   20.00      20.00 f
  SE (in)                                                 0.27      20.27 f
  U_FIFO/test_se (ASYNC_FIFO_ADDRES_WIDTH4_DATA_WIDTH8_FIFO_DEPTH8_test_1)
                                                          0.00      20.27 f
  U_FIFO/BIT_SYNC_W_TO_R/test_se (BIT_SYNC_NUM_STAGES2_BUS_WIDTH4_test_1)
                                                          0.00      20.27 f
  U_FIFO/BIT_SYNC_W_TO_R/sync_reg_reg[3][0]/SE (SDFFRQX2M)
                                                          0.00      20.27 f
  data arrival time                                                 20.27

  clock DFTCLK (rise edge)                                0.00       0.00
  clock network delay (ideal)                             0.00       0.00
  clock uncertainty                                       0.01       0.01
  U_FIFO/BIT_SYNC_W_TO_R/sync_reg_reg[3][0]/CK (SDFFRQX2M)
                                                          0.00       0.01 r
  library hold time                                      -0.26      -0.25
  data required time                                                -0.25
  --------------------------------------------------------------------------
  data required time                                                -0.25
  data arrival time                                                -20.27
  --------------------------------------------------------------------------
  slack (MET)                                                       20.52


  Startpoint: SE (input port clocked by DFTCLK)
  Endpoint: U_FIFO/BIT_SYNC_W_TO_R/sync_reg_reg[2][0]
            (rising edge-triggered flip-flop clocked by DFTCLK)
  Path Group: INREG
  Path Type: min

  Point                                                   Incr       Path
  --------------------------------------------------------------------------
  clock DFTCLK (rise edge)                                0.00       0.00
  clock network delay (ideal)                             0.00       0.00
  input external delay                                   20.00      20.00 f
  SE (in)                                                 0.27      20.27 f
  U_FIFO/test_se (ASYNC_FIFO_ADDRES_WIDTH4_DATA_WIDTH8_FIFO_DEPTH8_test_1)
                                                          0.00      20.27 f
  U_FIFO/BIT_SYNC_W_TO_R/test_se (BIT_SYNC_NUM_STAGES2_BUS_WIDTH4_test_1)
                                                          0.00      20.27 f
  U_FIFO/BIT_SYNC_W_TO_R/sync_reg_reg[2][0]/SE (SDFFRQX2M)
                                                          0.00      20.27 f
  data arrival time                                                 20.27

  clock DFTCLK (rise edge)                                0.00       0.00
  clock network delay (ideal)                             0.00       0.00
  clock uncertainty                                       0.01       0.01
  U_FIFO/BIT_SYNC_W_TO_R/sync_reg_reg[2][0]/CK (SDFFRQX2M)
                                                          0.00       0.01 r
  library hold time                                      -0.26      -0.25
  data required time                                                -0.25
  --------------------------------------------------------------------------
  data required time                                                -0.25
  data arrival time                                                -20.27
  --------------------------------------------------------------------------
  slack (MET)                                                       20.52


  Startpoint: SE (input port clocked by DFTCLK)
  Endpoint: U_FIFO/BIT_SYNC_W_TO_R/sync_reg_reg[1][0]
            (rising edge-triggered flip-flop clocked by DFTCLK)
  Path Group: INREG
  Path Type: min

  Point                                                   Incr       Path
  --------------------------------------------------------------------------
  clock DFTCLK (rise edge)                                0.00       0.00
  clock network delay (ideal)                             0.00       0.00
  input external delay                                   20.00      20.00 f
  SE (in)                                                 0.27      20.27 f
  U_FIFO/test_se (ASYNC_FIFO_ADDRES_WIDTH4_DATA_WIDTH8_FIFO_DEPTH8_test_1)
                                                          0.00      20.27 f
  U_FIFO/BIT_SYNC_W_TO_R/test_se (BIT_SYNC_NUM_STAGES2_BUS_WIDTH4_test_1)
                                                          0.00      20.27 f
  U_FIFO/BIT_SYNC_W_TO_R/sync_reg_reg[1][0]/SE (SDFFRQX2M)
                                                          0.00      20.27 f
  data arrival time                                                 20.27

  clock DFTCLK (rise edge)                                0.00       0.00
  clock network delay (ideal)                             0.00       0.00
  clock uncertainty                                       0.01       0.01
  U_FIFO/BIT_SYNC_W_TO_R/sync_reg_reg[1][0]/CK (SDFFRQX2M)
                                                          0.00       0.01 r
  library hold time                                      -0.26      -0.25
  data required time                                                -0.25
  --------------------------------------------------------------------------
  data required time                                                -0.25
  data arrival time                                                -20.27
  --------------------------------------------------------------------------
  slack (MET)                                                       20.52


  Startpoint: SE (input port clocked by DFTCLK)
  Endpoint: U_FIFO/BIT_SYNC_W_TO_R/sync_reg_reg[0][0]
            (rising edge-triggered flip-flop clocked by DFTCLK)
  Path Group: INREG
  Path Type: min

  Point                                                   Incr       Path
  --------------------------------------------------------------------------
  clock DFTCLK (rise edge)                                0.00       0.00
  clock network delay (ideal)                             0.00       0.00
  input external delay                                   20.00      20.00 f
  SE (in)                                                 0.27      20.27 f
  U_FIFO/test_se (ASYNC_FIFO_ADDRES_WIDTH4_DATA_WIDTH8_FIFO_DEPTH8_test_1)
                                                          0.00      20.27 f
  U_FIFO/BIT_SYNC_W_TO_R/test_se (BIT_SYNC_NUM_STAGES2_BUS_WIDTH4_test_1)
                                                          0.00      20.27 f
  U_FIFO/BIT_SYNC_W_TO_R/sync_reg_reg[0][0]/SE (SDFFRQX2M)
                                                          0.00      20.27 f
  data arrival time                                                 20.27

  clock DFTCLK (rise edge)                                0.00       0.00
  clock network delay (ideal)                             0.00       0.00
  clock uncertainty                                       0.01       0.01
  U_FIFO/BIT_SYNC_W_TO_R/sync_reg_reg[0][0]/CK (SDFFRQX2M)
                                                          0.00       0.01 r
  library hold time                                      -0.26      -0.25
  data required time                                                -0.25
  --------------------------------------------------------------------------
  data required time                                                -0.25
  data arrival time                                                -20.27
  --------------------------------------------------------------------------
  slack (MET)                                                       20.52


  Startpoint: SE (input port clocked by DFTCLK)
  Endpoint: U_FIFO/WRITE_MODULE/ADD_COUNTER_reg[3]
            (rising edge-triggered flip-flop clocked by DFTCLK)
  Path Group: INREG
  Path Type: min

  Point                                                   Incr       Path
  --------------------------------------------------------------------------
  clock DFTCLK (rise edge)                                0.00       0.00
  clock network delay (ideal)                             0.00       0.00
  input external delay                                   20.00      20.00 f
  SE (in)                                                 0.27      20.27 f
  U_FIFO/test_se (ASYNC_FIFO_ADDRES_WIDTH4_DATA_WIDTH8_FIFO_DEPTH8_test_1)
                                                          0.00      20.27 f
  U_FIFO/WRITE_MODULE/test_se (FIFO_WR_ADDRES_WIDTH4_test_1)
                                                          0.00      20.27 f
  U_FIFO/WRITE_MODULE/ADD_COUNTER_reg[3]/SE (SDFFRQX2M)
                                                          0.00      20.27 f
  data arrival time                                                 20.27

  clock DFTCLK (rise edge)                                0.00       0.00
  clock network delay (ideal)                             0.00       0.00
  clock uncertainty                                       0.01       0.01
  U_FIFO/WRITE_MODULE/ADD_COUNTER_reg[3]/CK (SDFFRQX2M)
                                                          0.00       0.01 r
  library hold time                                      -0.26      -0.25
  data required time                                                -0.25
  --------------------------------------------------------------------------
  data required time                                                -0.25
  data arrival time                                                -20.27
  --------------------------------------------------------------------------
  slack (MET)                                                       20.52


  Startpoint: SE (input port clocked by DFTCLK)
  Endpoint: U_FIFO/WRITE_MODULE/ADD_COUNTER_reg[2]
            (rising edge-triggered flip-flop clocked by DFTCLK)
  Path Group: INREG
  Path Type: min

  Point                                                   Incr       Path
  --------------------------------------------------------------------------
  clock DFTCLK (rise edge)                                0.00       0.00
  clock network delay (ideal)                             0.00       0.00
  input external delay                                   20.00      20.00 f
  SE (in)                                                 0.27      20.27 f
  U_FIFO/test_se (ASYNC_FIFO_ADDRES_WIDTH4_DATA_WIDTH8_FIFO_DEPTH8_test_1)
                                                          0.00      20.27 f
  U_FIFO/WRITE_MODULE/test_se (FIFO_WR_ADDRES_WIDTH4_test_1)
                                                          0.00      20.27 f
  U_FIFO/WRITE_MODULE/ADD_COUNTER_reg[2]/SE (SDFFRQX2M)
                                                          0.00      20.27 f
  data arrival time                                                 20.27

  clock DFTCLK (rise edge)                                0.00       0.00
  clock network delay (ideal)                             0.00       0.00
  clock uncertainty                                       0.01       0.01
  U_FIFO/WRITE_MODULE/ADD_COUNTER_reg[2]/CK (SDFFRQX2M)
                                                          0.00       0.01 r
  library hold time                                      -0.26      -0.25
  data required time                                                -0.25
  --------------------------------------------------------------------------
  data required time                                                -0.25
  data arrival time                                                -20.27
  --------------------------------------------------------------------------
  slack (MET)                                                       20.52


  Startpoint: SE (input port clocked by DFTCLK)
  Endpoint: U_FIFO/WRITE_MODULE/GRAY_W_ADD_reg[3]
            (rising edge-triggered flip-flop clocked by DFTCLK)
  Path Group: INREG
  Path Type: min

  Point                                                   Incr       Path
  --------------------------------------------------------------------------
  clock DFTCLK (rise edge)                                0.00       0.00
  clock network delay (ideal)                             0.00       0.00
  input external delay                                   20.00      20.00 f
  SE (in)                                                 0.27      20.27 f
  U_FIFO/test_se (ASYNC_FIFO_ADDRES_WIDTH4_DATA_WIDTH8_FIFO_DEPTH8_test_1)
                                                          0.00      20.27 f
  U_FIFO/WRITE_MODULE/test_se (FIFO_WR_ADDRES_WIDTH4_test_1)
                                                          0.00      20.27 f
  U_FIFO/WRITE_MODULE/GRAY_W_ADD_reg[3]/SE (SDFFRQX2M)
                                                          0.00      20.27 f
  data arrival time                                                 20.27

  clock DFTCLK (rise edge)                                0.00       0.00
  clock network delay (ideal)                             0.00       0.00
  clock uncertainty                                       0.01       0.01
  U_FIFO/WRITE_MODULE/GRAY_W_ADD_reg[3]/CK (SDFFRQX2M)
                                                          0.00       0.01 r
  library hold time                                      -0.26      -0.25
  data required time                                                -0.25
  --------------------------------------------------------------------------
  data required time                                                -0.25
  data arrival time                                                -20.27
  --------------------------------------------------------------------------
  slack (MET)                                                       20.52


  Startpoint: SE (input port clocked by DFTCLK)
  Endpoint: U_FIFO/WRITE_MODULE/GRAY_W_ADD_reg[2]
            (rising edge-triggered flip-flop clocked by DFTCLK)
  Path Group: INREG
  Path Type: min

  Point                                                   Incr       Path
  --------------------------------------------------------------------------
  clock DFTCLK (rise edge)                                0.00       0.00
  clock network delay (ideal)                             0.00       0.00
  input external delay                                   20.00      20.00 f
  SE (in)                                                 0.27      20.27 f
  U_FIFO/test_se (ASYNC_FIFO_ADDRES_WIDTH4_DATA_WIDTH8_FIFO_DEPTH8_test_1)
                                                          0.00      20.27 f
  U_FIFO/WRITE_MODULE/test_se (FIFO_WR_ADDRES_WIDTH4_test_1)
                                                          0.00      20.27 f
  U_FIFO/WRITE_MODULE/GRAY_W_ADD_reg[2]/SE (SDFFRQX2M)
                                                          0.00      20.27 f
  data arrival time                                                 20.27

  clock DFTCLK (rise edge)                                0.00       0.00
  clock network delay (ideal)                             0.00       0.00
  clock uncertainty                                       0.01       0.01
  U_FIFO/WRITE_MODULE/GRAY_W_ADD_reg[2]/CK (SDFFRQX2M)
                                                          0.00       0.01 r
  library hold time                                      -0.26      -0.25
  data required time                                                -0.25
  --------------------------------------------------------------------------
  data required time                                                -0.25
  data arrival time                                                -20.27
  --------------------------------------------------------------------------
  slack (MET)                                                       20.52


  Startpoint: SE (input port clocked by DFTCLK)
  Endpoint: U_FIFO/WRITE_MODULE/GRAY_W_ADD_reg[1]
            (rising edge-triggered flip-flop clocked by DFTCLK)
  Path Group: INREG
  Path Type: min

  Point                                                   Incr       Path
  --------------------------------------------------------------------------
  clock DFTCLK (rise edge)                                0.00       0.00
  clock network delay (ideal)                             0.00       0.00
  input external delay                                   20.00      20.00 f
  SE (in)                                                 0.27      20.27 f
  U_FIFO/test_se (ASYNC_FIFO_ADDRES_WIDTH4_DATA_WIDTH8_FIFO_DEPTH8_test_1)
                                                          0.00      20.27 f
  U_FIFO/WRITE_MODULE/test_se (FIFO_WR_ADDRES_WIDTH4_test_1)
                                                          0.00      20.27 f
  U_FIFO/WRITE_MODULE/GRAY_W_ADD_reg[1]/SE (SDFFRQX2M)
                                                          0.00      20.27 f
  data arrival time                                                 20.27

  clock DFTCLK (rise edge)                                0.00       0.00
  clock network delay (ideal)                             0.00       0.00
  clock uncertainty                                       0.01       0.01
  U_FIFO/WRITE_MODULE/GRAY_W_ADD_reg[1]/CK (SDFFRQX2M)
                                                          0.00       0.01 r
  library hold time                                      -0.26      -0.25
  data required time                                                -0.25
  --------------------------------------------------------------------------
  data required time                                                -0.25
  data arrival time                                                -20.27
  --------------------------------------------------------------------------
  slack (MET)                                                       20.52


  Startpoint: SE (input port clocked by DFTCLK)
  Endpoint: U_FIFO/WRITE_MODULE/GRAY_W_ADD_reg[0]
            (rising edge-triggered flip-flop clocked by DFTCLK)
  Path Group: INREG
  Path Type: min

  Point                                                   Incr       Path
  --------------------------------------------------------------------------
  clock DFTCLK (rise edge)                                0.00       0.00
  clock network delay (ideal)                             0.00       0.00
  input external delay                                   20.00      20.00 f
  SE (in)                                                 0.27      20.27 f
  U_FIFO/test_se (ASYNC_FIFO_ADDRES_WIDTH4_DATA_WIDTH8_FIFO_DEPTH8_test_1)
                                                          0.00      20.27 f
  U_FIFO/WRITE_MODULE/test_se (FIFO_WR_ADDRES_WIDTH4_test_1)
                                                          0.00      20.27 f
  U_FIFO/WRITE_MODULE/GRAY_W_ADD_reg[0]/SE (SDFFRQX2M)
                                                          0.00      20.27 f
  data arrival time                                                 20.27

  clock DFTCLK (rise edge)                                0.00       0.00
  clock network delay (ideal)                             0.00       0.00
  clock uncertainty                                       0.01       0.01
  U_FIFO/WRITE_MODULE/GRAY_W_ADD_reg[0]/CK (SDFFRQX2M)
                                                          0.00       0.01 r
  library hold time                                      -0.26      -0.25
  data required time                                                -0.25
  --------------------------------------------------------------------------
  data required time                                                -0.25
  data arrival time                                                -20.27
  --------------------------------------------------------------------------
  slack (MET)                                                       20.52


  Startpoint: SE (input port clocked by DFTCLK)
  Endpoint: U_FIFO/WRITE_MODULE/ADD_COUNTER_reg[1]
            (rising edge-triggered flip-flop clocked by DFTCLK)
  Path Group: INREG
  Path Type: min

  Point                                                   Incr       Path
  --------------------------------------------------------------------------
  clock DFTCLK (rise edge)                                0.00       0.00
  clock network delay (ideal)                             0.00       0.00
  input external delay                                   20.00      20.00 f
  SE (in)                                                 0.27      20.27 f
  U_FIFO/test_se (ASYNC_FIFO_ADDRES_WIDTH4_DATA_WIDTH8_FIFO_DEPTH8_test_1)
                                                          0.00      20.27 f
  U_FIFO/WRITE_MODULE/test_se (FIFO_WR_ADDRES_WIDTH4_test_1)
                                                          0.00      20.27 f
  U_FIFO/WRITE_MODULE/ADD_COUNTER_reg[1]/SE (SDFFRQX2M)
                                                          0.00      20.27 f
  data arrival time                                                 20.27

  clock DFTCLK (rise edge)                                0.00       0.00
  clock network delay (ideal)                             0.00       0.00
  clock uncertainty                                       0.01       0.01
  U_FIFO/WRITE_MODULE/ADD_COUNTER_reg[1]/CK (SDFFRQX2M)
                                                          0.00       0.01 r
  library hold time                                      -0.26      -0.25
  data required time                                                -0.25
  --------------------------------------------------------------------------
  data required time                                                -0.25
  data arrival time                                                -20.27
  --------------------------------------------------------------------------
  slack (MET)                                                       20.52


  Startpoint: SE (input port clocked by DFTCLK)
  Endpoint: U_FIFO/READ_MODULE/R_ADD_COUNTER_reg[3]
            (rising edge-triggered flip-flop clocked by DFTCLK)
  Path Group: INREG
  Path Type: min

  Point                                                   Incr       Path
  --------------------------------------------------------------------------
  clock DFTCLK (rise edge)                                0.00       0.00
  clock network delay (ideal)                             0.00       0.00
  input external delay                                   20.00      20.00 f
  SE (in)                                                 0.27      20.27 f
  U_FIFO/test_se (ASYNC_FIFO_ADDRES_WIDTH4_DATA_WIDTH8_FIFO_DEPTH8_test_1)
                                                          0.00      20.27 f
  U_FIFO/READ_MODULE/test_se (FIFO_RD_ADDRES_WIDTH4_test_1)
                                                          0.00      20.27 f
  U_FIFO/READ_MODULE/R_ADD_COUNTER_reg[3]/SE (SDFFRQX2M)
                                                          0.00      20.27 f
  data arrival time                                                 20.27

  clock DFTCLK (rise edge)                                0.00       0.00
  clock network delay (ideal)                             0.00       0.00
  clock uncertainty                                       0.01       0.01
  U_FIFO/READ_MODULE/R_ADD_COUNTER_reg[3]/CK (SDFFRQX2M)
                                                          0.00       0.01 r
  library hold time                                      -0.26      -0.25
  data required time                                                -0.25
  --------------------------------------------------------------------------
  data required time                                                -0.25
  data arrival time                                                -20.27
  --------------------------------------------------------------------------
  slack (MET)                                                       20.52


  Startpoint: SE (input port clocked by DFTCLK)
  Endpoint: U_FIFO/READ_MODULE/R_ADD_COUNTER_reg[2]
            (rising edge-triggered flip-flop clocked by DFTCLK)
  Path Group: INREG
  Path Type: min

  Point                                                   Incr       Path
  --------------------------------------------------------------------------
  clock DFTCLK (rise edge)                                0.00       0.00
  clock network delay (ideal)                             0.00       0.00
  input external delay                                   20.00      20.00 f
  SE (in)                                                 0.27      20.27 f
  U_FIFO/test_se (ASYNC_FIFO_ADDRES_WIDTH4_DATA_WIDTH8_FIFO_DEPTH8_test_1)
                                                          0.00      20.27 f
  U_FIFO/READ_MODULE/test_se (FIFO_RD_ADDRES_WIDTH4_test_1)
                                                          0.00      20.27 f
  U_FIFO/READ_MODULE/R_ADD_COUNTER_reg[2]/SE (SDFFRQX2M)
                                                          0.00      20.27 f
  data arrival time                                                 20.27

  clock DFTCLK (rise edge)                                0.00       0.00
  clock network delay (ideal)                             0.00       0.00
  clock uncertainty                                       0.01       0.01
  U_FIFO/READ_MODULE/R_ADD_COUNTER_reg[2]/CK (SDFFRQX2M)
                                                          0.00       0.01 r
  library hold time                                      -0.26      -0.25
  data required time                                                -0.25
  --------------------------------------------------------------------------
  data required time                                                -0.25
  data arrival time                                                -20.27
  --------------------------------------------------------------------------
  slack (MET)                                                       20.52


  Startpoint: SE (input port clocked by DFTCLK)
  Endpoint: U_FIFO/READ_MODULE/GRAY_R_ADD_reg[3]
            (rising edge-triggered flip-flop clocked by DFTCLK)
  Path Group: INREG
  Path Type: min

  Point                                                   Incr       Path
  --------------------------------------------------------------------------
  clock DFTCLK (rise edge)                                0.00       0.00
  clock network delay (ideal)                             0.00       0.00
  input external delay                                   20.00      20.00 f
  SE (in)                                                 0.27      20.27 f
  U_FIFO/test_se (ASYNC_FIFO_ADDRES_WIDTH4_DATA_WIDTH8_FIFO_DEPTH8_test_1)
                                                          0.00      20.27 f
  U_FIFO/READ_MODULE/test_se (FIFO_RD_ADDRES_WIDTH4_test_1)
                                                          0.00      20.27 f
  U_FIFO/READ_MODULE/GRAY_R_ADD_reg[3]/SE (SDFFRQX2M)     0.00      20.27 f
  data arrival time                                                 20.27

  clock DFTCLK (rise edge)                                0.00       0.00
  clock network delay (ideal)                             0.00       0.00
  clock uncertainty                                       0.01       0.01
  U_FIFO/READ_MODULE/GRAY_R_ADD_reg[3]/CK (SDFFRQX2M)     0.00       0.01 r
  library hold time                                      -0.26      -0.25
  data required time                                                -0.25
  --------------------------------------------------------------------------
  data required time                                                -0.25
  data arrival time                                                -20.27
  --------------------------------------------------------------------------
  slack (MET)                                                       20.52


  Startpoint: SE (input port clocked by DFTCLK)
  Endpoint: U_FIFO/READ_MODULE/GRAY_R_ADD_reg[2]
            (rising edge-triggered flip-flop clocked by DFTCLK)
  Path Group: INREG
  Path Type: min

  Point                                                   Incr       Path
  --------------------------------------------------------------------------
  clock DFTCLK (rise edge)                                0.00       0.00
  clock network delay (ideal)                             0.00       0.00
  input external delay                                   20.00      20.00 f
  SE (in)                                                 0.27      20.27 f
  U_FIFO/test_se (ASYNC_FIFO_ADDRES_WIDTH4_DATA_WIDTH8_FIFO_DEPTH8_test_1)
                                                          0.00      20.27 f
  U_FIFO/READ_MODULE/test_se (FIFO_RD_ADDRES_WIDTH4_test_1)
                                                          0.00      20.27 f
  U_FIFO/READ_MODULE/GRAY_R_ADD_reg[2]/SE (SDFFRQX2M)     0.00      20.27 f
  data arrival time                                                 20.27

  clock DFTCLK (rise edge)                                0.00       0.00
  clock network delay (ideal)                             0.00       0.00
  clock uncertainty                                       0.01       0.01
  U_FIFO/READ_MODULE/GRAY_R_ADD_reg[2]/CK (SDFFRQX2M)     0.00       0.01 r
  library hold time                                      -0.26      -0.25
  data required time                                                -0.25
  --------------------------------------------------------------------------
  data required time                                                -0.25
  data arrival time                                                -20.27
  --------------------------------------------------------------------------
  slack (MET)                                                       20.52


  Startpoint: SE (input port clocked by DFTCLK)
  Endpoint: U_FIFO/READ_MODULE/GRAY_R_ADD_reg[1]
            (rising edge-triggered flip-flop clocked by DFTCLK)
  Path Group: INREG
  Path Type: min

  Point                                                   Incr       Path
  --------------------------------------------------------------------------
  clock DFTCLK (rise edge)                                0.00       0.00
  clock network delay (ideal)                             0.00       0.00
  input external delay                                   20.00      20.00 f
  SE (in)                                                 0.27      20.27 f
  U_FIFO/test_se (ASYNC_FIFO_ADDRES_WIDTH4_DATA_WIDTH8_FIFO_DEPTH8_test_1)
                                                          0.00      20.27 f
  U_FIFO/READ_MODULE/test_se (FIFO_RD_ADDRES_WIDTH4_test_1)
                                                          0.00      20.27 f
  U_FIFO/READ_MODULE/GRAY_R_ADD_reg[1]/SE (SDFFRQX2M)     0.00      20.27 f
  data arrival time                                                 20.27

  clock DFTCLK (rise edge)                                0.00       0.00
  clock network delay (ideal)                             0.00       0.00
  clock uncertainty                                       0.01       0.01
  U_FIFO/READ_MODULE/GRAY_R_ADD_reg[1]/CK (SDFFRQX2M)     0.00       0.01 r
  library hold time                                      -0.26      -0.25
  data required time                                                -0.25
  --------------------------------------------------------------------------
  data required time                                                -0.25
  data arrival time                                                -20.27
  --------------------------------------------------------------------------
  slack (MET)                                                       20.52


  Startpoint: SE (input port clocked by DFTCLK)
  Endpoint: U_FIFO/READ_MODULE/GRAY_R_ADD_reg[0]
            (rising edge-triggered flip-flop clocked by DFTCLK)
  Path Group: INREG
  Path Type: min

  Point                                                   Incr       Path
  --------------------------------------------------------------------------
  clock DFTCLK (rise edge)                                0.00       0.00
  clock network delay (ideal)                             0.00       0.00
  input external delay                                   20.00      20.00 f
  SE (in)                                                 0.27      20.27 f
  U_FIFO/test_se (ASYNC_FIFO_ADDRES_WIDTH4_DATA_WIDTH8_FIFO_DEPTH8_test_1)
                                                          0.00      20.27 f
  U_FIFO/READ_MODULE/test_se (FIFO_RD_ADDRES_WIDTH4_test_1)
                                                          0.00      20.27 f
  U_FIFO/READ_MODULE/GRAY_R_ADD_reg[0]/SE (SDFFRQX2M)     0.00      20.27 f
  data arrival time                                                 20.27

  clock DFTCLK (rise edge)                                0.00       0.00
  clock network delay (ideal)                             0.00       0.00
  clock uncertainty                                       0.01       0.01
  U_FIFO/READ_MODULE/GRAY_R_ADD_reg[0]/CK (SDFFRQX2M)     0.00       0.01 r
  library hold time                                      -0.26      -0.25
  data required time                                                -0.25
  --------------------------------------------------------------------------
  data required time                                                -0.25
  data arrival time                                                -20.27
  --------------------------------------------------------------------------
  slack (MET)                                                       20.52


  Startpoint: SE (input port clocked by DFTCLK)
  Endpoint: U_FIFO/READ_MODULE/R_ADD_COUNTER_reg[1]
            (rising edge-triggered flip-flop clocked by DFTCLK)
  Path Group: INREG
  Path Type: min

  Point                                                   Incr       Path
  --------------------------------------------------------------------------
  clock DFTCLK (rise edge)                                0.00       0.00
  clock network delay (ideal)                             0.00       0.00
  input external delay                                   20.00      20.00 f
  SE (in)                                                 0.27      20.27 f
  U_FIFO/test_se (ASYNC_FIFO_ADDRES_WIDTH4_DATA_WIDTH8_FIFO_DEPTH8_test_1)
                                                          0.00      20.27 f
  U_FIFO/READ_MODULE/test_se (FIFO_RD_ADDRES_WIDTH4_test_1)
                                                          0.00      20.27 f
  U_FIFO/READ_MODULE/R_ADD_COUNTER_reg[1]/SE (SDFFRQX2M)
                                                          0.00      20.27 f
  data arrival time                                                 20.27

  clock DFTCLK (rise edge)                                0.00       0.00
  clock network delay (ideal)                             0.00       0.00
  clock uncertainty                                       0.01       0.01
  U_FIFO/READ_MODULE/R_ADD_COUNTER_reg[1]/CK (SDFFRQX2M)
                                                          0.00       0.01 r
  library hold time                                      -0.26      -0.25
  data required time                                                -0.25
  --------------------------------------------------------------------------
  data required time                                                -0.25
  data arrival time                                                -20.27
  --------------------------------------------------------------------------
  slack (MET)                                                       20.52


  Startpoint: SE (input port clocked by DFTCLK)
  Endpoint: U_FIFO/BIT_SYNC_R_TO_W/sync_reg_reg[3][1]
            (rising edge-triggered flip-flop clocked by DFTCLK)
  Path Group: INREG
  Path Type: min

  Point                                                   Incr       Path
  --------------------------------------------------------------------------
  clock DFTCLK (rise edge)                                0.00       0.00
  clock network delay (ideal)                             0.00       0.00
  input external delay                                   20.00      20.00 f
  SE (in)                                                 0.27      20.27 f
  U_FIFO/test_se (ASYNC_FIFO_ADDRES_WIDTH4_DATA_WIDTH8_FIFO_DEPTH8_test_1)
                                                          0.00      20.27 f
  U_FIFO/BIT_SYNC_R_TO_W/test_se (BIT_SYNC_NUM_STAGES2_BUS_WIDTH4_test_0)
                                                          0.00      20.27 f
  U_FIFO/BIT_SYNC_R_TO_W/sync_reg_reg[3][1]/SE (SDFFRQX1M)
                                                          0.00      20.27 f
  data arrival time                                                 20.27

  clock DFTCLK (rise edge)                                0.00       0.00
  clock network delay (ideal)                             0.00       0.00
  clock uncertainty                                       0.01       0.01
  U_FIFO/BIT_SYNC_R_TO_W/sync_reg_reg[3][1]/CK (SDFFRQX1M)
                                                          0.00       0.01 r
  library hold time                                      -0.26      -0.25
  data required time                                                -0.25
  --------------------------------------------------------------------------
  data required time                                                -0.25
  data arrival time                                                -20.27
  --------------------------------------------------------------------------
  slack (MET)                                                       20.52


  Startpoint: SE (input port clocked by DFTCLK)
  Endpoint: U_FIFO/BIT_SYNC_W_TO_R/sync_reg_reg[3][1]
            (rising edge-triggered flip-flop clocked by DFTCLK)
  Path Group: INREG
  Path Type: min

  Point                                                   Incr       Path
  --------------------------------------------------------------------------
  clock DFTCLK (rise edge)                                0.00       0.00
  clock network delay (ideal)                             0.00       0.00
  input external delay                                   20.00      20.00 f
  SE (in)                                                 0.27      20.27 f
  U_FIFO/test_se (ASYNC_FIFO_ADDRES_WIDTH4_DATA_WIDTH8_FIFO_DEPTH8_test_1)
                                                          0.00      20.27 f
  U_FIFO/BIT_SYNC_W_TO_R/test_se (BIT_SYNC_NUM_STAGES2_BUS_WIDTH4_test_1)
                                                          0.00      20.27 f
  U_FIFO/BIT_SYNC_W_TO_R/sync_reg_reg[3][1]/SE (SDFFRQX1M)
                                                          0.00      20.27 f
  data arrival time                                                 20.27

  clock DFTCLK (rise edge)                                0.00       0.00
  clock network delay (ideal)                             0.00       0.00
  clock uncertainty                                       0.01       0.01
  U_FIFO/BIT_SYNC_W_TO_R/sync_reg_reg[3][1]/CK (SDFFRQX1M)
                                                          0.00       0.01 r
  library hold time                                      -0.26      -0.25
  data required time                                                -0.25
  --------------------------------------------------------------------------
  data required time                                                -0.25
  data arrival time                                                -20.27
  --------------------------------------------------------------------------
  slack (MET)                                                       20.52


  Startpoint: SE (input port clocked by DFTCLK)
  Endpoint: U_FIFO/WRITE_MODULE/ADD_COUNTER_reg[0]
            (rising edge-triggered flip-flop clocked by DFTCLK)
  Path Group: INREG
  Path Type: min

  Point                                                   Incr       Path
  --------------------------------------------------------------------------
  clock DFTCLK (rise edge)                                0.00       0.00
  clock network delay (ideal)                             0.00       0.00
  input external delay                                   20.00      20.00 f
  SE (in)                                                 0.27      20.27 f
  U_FIFO/test_se (ASYNC_FIFO_ADDRES_WIDTH4_DATA_WIDTH8_FIFO_DEPTH8_test_1)
                                                          0.00      20.27 f
  U_FIFO/WRITE_MODULE/test_se (FIFO_WR_ADDRES_WIDTH4_test_1)
                                                          0.00      20.27 f
  U_FIFO/WRITE_MODULE/ADD_COUNTER_reg[0]/SE (SDFFRX1M)
                                                          0.00      20.27 f
  data arrival time                                                 20.27

  clock DFTCLK (rise edge)                                0.00       0.00
  clock network delay (ideal)                             0.00       0.00
  clock uncertainty                                       0.01       0.01
  U_FIFO/WRITE_MODULE/ADD_COUNTER_reg[0]/CK (SDFFRX1M)
                                                          0.00       0.01 r
  library hold time                                      -0.27      -0.26
  data required time                                                -0.26
  --------------------------------------------------------------------------
  data required time                                                -0.26
  data arrival time                                                -20.27
  --------------------------------------------------------------------------
  slack (MET)                                                       20.53


  Startpoint: SE (input port clocked by DFTCLK)
  Endpoint: U_FIFO/READ_MODULE/R_ADD_COUNTER_reg[0]
            (rising edge-triggered flip-flop clocked by DFTCLK)
  Path Group: INREG
  Path Type: min

  Point                                                   Incr       Path
  --------------------------------------------------------------------------
  clock DFTCLK (rise edge)                                0.00       0.00
  clock network delay (ideal)                             0.00       0.00
  input external delay                                   20.00      20.00 f
  SE (in)                                                 0.27      20.27 f
  U_FIFO/test_se (ASYNC_FIFO_ADDRES_WIDTH4_DATA_WIDTH8_FIFO_DEPTH8_test_1)
                                                          0.00      20.27 f
  U_FIFO/READ_MODULE/test_se (FIFO_RD_ADDRES_WIDTH4_test_1)
                                                          0.00      20.27 f
  U_FIFO/READ_MODULE/R_ADD_COUNTER_reg[0]/SE (SDFFRX1M)
                                                          0.00      20.27 f
  data arrival time                                                 20.27

  clock DFTCLK (rise edge)                                0.00       0.00
  clock network delay (ideal)                             0.00       0.00
  clock uncertainty                                       0.01       0.01
  U_FIFO/READ_MODULE/R_ADD_COUNTER_reg[0]/CK (SDFFRX1M)
                                                          0.00       0.01 r
  library hold time                                      -0.27      -0.26
  data required time                                                -0.26
  --------------------------------------------------------------------------
  data required time                                                -0.26
  data arrival time                                                -20.27
  --------------------------------------------------------------------------
  slack (MET)                                                       20.53


  Startpoint: SE (input port clocked by DFTCLK)
  Endpoint: U_RegFile/regArr_reg[2][0]
            (rising edge-triggered flip-flop clocked by DFTCLK)
  Path Group: INREG
  Path Type: min

  Point                                                   Incr       Path
  --------------------------------------------------------------------------
  clock DFTCLK (rise edge)                                0.00       0.00
  clock network delay (ideal)                             0.00       0.00
  input external delay                                   20.00      20.00 f
  SE (in)                                                 0.27      20.27 f
  U_RegFile/test_se (RegFile_test_1)                      0.00      20.27 f
  U_RegFile/regArr_reg[2][0]/SE (SDFFSQX2M)               0.00      20.27 f
  data arrival time                                                 20.27

  clock DFTCLK (rise edge)                                0.00       0.00
  clock network delay (ideal)                             0.00       0.00
  clock uncertainty                                       0.01       0.01
  U_RegFile/regArr_reg[2][0]/CK (SDFFSQX2M)               0.00       0.01 r
  library hold time                                      -0.29      -0.28
  data required time                                                -0.28
  --------------------------------------------------------------------------
  data required time                                                -0.28
  data arrival time                                                -20.27
  --------------------------------------------------------------------------
  slack (MET)                                                       20.55


  Startpoint: SE (input port clocked by DFTCLK)
  Endpoint: U_PULSE_GEN/rcv_flop_reg
            (rising edge-triggered flip-flop clocked by DFTCLK)
  Path Group: INREG
  Path Type: min

  Point                                                   Incr       Path
  --------------------------------------------------------------------------
  clock DFTCLK (rise edge)                                0.00       0.00
  clock network delay (ideal)                             0.00       0.00
  input external delay                                   20.00      20.00 f
  SE (in)                                                 0.27      20.27 f
  U22/Y (INVXLM)                                          0.24      20.51 r
  U24/Y (INVXLM)                                          0.13      20.64 f
  U_PULSE_GEN/test_se (PULSE_GEN_test_1)                  0.00      20.64 f
  U_PULSE_GEN/rcv_flop_reg/SE (SDFFRQX2M)                 0.00      20.64 f
  data arrival time                                                 20.64

  clock DFTCLK (rise edge)                                0.00       0.00
  clock network delay (ideal)                             0.00       0.00
  clock uncertainty                                       0.01       0.01
  U_PULSE_GEN/rcv_flop_reg/CK (SDFFRQX2M)                 0.00       0.01 r
  library hold time                                      -0.18      -0.17
  data required time                                                -0.17
  --------------------------------------------------------------------------
  data required time                                                -0.17
  data arrival time                                                -20.64
  --------------------------------------------------------------------------
  slack (MET)                                                       20.81


  Startpoint: SE (input port clocked by DFTCLK)
  Endpoint: U_PULSE_GEN/pulse_flop_reg
            (rising edge-triggered flip-flop clocked by DFTCLK)
  Path Group: INREG
  Path Type: min

  Point                                                   Incr       Path
  --------------------------------------------------------------------------
  clock DFTCLK (rise edge)                                0.00       0.00
  clock network delay (ideal)                             0.00       0.00
  input external delay                                   20.00      20.00 f
  SE (in)                                                 0.27      20.27 f
  U22/Y (INVXLM)                                          0.24      20.51 r
  U24/Y (INVXLM)                                          0.13      20.64 f
  U_PULSE_GEN/test_se (PULSE_GEN_test_1)                  0.00      20.64 f
  U_PULSE_GEN/pulse_flop_reg/SE (SDFFRQX2M)               0.00      20.64 f
  data arrival time                                                 20.64

  clock DFTCLK (rise edge)                                0.00       0.00
  clock network delay (ideal)                             0.00       0.00
  clock uncertainty                                       0.01       0.01
  U_PULSE_GEN/pulse_flop_reg/CK (SDFFRQX2M)               0.00       0.01 r
  library hold time                                      -0.18      -0.17
  data required time                                                -0.17
  --------------------------------------------------------------------------
  data required time                                                -0.17
  data arrival time                                                -20.64
  --------------------------------------------------------------------------
  slack (MET)                                                       20.81


  Startpoint: SE (input port clocked by DFTCLK)
  Endpoint: Clk_Div_TX_CONS/div_clk_reg
            (rising edge-triggered flip-flop clocked by DFTCLK)
  Path Group: INREG
  Path Type: min

  Point                                                   Incr       Path
  --------------------------------------------------------------------------
  clock DFTCLK (rise edge)                                0.00       0.00
  clock network delay (ideal)                             0.00       0.00
  input external delay                                   20.00      20.00 f
  SE (in)                                                 0.27      20.27 f
  U22/Y (INVXLM)                                          0.24      20.51 r
  U26/Y (INVXLM)                                          0.29      20.80 f
  Clk_Div_TX_CONS/test_se (ClkDiv_test_0)                 0.00      20.80 f
  Clk_Div_TX_CONS/div_clk_reg/SE (SDFFRQX2M)              0.00      20.80 f
  data arrival time                                                 20.80

  clock DFTCLK (rise edge)                                0.00       0.00
  clock network delay (ideal)                             0.00       0.00
  clock uncertainty                                       0.01       0.01
  Clk_Div_TX_CONS/div_clk_reg/CK (SDFFRQX2M)              0.00       0.01 r
  library hold time                                      -0.24      -0.23
  data required time                                                -0.23
  --------------------------------------------------------------------------
  data required time                                                -0.23
  data arrival time                                                -20.80
  --------------------------------------------------------------------------
  slack (MET)                                                       21.03


  Startpoint: SE (input port clocked by DFTCLK)
  Endpoint: Clk_Div_TX_CONS/count_reg[6]
            (rising edge-triggered flip-flop clocked by DFTCLK)
  Path Group: INREG
  Path Type: min

  Point                                                   Incr       Path
  --------------------------------------------------------------------------
  clock DFTCLK (rise edge)                                0.00       0.00
  clock network delay (ideal)                             0.00       0.00
  input external delay                                   20.00      20.00 f
  SE (in)                                                 0.27      20.27 f
  U22/Y (INVXLM)                                          0.24      20.51 r
  U26/Y (INVXLM)                                          0.29      20.80 f
  Clk_Div_TX_CONS/test_se (ClkDiv_test_0)                 0.00      20.80 f
  Clk_Div_TX_CONS/count_reg[6]/SE (SDFFRQX2M)             0.00      20.80 f
  data arrival time                                                 20.80

  clock DFTCLK (rise edge)                                0.00       0.00
  clock network delay (ideal)                             0.00       0.00
  clock uncertainty                                       0.01       0.01
  Clk_Div_TX_CONS/count_reg[6]/CK (SDFFRQX2M)             0.00       0.01 r
  library hold time                                      -0.24      -0.23
  data required time                                                -0.23
  --------------------------------------------------------------------------
  data required time                                                -0.23
  data arrival time                                                -20.80
  --------------------------------------------------------------------------
  slack (MET)                                                       21.03


  Startpoint: SE (input port clocked by DFTCLK)
  Endpoint: Clk_Div_TX_CONS/count_reg[0]
            (rising edge-triggered flip-flop clocked by DFTCLK)
  Path Group: INREG
  Path Type: min

  Point                                                   Incr       Path
  --------------------------------------------------------------------------
  clock DFTCLK (rise edge)                                0.00       0.00
  clock network delay (ideal)                             0.00       0.00
  input external delay                                   20.00      20.00 f
  SE (in)                                                 0.27      20.27 f
  U22/Y (INVXLM)                                          0.24      20.51 r
  U26/Y (INVXLM)                                          0.29      20.80 f
  Clk_Div_TX_CONS/test_se (ClkDiv_test_0)                 0.00      20.80 f
  Clk_Div_TX_CONS/count_reg[0]/SE (SDFFRQX2M)             0.00      20.80 f
  data arrival time                                                 20.80

  clock DFTCLK (rise edge)                                0.00       0.00
  clock network delay (ideal)                             0.00       0.00
  clock uncertainty                                       0.01       0.01
  Clk_Div_TX_CONS/count_reg[0]/CK (SDFFRQX2M)             0.00       0.01 r
  library hold time                                      -0.24      -0.23
  data required time                                                -0.23
  --------------------------------------------------------------------------
  data required time                                                -0.23
  data arrival time                                                -20.80
  --------------------------------------------------------------------------
  slack (MET)                                                       21.03


  Startpoint: SE (input port clocked by DFTCLK)
  Endpoint: Clk_Div_TX_CONS/count_reg[5]
            (rising edge-triggered flip-flop clocked by DFTCLK)
  Path Group: INREG
  Path Type: min

  Point                                                   Incr       Path
  --------------------------------------------------------------------------
  clock DFTCLK (rise edge)                                0.00       0.00
  clock network delay (ideal)                             0.00       0.00
  input external delay                                   20.00      20.00 f
  SE (in)                                                 0.27      20.27 f
  U22/Y (INVXLM)                                          0.24      20.51 r
  U26/Y (INVXLM)                                          0.29      20.80 f
  Clk_Div_TX_CONS/test_se (ClkDiv_test_0)                 0.00      20.80 f
  Clk_Div_TX_CONS/count_reg[5]/SE (SDFFRQX2M)             0.00      20.80 f
  data arrival time                                                 20.80

  clock DFTCLK (rise edge)                                0.00       0.00
  clock network delay (ideal)                             0.00       0.00
  clock uncertainty                                       0.01       0.01
  Clk_Div_TX_CONS/count_reg[5]/CK (SDFFRQX2M)             0.00       0.01 r
  library hold time                                      -0.24      -0.23
  data required time                                                -0.23
  --------------------------------------------------------------------------
  data required time                                                -0.23
  data arrival time                                                -20.80
  --------------------------------------------------------------------------
  slack (MET)                                                       21.03


  Startpoint: SE (input port clocked by DFTCLK)
  Endpoint: Clk_Div_TX_CONS/count_reg[4]
            (rising edge-triggered flip-flop clocked by DFTCLK)
  Path Group: INREG
  Path Type: min

  Point                                                   Incr       Path
  --------------------------------------------------------------------------
  clock DFTCLK (rise edge)                                0.00       0.00
  clock network delay (ideal)                             0.00       0.00
  input external delay                                   20.00      20.00 f
  SE (in)                                                 0.27      20.27 f
  U22/Y (INVXLM)                                          0.24      20.51 r
  U26/Y (INVXLM)                                          0.29      20.80 f
  Clk_Div_TX_CONS/test_se (ClkDiv_test_0)                 0.00      20.80 f
  Clk_Div_TX_CONS/count_reg[4]/SE (SDFFRQX2M)             0.00      20.80 f
  data arrival time                                                 20.80

  clock DFTCLK (rise edge)                                0.00       0.00
  clock network delay (ideal)                             0.00       0.00
  clock uncertainty                                       0.01       0.01
  Clk_Div_TX_CONS/count_reg[4]/CK (SDFFRQX2M)             0.00       0.01 r
  library hold time                                      -0.24      -0.23
  data required time                                                -0.23
  --------------------------------------------------------------------------
  data required time                                                -0.23
  data arrival time                                                -20.80
  --------------------------------------------------------------------------
  slack (MET)                                                       21.03


  Startpoint: SE (input port clocked by DFTCLK)
  Endpoint: Clk_Div_TX_CONS/count_reg[3]
            (rising edge-triggered flip-flop clocked by DFTCLK)
  Path Group: INREG
  Path Type: min

  Point                                                   Incr       Path
  --------------------------------------------------------------------------
  clock DFTCLK (rise edge)                                0.00       0.00
  clock network delay (ideal)                             0.00       0.00
  input external delay                                   20.00      20.00 f
  SE (in)                                                 0.27      20.27 f
  U22/Y (INVXLM)                                          0.24      20.51 r
  U26/Y (INVXLM)                                          0.29      20.80 f
  Clk_Div_TX_CONS/test_se (ClkDiv_test_0)                 0.00      20.80 f
  Clk_Div_TX_CONS/count_reg[3]/SE (SDFFRQX2M)             0.00      20.80 f
  data arrival time                                                 20.80

  clock DFTCLK (rise edge)                                0.00       0.00
  clock network delay (ideal)                             0.00       0.00
  clock uncertainty                                       0.01       0.01
  Clk_Div_TX_CONS/count_reg[3]/CK (SDFFRQX2M)             0.00       0.01 r
  library hold time                                      -0.24      -0.23
  data required time                                                -0.23
  --------------------------------------------------------------------------
  data required time                                                -0.23
  data arrival time                                                -20.80
  --------------------------------------------------------------------------
  slack (MET)                                                       21.03


  Startpoint: SE (input port clocked by DFTCLK)
  Endpoint: Clk_Div_TX_CONS/count_reg[2]
            (rising edge-triggered flip-flop clocked by DFTCLK)
  Path Group: INREG
  Path Type: min

  Point                                                   Incr       Path
  --------------------------------------------------------------------------
  clock DFTCLK (rise edge)                                0.00       0.00
  clock network delay (ideal)                             0.00       0.00
  input external delay                                   20.00      20.00 f
  SE (in)                                                 0.27      20.27 f
  U22/Y (INVXLM)                                          0.24      20.51 r
  U26/Y (INVXLM)                                          0.29      20.80 f
  Clk_Div_TX_CONS/test_se (ClkDiv_test_0)                 0.00      20.80 f
  Clk_Div_TX_CONS/count_reg[2]/SE (SDFFRQX2M)             0.00      20.80 f
  data arrival time                                                 20.80

  clock DFTCLK (rise edge)                                0.00       0.00
  clock network delay (ideal)                             0.00       0.00
  clock uncertainty                                       0.01       0.01
  Clk_Div_TX_CONS/count_reg[2]/CK (SDFFRQX2M)             0.00       0.01 r
  library hold time                                      -0.24      -0.23
  data required time                                                -0.23
  --------------------------------------------------------------------------
  data required time                                                -0.23
  data arrival time                                                -20.80
  --------------------------------------------------------------------------
  slack (MET)                                                       21.03


  Startpoint: SE (input port clocked by DFTCLK)
  Endpoint: Clk_Div_TX_CONS/count_reg[1]
            (rising edge-triggered flip-flop clocked by DFTCLK)
  Path Group: INREG
  Path Type: min

  Point                                                   Incr       Path
  --------------------------------------------------------------------------
  clock DFTCLK (rise edge)                                0.00       0.00
  clock network delay (ideal)                             0.00       0.00
  input external delay                                   20.00      20.00 f
  SE (in)                                                 0.27      20.27 f
  U22/Y (INVXLM)                                          0.24      20.51 r
  U26/Y (INVXLM)                                          0.29      20.80 f
  Clk_Div_TX_CONS/test_se (ClkDiv_test_0)                 0.00      20.80 f
  Clk_Div_TX_CONS/count_reg[1]/SE (SDFFRQX2M)             0.00      20.80 f
  data arrival time                                                 20.80

  clock DFTCLK (rise edge)                                0.00       0.00
  clock network delay (ideal)                             0.00       0.00
  clock uncertainty                                       0.01       0.01
  Clk_Div_TX_CONS/count_reg[1]/CK (SDFFRQX2M)             0.00       0.01 r
  library hold time                                      -0.24      -0.23
  data required time                                                -0.23
  --------------------------------------------------------------------------
  data required time                                                -0.23
  data arrival time                                                -20.80
  --------------------------------------------------------------------------
  slack (MET)                                                       21.03


  Startpoint: SE (input port clocked by DFTCLK)
  Endpoint: Clk_Div_TX_CONS/odd_edge_tog_reg
            (rising edge-triggered flip-flop clocked by DFTCLK)
  Path Group: INREG
  Path Type: min

  Point                                                   Incr       Path
  --------------------------------------------------------------------------
  clock DFTCLK (rise edge)                                0.00       0.00
  clock network delay (ideal)                             0.00       0.00
  input external delay                                   20.00      20.00 f
  SE (in)                                                 0.27      20.27 f
  U22/Y (INVXLM)                                          0.24      20.51 r
  U26/Y (INVXLM)                                          0.29      20.80 f
  Clk_Div_TX_CONS/test_se (ClkDiv_test_0)                 0.00      20.80 f
  Clk_Div_TX_CONS/odd_edge_tog_reg/SE (SDFFSQX2M)         0.00      20.80 f
  data arrival time                                                 20.80

  clock DFTCLK (rise edge)                                0.00       0.00
  clock network delay (ideal)                             0.00       0.00
  clock uncertainty                                       0.01       0.01
  Clk_Div_TX_CONS/odd_edge_tog_reg/CK (SDFFSQX2M)         0.00       0.01 r
  library hold time                                      -0.28      -0.27
  data required time                                                -0.27
  --------------------------------------------------------------------------
  data required time                                                -0.27
  data arrival time                                                -20.80
  --------------------------------------------------------------------------
  slack (MET)                                                       21.07


  Startpoint: SE (input port clocked by DFTCLK)
  Endpoint: DATA_sync_ref/pulse_gen_reg_reg
            (rising edge-triggered flip-flop clocked by DFTCLK)
  Path Group: INREG
  Path Type: min

  Point                                                   Incr       Path
  --------------------------------------------------------------------------
  clock DFTCLK (rise edge)                                0.00       0.00
  clock network delay (ideal)                             0.00       0.00
  input external delay                                   20.00      20.00 f
  SE (in)                                                 0.27      20.27 f
  U22/Y (INVXLM)                                          0.24      20.51 r
  U23/Y (INVXLM)                                          0.34      20.85 f
  DATA_sync_ref/test_se (DATA_SYNC_NUM_STAGES2_DATA_WIDTH8_test_1)
                                                          0.00      20.85 f
  DATA_sync_ref/pulse_gen_reg_reg/SE (SDFFRQX2M)          0.00      20.85 f
  data arrival time                                                 20.85

  clock DFTCLK (rise edge)                                0.00       0.00
  clock network delay (ideal)                             0.00       0.00
  clock uncertainty                                       0.01       0.01
  DATA_sync_ref/pulse_gen_reg_reg/CK (SDFFRQX2M)          0.00       0.01 r
  library hold time                                      -0.26      -0.25
  data required time                                                -0.25
  --------------------------------------------------------------------------
  data required time                                                -0.25
  data arrival time                                                -20.85
  --------------------------------------------------------------------------
  slack (MET)                                                       21.10


  Startpoint: SE (input port clocked by DFTCLK)
  Endpoint: DATA_sync_ref/bit_sync_reg_reg[1]
            (rising edge-triggered flip-flop clocked by DFTCLK)
  Path Group: INREG
  Path Type: min

  Point                                                   Incr       Path
  --------------------------------------------------------------------------
  clock DFTCLK (rise edge)                                0.00       0.00
  clock network delay (ideal)                             0.00       0.00
  input external delay                                   20.00      20.00 f
  SE (in)                                                 0.27      20.27 f
  U22/Y (INVXLM)                                          0.24      20.51 r
  U23/Y (INVXLM)                                          0.34      20.85 f
  DATA_sync_ref/test_se (DATA_SYNC_NUM_STAGES2_DATA_WIDTH8_test_1)
                                                          0.00      20.85 f
  DATA_sync_ref/bit_sync_reg_reg[1]/SE (SDFFRQX2M)        0.00      20.85 f
  data arrival time                                                 20.85

  clock DFTCLK (rise edge)                                0.00       0.00
  clock network delay (ideal)                             0.00       0.00
  clock uncertainty                                       0.01       0.01
  DATA_sync_ref/bit_sync_reg_reg[1]/CK (SDFFRQX2M)        0.00       0.01 r
  library hold time                                      -0.26      -0.25
  data required time                                                -0.25
  --------------------------------------------------------------------------
  data required time                                                -0.25
  data arrival time                                                -20.85
  --------------------------------------------------------------------------
  slack (MET)                                                       21.10


  Startpoint: SE (input port clocked by DFTCLK)
  Endpoint: DATA_sync_ref/sync_bus_reg[7]
            (rising edge-triggered flip-flop clocked by DFTCLK)
  Path Group: INREG
  Path Type: min

  Point                                                   Incr       Path
  --------------------------------------------------------------------------
  clock DFTCLK (rise edge)                                0.00       0.00
  clock network delay (ideal)                             0.00       0.00
  input external delay                                   20.00      20.00 f
  SE (in)                                                 0.27      20.27 f
  U22/Y (INVXLM)                                          0.24      20.51 r
  U23/Y (INVXLM)                                          0.34      20.85 f
  DATA_sync_ref/test_se (DATA_SYNC_NUM_STAGES2_DATA_WIDTH8_test_1)
                                                          0.00      20.85 f
  DATA_sync_ref/sync_bus_reg[7]/SE (SDFFRQX2M)            0.00      20.85 f
  data arrival time                                                 20.85

  clock DFTCLK (rise edge)                                0.00       0.00
  clock network delay (ideal)                             0.00       0.00
  clock uncertainty                                       0.01       0.01
  DATA_sync_ref/sync_bus_reg[7]/CK (SDFFRQX2M)            0.00       0.01 r
  library hold time                                      -0.26      -0.25
  data required time                                                -0.25
  --------------------------------------------------------------------------
  data required time                                                -0.25
  data arrival time                                                -20.85
  --------------------------------------------------------------------------
  slack (MET)                                                       21.10


  Startpoint: SE (input port clocked by DFTCLK)
  Endpoint: DATA_sync_ref/sync_bus_reg[4]
            (rising edge-triggered flip-flop clocked by DFTCLK)
  Path Group: INREG
  Path Type: min

  Point                                                   Incr       Path
  --------------------------------------------------------------------------
  clock DFTCLK (rise edge)                                0.00       0.00
  clock network delay (ideal)                             0.00       0.00
  input external delay                                   20.00      20.00 f
  SE (in)                                                 0.27      20.27 f
  U22/Y (INVXLM)                                          0.24      20.51 r
  U23/Y (INVXLM)                                          0.34      20.85 f
  DATA_sync_ref/test_se (DATA_SYNC_NUM_STAGES2_DATA_WIDTH8_test_1)
                                                          0.00      20.85 f
  DATA_sync_ref/sync_bus_reg[4]/SE (SDFFRQX2M)            0.00      20.85 f
  data arrival time                                                 20.85

  clock DFTCLK (rise edge)                                0.00       0.00
  clock network delay (ideal)                             0.00       0.00
  clock uncertainty                                       0.01       0.01
  DATA_sync_ref/sync_bus_reg[4]/CK (SDFFRQX2M)            0.00       0.01 r
  library hold time                                      -0.26      -0.25
  data required time                                                -0.25
  --------------------------------------------------------------------------
  data required time                                                -0.25
  data arrival time                                                -20.85
  --------------------------------------------------------------------------
  slack (MET)                                                       21.10


  Startpoint: SE (input port clocked by DFTCLK)
  Endpoint: DATA_sync_ref/sync_bus_reg[6]
            (rising edge-triggered flip-flop clocked by DFTCLK)
  Path Group: INREG
  Path Type: min

  Point                                                   Incr       Path
  --------------------------------------------------------------------------
  clock DFTCLK (rise edge)                                0.00       0.00
  clock network delay (ideal)                             0.00       0.00
  input external delay                                   20.00      20.00 f
  SE (in)                                                 0.27      20.27 f
  U22/Y (INVXLM)                                          0.24      20.51 r
  U23/Y (INVXLM)                                          0.34      20.85 f
  DATA_sync_ref/test_se (DATA_SYNC_NUM_STAGES2_DATA_WIDTH8_test_1)
                                                          0.00      20.85 f
  DATA_sync_ref/sync_bus_reg[6]/SE (SDFFRQX2M)            0.00      20.85 f
  data arrival time                                                 20.85

  clock DFTCLK (rise edge)                                0.00       0.00
  clock network delay (ideal)                             0.00       0.00
  clock uncertainty                                       0.01       0.01
  DATA_sync_ref/sync_bus_reg[6]/CK (SDFFRQX2M)            0.00       0.01 r
  library hold time                                      -0.26      -0.25
  data required time                                                -0.25
  --------------------------------------------------------------------------
  data required time                                                -0.25
  data arrival time                                                -20.85
  --------------------------------------------------------------------------
  slack (MET)                                                       21.10


  Startpoint: SE (input port clocked by DFTCLK)
  Endpoint: DATA_sync_ref/sync_bus_reg[5]
            (rising edge-triggered flip-flop clocked by DFTCLK)
  Path Group: INREG
  Path Type: min

  Point                                                   Incr       Path
  --------------------------------------------------------------------------
  clock DFTCLK (rise edge)                                0.00       0.00
  clock network delay (ideal)                             0.00       0.00
  input external delay                                   20.00      20.00 f
  SE (in)                                                 0.27      20.27 f
  U22/Y (INVXLM)                                          0.24      20.51 r
  U23/Y (INVXLM)                                          0.34      20.85 f
  DATA_sync_ref/test_se (DATA_SYNC_NUM_STAGES2_DATA_WIDTH8_test_1)
                                                          0.00      20.85 f
  DATA_sync_ref/sync_bus_reg[5]/SE (SDFFRQX2M)            0.00      20.85 f
  data arrival time                                                 20.85

  clock DFTCLK (rise edge)                                0.00       0.00
  clock network delay (ideal)                             0.00       0.00
  clock uncertainty                                       0.01       0.01
  DATA_sync_ref/sync_bus_reg[5]/CK (SDFFRQX2M)            0.00       0.01 r
  library hold time                                      -0.26      -0.25
  data required time                                                -0.25
  --------------------------------------------------------------------------
  data required time                                                -0.25
  data arrival time                                                -20.85
  --------------------------------------------------------------------------
  slack (MET)                                                       21.10


  Startpoint: SE (input port clocked by DFTCLK)
  Endpoint: DATA_sync_ref/sync_bus_reg[3]
            (rising edge-triggered flip-flop clocked by DFTCLK)
  Path Group: INREG
  Path Type: min

  Point                                                   Incr       Path
  --------------------------------------------------------------------------
  clock DFTCLK (rise edge)                                0.00       0.00
  clock network delay (ideal)                             0.00       0.00
  input external delay                                   20.00      20.00 f
  SE (in)                                                 0.27      20.27 f
  U22/Y (INVXLM)                                          0.24      20.51 r
  U23/Y (INVXLM)                                          0.34      20.85 f
  DATA_sync_ref/test_se (DATA_SYNC_NUM_STAGES2_DATA_WIDTH8_test_1)
                                                          0.00      20.85 f
  DATA_sync_ref/sync_bus_reg[3]/SE (SDFFRQX2M)            0.00      20.85 f
  data arrival time                                                 20.85

  clock DFTCLK (rise edge)                                0.00       0.00
  clock network delay (ideal)                             0.00       0.00
  clock uncertainty                                       0.01       0.01
  DATA_sync_ref/sync_bus_reg[3]/CK (SDFFRQX2M)            0.00       0.01 r
  library hold time                                      -0.26      -0.25
  data required time                                                -0.25
  --------------------------------------------------------------------------
  data required time                                                -0.25
  data arrival time                                                -20.85
  --------------------------------------------------------------------------
  slack (MET)                                                       21.10


  Startpoint: SE (input port clocked by DFTCLK)
  Endpoint: DATA_sync_ref/sync_bus_reg[0]
            (rising edge-triggered flip-flop clocked by DFTCLK)
  Path Group: INREG
  Path Type: min

  Point                                                   Incr       Path
  --------------------------------------------------------------------------
  clock DFTCLK (rise edge)                                0.00       0.00
  clock network delay (ideal)                             0.00       0.00
  input external delay                                   20.00      20.00 f
  SE (in)                                                 0.27      20.27 f
  U22/Y (INVXLM)                                          0.24      20.51 r
  U23/Y (INVXLM)                                          0.34      20.85 f
  DATA_sync_ref/test_se (DATA_SYNC_NUM_STAGES2_DATA_WIDTH8_test_1)
                                                          0.00      20.85 f
  DATA_sync_ref/sync_bus_reg[0]/SE (SDFFRQX2M)            0.00      20.85 f
  data arrival time                                                 20.85

  clock DFTCLK (rise edge)                                0.00       0.00
  clock network delay (ideal)                             0.00       0.00
  clock uncertainty                                       0.01       0.01
  DATA_sync_ref/sync_bus_reg[0]/CK (SDFFRQX2M)            0.00       0.01 r
  library hold time                                      -0.26      -0.25
  data required time                                                -0.25
  --------------------------------------------------------------------------
  data required time                                                -0.25
  data arrival time                                                -20.85
  --------------------------------------------------------------------------
  slack (MET)                                                       21.10


  Startpoint: SE (input port clocked by DFTCLK)
  Endpoint: DATA_sync_ref/sync_bus_reg[2]
            (rising edge-triggered flip-flop clocked by DFTCLK)
  Path Group: INREG
  Path Type: min

  Point                                                   Incr       Path
  --------------------------------------------------------------------------
  clock DFTCLK (rise edge)                                0.00       0.00
  clock network delay (ideal)                             0.00       0.00
  input external delay                                   20.00      20.00 f
  SE (in)                                                 0.27      20.27 f
  U22/Y (INVXLM)                                          0.24      20.51 r
  U23/Y (INVXLM)                                          0.34      20.85 f
  DATA_sync_ref/test_se (DATA_SYNC_NUM_STAGES2_DATA_WIDTH8_test_1)
                                                          0.00      20.85 f
  DATA_sync_ref/sync_bus_reg[2]/SE (SDFFRQX2M)            0.00      20.85 f
  data arrival time                                                 20.85

  clock DFTCLK (rise edge)                                0.00       0.00
  clock network delay (ideal)                             0.00       0.00
  clock uncertainty                                       0.01       0.01
  DATA_sync_ref/sync_bus_reg[2]/CK (SDFFRQX2M)            0.00       0.01 r
  library hold time                                      -0.26      -0.25
  data required time                                                -0.25
  --------------------------------------------------------------------------
  data required time                                                -0.25
  data arrival time                                                -20.85
  --------------------------------------------------------------------------
  slack (MET)                                                       21.10


  Startpoint: SE (input port clocked by DFTCLK)
  Endpoint: DATA_sync_ref/sync_bus_reg[1]
            (rising edge-triggered flip-flop clocked by DFTCLK)
  Path Group: INREG
  Path Type: min

  Point                                                   Incr       Path
  --------------------------------------------------------------------------
  clock DFTCLK (rise edge)                                0.00       0.00
  clock network delay (ideal)                             0.00       0.00
  input external delay                                   20.00      20.00 f
  SE (in)                                                 0.27      20.27 f
  U22/Y (INVXLM)                                          0.24      20.51 r
  U23/Y (INVXLM)                                          0.34      20.85 f
  DATA_sync_ref/test_se (DATA_SYNC_NUM_STAGES2_DATA_WIDTH8_test_1)
                                                          0.00      20.85 f
  DATA_sync_ref/sync_bus_reg[1]/SE (SDFFRQX2M)            0.00      20.85 f
  data arrival time                                                 20.85

  clock DFTCLK (rise edge)                                0.00       0.00
  clock network delay (ideal)                             0.00       0.00
  clock uncertainty                                       0.01       0.01
  DATA_sync_ref/sync_bus_reg[1]/CK (SDFFRQX2M)            0.00       0.01 r
  library hold time                                      -0.26      -0.25
  data required time                                                -0.25
  --------------------------------------------------------------------------
  data required time                                                -0.25
  data arrival time                                                -20.85
  --------------------------------------------------------------------------
  slack (MET)                                                       21.10


  Startpoint: SE (input port clocked by DFTCLK)
  Endpoint: DATA_sync_ref/bit_sync_reg_reg[0]
            (rising edge-triggered flip-flop clocked by DFTCLK)
  Path Group: INREG
  Path Type: min

  Point                                                   Incr       Path
  --------------------------------------------------------------------------
  clock DFTCLK (rise edge)                                0.00       0.00
  clock network delay (ideal)                             0.00       0.00
  input external delay                                   20.00      20.00 f
  SE (in)                                                 0.27      20.27 f
  U22/Y (INVXLM)                                          0.24      20.51 r
  U23/Y (INVXLM)                                          0.34      20.85 f
  DATA_sync_ref/test_se (DATA_SYNC_NUM_STAGES2_DATA_WIDTH8_test_1)
                                                          0.00      20.85 f
  DATA_sync_ref/bit_sync_reg_reg[0]/SE (SDFFRQX2M)        0.00      20.85 f
  data arrival time                                                 20.85

  clock DFTCLK (rise edge)                                0.00       0.00
  clock network delay (ideal)                             0.00       0.00
  clock uncertainty                                       0.01       0.01
  DATA_sync_ref/bit_sync_reg_reg[0]/CK (SDFFRQX2M)        0.00       0.01 r
  library hold time                                      -0.26      -0.25
  data required time                                                -0.25
  --------------------------------------------------------------------------
  data required time                                                -0.25
  data arrival time                                                -20.85
  --------------------------------------------------------------------------
  slack (MET)                                                       21.10


  Startpoint: SE (input port clocked by DFTCLK)
  Endpoint: DATA_sync_ref/enable_pulse_reg
            (rising edge-triggered flip-flop clocked by DFTCLK)
  Path Group: INREG
  Path Type: min

  Point                                                   Incr       Path
  --------------------------------------------------------------------------
  clock DFTCLK (rise edge)                                0.00       0.00
  clock network delay (ideal)                             0.00       0.00
  input external delay                                   20.00      20.00 f
  SE (in)                                                 0.27      20.27 f
  U22/Y (INVXLM)                                          0.24      20.51 r
  U23/Y (INVXLM)                                          0.34      20.85 f
  DATA_sync_ref/test_se (DATA_SYNC_NUM_STAGES2_DATA_WIDTH8_test_1)
                                                          0.00      20.85 f
  DATA_sync_ref/enable_pulse_reg/SE (SDFFRQX2M)           0.00      20.85 f
  data arrival time                                                 20.85

  clock DFTCLK (rise edge)                                0.00       0.00
  clock network delay (ideal)                             0.00       0.00
  clock uncertainty                                       0.01       0.01
  DATA_sync_ref/enable_pulse_reg/CK (SDFFRQX2M)           0.00       0.01 r
  library hold time                                      -0.26      -0.25
  data required time                                                -0.25
  --------------------------------------------------------------------------
  data required time                                                -0.25
  data arrival time                                                -20.85
  --------------------------------------------------------------------------
  slack (MET)                                                       21.10


  Startpoint: SE (input port clocked by DFTCLK)
  Endpoint: U_FIFO/MEMORY_MODULE/MEMORY_reg[5][0]
            (rising edge-triggered flip-flop clocked by DFTCLK)
  Path Group: INREG
  Path Type: min

  Point                                                   Incr       Path
  --------------------------------------------------------------------------
  clock DFTCLK (rise edge)                                0.00       0.00
  clock network delay (ideal)                             0.00       0.00
  input external delay                                   20.00      20.00 f
  SE (in)                                                 0.27      20.27 f
  U_FIFO/test_se (ASYNC_FIFO_ADDRES_WIDTH4_DATA_WIDTH8_FIFO_DEPTH8_test_1)
                                                          0.00      20.27 f
  U_FIFO/MEMORY_MODULE/test_se (FIFO_MEM_CNTRL_ADDRES_WIDTH4_DATA_WIDTH8_FIFO_DEPTH8_test_1)
                                                          0.00      20.27 f
  U_FIFO/MEMORY_MODULE/U190/Y (INVXLM)                    0.22      20.49 r
  U_FIFO/MEMORY_MODULE/U191/Y (INVXLM)                    0.42      20.91 f
  U_FIFO/MEMORY_MODULE/MEMORY_reg[5][0]/SE (SDFFRQX2M)
                                                          0.00      20.91 f
  data arrival time                                                 20.91

  clock DFTCLK (rise edge)                                0.00       0.00
  clock network delay (ideal)                             0.00       0.00
  clock uncertainty                                       0.01       0.01
  U_FIFO/MEMORY_MODULE/MEMORY_reg[5][0]/CK (SDFFRQX2M)
                                                          0.00       0.01 r
  library hold time                                      -0.30      -0.29
  data required time                                                -0.29
  --------------------------------------------------------------------------
  data required time                                                -0.29
  data arrival time                                                -20.91
  --------------------------------------------------------------------------
  slack (MET)                                                       21.20


  Startpoint: SE (input port clocked by DFTCLK)
  Endpoint: U_FIFO/MEMORY_MODULE/MEMORY_reg[1][3]
            (rising edge-triggered flip-flop clocked by DFTCLK)
  Path Group: INREG
  Path Type: min

  Point                                                   Incr       Path
  --------------------------------------------------------------------------
  clock DFTCLK (rise edge)                                0.00       0.00
  clock network delay (ideal)                             0.00       0.00
  input external delay                                   20.00      20.00 f
  SE (in)                                                 0.27      20.27 f
  U_FIFO/test_se (ASYNC_FIFO_ADDRES_WIDTH4_DATA_WIDTH8_FIFO_DEPTH8_test_1)
                                                          0.00      20.27 f
  U_FIFO/MEMORY_MODULE/test_se (FIFO_MEM_CNTRL_ADDRES_WIDTH4_DATA_WIDTH8_FIFO_DEPTH8_test_1)
                                                          0.00      20.27 f
  U_FIFO/MEMORY_MODULE/U190/Y (INVXLM)                    0.22      20.49 r
  U_FIFO/MEMORY_MODULE/U194/Y (INVXLM)                    0.42      20.91 f
  U_FIFO/MEMORY_MODULE/MEMORY_reg[1][3]/SE (SDFFRQX2M)
                                                          0.00      20.91 f
  data arrival time                                                 20.91

  clock DFTCLK (rise edge)                                0.00       0.00
  clock network delay (ideal)                             0.00       0.00
  clock uncertainty                                       0.01       0.01
  U_FIFO/MEMORY_MODULE/MEMORY_reg[1][3]/CK (SDFFRQX2M)
                                                          0.00       0.01 r
  library hold time                                      -0.30      -0.29
  data required time                                                -0.29
  --------------------------------------------------------------------------
  data required time                                                -0.29
  data arrival time                                                -20.91
  --------------------------------------------------------------------------
  slack (MET)                                                       21.20


  Startpoint: SE (input port clocked by DFTCLK)
  Endpoint: U_FIFO/MEMORY_MODULE/MEMORY_reg[1][2]
            (rising edge-triggered flip-flop clocked by DFTCLK)
  Path Group: INREG
  Path Type: min

  Point                                                   Incr       Path
  --------------------------------------------------------------------------
  clock DFTCLK (rise edge)                                0.00       0.00
  clock network delay (ideal)                             0.00       0.00
  input external delay                                   20.00      20.00 f
  SE (in)                                                 0.27      20.27 f
  U_FIFO/test_se (ASYNC_FIFO_ADDRES_WIDTH4_DATA_WIDTH8_FIFO_DEPTH8_test_1)
                                                          0.00      20.27 f
  U_FIFO/MEMORY_MODULE/test_se (FIFO_MEM_CNTRL_ADDRES_WIDTH4_DATA_WIDTH8_FIFO_DEPTH8_test_1)
                                                          0.00      20.27 f
  U_FIFO/MEMORY_MODULE/U190/Y (INVXLM)                    0.22      20.49 r
  U_FIFO/MEMORY_MODULE/U193/Y (INVXLM)                    0.42      20.91 f
  U_FIFO/MEMORY_MODULE/MEMORY_reg[1][2]/SE (SDFFRQX2M)
                                                          0.00      20.91 f
  data arrival time                                                 20.91

  clock DFTCLK (rise edge)                                0.00       0.00
  clock network delay (ideal)                             0.00       0.00
  clock uncertainty                                       0.01       0.01
  U_FIFO/MEMORY_MODULE/MEMORY_reg[1][2]/CK (SDFFRQX2M)
                                                          0.00       0.01 r
  library hold time                                      -0.30      -0.29
  data required time                                                -0.29
  --------------------------------------------------------------------------
  data required time                                                -0.29
  data arrival time                                                -20.91
  --------------------------------------------------------------------------
  slack (MET)                                                       21.20


  Startpoint: SE (input port clocked by DFTCLK)
  Endpoint: U_FIFO/MEMORY_MODULE/MEMORY_reg[1][1]
            (rising edge-triggered flip-flop clocked by DFTCLK)
  Path Group: INREG
  Path Type: min

  Point                                                   Incr       Path
  --------------------------------------------------------------------------
  clock DFTCLK (rise edge)                                0.00       0.00
  clock network delay (ideal)                             0.00       0.00
  input external delay                                   20.00      20.00 f
  SE (in)                                                 0.27      20.27 f
  U_FIFO/test_se (ASYNC_FIFO_ADDRES_WIDTH4_DATA_WIDTH8_FIFO_DEPTH8_test_1)
                                                          0.00      20.27 f
  U_FIFO/MEMORY_MODULE/test_se (FIFO_MEM_CNTRL_ADDRES_WIDTH4_DATA_WIDTH8_FIFO_DEPTH8_test_1)
                                                          0.00      20.27 f
  U_FIFO/MEMORY_MODULE/U190/Y (INVXLM)                    0.22      20.49 r
  U_FIFO/MEMORY_MODULE/U192/Y (INVXLM)                    0.42      20.91 f
  U_FIFO/MEMORY_MODULE/MEMORY_reg[1][1]/SE (SDFFRQX2M)
                                                          0.00      20.91 f
  data arrival time                                                 20.91

  clock DFTCLK (rise edge)                                0.00       0.00
  clock network delay (ideal)                             0.00       0.00
  clock uncertainty                                       0.01       0.01
  U_FIFO/MEMORY_MODULE/MEMORY_reg[1][1]/CK (SDFFRQX2M)
                                                          0.00       0.01 r
  library hold time                                      -0.30      -0.29
  data required time                                                -0.29
  --------------------------------------------------------------------------
  data required time                                                -0.29
  data arrival time                                                -20.91
  --------------------------------------------------------------------------
  slack (MET)                                                       21.20


  Startpoint: SE (input port clocked by DFTCLK)
  Endpoint: U_FIFO/MEMORY_MODULE/MEMORY_reg[1][0]
            (rising edge-triggered flip-flop clocked by DFTCLK)
  Path Group: INREG
  Path Type: min

  Point                                                   Incr       Path
  --------------------------------------------------------------------------
  clock DFTCLK (rise edge)                                0.00       0.00
  clock network delay (ideal)                             0.00       0.00
  input external delay                                   20.00      20.00 f
  SE (in)                                                 0.27      20.27 f
  U_FIFO/test_se (ASYNC_FIFO_ADDRES_WIDTH4_DATA_WIDTH8_FIFO_DEPTH8_test_1)
                                                          0.00      20.27 f
  U_FIFO/MEMORY_MODULE/test_se (FIFO_MEM_CNTRL_ADDRES_WIDTH4_DATA_WIDTH8_FIFO_DEPTH8_test_1)
                                                          0.00      20.27 f
  U_FIFO/MEMORY_MODULE/U190/Y (INVXLM)                    0.22      20.49 r
  U_FIFO/MEMORY_MODULE/U191/Y (INVXLM)                    0.42      20.91 f
  U_FIFO/MEMORY_MODULE/MEMORY_reg[1][0]/SE (SDFFRQX2M)
                                                          0.00      20.91 f
  data arrival time                                                 20.91

  clock DFTCLK (rise edge)                                0.00       0.00
  clock network delay (ideal)                             0.00       0.00
  clock uncertainty                                       0.01       0.01
  U_FIFO/MEMORY_MODULE/MEMORY_reg[1][0]/CK (SDFFRQX2M)
                                                          0.00       0.01 r
  library hold time                                      -0.30      -0.29
  data required time                                                -0.29
  --------------------------------------------------------------------------
  data required time                                                -0.29
  data arrival time                                                -20.91
  --------------------------------------------------------------------------
  slack (MET)                                                       21.20


  Startpoint: SE (input port clocked by DFTCLK)
  Endpoint: U_FIFO/MEMORY_MODULE/MEMORY_reg[3][3]
            (rising edge-triggered flip-flop clocked by DFTCLK)
  Path Group: INREG
  Path Type: min

  Point                                                   Incr       Path
  --------------------------------------------------------------------------
  clock DFTCLK (rise edge)                                0.00       0.00
  clock network delay (ideal)                             0.00       0.00
  input external delay                                   20.00      20.00 f
  SE (in)                                                 0.27      20.27 f
  U_FIFO/test_se (ASYNC_FIFO_ADDRES_WIDTH4_DATA_WIDTH8_FIFO_DEPTH8_test_1)
                                                          0.00      20.27 f
  U_FIFO/MEMORY_MODULE/test_se (FIFO_MEM_CNTRL_ADDRES_WIDTH4_DATA_WIDTH8_FIFO_DEPTH8_test_1)
                                                          0.00      20.27 f
  U_FIFO/MEMORY_MODULE/U190/Y (INVXLM)                    0.22      20.49 r
  U_FIFO/MEMORY_MODULE/U194/Y (INVXLM)                    0.42      20.91 f
  U_FIFO/MEMORY_MODULE/MEMORY_reg[3][3]/SE (SDFFRQX2M)
                                                          0.00      20.91 f
  data arrival time                                                 20.91

  clock DFTCLK (rise edge)                                0.00       0.00
  clock network delay (ideal)                             0.00       0.00
  clock uncertainty                                       0.01       0.01
  U_FIFO/MEMORY_MODULE/MEMORY_reg[3][3]/CK (SDFFRQX2M)
                                                          0.00       0.01 r
  library hold time                                      -0.30      -0.29
  data required time                                                -0.29
  --------------------------------------------------------------------------
  data required time                                                -0.29
  data arrival time                                                -20.91
  --------------------------------------------------------------------------
  slack (MET)                                                       21.20


  Startpoint: SE (input port clocked by DFTCLK)
  Endpoint: U_FIFO/MEMORY_MODULE/MEMORY_reg[3][2]
            (rising edge-triggered flip-flop clocked by DFTCLK)
  Path Group: INREG
  Path Type: min

  Point                                                   Incr       Path
  --------------------------------------------------------------------------
  clock DFTCLK (rise edge)                                0.00       0.00
  clock network delay (ideal)                             0.00       0.00
  input external delay                                   20.00      20.00 f
  SE (in)                                                 0.27      20.27 f
  U_FIFO/test_se (ASYNC_FIFO_ADDRES_WIDTH4_DATA_WIDTH8_FIFO_DEPTH8_test_1)
                                                          0.00      20.27 f
  U_FIFO/MEMORY_MODULE/test_se (FIFO_MEM_CNTRL_ADDRES_WIDTH4_DATA_WIDTH8_FIFO_DEPTH8_test_1)
                                                          0.00      20.27 f
  U_FIFO/MEMORY_MODULE/U190/Y (INVXLM)                    0.22      20.49 r
  U_FIFO/MEMORY_MODULE/U193/Y (INVXLM)                    0.42      20.91 f
  U_FIFO/MEMORY_MODULE/MEMORY_reg[3][2]/SE (SDFFRQX2M)
                                                          0.00      20.91 f
  data arrival time                                                 20.91

  clock DFTCLK (rise edge)                                0.00       0.00
  clock network delay (ideal)                             0.00       0.00
  clock uncertainty                                       0.01       0.01
  U_FIFO/MEMORY_MODULE/MEMORY_reg[3][2]/CK (SDFFRQX2M)
                                                          0.00       0.01 r
  library hold time                                      -0.30      -0.29
  data required time                                                -0.29
  --------------------------------------------------------------------------
  data required time                                                -0.29
  data arrival time                                                -20.91
  --------------------------------------------------------------------------
  slack (MET)                                                       21.20


  Startpoint: SE (input port clocked by DFTCLK)
  Endpoint: U_FIFO/MEMORY_MODULE/MEMORY_reg[3][1]
            (rising edge-triggered flip-flop clocked by DFTCLK)
  Path Group: INREG
  Path Type: min

  Point                                                   Incr       Path
  --------------------------------------------------------------------------
  clock DFTCLK (rise edge)                                0.00       0.00
  clock network delay (ideal)                             0.00       0.00
  input external delay                                   20.00      20.00 f
  SE (in)                                                 0.27      20.27 f
  U_FIFO/test_se (ASYNC_FIFO_ADDRES_WIDTH4_DATA_WIDTH8_FIFO_DEPTH8_test_1)
                                                          0.00      20.27 f
  U_FIFO/MEMORY_MODULE/test_se (FIFO_MEM_CNTRL_ADDRES_WIDTH4_DATA_WIDTH8_FIFO_DEPTH8_test_1)
                                                          0.00      20.27 f
  U_FIFO/MEMORY_MODULE/U190/Y (INVXLM)                    0.22      20.49 r
  U_FIFO/MEMORY_MODULE/U192/Y (INVXLM)                    0.42      20.91 f
  U_FIFO/MEMORY_MODULE/MEMORY_reg[3][1]/SE (SDFFRQX2M)
                                                          0.00      20.91 f
  data arrival time                                                 20.91

  clock DFTCLK (rise edge)                                0.00       0.00
  clock network delay (ideal)                             0.00       0.00
  clock uncertainty                                       0.01       0.01
  U_FIFO/MEMORY_MODULE/MEMORY_reg[3][1]/CK (SDFFRQX2M)
                                                          0.00       0.01 r
  library hold time                                      -0.30      -0.29
  data required time                                                -0.29
  --------------------------------------------------------------------------
  data required time                                                -0.29
  data arrival time                                                -20.91
  --------------------------------------------------------------------------
  slack (MET)                                                       21.20


  Startpoint: SE (input port clocked by DFTCLK)
  Endpoint: U_FIFO/MEMORY_MODULE/MEMORY_reg[3][0]
            (rising edge-triggered flip-flop clocked by DFTCLK)
  Path Group: INREG
  Path Type: min

  Point                                                   Incr       Path
  --------------------------------------------------------------------------
  clock DFTCLK (rise edge)                                0.00       0.00
  clock network delay (ideal)                             0.00       0.00
  input external delay                                   20.00      20.00 f
  SE (in)                                                 0.27      20.27 f
  U_FIFO/test_se (ASYNC_FIFO_ADDRES_WIDTH4_DATA_WIDTH8_FIFO_DEPTH8_test_1)
                                                          0.00      20.27 f
  U_FIFO/MEMORY_MODULE/test_se (FIFO_MEM_CNTRL_ADDRES_WIDTH4_DATA_WIDTH8_FIFO_DEPTH8_test_1)
                                                          0.00      20.27 f
  U_FIFO/MEMORY_MODULE/U190/Y (INVXLM)                    0.22      20.49 r
  U_FIFO/MEMORY_MODULE/U191/Y (INVXLM)                    0.42      20.91 f
  U_FIFO/MEMORY_MODULE/MEMORY_reg[3][0]/SE (SDFFRQX2M)
                                                          0.00      20.91 f
  data arrival time                                                 20.91

  clock DFTCLK (rise edge)                                0.00       0.00
  clock network delay (ideal)                             0.00       0.00
  clock uncertainty                                       0.01       0.01
  U_FIFO/MEMORY_MODULE/MEMORY_reg[3][0]/CK (SDFFRQX2M)
                                                          0.00       0.01 r
  library hold time                                      -0.30      -0.29
  data required time                                                -0.29
  --------------------------------------------------------------------------
  data required time                                                -0.29
  data arrival time                                                -20.91
  --------------------------------------------------------------------------
  slack (MET)                                                       21.20


  Startpoint: SE (input port clocked by DFTCLK)
  Endpoint: U_FIFO/MEMORY_MODULE/MEMORY_reg[2][3]
            (rising edge-triggered flip-flop clocked by DFTCLK)
  Path Group: INREG
  Path Type: min

  Point                                                   Incr       Path
  --------------------------------------------------------------------------
  clock DFTCLK (rise edge)                                0.00       0.00
  clock network delay (ideal)                             0.00       0.00
  input external delay                                   20.00      20.00 f
  SE (in)                                                 0.27      20.27 f
  U_FIFO/test_se (ASYNC_FIFO_ADDRES_WIDTH4_DATA_WIDTH8_FIFO_DEPTH8_test_1)
                                                          0.00      20.27 f
  U_FIFO/MEMORY_MODULE/test_se (FIFO_MEM_CNTRL_ADDRES_WIDTH4_DATA_WIDTH8_FIFO_DEPTH8_test_1)
                                                          0.00      20.27 f
  U_FIFO/MEMORY_MODULE/U190/Y (INVXLM)                    0.22      20.49 r
  U_FIFO/MEMORY_MODULE/U194/Y (INVXLM)                    0.42      20.91 f
  U_FIFO/MEMORY_MODULE/MEMORY_reg[2][3]/SE (SDFFRQX2M)
                                                          0.00      20.91 f
  data arrival time                                                 20.91

  clock DFTCLK (rise edge)                                0.00       0.00
  clock network delay (ideal)                             0.00       0.00
  clock uncertainty                                       0.01       0.01
  U_FIFO/MEMORY_MODULE/MEMORY_reg[2][3]/CK (SDFFRQX2M)
                                                          0.00       0.01 r
  library hold time                                      -0.30      -0.29
  data required time                                                -0.29
  --------------------------------------------------------------------------
  data required time                                                -0.29
  data arrival time                                                -20.91
  --------------------------------------------------------------------------
  slack (MET)                                                       21.20


  Startpoint: SE (input port clocked by DFTCLK)
  Endpoint: U_FIFO/MEMORY_MODULE/MEMORY_reg[2][2]
            (rising edge-triggered flip-flop clocked by DFTCLK)
  Path Group: INREG
  Path Type: min

  Point                                                   Incr       Path
  --------------------------------------------------------------------------
  clock DFTCLK (rise edge)                                0.00       0.00
  clock network delay (ideal)                             0.00       0.00
  input external delay                                   20.00      20.00 f
  SE (in)                                                 0.27      20.27 f
  U_FIFO/test_se (ASYNC_FIFO_ADDRES_WIDTH4_DATA_WIDTH8_FIFO_DEPTH8_test_1)
                                                          0.00      20.27 f
  U_FIFO/MEMORY_MODULE/test_se (FIFO_MEM_CNTRL_ADDRES_WIDTH4_DATA_WIDTH8_FIFO_DEPTH8_test_1)
                                                          0.00      20.27 f
  U_FIFO/MEMORY_MODULE/U190/Y (INVXLM)                    0.22      20.49 r
  U_FIFO/MEMORY_MODULE/U193/Y (INVXLM)                    0.42      20.91 f
  U_FIFO/MEMORY_MODULE/MEMORY_reg[2][2]/SE (SDFFRQX2M)
                                                          0.00      20.91 f
  data arrival time                                                 20.91

  clock DFTCLK (rise edge)                                0.00       0.00
  clock network delay (ideal)                             0.00       0.00
  clock uncertainty                                       0.01       0.01
  U_FIFO/MEMORY_MODULE/MEMORY_reg[2][2]/CK (SDFFRQX2M)
                                                          0.00       0.01 r
  library hold time                                      -0.30      -0.29
  data required time                                                -0.29
  --------------------------------------------------------------------------
  data required time                                                -0.29
  data arrival time                                                -20.91
  --------------------------------------------------------------------------
  slack (MET)                                                       21.20


  Startpoint: SE (input port clocked by DFTCLK)
  Endpoint: U_FIFO/MEMORY_MODULE/MEMORY_reg[2][1]
            (rising edge-triggered flip-flop clocked by DFTCLK)
  Path Group: INREG
  Path Type: min

  Point                                                   Incr       Path
  --------------------------------------------------------------------------
  clock DFTCLK (rise edge)                                0.00       0.00
  clock network delay (ideal)                             0.00       0.00
  input external delay                                   20.00      20.00 f
  SE (in)                                                 0.27      20.27 f
  U_FIFO/test_se (ASYNC_FIFO_ADDRES_WIDTH4_DATA_WIDTH8_FIFO_DEPTH8_test_1)
                                                          0.00      20.27 f
  U_FIFO/MEMORY_MODULE/test_se (FIFO_MEM_CNTRL_ADDRES_WIDTH4_DATA_WIDTH8_FIFO_DEPTH8_test_1)
                                                          0.00      20.27 f
  U_FIFO/MEMORY_MODULE/U190/Y (INVXLM)                    0.22      20.49 r
  U_FIFO/MEMORY_MODULE/U192/Y (INVXLM)                    0.42      20.91 f
  U_FIFO/MEMORY_MODULE/MEMORY_reg[2][1]/SE (SDFFRQX2M)
                                                          0.00      20.91 f
  data arrival time                                                 20.91

  clock DFTCLK (rise edge)                                0.00       0.00
  clock network delay (ideal)                             0.00       0.00
  clock uncertainty                                       0.01       0.01
  U_FIFO/MEMORY_MODULE/MEMORY_reg[2][1]/CK (SDFFRQX2M)
                                                          0.00       0.01 r
  library hold time                                      -0.30      -0.29
  data required time                                                -0.29
  --------------------------------------------------------------------------
  data required time                                                -0.29
  data arrival time                                                -20.91
  --------------------------------------------------------------------------
  slack (MET)                                                       21.20


  Startpoint: SE (input port clocked by DFTCLK)
  Endpoint: U_FIFO/MEMORY_MODULE/MEMORY_reg[2][0]
            (rising edge-triggered flip-flop clocked by DFTCLK)
  Path Group: INREG
  Path Type: min

  Point                                                   Incr       Path
  --------------------------------------------------------------------------
  clock DFTCLK (rise edge)                                0.00       0.00
  clock network delay (ideal)                             0.00       0.00
  input external delay                                   20.00      20.00 f
  SE (in)                                                 0.27      20.27 f
  U_FIFO/test_se (ASYNC_FIFO_ADDRES_WIDTH4_DATA_WIDTH8_FIFO_DEPTH8_test_1)
                                                          0.00      20.27 f
  U_FIFO/MEMORY_MODULE/test_se (FIFO_MEM_CNTRL_ADDRES_WIDTH4_DATA_WIDTH8_FIFO_DEPTH8_test_1)
                                                          0.00      20.27 f
  U_FIFO/MEMORY_MODULE/U190/Y (INVXLM)                    0.22      20.49 r
  U_FIFO/MEMORY_MODULE/U191/Y (INVXLM)                    0.42      20.91 f
  U_FIFO/MEMORY_MODULE/MEMORY_reg[2][0]/SE (SDFFRQX2M)
                                                          0.00      20.91 f
  data arrival time                                                 20.91

  clock DFTCLK (rise edge)                                0.00       0.00
  clock network delay (ideal)                             0.00       0.00
  clock uncertainty                                       0.01       0.01
  U_FIFO/MEMORY_MODULE/MEMORY_reg[2][0]/CK (SDFFRQX2M)
                                                          0.00       0.01 r
  library hold time                                      -0.30      -0.29
  data required time                                                -0.29
  --------------------------------------------------------------------------
  data required time                                                -0.29
  data arrival time                                                -20.91
  --------------------------------------------------------------------------
  slack (MET)                                                       21.20


  Startpoint: SE (input port clocked by DFTCLK)
  Endpoint: U_FIFO/MEMORY_MODULE/MEMORY_reg[4][3]
            (rising edge-triggered flip-flop clocked by DFTCLK)
  Path Group: INREG
  Path Type: min

  Point                                                   Incr       Path
  --------------------------------------------------------------------------
  clock DFTCLK (rise edge)                                0.00       0.00
  clock network delay (ideal)                             0.00       0.00
  input external delay                                   20.00      20.00 f
  SE (in)                                                 0.27      20.27 f
  U_FIFO/test_se (ASYNC_FIFO_ADDRES_WIDTH4_DATA_WIDTH8_FIFO_DEPTH8_test_1)
                                                          0.00      20.27 f
  U_FIFO/MEMORY_MODULE/test_se (FIFO_MEM_CNTRL_ADDRES_WIDTH4_DATA_WIDTH8_FIFO_DEPTH8_test_1)
                                                          0.00      20.27 f
  U_FIFO/MEMORY_MODULE/U190/Y (INVXLM)                    0.22      20.49 r
  U_FIFO/MEMORY_MODULE/U194/Y (INVXLM)                    0.42      20.91 f
  U_FIFO/MEMORY_MODULE/MEMORY_reg[4][3]/SE (SDFFRQX2M)
                                                          0.00      20.91 f
  data arrival time                                                 20.91

  clock DFTCLK (rise edge)                                0.00       0.00
  clock network delay (ideal)                             0.00       0.00
  clock uncertainty                                       0.01       0.01
  U_FIFO/MEMORY_MODULE/MEMORY_reg[4][3]/CK (SDFFRQX2M)
                                                          0.00       0.01 r
  library hold time                                      -0.30      -0.29
  data required time                                                -0.29
  --------------------------------------------------------------------------
  data required time                                                -0.29
  data arrival time                                                -20.91
  --------------------------------------------------------------------------
  slack (MET)                                                       21.20


  Startpoint: SE (input port clocked by DFTCLK)
  Endpoint: U_FIFO/MEMORY_MODULE/MEMORY_reg[4][2]
            (rising edge-triggered flip-flop clocked by DFTCLK)
  Path Group: INREG
  Path Type: min

  Point                                                   Incr       Path
  --------------------------------------------------------------------------
  clock DFTCLK (rise edge)                                0.00       0.00
  clock network delay (ideal)                             0.00       0.00
  input external delay                                   20.00      20.00 f
  SE (in)                                                 0.27      20.27 f
  U_FIFO/test_se (ASYNC_FIFO_ADDRES_WIDTH4_DATA_WIDTH8_FIFO_DEPTH8_test_1)
                                                          0.00      20.27 f
  U_FIFO/MEMORY_MODULE/test_se (FIFO_MEM_CNTRL_ADDRES_WIDTH4_DATA_WIDTH8_FIFO_DEPTH8_test_1)
                                                          0.00      20.27 f
  U_FIFO/MEMORY_MODULE/U190/Y (INVXLM)                    0.22      20.49 r
  U_FIFO/MEMORY_MODULE/U193/Y (INVXLM)                    0.42      20.91 f
  U_FIFO/MEMORY_MODULE/MEMORY_reg[4][2]/SE (SDFFRQX2M)
                                                          0.00      20.91 f
  data arrival time                                                 20.91

  clock DFTCLK (rise edge)                                0.00       0.00
  clock network delay (ideal)                             0.00       0.00
  clock uncertainty                                       0.01       0.01
  U_FIFO/MEMORY_MODULE/MEMORY_reg[4][2]/CK (SDFFRQX2M)
                                                          0.00       0.01 r
  library hold time                                      -0.30      -0.29
  data required time                                                -0.29
  --------------------------------------------------------------------------
  data required time                                                -0.29
  data arrival time                                                -20.91
  --------------------------------------------------------------------------
  slack (MET)                                                       21.20


  Startpoint: SE (input port clocked by DFTCLK)
  Endpoint: U_FIFO/MEMORY_MODULE/MEMORY_reg[4][1]
            (rising edge-triggered flip-flop clocked by DFTCLK)
  Path Group: INREG
  Path Type: min

  Point                                                   Incr       Path
  --------------------------------------------------------------------------
  clock DFTCLK (rise edge)                                0.00       0.00
  clock network delay (ideal)                             0.00       0.00
  input external delay                                   20.00      20.00 f
  SE (in)                                                 0.27      20.27 f
  U_FIFO/test_se (ASYNC_FIFO_ADDRES_WIDTH4_DATA_WIDTH8_FIFO_DEPTH8_test_1)
                                                          0.00      20.27 f
  U_FIFO/MEMORY_MODULE/test_se (FIFO_MEM_CNTRL_ADDRES_WIDTH4_DATA_WIDTH8_FIFO_DEPTH8_test_1)
                                                          0.00      20.27 f
  U_FIFO/MEMORY_MODULE/U190/Y (INVXLM)                    0.22      20.49 r
  U_FIFO/MEMORY_MODULE/U192/Y (INVXLM)                    0.42      20.91 f
  U_FIFO/MEMORY_MODULE/MEMORY_reg[4][1]/SE (SDFFRQX2M)
                                                          0.00      20.91 f
  data arrival time                                                 20.91

  clock DFTCLK (rise edge)                                0.00       0.00
  clock network delay (ideal)                             0.00       0.00
  clock uncertainty                                       0.01       0.01
  U_FIFO/MEMORY_MODULE/MEMORY_reg[4][1]/CK (SDFFRQX2M)
                                                          0.00       0.01 r
  library hold time                                      -0.30      -0.29
  data required time                                                -0.29
  --------------------------------------------------------------------------
  data required time                                                -0.29
  data arrival time                                                -20.91
  --------------------------------------------------------------------------
  slack (MET)                                                       21.20


  Startpoint: SE (input port clocked by DFTCLK)
  Endpoint: U_FIFO/MEMORY_MODULE/MEMORY_reg[4][0]
            (rising edge-triggered flip-flop clocked by DFTCLK)
  Path Group: INREG
  Path Type: min

  Point                                                   Incr       Path
  --------------------------------------------------------------------------
  clock DFTCLK (rise edge)                                0.00       0.00
  clock network delay (ideal)                             0.00       0.00
  input external delay                                   20.00      20.00 f
  SE (in)                                                 0.27      20.27 f
  U_FIFO/test_se (ASYNC_FIFO_ADDRES_WIDTH4_DATA_WIDTH8_FIFO_DEPTH8_test_1)
                                                          0.00      20.27 f
  U_FIFO/MEMORY_MODULE/test_se (FIFO_MEM_CNTRL_ADDRES_WIDTH4_DATA_WIDTH8_FIFO_DEPTH8_test_1)
                                                          0.00      20.27 f
  U_FIFO/MEMORY_MODULE/U190/Y (INVXLM)                    0.22      20.49 r
  U_FIFO/MEMORY_MODULE/U191/Y (INVXLM)                    0.42      20.91 f
  U_FIFO/MEMORY_MODULE/MEMORY_reg[4][0]/SE (SDFFRQX2M)
                                                          0.00      20.91 f
  data arrival time                                                 20.91

  clock DFTCLK (rise edge)                                0.00       0.00
  clock network delay (ideal)                             0.00       0.00
  clock uncertainty                                       0.01       0.01
  U_FIFO/MEMORY_MODULE/MEMORY_reg[4][0]/CK (SDFFRQX2M)
                                                          0.00       0.01 r
  library hold time                                      -0.30      -0.29
  data required time                                                -0.29
  --------------------------------------------------------------------------
  data required time                                                -0.29
  data arrival time                                                -20.91
  --------------------------------------------------------------------------
  slack (MET)                                                       21.20


  Startpoint: SE (input port clocked by DFTCLK)
  Endpoint: U_FIFO/MEMORY_MODULE/MEMORY_reg[0][3]
            (rising edge-triggered flip-flop clocked by DFTCLK)
  Path Group: INREG
  Path Type: min

  Point                                                   Incr       Path
  --------------------------------------------------------------------------
  clock DFTCLK (rise edge)                                0.00       0.00
  clock network delay (ideal)                             0.00       0.00
  input external delay                                   20.00      20.00 f
  SE (in)                                                 0.27      20.27 f
  U_FIFO/test_se (ASYNC_FIFO_ADDRES_WIDTH4_DATA_WIDTH8_FIFO_DEPTH8_test_1)
                                                          0.00      20.27 f
  U_FIFO/MEMORY_MODULE/test_se (FIFO_MEM_CNTRL_ADDRES_WIDTH4_DATA_WIDTH8_FIFO_DEPTH8_test_1)
                                                          0.00      20.27 f
  U_FIFO/MEMORY_MODULE/U190/Y (INVXLM)                    0.22      20.49 r
  U_FIFO/MEMORY_MODULE/U194/Y (INVXLM)                    0.42      20.91 f
  U_FIFO/MEMORY_MODULE/MEMORY_reg[0][3]/SE (SDFFRQX2M)
                                                          0.00      20.91 f
  data arrival time                                                 20.91

  clock DFTCLK (rise edge)                                0.00       0.00
  clock network delay (ideal)                             0.00       0.00
  clock uncertainty                                       0.01       0.01
  U_FIFO/MEMORY_MODULE/MEMORY_reg[0][3]/CK (SDFFRQX2M)
                                                          0.00       0.01 r
  library hold time                                      -0.30      -0.29
  data required time                                                -0.29
  --------------------------------------------------------------------------
  data required time                                                -0.29
  data arrival time                                                -20.91
  --------------------------------------------------------------------------
  slack (MET)                                                       21.20


  Startpoint: SE (input port clocked by DFTCLK)
  Endpoint: U_FIFO/MEMORY_MODULE/MEMORY_reg[0][2]
            (rising edge-triggered flip-flop clocked by DFTCLK)
  Path Group: INREG
  Path Type: min

  Point                                                   Incr       Path
  --------------------------------------------------------------------------
  clock DFTCLK (rise edge)                                0.00       0.00
  clock network delay (ideal)                             0.00       0.00
  input external delay                                   20.00      20.00 f
  SE (in)                                                 0.27      20.27 f
  U_FIFO/test_se (ASYNC_FIFO_ADDRES_WIDTH4_DATA_WIDTH8_FIFO_DEPTH8_test_1)
                                                          0.00      20.27 f
  U_FIFO/MEMORY_MODULE/test_se (FIFO_MEM_CNTRL_ADDRES_WIDTH4_DATA_WIDTH8_FIFO_DEPTH8_test_1)
                                                          0.00      20.27 f
  U_FIFO/MEMORY_MODULE/U190/Y (INVXLM)                    0.22      20.49 r
  U_FIFO/MEMORY_MODULE/U193/Y (INVXLM)                    0.42      20.91 f
  U_FIFO/MEMORY_MODULE/MEMORY_reg[0][2]/SE (SDFFRQX2M)
                                                          0.00      20.91 f
  data arrival time                                                 20.91

  clock DFTCLK (rise edge)                                0.00       0.00
  clock network delay (ideal)                             0.00       0.00
  clock uncertainty                                       0.01       0.01
  U_FIFO/MEMORY_MODULE/MEMORY_reg[0][2]/CK (SDFFRQX2M)
                                                          0.00       0.01 r
  library hold time                                      -0.30      -0.29
  data required time                                                -0.29
  --------------------------------------------------------------------------
  data required time                                                -0.29
  data arrival time                                                -20.91
  --------------------------------------------------------------------------
  slack (MET)                                                       21.20


  Startpoint: SE (input port clocked by DFTCLK)
  Endpoint: U_FIFO/MEMORY_MODULE/MEMORY_reg[0][1]
            (rising edge-triggered flip-flop clocked by DFTCLK)
  Path Group: INREG
  Path Type: min

  Point                                                   Incr       Path
  --------------------------------------------------------------------------
  clock DFTCLK (rise edge)                                0.00       0.00
  clock network delay (ideal)                             0.00       0.00
  input external delay                                   20.00      20.00 f
  SE (in)                                                 0.27      20.27 f
  U_FIFO/test_se (ASYNC_FIFO_ADDRES_WIDTH4_DATA_WIDTH8_FIFO_DEPTH8_test_1)
                                                          0.00      20.27 f
  U_FIFO/MEMORY_MODULE/test_se (FIFO_MEM_CNTRL_ADDRES_WIDTH4_DATA_WIDTH8_FIFO_DEPTH8_test_1)
                                                          0.00      20.27 f
  U_FIFO/MEMORY_MODULE/U190/Y (INVXLM)                    0.22      20.49 r
  U_FIFO/MEMORY_MODULE/U192/Y (INVXLM)                    0.42      20.91 f
  U_FIFO/MEMORY_MODULE/MEMORY_reg[0][1]/SE (SDFFRQX2M)
                                                          0.00      20.91 f
  data arrival time                                                 20.91

  clock DFTCLK (rise edge)                                0.00       0.00
  clock network delay (ideal)                             0.00       0.00
  clock uncertainty                                       0.01       0.01
  U_FIFO/MEMORY_MODULE/MEMORY_reg[0][1]/CK (SDFFRQX2M)
                                                          0.00       0.01 r
  library hold time                                      -0.30      -0.29
  data required time                                                -0.29
  --------------------------------------------------------------------------
  data required time                                                -0.29
  data arrival time                                                -20.91
  --------------------------------------------------------------------------
  slack (MET)                                                       21.20


  Startpoint: SE (input port clocked by DFTCLK)
  Endpoint: U_FIFO/MEMORY_MODULE/MEMORY_reg[0][0]
            (rising edge-triggered flip-flop clocked by DFTCLK)
  Path Group: INREG
  Path Type: min

  Point                                                   Incr       Path
  --------------------------------------------------------------------------
  clock DFTCLK (rise edge)                                0.00       0.00
  clock network delay (ideal)                             0.00       0.00
  input external delay                                   20.00      20.00 f
  SE (in)                                                 0.27      20.27 f
  U_FIFO/test_se (ASYNC_FIFO_ADDRES_WIDTH4_DATA_WIDTH8_FIFO_DEPTH8_test_1)
                                                          0.00      20.27 f
  U_FIFO/MEMORY_MODULE/test_se (FIFO_MEM_CNTRL_ADDRES_WIDTH4_DATA_WIDTH8_FIFO_DEPTH8_test_1)
                                                          0.00      20.27 f
  U_FIFO/MEMORY_MODULE/U190/Y (INVXLM)                    0.22      20.49 r
  U_FIFO/MEMORY_MODULE/U191/Y (INVXLM)                    0.42      20.91 f
  U_FIFO/MEMORY_MODULE/MEMORY_reg[0][0]/SE (SDFFRQX2M)
                                                          0.00      20.91 f
  data arrival time                                                 20.91

  clock DFTCLK (rise edge)                                0.00       0.00
  clock network delay (ideal)                             0.00       0.00
  clock uncertainty                                       0.01       0.01
  U_FIFO/MEMORY_MODULE/MEMORY_reg[0][0]/CK (SDFFRQX2M)
                                                          0.00       0.01 r
  library hold time                                      -0.30      -0.29
  data required time                                                -0.29
  --------------------------------------------------------------------------
  data required time                                                -0.29
  data arrival time                                                -20.91
  --------------------------------------------------------------------------
  slack (MET)                                                       21.20


  Startpoint: SE (input port clocked by DFTCLK)
  Endpoint: U_FIFO/MEMORY_MODULE/MEMORY_reg[1][7]
            (rising edge-triggered flip-flop clocked by DFTCLK)
  Path Group: INREG
  Path Type: min

  Point                                                   Incr       Path
  --------------------------------------------------------------------------
  clock DFTCLK (rise edge)                                0.00       0.00
  clock network delay (ideal)                             0.00       0.00
  input external delay                                   20.00      20.00 f
  SE (in)                                                 0.27      20.27 f
  U_FIFO/test_se (ASYNC_FIFO_ADDRES_WIDTH4_DATA_WIDTH8_FIFO_DEPTH8_test_1)
                                                          0.00      20.27 f
  U_FIFO/MEMORY_MODULE/test_se (FIFO_MEM_CNTRL_ADDRES_WIDTH4_DATA_WIDTH8_FIFO_DEPTH8_test_1)
                                                          0.00      20.27 f
  U_FIFO/MEMORY_MODULE/U190/Y (INVXLM)                    0.22      20.49 r
  U_FIFO/MEMORY_MODULE/U194/Y (INVXLM)                    0.42      20.91 f
  U_FIFO/MEMORY_MODULE/MEMORY_reg[1][7]/SE (SDFFRQX2M)
                                                          0.00      20.91 f
  data arrival time                                                 20.91

  clock DFTCLK (rise edge)                                0.00       0.00
  clock network delay (ideal)                             0.00       0.00
  clock uncertainty                                       0.01       0.01
  U_FIFO/MEMORY_MODULE/MEMORY_reg[1][7]/CK (SDFFRQX2M)
                                                          0.00       0.01 r
  library hold time                                      -0.30      -0.29
  data required time                                                -0.29
  --------------------------------------------------------------------------
  data required time                                                -0.29
  data arrival time                                                -20.91
  --------------------------------------------------------------------------
  slack (MET)                                                       21.20


  Startpoint: SE (input port clocked by DFTCLK)
  Endpoint: U_FIFO/MEMORY_MODULE/MEMORY_reg[1][6]
            (rising edge-triggered flip-flop clocked by DFTCLK)
  Path Group: INREG
  Path Type: min

  Point                                                   Incr       Path
  --------------------------------------------------------------------------
  clock DFTCLK (rise edge)                                0.00       0.00
  clock network delay (ideal)                             0.00       0.00
  input external delay                                   20.00      20.00 f
  SE (in)                                                 0.27      20.27 f
  U_FIFO/test_se (ASYNC_FIFO_ADDRES_WIDTH4_DATA_WIDTH8_FIFO_DEPTH8_test_1)
                                                          0.00      20.27 f
  U_FIFO/MEMORY_MODULE/test_se (FIFO_MEM_CNTRL_ADDRES_WIDTH4_DATA_WIDTH8_FIFO_DEPTH8_test_1)
                                                          0.00      20.27 f
  U_FIFO/MEMORY_MODULE/U190/Y (INVXLM)                    0.22      20.49 r
  U_FIFO/MEMORY_MODULE/U193/Y (INVXLM)                    0.42      20.91 f
  U_FIFO/MEMORY_MODULE/MEMORY_reg[1][6]/SE (SDFFRQX2M)
                                                          0.00      20.91 f
  data arrival time                                                 20.91

  clock DFTCLK (rise edge)                                0.00       0.00
  clock network delay (ideal)                             0.00       0.00
  clock uncertainty                                       0.01       0.01
  U_FIFO/MEMORY_MODULE/MEMORY_reg[1][6]/CK (SDFFRQX2M)
                                                          0.00       0.01 r
  library hold time                                      -0.30      -0.29
  data required time                                                -0.29
  --------------------------------------------------------------------------
  data required time                                                -0.29
  data arrival time                                                -20.91
  --------------------------------------------------------------------------
  slack (MET)                                                       21.20


  Startpoint: SE (input port clocked by DFTCLK)
  Endpoint: U_FIFO/MEMORY_MODULE/MEMORY_reg[1][5]
            (rising edge-triggered flip-flop clocked by DFTCLK)
  Path Group: INREG
  Path Type: min

  Point                                                   Incr       Path
  --------------------------------------------------------------------------
  clock DFTCLK (rise edge)                                0.00       0.00
  clock network delay (ideal)                             0.00       0.00
  input external delay                                   20.00      20.00 f
  SE (in)                                                 0.27      20.27 f
  U_FIFO/test_se (ASYNC_FIFO_ADDRES_WIDTH4_DATA_WIDTH8_FIFO_DEPTH8_test_1)
                                                          0.00      20.27 f
  U_FIFO/MEMORY_MODULE/test_se (FIFO_MEM_CNTRL_ADDRES_WIDTH4_DATA_WIDTH8_FIFO_DEPTH8_test_1)
                                                          0.00      20.27 f
  U_FIFO/MEMORY_MODULE/U190/Y (INVXLM)                    0.22      20.49 r
  U_FIFO/MEMORY_MODULE/U192/Y (INVXLM)                    0.42      20.91 f
  U_FIFO/MEMORY_MODULE/MEMORY_reg[1][5]/SE (SDFFRQX2M)
                                                          0.00      20.91 f
  data arrival time                                                 20.91

  clock DFTCLK (rise edge)                                0.00       0.00
  clock network delay (ideal)                             0.00       0.00
  clock uncertainty                                       0.01       0.01
  U_FIFO/MEMORY_MODULE/MEMORY_reg[1][5]/CK (SDFFRQX2M)
                                                          0.00       0.01 r
  library hold time                                      -0.30      -0.29
  data required time                                                -0.29
  --------------------------------------------------------------------------
  data required time                                                -0.29
  data arrival time                                                -20.91
  --------------------------------------------------------------------------
  slack (MET)                                                       21.20


  Startpoint: SE (input port clocked by DFTCLK)
  Endpoint: U_FIFO/MEMORY_MODULE/MEMORY_reg[1][4]
            (rising edge-triggered flip-flop clocked by DFTCLK)
  Path Group: INREG
  Path Type: min

  Point                                                   Incr       Path
  --------------------------------------------------------------------------
  clock DFTCLK (rise edge)                                0.00       0.00
  clock network delay (ideal)                             0.00       0.00
  input external delay                                   20.00      20.00 f
  SE (in)                                                 0.27      20.27 f
  U_FIFO/test_se (ASYNC_FIFO_ADDRES_WIDTH4_DATA_WIDTH8_FIFO_DEPTH8_test_1)
                                                          0.00      20.27 f
  U_FIFO/MEMORY_MODULE/test_se (FIFO_MEM_CNTRL_ADDRES_WIDTH4_DATA_WIDTH8_FIFO_DEPTH8_test_1)
                                                          0.00      20.27 f
  U_FIFO/MEMORY_MODULE/U190/Y (INVXLM)                    0.22      20.49 r
  U_FIFO/MEMORY_MODULE/U191/Y (INVXLM)                    0.42      20.91 f
  U_FIFO/MEMORY_MODULE/MEMORY_reg[1][4]/SE (SDFFRQX2M)
                                                          0.00      20.91 f
  data arrival time                                                 20.91

  clock DFTCLK (rise edge)                                0.00       0.00
  clock network delay (ideal)                             0.00       0.00
  clock uncertainty                                       0.01       0.01
  U_FIFO/MEMORY_MODULE/MEMORY_reg[1][4]/CK (SDFFRQX2M)
                                                          0.00       0.01 r
  library hold time                                      -0.30      -0.29
  data required time                                                -0.29
  --------------------------------------------------------------------------
  data required time                                                -0.29
  data arrival time                                                -20.91
  --------------------------------------------------------------------------
  slack (MET)                                                       21.20


  Startpoint: SE (input port clocked by DFTCLK)
  Endpoint: U_FIFO/MEMORY_MODULE/MEMORY_reg[3][7]
            (rising edge-triggered flip-flop clocked by DFTCLK)
  Path Group: INREG
  Path Type: min

  Point                                                   Incr       Path
  --------------------------------------------------------------------------
  clock DFTCLK (rise edge)                                0.00       0.00
  clock network delay (ideal)                             0.00       0.00
  input external delay                                   20.00      20.00 f
  SE (in)                                                 0.27      20.27 f
  U_FIFO/test_se (ASYNC_FIFO_ADDRES_WIDTH4_DATA_WIDTH8_FIFO_DEPTH8_test_1)
                                                          0.00      20.27 f
  U_FIFO/MEMORY_MODULE/test_se (FIFO_MEM_CNTRL_ADDRES_WIDTH4_DATA_WIDTH8_FIFO_DEPTH8_test_1)
                                                          0.00      20.27 f
  U_FIFO/MEMORY_MODULE/U190/Y (INVXLM)                    0.22      20.49 r
  U_FIFO/MEMORY_MODULE/U194/Y (INVXLM)                    0.42      20.91 f
  U_FIFO/MEMORY_MODULE/MEMORY_reg[3][7]/SE (SDFFRQX2M)
                                                          0.00      20.91 f
  data arrival time                                                 20.91

  clock DFTCLK (rise edge)                                0.00       0.00
  clock network delay (ideal)                             0.00       0.00
  clock uncertainty                                       0.01       0.01
  U_FIFO/MEMORY_MODULE/MEMORY_reg[3][7]/CK (SDFFRQX2M)
                                                          0.00       0.01 r
  library hold time                                      -0.30      -0.29
  data required time                                                -0.29
  --------------------------------------------------------------------------
  data required time                                                -0.29
  data arrival time                                                -20.91
  --------------------------------------------------------------------------
  slack (MET)                                                       21.20


  Startpoint: SE (input port clocked by DFTCLK)
  Endpoint: U_FIFO/MEMORY_MODULE/MEMORY_reg[3][6]
            (rising edge-triggered flip-flop clocked by DFTCLK)
  Path Group: INREG
  Path Type: min

  Point                                                   Incr       Path
  --------------------------------------------------------------------------
  clock DFTCLK (rise edge)                                0.00       0.00
  clock network delay (ideal)                             0.00       0.00
  input external delay                                   20.00      20.00 f
  SE (in)                                                 0.27      20.27 f
  U_FIFO/test_se (ASYNC_FIFO_ADDRES_WIDTH4_DATA_WIDTH8_FIFO_DEPTH8_test_1)
                                                          0.00      20.27 f
  U_FIFO/MEMORY_MODULE/test_se (FIFO_MEM_CNTRL_ADDRES_WIDTH4_DATA_WIDTH8_FIFO_DEPTH8_test_1)
                                                          0.00      20.27 f
  U_FIFO/MEMORY_MODULE/U190/Y (INVXLM)                    0.22      20.49 r
  U_FIFO/MEMORY_MODULE/U193/Y (INVXLM)                    0.42      20.91 f
  U_FIFO/MEMORY_MODULE/MEMORY_reg[3][6]/SE (SDFFRQX2M)
                                                          0.00      20.91 f
  data arrival time                                                 20.91

  clock DFTCLK (rise edge)                                0.00       0.00
  clock network delay (ideal)                             0.00       0.00
  clock uncertainty                                       0.01       0.01
  U_FIFO/MEMORY_MODULE/MEMORY_reg[3][6]/CK (SDFFRQX2M)
                                                          0.00       0.01 r
  library hold time                                      -0.30      -0.29
  data required time                                                -0.29
  --------------------------------------------------------------------------
  data required time                                                -0.29
  data arrival time                                                -20.91
  --------------------------------------------------------------------------
  slack (MET)                                                       21.20


  Startpoint: SE (input port clocked by DFTCLK)
  Endpoint: U_FIFO/MEMORY_MODULE/MEMORY_reg[3][5]
            (rising edge-triggered flip-flop clocked by DFTCLK)
  Path Group: INREG
  Path Type: min

  Point                                                   Incr       Path
  --------------------------------------------------------------------------
  clock DFTCLK (rise edge)                                0.00       0.00
  clock network delay (ideal)                             0.00       0.00
  input external delay                                   20.00      20.00 f
  SE (in)                                                 0.27      20.27 f
  U_FIFO/test_se (ASYNC_FIFO_ADDRES_WIDTH4_DATA_WIDTH8_FIFO_DEPTH8_test_1)
                                                          0.00      20.27 f
  U_FIFO/MEMORY_MODULE/test_se (FIFO_MEM_CNTRL_ADDRES_WIDTH4_DATA_WIDTH8_FIFO_DEPTH8_test_1)
                                                          0.00      20.27 f
  U_FIFO/MEMORY_MODULE/U190/Y (INVXLM)                    0.22      20.49 r
  U_FIFO/MEMORY_MODULE/U192/Y (INVXLM)                    0.42      20.91 f
  U_FIFO/MEMORY_MODULE/MEMORY_reg[3][5]/SE (SDFFRQX2M)
                                                          0.00      20.91 f
  data arrival time                                                 20.91

  clock DFTCLK (rise edge)                                0.00       0.00
  clock network delay (ideal)                             0.00       0.00
  clock uncertainty                                       0.01       0.01
  U_FIFO/MEMORY_MODULE/MEMORY_reg[3][5]/CK (SDFFRQX2M)
                                                          0.00       0.01 r
  library hold time                                      -0.30      -0.29
  data required time                                                -0.29
  --------------------------------------------------------------------------
  data required time                                                -0.29
  data arrival time                                                -20.91
  --------------------------------------------------------------------------
  slack (MET)                                                       21.20


  Startpoint: SE (input port clocked by DFTCLK)
  Endpoint: U_FIFO/MEMORY_MODULE/MEMORY_reg[3][4]
            (rising edge-triggered flip-flop clocked by DFTCLK)
  Path Group: INREG
  Path Type: min

  Point                                                   Incr       Path
  --------------------------------------------------------------------------
  clock DFTCLK (rise edge)                                0.00       0.00
  clock network delay (ideal)                             0.00       0.00
  input external delay                                   20.00      20.00 f
  SE (in)                                                 0.27      20.27 f
  U_FIFO/test_se (ASYNC_FIFO_ADDRES_WIDTH4_DATA_WIDTH8_FIFO_DEPTH8_test_1)
                                                          0.00      20.27 f
  U_FIFO/MEMORY_MODULE/test_se (FIFO_MEM_CNTRL_ADDRES_WIDTH4_DATA_WIDTH8_FIFO_DEPTH8_test_1)
                                                          0.00      20.27 f
  U_FIFO/MEMORY_MODULE/U190/Y (INVXLM)                    0.22      20.49 r
  U_FIFO/MEMORY_MODULE/U191/Y (INVXLM)                    0.42      20.91 f
  U_FIFO/MEMORY_MODULE/MEMORY_reg[3][4]/SE (SDFFRQX2M)
                                                          0.00      20.91 f
  data arrival time                                                 20.91

  clock DFTCLK (rise edge)                                0.00       0.00
  clock network delay (ideal)                             0.00       0.00
  clock uncertainty                                       0.01       0.01
  U_FIFO/MEMORY_MODULE/MEMORY_reg[3][4]/CK (SDFFRQX2M)
                                                          0.00       0.01 r
  library hold time                                      -0.30      -0.29
  data required time                                                -0.29
  --------------------------------------------------------------------------
  data required time                                                -0.29
  data arrival time                                                -20.91
  --------------------------------------------------------------------------
  slack (MET)                                                       21.20


  Startpoint: SE (input port clocked by DFTCLK)
  Endpoint: U_FIFO/MEMORY_MODULE/MEMORY_reg[2][7]
            (rising edge-triggered flip-flop clocked by DFTCLK)
  Path Group: INREG
  Path Type: min

  Point                                                   Incr       Path
  --------------------------------------------------------------------------
  clock DFTCLK (rise edge)                                0.00       0.00
  clock network delay (ideal)                             0.00       0.00
  input external delay                                   20.00      20.00 f
  SE (in)                                                 0.27      20.27 f
  U_FIFO/test_se (ASYNC_FIFO_ADDRES_WIDTH4_DATA_WIDTH8_FIFO_DEPTH8_test_1)
                                                          0.00      20.27 f
  U_FIFO/MEMORY_MODULE/test_se (FIFO_MEM_CNTRL_ADDRES_WIDTH4_DATA_WIDTH8_FIFO_DEPTH8_test_1)
                                                          0.00      20.27 f
  U_FIFO/MEMORY_MODULE/U190/Y (INVXLM)                    0.22      20.49 r
  U_FIFO/MEMORY_MODULE/U194/Y (INVXLM)                    0.42      20.91 f
  U_FIFO/MEMORY_MODULE/MEMORY_reg[2][7]/SE (SDFFRQX2M)
                                                          0.00      20.91 f
  data arrival time                                                 20.91

  clock DFTCLK (rise edge)                                0.00       0.00
  clock network delay (ideal)                             0.00       0.00
  clock uncertainty                                       0.01       0.01
  U_FIFO/MEMORY_MODULE/MEMORY_reg[2][7]/CK (SDFFRQX2M)
                                                          0.00       0.01 r
  library hold time                                      -0.30      -0.29
  data required time                                                -0.29
  --------------------------------------------------------------------------
  data required time                                                -0.29
  data arrival time                                                -20.91
  --------------------------------------------------------------------------
  slack (MET)                                                       21.20


  Startpoint: SE (input port clocked by DFTCLK)
  Endpoint: U_FIFO/MEMORY_MODULE/MEMORY_reg[2][6]
            (rising edge-triggered flip-flop clocked by DFTCLK)
  Path Group: INREG
  Path Type: min

  Point                                                   Incr       Path
  --------------------------------------------------------------------------
  clock DFTCLK (rise edge)                                0.00       0.00
  clock network delay (ideal)                             0.00       0.00
  input external delay                                   20.00      20.00 f
  SE (in)                                                 0.27      20.27 f
  U_FIFO/test_se (ASYNC_FIFO_ADDRES_WIDTH4_DATA_WIDTH8_FIFO_DEPTH8_test_1)
                                                          0.00      20.27 f
  U_FIFO/MEMORY_MODULE/test_se (FIFO_MEM_CNTRL_ADDRES_WIDTH4_DATA_WIDTH8_FIFO_DEPTH8_test_1)
                                                          0.00      20.27 f
  U_FIFO/MEMORY_MODULE/U190/Y (INVXLM)                    0.22      20.49 r
  U_FIFO/MEMORY_MODULE/U193/Y (INVXLM)                    0.42      20.91 f
  U_FIFO/MEMORY_MODULE/MEMORY_reg[2][6]/SE (SDFFRQX2M)
                                                          0.00      20.91 f
  data arrival time                                                 20.91

  clock DFTCLK (rise edge)                                0.00       0.00
  clock network delay (ideal)                             0.00       0.00
  clock uncertainty                                       0.01       0.01
  U_FIFO/MEMORY_MODULE/MEMORY_reg[2][6]/CK (SDFFRQX2M)
                                                          0.00       0.01 r
  library hold time                                      -0.30      -0.29
  data required time                                                -0.29
  --------------------------------------------------------------------------
  data required time                                                -0.29
  data arrival time                                                -20.91
  --------------------------------------------------------------------------
  slack (MET)                                                       21.20


  Startpoint: SE (input port clocked by DFTCLK)
  Endpoint: U_FIFO/MEMORY_MODULE/MEMORY_reg[2][5]
            (rising edge-triggered flip-flop clocked by DFTCLK)
  Path Group: INREG
  Path Type: min

  Point                                                   Incr       Path
  --------------------------------------------------------------------------
  clock DFTCLK (rise edge)                                0.00       0.00
  clock network delay (ideal)                             0.00       0.00
  input external delay                                   20.00      20.00 f
  SE (in)                                                 0.27      20.27 f
  U_FIFO/test_se (ASYNC_FIFO_ADDRES_WIDTH4_DATA_WIDTH8_FIFO_DEPTH8_test_1)
                                                          0.00      20.27 f
  U_FIFO/MEMORY_MODULE/test_se (FIFO_MEM_CNTRL_ADDRES_WIDTH4_DATA_WIDTH8_FIFO_DEPTH8_test_1)
                                                          0.00      20.27 f
  U_FIFO/MEMORY_MODULE/U190/Y (INVXLM)                    0.22      20.49 r
  U_FIFO/MEMORY_MODULE/U192/Y (INVXLM)                    0.42      20.91 f
  U_FIFO/MEMORY_MODULE/MEMORY_reg[2][5]/SE (SDFFRQX2M)
                                                          0.00      20.91 f
  data arrival time                                                 20.91

  clock DFTCLK (rise edge)                                0.00       0.00
  clock network delay (ideal)                             0.00       0.00
  clock uncertainty                                       0.01       0.01
  U_FIFO/MEMORY_MODULE/MEMORY_reg[2][5]/CK (SDFFRQX2M)
                                                          0.00       0.01 r
  library hold time                                      -0.30      -0.29
  data required time                                                -0.29
  --------------------------------------------------------------------------
  data required time                                                -0.29
  data arrival time                                                -20.91
  --------------------------------------------------------------------------
  slack (MET)                                                       21.20


  Startpoint: SE (input port clocked by DFTCLK)
  Endpoint: U_FIFO/MEMORY_MODULE/MEMORY_reg[2][4]
            (rising edge-triggered flip-flop clocked by DFTCLK)
  Path Group: INREG
  Path Type: min

  Point                                                   Incr       Path
  --------------------------------------------------------------------------
  clock DFTCLK (rise edge)                                0.00       0.00
  clock network delay (ideal)                             0.00       0.00
  input external delay                                   20.00      20.00 f
  SE (in)                                                 0.27      20.27 f
  U_FIFO/test_se (ASYNC_FIFO_ADDRES_WIDTH4_DATA_WIDTH8_FIFO_DEPTH8_test_1)
                                                          0.00      20.27 f
  U_FIFO/MEMORY_MODULE/test_se (FIFO_MEM_CNTRL_ADDRES_WIDTH4_DATA_WIDTH8_FIFO_DEPTH8_test_1)
                                                          0.00      20.27 f
  U_FIFO/MEMORY_MODULE/U190/Y (INVXLM)                    0.22      20.49 r
  U_FIFO/MEMORY_MODULE/U191/Y (INVXLM)                    0.42      20.91 f
  U_FIFO/MEMORY_MODULE/MEMORY_reg[2][4]/SE (SDFFRQX2M)
                                                          0.00      20.91 f
  data arrival time                                                 20.91

  clock DFTCLK (rise edge)                                0.00       0.00
  clock network delay (ideal)                             0.00       0.00
  clock uncertainty                                       0.01       0.01
  U_FIFO/MEMORY_MODULE/MEMORY_reg[2][4]/CK (SDFFRQX2M)
                                                          0.00       0.01 r
  library hold time                                      -0.30      -0.29
  data required time                                                -0.29
  --------------------------------------------------------------------------
  data required time                                                -0.29
  data arrival time                                                -20.91
  --------------------------------------------------------------------------
  slack (MET)                                                       21.20


  Startpoint: SE (input port clocked by DFTCLK)
  Endpoint: U_FIFO/MEMORY_MODULE/MEMORY_reg[4][7]
            (rising edge-triggered flip-flop clocked by DFTCLK)
  Path Group: INREG
  Path Type: min

  Point                                                   Incr       Path
  --------------------------------------------------------------------------
  clock DFTCLK (rise edge)                                0.00       0.00
  clock network delay (ideal)                             0.00       0.00
  input external delay                                   20.00      20.00 f
  SE (in)                                                 0.27      20.27 f
  U_FIFO/test_se (ASYNC_FIFO_ADDRES_WIDTH4_DATA_WIDTH8_FIFO_DEPTH8_test_1)
                                                          0.00      20.27 f
  U_FIFO/MEMORY_MODULE/test_se (FIFO_MEM_CNTRL_ADDRES_WIDTH4_DATA_WIDTH8_FIFO_DEPTH8_test_1)
                                                          0.00      20.27 f
  U_FIFO/MEMORY_MODULE/U190/Y (INVXLM)                    0.22      20.49 r
  U_FIFO/MEMORY_MODULE/U194/Y (INVXLM)                    0.42      20.91 f
  U_FIFO/MEMORY_MODULE/MEMORY_reg[4][7]/SE (SDFFRQX2M)
                                                          0.00      20.91 f
  data arrival time                                                 20.91

  clock DFTCLK (rise edge)                                0.00       0.00
  clock network delay (ideal)                             0.00       0.00
  clock uncertainty                                       0.01       0.01
  U_FIFO/MEMORY_MODULE/MEMORY_reg[4][7]/CK (SDFFRQX2M)
                                                          0.00       0.01 r
  library hold time                                      -0.30      -0.29
  data required time                                                -0.29
  --------------------------------------------------------------------------
  data required time                                                -0.29
  data arrival time                                                -20.91
  --------------------------------------------------------------------------
  slack (MET)                                                       21.20


  Startpoint: SE (input port clocked by DFTCLK)
  Endpoint: U_FIFO/MEMORY_MODULE/MEMORY_reg[4][6]
            (rising edge-triggered flip-flop clocked by DFTCLK)
  Path Group: INREG
  Path Type: min

  Point                                                   Incr       Path
  --------------------------------------------------------------------------
  clock DFTCLK (rise edge)                                0.00       0.00
  clock network delay (ideal)                             0.00       0.00
  input external delay                                   20.00      20.00 f
  SE (in)                                                 0.27      20.27 f
  U_FIFO/test_se (ASYNC_FIFO_ADDRES_WIDTH4_DATA_WIDTH8_FIFO_DEPTH8_test_1)
                                                          0.00      20.27 f
  U_FIFO/MEMORY_MODULE/test_se (FIFO_MEM_CNTRL_ADDRES_WIDTH4_DATA_WIDTH8_FIFO_DEPTH8_test_1)
                                                          0.00      20.27 f
  U_FIFO/MEMORY_MODULE/U190/Y (INVXLM)                    0.22      20.49 r
  U_FIFO/MEMORY_MODULE/U193/Y (INVXLM)                    0.42      20.91 f
  U_FIFO/MEMORY_MODULE/MEMORY_reg[4][6]/SE (SDFFRQX2M)
                                                          0.00      20.91 f
  data arrival time                                                 20.91

  clock DFTCLK (rise edge)                                0.00       0.00
  clock network delay (ideal)                             0.00       0.00
  clock uncertainty                                       0.01       0.01
  U_FIFO/MEMORY_MODULE/MEMORY_reg[4][6]/CK (SDFFRQX2M)
                                                          0.00       0.01 r
  library hold time                                      -0.30      -0.29
  data required time                                                -0.29
  --------------------------------------------------------------------------
  data required time                                                -0.29
  data arrival time                                                -20.91
  --------------------------------------------------------------------------
  slack (MET)                                                       21.20


  Startpoint: SE (input port clocked by DFTCLK)
  Endpoint: U_FIFO/MEMORY_MODULE/MEMORY_reg[4][5]
            (rising edge-triggered flip-flop clocked by DFTCLK)
  Path Group: INREG
  Path Type: min

  Point                                                   Incr       Path
  --------------------------------------------------------------------------
  clock DFTCLK (rise edge)                                0.00       0.00
  clock network delay (ideal)                             0.00       0.00
  input external delay                                   20.00      20.00 f
  SE (in)                                                 0.27      20.27 f
  U_FIFO/test_se (ASYNC_FIFO_ADDRES_WIDTH4_DATA_WIDTH8_FIFO_DEPTH8_test_1)
                                                          0.00      20.27 f
  U_FIFO/MEMORY_MODULE/test_se (FIFO_MEM_CNTRL_ADDRES_WIDTH4_DATA_WIDTH8_FIFO_DEPTH8_test_1)
                                                          0.00      20.27 f
  U_FIFO/MEMORY_MODULE/U190/Y (INVXLM)                    0.22      20.49 r
  U_FIFO/MEMORY_MODULE/U192/Y (INVXLM)                    0.42      20.91 f
  U_FIFO/MEMORY_MODULE/MEMORY_reg[4][5]/SE (SDFFRQX2M)
                                                          0.00      20.91 f
  data arrival time                                                 20.91

  clock DFTCLK (rise edge)                                0.00       0.00
  clock network delay (ideal)                             0.00       0.00
  clock uncertainty                                       0.01       0.01
  U_FIFO/MEMORY_MODULE/MEMORY_reg[4][5]/CK (SDFFRQX2M)
                                                          0.00       0.01 r
  library hold time                                      -0.30      -0.29
  data required time                                                -0.29
  --------------------------------------------------------------------------
  data required time                                                -0.29
  data arrival time                                                -20.91
  --------------------------------------------------------------------------
  slack (MET)                                                       21.20


  Startpoint: SE (input port clocked by DFTCLK)
  Endpoint: U_FIFO/MEMORY_MODULE/MEMORY_reg[4][4]
            (rising edge-triggered flip-flop clocked by DFTCLK)
  Path Group: INREG
  Path Type: min

  Point                                                   Incr       Path
  --------------------------------------------------------------------------
  clock DFTCLK (rise edge)                                0.00       0.00
  clock network delay (ideal)                             0.00       0.00
  input external delay                                   20.00      20.00 f
  SE (in)                                                 0.27      20.27 f
  U_FIFO/test_se (ASYNC_FIFO_ADDRES_WIDTH4_DATA_WIDTH8_FIFO_DEPTH8_test_1)
                                                          0.00      20.27 f
  U_FIFO/MEMORY_MODULE/test_se (FIFO_MEM_CNTRL_ADDRES_WIDTH4_DATA_WIDTH8_FIFO_DEPTH8_test_1)
                                                          0.00      20.27 f
  U_FIFO/MEMORY_MODULE/U190/Y (INVXLM)                    0.22      20.49 r
  U_FIFO/MEMORY_MODULE/U191/Y (INVXLM)                    0.42      20.91 f
  U_FIFO/MEMORY_MODULE/MEMORY_reg[4][4]/SE (SDFFRQX2M)
                                                          0.00      20.91 f
  data arrival time                                                 20.91

  clock DFTCLK (rise edge)                                0.00       0.00
  clock network delay (ideal)                             0.00       0.00
  clock uncertainty                                       0.01       0.01
  U_FIFO/MEMORY_MODULE/MEMORY_reg[4][4]/CK (SDFFRQX2M)
                                                          0.00       0.01 r
  library hold time                                      -0.30      -0.29
  data required time                                                -0.29
  --------------------------------------------------------------------------
  data required time                                                -0.29
  data arrival time                                                -20.91
  --------------------------------------------------------------------------
  slack (MET)                                                       21.20


  Startpoint: SE (input port clocked by DFTCLK)
  Endpoint: U_FIFO/MEMORY_MODULE/MEMORY_reg[0][7]
            (rising edge-triggered flip-flop clocked by DFTCLK)
  Path Group: INREG
  Path Type: min

  Point                                                   Incr       Path
  --------------------------------------------------------------------------
  clock DFTCLK (rise edge)                                0.00       0.00
  clock network delay (ideal)                             0.00       0.00
  input external delay                                   20.00      20.00 f
  SE (in)                                                 0.27      20.27 f
  U_FIFO/test_se (ASYNC_FIFO_ADDRES_WIDTH4_DATA_WIDTH8_FIFO_DEPTH8_test_1)
                                                          0.00      20.27 f
  U_FIFO/MEMORY_MODULE/test_se (FIFO_MEM_CNTRL_ADDRES_WIDTH4_DATA_WIDTH8_FIFO_DEPTH8_test_1)
                                                          0.00      20.27 f
  U_FIFO/MEMORY_MODULE/U190/Y (INVXLM)                    0.22      20.49 r
  U_FIFO/MEMORY_MODULE/U194/Y (INVXLM)                    0.42      20.91 f
  U_FIFO/MEMORY_MODULE/MEMORY_reg[0][7]/SE (SDFFRQX2M)
                                                          0.00      20.91 f
  data arrival time                                                 20.91

  clock DFTCLK (rise edge)                                0.00       0.00
  clock network delay (ideal)                             0.00       0.00
  clock uncertainty                                       0.01       0.01
  U_FIFO/MEMORY_MODULE/MEMORY_reg[0][7]/CK (SDFFRQX2M)
                                                          0.00       0.01 r
  library hold time                                      -0.30      -0.29
  data required time                                                -0.29
  --------------------------------------------------------------------------
  data required time                                                -0.29
  data arrival time                                                -20.91
  --------------------------------------------------------------------------
  slack (MET)                                                       21.20


  Startpoint: SE (input port clocked by DFTCLK)
  Endpoint: U_FIFO/MEMORY_MODULE/MEMORY_reg[0][6]
            (rising edge-triggered flip-flop clocked by DFTCLK)
  Path Group: INREG
  Path Type: min

  Point                                                   Incr       Path
  --------------------------------------------------------------------------
  clock DFTCLK (rise edge)                                0.00       0.00
  clock network delay (ideal)                             0.00       0.00
  input external delay                                   20.00      20.00 f
  SE (in)                                                 0.27      20.27 f
  U_FIFO/test_se (ASYNC_FIFO_ADDRES_WIDTH4_DATA_WIDTH8_FIFO_DEPTH8_test_1)
                                                          0.00      20.27 f
  U_FIFO/MEMORY_MODULE/test_se (FIFO_MEM_CNTRL_ADDRES_WIDTH4_DATA_WIDTH8_FIFO_DEPTH8_test_1)
                                                          0.00      20.27 f
  U_FIFO/MEMORY_MODULE/U190/Y (INVXLM)                    0.22      20.49 r
  U_FIFO/MEMORY_MODULE/U193/Y (INVXLM)                    0.42      20.91 f
  U_FIFO/MEMORY_MODULE/MEMORY_reg[0][6]/SE (SDFFRQX2M)
                                                          0.00      20.91 f
  data arrival time                                                 20.91

  clock DFTCLK (rise edge)                                0.00       0.00
  clock network delay (ideal)                             0.00       0.00
  clock uncertainty                                       0.01       0.01
  U_FIFO/MEMORY_MODULE/MEMORY_reg[0][6]/CK (SDFFRQX2M)
                                                          0.00       0.01 r
  library hold time                                      -0.30      -0.29
  data required time                                                -0.29
  --------------------------------------------------------------------------
  data required time                                                -0.29
  data arrival time                                                -20.91
  --------------------------------------------------------------------------
  slack (MET)                                                       21.20


  Startpoint: SE (input port clocked by DFTCLK)
  Endpoint: U_FIFO/MEMORY_MODULE/MEMORY_reg[0][5]
            (rising edge-triggered flip-flop clocked by DFTCLK)
  Path Group: INREG
  Path Type: min

  Point                                                   Incr       Path
  --------------------------------------------------------------------------
  clock DFTCLK (rise edge)                                0.00       0.00
  clock network delay (ideal)                             0.00       0.00
  input external delay                                   20.00      20.00 f
  SE (in)                                                 0.27      20.27 f
  U_FIFO/test_se (ASYNC_FIFO_ADDRES_WIDTH4_DATA_WIDTH8_FIFO_DEPTH8_test_1)
                                                          0.00      20.27 f
  U_FIFO/MEMORY_MODULE/test_se (FIFO_MEM_CNTRL_ADDRES_WIDTH4_DATA_WIDTH8_FIFO_DEPTH8_test_1)
                                                          0.00      20.27 f
  U_FIFO/MEMORY_MODULE/U190/Y (INVXLM)                    0.22      20.49 r
  U_FIFO/MEMORY_MODULE/U192/Y (INVXLM)                    0.42      20.91 f
  U_FIFO/MEMORY_MODULE/MEMORY_reg[0][5]/SE (SDFFRQX2M)
                                                          0.00      20.91 f
  data arrival time                                                 20.91

  clock DFTCLK (rise edge)                                0.00       0.00
  clock network delay (ideal)                             0.00       0.00
  clock uncertainty                                       0.01       0.01
  U_FIFO/MEMORY_MODULE/MEMORY_reg[0][5]/CK (SDFFRQX2M)
                                                          0.00       0.01 r
  library hold time                                      -0.30      -0.29
  data required time                                                -0.29
  --------------------------------------------------------------------------
  data required time                                                -0.29
  data arrival time                                                -20.91
  --------------------------------------------------------------------------
  slack (MET)                                                       21.20


  Startpoint: SE (input port clocked by DFTCLK)
  Endpoint: U_FIFO/MEMORY_MODULE/MEMORY_reg[0][4]
            (rising edge-triggered flip-flop clocked by DFTCLK)
  Path Group: INREG
  Path Type: min

  Point                                                   Incr       Path
  --------------------------------------------------------------------------
  clock DFTCLK (rise edge)                                0.00       0.00
  clock network delay (ideal)                             0.00       0.00
  input external delay                                   20.00      20.00 f
  SE (in)                                                 0.27      20.27 f
  U_FIFO/test_se (ASYNC_FIFO_ADDRES_WIDTH4_DATA_WIDTH8_FIFO_DEPTH8_test_1)
                                                          0.00      20.27 f
  U_FIFO/MEMORY_MODULE/test_se (FIFO_MEM_CNTRL_ADDRES_WIDTH4_DATA_WIDTH8_FIFO_DEPTH8_test_1)
                                                          0.00      20.27 f
  U_FIFO/MEMORY_MODULE/U190/Y (INVXLM)                    0.22      20.49 r
  U_FIFO/MEMORY_MODULE/U191/Y (INVXLM)                    0.42      20.91 f
  U_FIFO/MEMORY_MODULE/MEMORY_reg[0][4]/SE (SDFFRQX2M)
                                                          0.00      20.91 f
  data arrival time                                                 20.91

  clock DFTCLK (rise edge)                                0.00       0.00
  clock network delay (ideal)                             0.00       0.00
  clock uncertainty                                       0.01       0.01
  U_FIFO/MEMORY_MODULE/MEMORY_reg[0][4]/CK (SDFFRQX2M)
                                                          0.00       0.01 r
  library hold time                                      -0.30      -0.29
  data required time                                                -0.29
  --------------------------------------------------------------------------
  data required time                                                -0.29
  data arrival time                                                -20.91
  --------------------------------------------------------------------------
  slack (MET)                                                       21.20


  Startpoint: U_FIFO/MEMORY_MODULE/MEMORY_reg[7][4]
              (rising edge-triggered flip-flop clocked by DFTCLK)
  Endpoint: SO[2] (output port clocked by DFTCLK)
  Path Group: REGOUT
  Path Type: min

  Point                                                   Incr       Path
  --------------------------------------------------------------------------
  clock DFTCLK (rise edge)                                0.00       0.00
  clock network delay (ideal)                             0.00       0.00
  U_FIFO/MEMORY_MODULE/MEMORY_reg[7][4]/CK (SDFFRQX2M)
                                                          0.00       0.00 r
  U_FIFO/MEMORY_MODULE/MEMORY_reg[7][4]/Q (SDFFRQX2M)     0.75       0.75 f
  U_FIFO/MEMORY_MODULE/test_so1 (FIFO_MEM_CNTRL_ADDRES_WIDTH4_DATA_WIDTH8_FIFO_DEPTH8_test_1)
                                                          0.00       0.75 f
  U_FIFO/test_so1 (ASYNC_FIFO_ADDRES_WIDTH4_DATA_WIDTH8_FIFO_DEPTH8_test_1)
                                                          0.00       0.75 f
  SO[2] (out)                                             0.00       0.75 f
  data arrival time                                                  0.75

  clock DFTCLK (rise edge)                                0.00       0.00
  clock network delay (ideal)                             0.00       0.00
  clock uncertainty                                       0.01       0.01
  output external delay                                 -20.00     -19.99
  data required time                                               -19.99
  --------------------------------------------------------------------------
  data required time                                               -19.99
  data arrival time                                                 -0.75
  --------------------------------------------------------------------------
  slack (MET)                                                       20.74


  Startpoint: U_RegFile/regArr_reg[7][0]
              (rising edge-triggered flip-flop clocked by DFTCLK)
  Endpoint: SO[1] (output port clocked by DFTCLK)
  Path Group: REGOUT
  Path Type: min

  Point                                                   Incr       Path
  --------------------------------------------------------------------------
  clock DFTCLK (rise edge)                                0.00       0.00
  clock network delay (ideal)                             0.00       0.00
  U_RegFile/regArr_reg[7][0]/CK (SDFFRQX2M)               0.00       0.00 r
  U_RegFile/regArr_reg[7][0]/Q (SDFFRQX2M)                0.75       0.75 f
  U_RegFile/test_so1 (RegFile_test_1)                     0.00       0.75 f
  SO[1] (out)                                             0.00       0.75 f
  data arrival time                                                  0.75

  clock DFTCLK (rise edge)                                0.00       0.00
  clock network delay (ideal)                             0.00       0.00
  clock uncertainty                                       0.01       0.01
  output external delay                                 -20.00     -19.99
  data required time                                               -19.99
  --------------------------------------------------------------------------
  data required time                                               -19.99
  data arrival time                                                 -0.75
  --------------------------------------------------------------------------
  slack (MET)                                                       20.74


  Startpoint: UART/U_UART_TX/U4/TX_OUT_reg
              (rising edge-triggered flip-flop clocked by DFTCLK)
  Endpoint: SO[3] (output port clocked by DFTCLK)
  Path Group: REGOUT
  Path Type: min

  Point                                                   Incr       Path
  --------------------------------------------------------------------------
  clock DFTCLK (rise edge)                                0.00       0.00
  clock network delay (ideal)                             0.00       0.00
  UART/U_UART_TX/U4/TX_OUT_reg/CK (SDFFSQX2M)             0.00       0.00 r
  UART/U_UART_TX/U4/TX_OUT_reg/Q (SDFFSQX2M)              0.75       0.75 f
  UART/U_UART_TX/U4/TX_OUT (MUX_MUX_WIDTH2_test_1)        0.00       0.75 f
  UART/U_UART_TX/TX_OUT (UART_TX_DATA_WIDTH8_test_1)      0.00       0.75 f
  UART/TX_OUT_S (UART_TOP_test_1)                         0.00       0.75 f
  SO[3] (out)                                             0.00       0.75 f
  data arrival time                                                  0.75

  clock DFTCLK (rise edge)                                0.00       0.00
  clock network delay (ideal)                             0.00       0.00
  clock uncertainty                                       0.01       0.01
  output external delay                                 -20.00     -19.99
  data required time                                               -19.99
  --------------------------------------------------------------------------
  data required time                                               -19.99
  data arrival time                                                 -0.75
  --------------------------------------------------------------------------
  slack (MET)                                                       20.74


  Startpoint: U_SYS_CTRL/current_state_reg[3]
              (rising edge-triggered flip-flop clocked by DFTCLK)
  Endpoint: SO[0] (output port clocked by DFTCLK)
  Path Group: REGOUT
  Path Type: min

  Point                                                   Incr       Path
  --------------------------------------------------------------------------
  clock DFTCLK (rise edge)                                0.00       0.00
  clock network delay (ideal)                             0.00       0.00
  U_SYS_CTRL/current_state_reg[3]/CK (SDFFRQX2M)          0.00       0.00 r
  U_SYS_CTRL/current_state_reg[3]/Q (SDFFRQX2M)           0.78       0.78 f
  U_SYS_CTRL/test_so (SYS_CTRL_test_1)                    0.00       0.78 f
  SO[0] (out)                                             0.00       0.78 f
  data arrival time                                                  0.78

  clock DFTCLK (rise edge)                                0.00       0.00
  clock network delay (ideal)                             0.00       0.00
  clock uncertainty                                       0.01       0.01
  output external delay                                 -20.00     -19.99
  data required time                                               -19.99
  --------------------------------------------------------------------------
  data required time                                               -19.99
  data arrival time                                                 -0.78
  --------------------------------------------------------------------------
  slack (MET)                                                       20.77


1
