 
****************************************
Report : timing
        -path full
        -delay max
        -max_paths 100
Design : SYS_TOP
Version: K-2015.06
Date   : Sun Sep 28 21:41:58 2025
****************************************

Operating Conditions: scmetro_tsmc_cl013g_rvt_ss_1p08v_125c   Library: scmetro_tsmc_cl013g_rvt_ss_1p08v_125c
Wire Load Model Mode: top

  Startpoint: U_ALU/ALU_OUT_reg[5]
              (rising edge-triggered flip-flop clocked by ALU_CLK)
  Endpoint: U_ALU/ALU_OUT_reg[6]
            (rising edge-triggered flip-flop clocked by ALU_CLK)
  Path Group: ALU_CLK
  Path Type: max

  Point                                    Incr       Path
  -----------------------------------------------------------
  clock ALU_CLK (rise edge)                0.00       0.00
  clock network delay (ideal)              0.00       0.00
  U_ALU/ALU_OUT_reg[5]/CK (SDFFRQX2M)      0.00       0.00 r
  U_ALU/ALU_OUT_reg[5]/Q (SDFFRQX2M)       0.42       0.42 f
  U_ALU/ALU_OUT_reg[6]/SI (SDFFRQX2M)      0.00       0.42 f
  data arrival time                                   0.42

  clock ALU_CLK (rise edge)               20.00      20.00
  clock network delay (ideal)              0.00      20.00
  clock uncertainty                       -0.20      19.80
  U_ALU/ALU_OUT_reg[6]/CK (SDFFRQX2M)      0.00      19.80 r
  library setup time                      -0.52      19.28
  data required time                                 19.28
  -----------------------------------------------------------
  data required time                                 19.28
  data arrival time                                  -0.42
  -----------------------------------------------------------
  slack (MET)                                        18.87


  Startpoint: U_ALU/ALU_OUT_reg[4]
              (rising edge-triggered flip-flop clocked by ALU_CLK)
  Endpoint: U_ALU/ALU_OUT_reg[5]
            (rising edge-triggered flip-flop clocked by ALU_CLK)
  Path Group: ALU_CLK
  Path Type: max

  Point                                    Incr       Path
  -----------------------------------------------------------
  clock ALU_CLK (rise edge)                0.00       0.00
  clock network delay (ideal)              0.00       0.00
  U_ALU/ALU_OUT_reg[4]/CK (SDFFRQX2M)      0.00       0.00 r
  U_ALU/ALU_OUT_reg[4]/Q (SDFFRQX2M)       0.42       0.42 f
  U_ALU/ALU_OUT_reg[5]/SI (SDFFRQX2M)      0.00       0.42 f
  data arrival time                                   0.42

  clock ALU_CLK (rise edge)               20.00      20.00
  clock network delay (ideal)              0.00      20.00
  clock uncertainty                       -0.20      19.80
  U_ALU/ALU_OUT_reg[5]/CK (SDFFRQX2M)      0.00      19.80 r
  library setup time                      -0.52      19.28
  data required time                                 19.28
  -----------------------------------------------------------
  data required time                                 19.28
  data arrival time                                  -0.42
  -----------------------------------------------------------
  slack (MET)                                        18.87


  Startpoint: U_ALU/ALU_OUT_reg[3]
              (rising edge-triggered flip-flop clocked by ALU_CLK)
  Endpoint: U_ALU/ALU_OUT_reg[4]
            (rising edge-triggered flip-flop clocked by ALU_CLK)
  Path Group: ALU_CLK
  Path Type: max

  Point                                    Incr       Path
  -----------------------------------------------------------
  clock ALU_CLK (rise edge)                0.00       0.00
  clock network delay (ideal)              0.00       0.00
  U_ALU/ALU_OUT_reg[3]/CK (SDFFRQX2M)      0.00       0.00 r
  U_ALU/ALU_OUT_reg[3]/Q (SDFFRQX2M)       0.42       0.42 f
  U_ALU/ALU_OUT_reg[4]/SI (SDFFRQX2M)      0.00       0.42 f
  data arrival time                                   0.42

  clock ALU_CLK (rise edge)               20.00      20.00
  clock network delay (ideal)              0.00      20.00
  clock uncertainty                       -0.20      19.80
  U_ALU/ALU_OUT_reg[4]/CK (SDFFRQX2M)      0.00      19.80 r
  library setup time                      -0.52      19.28
  data required time                                 19.28
  -----------------------------------------------------------
  data required time                                 19.28
  data arrival time                                  -0.42
  -----------------------------------------------------------
  slack (MET)                                        18.87


  Startpoint: U_ALU/ALU_OUT_reg[2]
              (rising edge-triggered flip-flop clocked by ALU_CLK)
  Endpoint: U_ALU/ALU_OUT_reg[3]
            (rising edge-triggered flip-flop clocked by ALU_CLK)
  Path Group: ALU_CLK
  Path Type: max

  Point                                    Incr       Path
  -----------------------------------------------------------
  clock ALU_CLK (rise edge)                0.00       0.00
  clock network delay (ideal)              0.00       0.00
  U_ALU/ALU_OUT_reg[2]/CK (SDFFRQX2M)      0.00       0.00 r
  U_ALU/ALU_OUT_reg[2]/Q (SDFFRQX2M)       0.42       0.42 f
  U_ALU/ALU_OUT_reg[3]/SI (SDFFRQX2M)      0.00       0.42 f
  data arrival time                                   0.42

  clock ALU_CLK (rise edge)               20.00      20.00
  clock network delay (ideal)              0.00      20.00
  clock uncertainty                       -0.20      19.80
  U_ALU/ALU_OUT_reg[3]/CK (SDFFRQX2M)      0.00      19.80 r
  library setup time                      -0.52      19.28
  data required time                                 19.28
  -----------------------------------------------------------
  data required time                                 19.28
  data arrival time                                  -0.42
  -----------------------------------------------------------
  slack (MET)                                        18.87


  Startpoint: U_ALU/ALU_OUT_reg[1]
              (rising edge-triggered flip-flop clocked by ALU_CLK)
  Endpoint: U_ALU/ALU_OUT_reg[2]
            (rising edge-triggered flip-flop clocked by ALU_CLK)
  Path Group: ALU_CLK
  Path Type: max

  Point                                    Incr       Path
  -----------------------------------------------------------
  clock ALU_CLK (rise edge)                0.00       0.00
  clock network delay (ideal)              0.00       0.00
  U_ALU/ALU_OUT_reg[1]/CK (SDFFRQX2M)      0.00       0.00 r
  U_ALU/ALU_OUT_reg[1]/Q (SDFFRQX2M)       0.42       0.42 f
  U_ALU/ALU_OUT_reg[2]/SI (SDFFRQX2M)      0.00       0.42 f
  data arrival time                                   0.42

  clock ALU_CLK (rise edge)               20.00      20.00
  clock network delay (ideal)              0.00      20.00
  clock uncertainty                       -0.20      19.80
  U_ALU/ALU_OUT_reg[2]/CK (SDFFRQX2M)      0.00      19.80 r
  library setup time                      -0.52      19.28
  data required time                                 19.28
  -----------------------------------------------------------
  data required time                                 19.28
  data arrival time                                  -0.42
  -----------------------------------------------------------
  slack (MET)                                        18.87


  Startpoint: U_ALU/ALU_OUT_reg[0]
              (rising edge-triggered flip-flop clocked by ALU_CLK)
  Endpoint: U_ALU/ALU_OUT_reg[1]
            (rising edge-triggered flip-flop clocked by ALU_CLK)
  Path Group: ALU_CLK
  Path Type: max

  Point                                    Incr       Path
  -----------------------------------------------------------
  clock ALU_CLK (rise edge)                0.00       0.00
  clock network delay (ideal)              0.00       0.00
  U_ALU/ALU_OUT_reg[0]/CK (SDFFRQX2M)      0.00       0.00 r
  U_ALU/ALU_OUT_reg[0]/Q (SDFFRQX2M)       0.42       0.42 f
  U_ALU/ALU_OUT_reg[1]/SI (SDFFRQX2M)      0.00       0.42 f
  data arrival time                                   0.42

  clock ALU_CLK (rise edge)               20.00      20.00
  clock network delay (ideal)              0.00      20.00
  clock uncertainty                       -0.20      19.80
  U_ALU/ALU_OUT_reg[1]/CK (SDFFRQX2M)      0.00      19.80 r
  library setup time                      -0.52      19.28
  data required time                                 19.28
  -----------------------------------------------------------
  data required time                                 19.28
  data arrival time                                  -0.42
  -----------------------------------------------------------
  slack (MET)                                        18.87


  Startpoint: U_ALU/ALU_OUT_reg[7]
              (rising edge-triggered flip-flop clocked by ALU_CLK)
  Endpoint: U_ALU/ALU_OUT_reg[8]
            (rising edge-triggered flip-flop clocked by ALU_CLK)
  Path Group: ALU_CLK
  Path Type: max

  Point                                    Incr       Path
  -----------------------------------------------------------
  clock ALU_CLK (rise edge)                0.00       0.00
  clock network delay (ideal)              0.00       0.00
  U_ALU/ALU_OUT_reg[7]/CK (SDFFRQX2M)      0.00       0.00 r
  U_ALU/ALU_OUT_reg[7]/Q (SDFFRQX2M)       0.42       0.42 f
  U_ALU/ALU_OUT_reg[8]/SI (SDFFRQX2M)      0.00       0.42 f
  data arrival time                                   0.42

  clock ALU_CLK (rise edge)               20.00      20.00
  clock network delay (ideal)              0.00      20.00
  clock uncertainty                       -0.20      19.80
  U_ALU/ALU_OUT_reg[8]/CK (SDFFRQX2M)      0.00      19.80 r
  library setup time                      -0.52      19.28
  data required time                                 19.28
  -----------------------------------------------------------
  data required time                                 19.28
  data arrival time                                  -0.42
  -----------------------------------------------------------
  slack (MET)                                        18.87


  Startpoint: U_ALU/ALU_OUT_reg[14]
              (rising edge-triggered flip-flop clocked by ALU_CLK)
  Endpoint: U_ALU/ALU_OUT_reg[15]
            (rising edge-triggered flip-flop clocked by ALU_CLK)
  Path Group: ALU_CLK
  Path Type: max

  Point                                                   Incr       Path
  --------------------------------------------------------------------------
  clock ALU_CLK (rise edge)                               0.00       0.00
  clock network delay (ideal)                             0.00       0.00
  U_ALU/ALU_OUT_reg[14]/CK (SDFFRQX2M)                    0.00       0.00 r
  U_ALU/ALU_OUT_reg[14]/Q (SDFFRQX2M)                     0.42       0.42 f
  U_ALU/ALU_OUT_reg[15]/SI (SDFFRQX2M)                    0.00       0.42 f
  data arrival time                                                  0.42

  clock ALU_CLK (rise edge)                              20.00      20.00
  clock network delay (ideal)                             0.00      20.00
  clock uncertainty                                      -0.20      19.80
  U_ALU/ALU_OUT_reg[15]/CK (SDFFRQX2M)                    0.00      19.80 r
  library setup time                                     -0.52      19.28
  data required time                                                19.28
  --------------------------------------------------------------------------
  data required time                                                19.28
  data arrival time                                                 -0.42
  --------------------------------------------------------------------------
  slack (MET)                                                       18.87


  Startpoint: U_ALU/ALU_OUT_reg[13]
              (rising edge-triggered flip-flop clocked by ALU_CLK)
  Endpoint: U_ALU/ALU_OUT_reg[14]
            (rising edge-triggered flip-flop clocked by ALU_CLK)
  Path Group: ALU_CLK
  Path Type: max

  Point                                                   Incr       Path
  --------------------------------------------------------------------------
  clock ALU_CLK (rise edge)                               0.00       0.00
  clock network delay (ideal)                             0.00       0.00
  U_ALU/ALU_OUT_reg[13]/CK (SDFFRQX2M)                    0.00       0.00 r
  U_ALU/ALU_OUT_reg[13]/Q (SDFFRQX2M)                     0.42       0.42 f
  U_ALU/ALU_OUT_reg[14]/SI (SDFFRQX2M)                    0.00       0.42 f
  data arrival time                                                  0.42

  clock ALU_CLK (rise edge)                              20.00      20.00
  clock network delay (ideal)                             0.00      20.00
  clock uncertainty                                      -0.20      19.80
  U_ALU/ALU_OUT_reg[14]/CK (SDFFRQX2M)                    0.00      19.80 r
  library setup time                                     -0.52      19.28
  data required time                                                19.28
  --------------------------------------------------------------------------
  data required time                                                19.28
  data arrival time                                                 -0.42
  --------------------------------------------------------------------------
  slack (MET)                                                       18.87


  Startpoint: U_ALU/ALU_OUT_reg[12]
              (rising edge-triggered flip-flop clocked by ALU_CLK)
  Endpoint: U_ALU/ALU_OUT_reg[13]
            (rising edge-triggered flip-flop clocked by ALU_CLK)
  Path Group: ALU_CLK
  Path Type: max

  Point                                                   Incr       Path
  --------------------------------------------------------------------------
  clock ALU_CLK (rise edge)                               0.00       0.00
  clock network delay (ideal)                             0.00       0.00
  U_ALU/ALU_OUT_reg[12]/CK (SDFFRQX2M)                    0.00       0.00 r
  U_ALU/ALU_OUT_reg[12]/Q (SDFFRQX2M)                     0.42       0.42 f
  U_ALU/ALU_OUT_reg[13]/SI (SDFFRQX2M)                    0.00       0.42 f
  data arrival time                                                  0.42

  clock ALU_CLK (rise edge)                              20.00      20.00
  clock network delay (ideal)                             0.00      20.00
  clock uncertainty                                      -0.20      19.80
  U_ALU/ALU_OUT_reg[13]/CK (SDFFRQX2M)                    0.00      19.80 r
  library setup time                                     -0.52      19.28
  data required time                                                19.28
  --------------------------------------------------------------------------
  data required time                                                19.28
  data arrival time                                                 -0.42
  --------------------------------------------------------------------------
  slack (MET)                                                       18.87


  Startpoint: U_ALU/ALU_OUT_reg[11]
              (rising edge-triggered flip-flop clocked by ALU_CLK)
  Endpoint: U_ALU/ALU_OUT_reg[12]
            (rising edge-triggered flip-flop clocked by ALU_CLK)
  Path Group: ALU_CLK
  Path Type: max

  Point                                                   Incr       Path
  --------------------------------------------------------------------------
  clock ALU_CLK (rise edge)                               0.00       0.00
  clock network delay (ideal)                             0.00       0.00
  U_ALU/ALU_OUT_reg[11]/CK (SDFFRQX2M)                    0.00       0.00 r
  U_ALU/ALU_OUT_reg[11]/Q (SDFFRQX2M)                     0.42       0.42 f
  U_ALU/ALU_OUT_reg[12]/SI (SDFFRQX2M)                    0.00       0.42 f
  data arrival time                                                  0.42

  clock ALU_CLK (rise edge)                              20.00      20.00
  clock network delay (ideal)                             0.00      20.00
  clock uncertainty                                      -0.20      19.80
  U_ALU/ALU_OUT_reg[12]/CK (SDFFRQX2M)                    0.00      19.80 r
  library setup time                                     -0.52      19.28
  data required time                                                19.28
  --------------------------------------------------------------------------
  data required time                                                19.28
  data arrival time                                                 -0.42
  --------------------------------------------------------------------------
  slack (MET)                                                       18.87


  Startpoint: U_ALU/ALU_OUT_reg[10]
              (rising edge-triggered flip-flop clocked by ALU_CLK)
  Endpoint: U_ALU/ALU_OUT_reg[11]
            (rising edge-triggered flip-flop clocked by ALU_CLK)
  Path Group: ALU_CLK
  Path Type: max

  Point                                                   Incr       Path
  --------------------------------------------------------------------------
  clock ALU_CLK (rise edge)                               0.00       0.00
  clock network delay (ideal)                             0.00       0.00
  U_ALU/ALU_OUT_reg[10]/CK (SDFFRQX2M)                    0.00       0.00 r
  U_ALU/ALU_OUT_reg[10]/Q (SDFFRQX2M)                     0.42       0.42 f
  U_ALU/ALU_OUT_reg[11]/SI (SDFFRQX2M)                    0.00       0.42 f
  data arrival time                                                  0.42

  clock ALU_CLK (rise edge)                              20.00      20.00
  clock network delay (ideal)                             0.00      20.00
  clock uncertainty                                      -0.20      19.80
  U_ALU/ALU_OUT_reg[11]/CK (SDFFRQX2M)                    0.00      19.80 r
  library setup time                                     -0.52      19.28
  data required time                                                19.28
  --------------------------------------------------------------------------
  data required time                                                19.28
  data arrival time                                                 -0.42
  --------------------------------------------------------------------------
  slack (MET)                                                       18.87


  Startpoint: U_ALU/ALU_OUT_reg[9]
              (rising edge-triggered flip-flop clocked by ALU_CLK)
  Endpoint: U_ALU/ALU_OUT_reg[10]
            (rising edge-triggered flip-flop clocked by ALU_CLK)
  Path Group: ALU_CLK
  Path Type: max

  Point                                                   Incr       Path
  --------------------------------------------------------------------------
  clock ALU_CLK (rise edge)                               0.00       0.00
  clock network delay (ideal)                             0.00       0.00
  U_ALU/ALU_OUT_reg[9]/CK (SDFFRQX2M)                     0.00       0.00 r
  U_ALU/ALU_OUT_reg[9]/Q (SDFFRQX2M)                      0.42       0.42 f
  U_ALU/ALU_OUT_reg[10]/SI (SDFFRQX2M)                    0.00       0.42 f
  data arrival time                                                  0.42

  clock ALU_CLK (rise edge)                              20.00      20.00
  clock network delay (ideal)                             0.00      20.00
  clock uncertainty                                      -0.20      19.80
  U_ALU/ALU_OUT_reg[10]/CK (SDFFRQX2M)                    0.00      19.80 r
  library setup time                                     -0.52      19.28
  data required time                                                19.28
  --------------------------------------------------------------------------
  data required time                                                19.28
  data arrival time                                                 -0.42
  --------------------------------------------------------------------------
  slack (MET)                                                       18.87


  Startpoint: U_ALU/ALU_OUT_reg[8]
              (rising edge-triggered flip-flop clocked by ALU_CLK)
  Endpoint: U_ALU/ALU_OUT_reg[9]
            (rising edge-triggered flip-flop clocked by ALU_CLK)
  Path Group: ALU_CLK
  Path Type: max

  Point                                    Incr       Path
  -----------------------------------------------------------
  clock ALU_CLK (rise edge)                0.00       0.00
  clock network delay (ideal)              0.00       0.00
  U_ALU/ALU_OUT_reg[8]/CK (SDFFRQX2M)      0.00       0.00 r
  U_ALU/ALU_OUT_reg[8]/Q (SDFFRQX2M)       0.42       0.42 f
  U_ALU/ALU_OUT_reg[9]/SI (SDFFRQX2M)      0.00       0.42 f
  data arrival time                                   0.42

  clock ALU_CLK (rise edge)               20.00      20.00
  clock network delay (ideal)              0.00      20.00
  clock uncertainty                       -0.20      19.80
  U_ALU/ALU_OUT_reg[9]/CK (SDFFRQX2M)      0.00      19.80 r
  library setup time                      -0.52      19.28
  data required time                                 19.28
  -----------------------------------------------------------
  data required time                                 19.28
  data arrival time                                  -0.42
  -----------------------------------------------------------
  slack (MET)                                        18.87


  Startpoint: U_ALU/ALU_OUT_reg[15]
              (rising edge-triggered flip-flop clocked by ALU_CLK)
  Endpoint: U_ALU/OUT_VALID_reg
            (rising edge-triggered flip-flop clocked by ALU_CLK)
  Path Group: ALU_CLK
  Path Type: max

  Point                                                   Incr       Path
  --------------------------------------------------------------------------
  clock ALU_CLK (rise edge)                               0.00       0.00
  clock network delay (ideal)                             0.00       0.00
  U_ALU/ALU_OUT_reg[15]/CK (SDFFRQX2M)                    0.00       0.00 r
  U_ALU/ALU_OUT_reg[15]/Q (SDFFRQX2M)                     0.42       0.42 f
  U_ALU/OUT_VALID_reg/SI (SDFFRQX2M)                      0.00       0.42 f
  data arrival time                                                  0.42

  clock ALU_CLK (rise edge)                              20.00      20.00
  clock network delay (ideal)                             0.00      20.00
  clock uncertainty                                      -0.20      19.80
  U_ALU/OUT_VALID_reg/CK (SDFFRQX2M)                      0.00      19.80 r
  library setup time                                     -0.52      19.28
  data required time                                                19.28
  --------------------------------------------------------------------------
  data required time                                                19.28
  data arrival time                                                 -0.42
  --------------------------------------------------------------------------
  slack (MET)                                                       18.87


  Startpoint: U_SYS_CTRL/current_state_reg[3]
              (rising edge-triggered flip-flop clocked by DFTCLK)
  Endpoint: U_RegFile/RdData_reg[7]
            (rising edge-triggered flip-flop clocked by DFTCLK)
  Path Group: DFTCLK
  Path Type: max

  Point                                                   Incr       Path
  --------------------------------------------------------------------------
  clock DFTCLK (rise edge)                                0.00       0.00
  clock network delay (ideal)                             0.00       0.00
  U_SYS_CTRL/current_state_reg[3]/CK (SDFFRQX2M)          0.00       0.00 r
  U_SYS_CTRL/current_state_reg[3]/Q (SDFFRQX2M)           0.78       0.78 f
  U_SYS_CTRL/U58/Y (NOR2X2M)                              0.22       0.99 r
  U_SYS_CTRL/U34/Y (INVX2M)                               0.09       1.09 f
  U_SYS_CTRL/U29/Y (NOR3X2M)                              0.27       1.36 r
  U_SYS_CTRL/U59/Y (NAND2X2M)                             0.17       1.53 f
  U_SYS_CTRL/U69/Y (OAI222X1M)                            0.28       1.81 r
  U_SYS_CTRL/RF_Addres[0] (SYS_CTRL_test_1)               0.00       1.81 r
  U4/Y (BUFX2M)                                           0.41       2.23 r
  U_RegFile/Address[0] (RegFile_test_1)                   0.00       2.23 r
  U_RegFile/U373/Y (INVX2M)                               0.12       2.35 f
  U_RegFile/U150/Y (BUFX2M)                               0.17       2.52 f
  U_RegFile/U149/Y (INVX2M)                               0.77       3.29 r
  U_RegFile/U372/Y (MX4X1M)                               0.49       3.78 f
  U_RegFile/U354/Y (MX4X1M)                               0.34       4.12 f
  U_RegFile/U353/Y (AO22X1M)                              0.32       4.44 f
  U_RegFile/RdData_reg[7]/D (SDFFRQX2M)                   0.00       4.44 f
  data arrival time                                                  4.44

  clock DFTCLK (rise edge)                              100.00     100.00
  clock network delay (ideal)                             0.00     100.00
  clock uncertainty                                      -0.03      99.97
  U_RegFile/RdData_reg[7]/CK (SDFFRQX2M)                  0.00      99.97 r
  library setup time                                     -0.41      99.57
  data required time                                                99.57
  --------------------------------------------------------------------------
  data required time                                                99.57
  data arrival time                                                 -4.44
  --------------------------------------------------------------------------
  slack (MET)                                                       95.13


  Startpoint: U_SYS_CTRL/current_state_reg[3]
              (rising edge-triggered flip-flop clocked by DFTCLK)
  Endpoint: U_RegFile/RdData_reg[6]
            (rising edge-triggered flip-flop clocked by DFTCLK)
  Path Group: DFTCLK
  Path Type: max

  Point                                                   Incr       Path
  --------------------------------------------------------------------------
  clock DFTCLK (rise edge)                                0.00       0.00
  clock network delay (ideal)                             0.00       0.00
  U_SYS_CTRL/current_state_reg[3]/CK (SDFFRQX2M)          0.00       0.00 r
  U_SYS_CTRL/current_state_reg[3]/Q (SDFFRQX2M)           0.78       0.78 f
  U_SYS_CTRL/U58/Y (NOR2X2M)                              0.22       0.99 r
  U_SYS_CTRL/U34/Y (INVX2M)                               0.09       1.09 f
  U_SYS_CTRL/U29/Y (NOR3X2M)                              0.27       1.36 r
  U_SYS_CTRL/U59/Y (NAND2X2M)                             0.17       1.53 f
  U_SYS_CTRL/U69/Y (OAI222X1M)                            0.28       1.81 r
  U_SYS_CTRL/RF_Addres[0] (SYS_CTRL_test_1)               0.00       1.81 r
  U4/Y (BUFX2M)                                           0.41       2.23 r
  U_RegFile/Address[0] (RegFile_test_1)                   0.00       2.23 r
  U_RegFile/U373/Y (INVX2M)                               0.12       2.35 f
  U_RegFile/U150/Y (BUFX2M)                               0.17       2.52 f
  U_RegFile/U149/Y (INVX2M)                               0.77       3.29 r
  U_RegFile/U371/Y (MX4X1M)                               0.49       3.78 f
  U_RegFile/U350/Y (MX4X1M)                               0.34       4.12 f
  U_RegFile/U349/Y (AO22X1M)                              0.32       4.44 f
  U_RegFile/RdData_reg[6]/D (SDFFRQX2M)                   0.00       4.44 f
  data arrival time                                                  4.44

  clock DFTCLK (rise edge)                              100.00     100.00
  clock network delay (ideal)                             0.00     100.00
  clock uncertainty                                      -0.03      99.97
  U_RegFile/RdData_reg[6]/CK (SDFFRQX2M)                  0.00      99.97 r
  library setup time                                     -0.41      99.57
  data required time                                                99.57
  --------------------------------------------------------------------------
  data required time                                                99.57
  data arrival time                                                 -4.44
  --------------------------------------------------------------------------
  slack (MET)                                                       95.13


  Startpoint: U_SYS_CTRL/current_state_reg[3]
              (rising edge-triggered flip-flop clocked by DFTCLK)
  Endpoint: U_RegFile/RdData_reg[5]
            (rising edge-triggered flip-flop clocked by DFTCLK)
  Path Group: DFTCLK
  Path Type: max

  Point                                                   Incr       Path
  --------------------------------------------------------------------------
  clock DFTCLK (rise edge)                                0.00       0.00
  clock network delay (ideal)                             0.00       0.00
  U_SYS_CTRL/current_state_reg[3]/CK (SDFFRQX2M)          0.00       0.00 r
  U_SYS_CTRL/current_state_reg[3]/Q (SDFFRQX2M)           0.78       0.78 f
  U_SYS_CTRL/U58/Y (NOR2X2M)                              0.22       0.99 r
  U_SYS_CTRL/U34/Y (INVX2M)                               0.09       1.09 f
  U_SYS_CTRL/U29/Y (NOR3X2M)                              0.27       1.36 r
  U_SYS_CTRL/U59/Y (NAND2X2M)                             0.17       1.53 f
  U_SYS_CTRL/U69/Y (OAI222X1M)                            0.28       1.81 r
  U_SYS_CTRL/RF_Addres[0] (SYS_CTRL_test_1)               0.00       1.81 r
  U4/Y (BUFX2M)                                           0.41       2.23 r
  U_RegFile/Address[0] (RegFile_test_1)                   0.00       2.23 r
  U_RegFile/U373/Y (INVX2M)                               0.12       2.35 f
  U_RegFile/U150/Y (BUFX2M)                               0.17       2.52 f
  U_RegFile/U149/Y (INVX2M)                               0.77       3.29 r
  U_RegFile/U370/Y (MX4X1M)                               0.49       3.78 f
  U_RegFile/U346/Y (MX4X1M)                               0.34       4.12 f
  U_RegFile/U345/Y (AO22X1M)                              0.32       4.44 f
  U_RegFile/RdData_reg[5]/D (SDFFRQX2M)                   0.00       4.44 f
  data arrival time                                                  4.44

  clock DFTCLK (rise edge)                              100.00     100.00
  clock network delay (ideal)                             0.00     100.00
  clock uncertainty                                      -0.03      99.97
  U_RegFile/RdData_reg[5]/CK (SDFFRQX2M)                  0.00      99.97 r
  library setup time                                     -0.41      99.57
  data required time                                                99.57
  --------------------------------------------------------------------------
  data required time                                                99.57
  data arrival time                                                 -4.44
  --------------------------------------------------------------------------
  slack (MET)                                                       95.13


  Startpoint: U_SYS_CTRL/current_state_reg[3]
              (rising edge-triggered flip-flop clocked by DFTCLK)
  Endpoint: U_RegFile/RdData_reg[4]
            (rising edge-triggered flip-flop clocked by DFTCLK)
  Path Group: DFTCLK
  Path Type: max

  Point                                                   Incr       Path
  --------------------------------------------------------------------------
  clock DFTCLK (rise edge)                                0.00       0.00
  clock network delay (ideal)                             0.00       0.00
  U_SYS_CTRL/current_state_reg[3]/CK (SDFFRQX2M)          0.00       0.00 r
  U_SYS_CTRL/current_state_reg[3]/Q (SDFFRQX2M)           0.78       0.78 f
  U_SYS_CTRL/U58/Y (NOR2X2M)                              0.22       0.99 r
  U_SYS_CTRL/U34/Y (INVX2M)                               0.09       1.09 f
  U_SYS_CTRL/U29/Y (NOR3X2M)                              0.27       1.36 r
  U_SYS_CTRL/U59/Y (NAND2X2M)                             0.17       1.53 f
  U_SYS_CTRL/U69/Y (OAI222X1M)                            0.28       1.81 r
  U_SYS_CTRL/RF_Addres[0] (SYS_CTRL_test_1)               0.00       1.81 r
  U4/Y (BUFX2M)                                           0.41       2.23 r
  U_RegFile/Address[0] (RegFile_test_1)                   0.00       2.23 r
  U_RegFile/U373/Y (INVX2M)                               0.12       2.35 f
  U_RegFile/U150/Y (BUFX2M)                               0.17       2.52 f
  U_RegFile/U147/Y (INVX2M)                               0.77       3.29 r
  U_RegFile/U369/Y (MX4X1M)                               0.49       3.78 f
  U_RegFile/U342/Y (MX4X1M)                               0.34       4.12 f
  U_RegFile/U341/Y (AO22X1M)                              0.32       4.44 f
  U_RegFile/RdData_reg[4]/D (SDFFRQX2M)                   0.00       4.44 f
  data arrival time                                                  4.44

  clock DFTCLK (rise edge)                              100.00     100.00
  clock network delay (ideal)                             0.00     100.00
  clock uncertainty                                      -0.03      99.97
  U_RegFile/RdData_reg[4]/CK (SDFFRQX2M)                  0.00      99.97 r
  library setup time                                     -0.41      99.57
  data required time                                                99.57
  --------------------------------------------------------------------------
  data required time                                                99.57
  data arrival time                                                 -4.44
  --------------------------------------------------------------------------
  slack (MET)                                                       95.13


  Startpoint: U_SYS_CTRL/current_state_reg[3]
              (rising edge-triggered flip-flop clocked by DFTCLK)
  Endpoint: U_RegFile/RdData_reg[3]
            (rising edge-triggered flip-flop clocked by DFTCLK)
  Path Group: DFTCLK
  Path Type: max

  Point                                                   Incr       Path
  --------------------------------------------------------------------------
  clock DFTCLK (rise edge)                                0.00       0.00
  clock network delay (ideal)                             0.00       0.00
  U_SYS_CTRL/current_state_reg[3]/CK (SDFFRQX2M)          0.00       0.00 r
  U_SYS_CTRL/current_state_reg[3]/Q (SDFFRQX2M)           0.78       0.78 f
  U_SYS_CTRL/U58/Y (NOR2X2M)                              0.22       0.99 r
  U_SYS_CTRL/U34/Y (INVX2M)                               0.09       1.09 f
  U_SYS_CTRL/U29/Y (NOR3X2M)                              0.27       1.36 r
  U_SYS_CTRL/U59/Y (NAND2X2M)                             0.17       1.53 f
  U_SYS_CTRL/U69/Y (OAI222X1M)                            0.28       1.81 r
  U_SYS_CTRL/RF_Addres[0] (SYS_CTRL_test_1)               0.00       1.81 r
  U4/Y (BUFX2M)                                           0.41       2.23 r
  U_RegFile/Address[0] (RegFile_test_1)                   0.00       2.23 r
  U_RegFile/U373/Y (INVX2M)                               0.12       2.35 f
  U_RegFile/U150/Y (BUFX2M)                               0.17       2.52 f
  U_RegFile/U147/Y (INVX2M)                               0.77       3.29 r
  U_RegFile/U368/Y (MX4X1M)                               0.49       3.78 f
  U_RegFile/U338/Y (MX4X1M)                               0.34       4.12 f
  U_RegFile/U337/Y (AO22X1M)                              0.32       4.44 f
  U_RegFile/RdData_reg[3]/D (SDFFRQX2M)                   0.00       4.44 f
  data arrival time                                                  4.44

  clock DFTCLK (rise edge)                              100.00     100.00
  clock network delay (ideal)                             0.00     100.00
  clock uncertainty                                      -0.03      99.97
  U_RegFile/RdData_reg[3]/CK (SDFFRQX2M)                  0.00      99.97 r
  library setup time                                     -0.41      99.57
  data required time                                                99.57
  --------------------------------------------------------------------------
  data required time                                                99.57
  data arrival time                                                 -4.44
  --------------------------------------------------------------------------
  slack (MET)                                                       95.13


  Startpoint: U_SYS_CTRL/current_state_reg[3]
              (rising edge-triggered flip-flop clocked by DFTCLK)
  Endpoint: U_RegFile/RdData_reg[2]
            (rising edge-triggered flip-flop clocked by DFTCLK)
  Path Group: DFTCLK
  Path Type: max

  Point                                                   Incr       Path
  --------------------------------------------------------------------------
  clock DFTCLK (rise edge)                                0.00       0.00
  clock network delay (ideal)                             0.00       0.00
  U_SYS_CTRL/current_state_reg[3]/CK (SDFFRQX2M)          0.00       0.00 r
  U_SYS_CTRL/current_state_reg[3]/Q (SDFFRQX2M)           0.78       0.78 f
  U_SYS_CTRL/U58/Y (NOR2X2M)                              0.22       0.99 r
  U_SYS_CTRL/U34/Y (INVX2M)                               0.09       1.09 f
  U_SYS_CTRL/U29/Y (NOR3X2M)                              0.27       1.36 r
  U_SYS_CTRL/U59/Y (NAND2X2M)                             0.17       1.53 f
  U_SYS_CTRL/U69/Y (OAI222X1M)                            0.28       1.81 r
  U_SYS_CTRL/RF_Addres[0] (SYS_CTRL_test_1)               0.00       1.81 r
  U4/Y (BUFX2M)                                           0.41       2.23 r
  U_RegFile/Address[0] (RegFile_test_1)                   0.00       2.23 r
  U_RegFile/U373/Y (INVX2M)                               0.12       2.35 f
  U_RegFile/U150/Y (BUFX2M)                               0.17       2.52 f
  U_RegFile/U147/Y (INVX2M)                               0.77       3.29 r
  U_RegFile/U367/Y (MX4X1M)                               0.49       3.78 f
  U_RegFile/U334/Y (MX4X1M)                               0.34       4.12 f
  U_RegFile/U333/Y (AO22X1M)                              0.32       4.44 f
  U_RegFile/RdData_reg[2]/D (SDFFRQX2M)                   0.00       4.44 f
  data arrival time                                                  4.44

  clock DFTCLK (rise edge)                              100.00     100.00
  clock network delay (ideal)                             0.00     100.00
  clock uncertainty                                      -0.03      99.97
  U_RegFile/RdData_reg[2]/CK (SDFFRQX2M)                  0.00      99.97 r
  library setup time                                     -0.41      99.57
  data required time                                                99.57
  --------------------------------------------------------------------------
  data required time                                                99.57
  data arrival time                                                 -4.44
  --------------------------------------------------------------------------
  slack (MET)                                                       95.13


  Startpoint: U_SYS_CTRL/current_state_reg[3]
              (rising edge-triggered flip-flop clocked by DFTCLK)
  Endpoint: U_RegFile/RdData_reg[1]
            (rising edge-triggered flip-flop clocked by DFTCLK)
  Path Group: DFTCLK
  Path Type: max

  Point                                                   Incr       Path
  --------------------------------------------------------------------------
  clock DFTCLK (rise edge)                                0.00       0.00
  clock network delay (ideal)                             0.00       0.00
  U_SYS_CTRL/current_state_reg[3]/CK (SDFFRQX2M)          0.00       0.00 r
  U_SYS_CTRL/current_state_reg[3]/Q (SDFFRQX2M)           0.78       0.78 f
  U_SYS_CTRL/U58/Y (NOR2X2M)                              0.22       0.99 r
  U_SYS_CTRL/U34/Y (INVX2M)                               0.09       1.09 f
  U_SYS_CTRL/U29/Y (NOR3X2M)                              0.27       1.36 r
  U_SYS_CTRL/U59/Y (NAND2X2M)                             0.17       1.53 f
  U_SYS_CTRL/U69/Y (OAI222X1M)                            0.28       1.81 r
  U_SYS_CTRL/RF_Addres[0] (SYS_CTRL_test_1)               0.00       1.81 r
  U4/Y (BUFX2M)                                           0.41       2.23 r
  U_RegFile/Address[0] (RegFile_test_1)                   0.00       2.23 r
  U_RegFile/U373/Y (INVX2M)                               0.12       2.35 f
  U_RegFile/U150/Y (BUFX2M)                               0.17       2.52 f
  U_RegFile/U149/Y (INVX2M)                               0.77       3.29 r
  U_RegFile/U332/Y (MX4X1M)                               0.49       3.78 f
  U_RegFile/U330/Y (MX4X1M)                               0.34       4.12 f
  U_RegFile/U329/Y (AO22X1M)                              0.32       4.44 f
  U_RegFile/RdData_reg[1]/D (SDFFRQX2M)                   0.00       4.44 f
  data arrival time                                                  4.44

  clock DFTCLK (rise edge)                              100.00     100.00
  clock network delay (ideal)                             0.00     100.00
  clock uncertainty                                      -0.03      99.97
  U_RegFile/RdData_reg[1]/CK (SDFFRQX2M)                  0.00      99.97 r
  library setup time                                     -0.41      99.57
  data required time                                                99.57
  --------------------------------------------------------------------------
  data required time                                                99.57
  data arrival time                                                 -4.44
  --------------------------------------------------------------------------
  slack (MET)                                                       95.13


  Startpoint: U_SYS_CTRL/current_state_reg[3]
              (rising edge-triggered flip-flop clocked by DFTCLK)
  Endpoint: U_RegFile/RdData_reg[0]
            (rising edge-triggered flip-flop clocked by DFTCLK)
  Path Group: DFTCLK
  Path Type: max

  Point                                                   Incr       Path
  --------------------------------------------------------------------------
  clock DFTCLK (rise edge)                                0.00       0.00
  clock network delay (ideal)                             0.00       0.00
  U_SYS_CTRL/current_state_reg[3]/CK (SDFFRQX2M)          0.00       0.00 r
  U_SYS_CTRL/current_state_reg[3]/Q (SDFFRQX2M)           0.78       0.78 f
  U_SYS_CTRL/U58/Y (NOR2X2M)                              0.22       0.99 r
  U_SYS_CTRL/U34/Y (INVX2M)                               0.09       1.09 f
  U_SYS_CTRL/U29/Y (NOR3X2M)                              0.27       1.36 r
  U_SYS_CTRL/U59/Y (NAND2X2M)                             0.17       1.53 f
  U_SYS_CTRL/U69/Y (OAI222X1M)                            0.28       1.81 r
  U_SYS_CTRL/RF_Addres[0] (SYS_CTRL_test_1)               0.00       1.81 r
  U4/Y (BUFX2M)                                           0.41       2.23 r
  U_RegFile/Address[0] (RegFile_test_1)                   0.00       2.23 r
  U_RegFile/U373/Y (INVX2M)                               0.12       2.35 f
  U_RegFile/U150/Y (BUFX2M)                               0.17       2.52 f
  U_RegFile/U147/Y (INVX2M)                               0.77       3.29 r
  U_RegFile/U366/Y (MX4X1M)                               0.49       3.78 f
  U_RegFile/U326/Y (MX4X1M)                               0.34       4.12 f
  U_RegFile/U325/Y (AO22X1M)                              0.32       4.44 f
  U_RegFile/RdData_reg[0]/D (SDFFRQX2M)                   0.00       4.44 f
  data arrival time                                                  4.44

  clock DFTCLK (rise edge)                              100.00     100.00
  clock network delay (ideal)                             0.00     100.00
  clock uncertainty                                      -0.03      99.97
  U_RegFile/RdData_reg[0]/CK (SDFFRQX2M)                  0.00      99.97 r
  library setup time                                     -0.41      99.57
  data required time                                                99.57
  --------------------------------------------------------------------------
  data required time                                                99.57
  data arrival time                                                 -4.44
  --------------------------------------------------------------------------
  slack (MET)                                                       95.13


  Startpoint: U_RegFile/regArr_reg[2][6]
              (rising edge-triggered flip-flop clocked by DFTCLK)
  Endpoint: Clk_Div_RX_Prescale/count_reg[6]
            (rising edge-triggered flip-flop clocked by DFTCLK)
  Path Group: DFTCLK
  Path Type: max

  Point                                                   Incr       Path
  --------------------------------------------------------------------------
  clock DFTCLK (rise edge)                                0.00       0.00
  clock network delay (ideal)                             0.00       0.00
  U_RegFile/regArr_reg[2][6]/CK (SDFFRQX2M)               0.00       0.00 r
  U_RegFile/regArr_reg[2][6]/Q (SDFFRQX2M)                0.56       0.56 f
  U_RegFile/UART_CONFIG[6] (RegFile_test_1)               0.00       0.56 f
  CLKDIV_MUX/IN[4] (CLKDIV_MUX)                           0.00       0.56 f
  CLKDIV_MUX/U16/Y (NOR4BX1M)                             0.24       0.81 f
  CLKDIV_MUX/U11/Y (AND2X2M)                              0.22       1.03 f
  CLKDIV_MUX/OUT[1] (CLKDIV_MUX)                          0.00       1.03 f
  Clk_Div_RX_Prescale/i_div_ratio[1] (ClkDiv_test_1)      0.00       1.03 f
  Clk_Div_RX_Prescale/U6/Y (OR2X2M)                       0.20       1.23 f
  Clk_Div_RX_Prescale/U19/Y (OR2X1M)                      0.24       1.47 f
  Clk_Div_RX_Prescale/U21/Y (NOR2X1M)                     0.18       1.65 r
  Clk_Div_RX_Prescale/U23/Y (CLKNAND2X2M)                 0.15       1.80 f
  Clk_Div_RX_Prescale/U26/Y (NOR2X1M)                     0.14       1.94 r
  Clk_Div_RX_Prescale/U27/Y (CLKXOR2X2M)                  0.24       2.18 r
  Clk_Div_RX_Prescale/U48/Y (CLKXOR2X2M)                  0.21       2.39 f
  Clk_Div_RX_Prescale/U44/Y (NOR4X1M)                     0.15       2.54 r
  Clk_Div_RX_Prescale/U43/Y (NAND4X1M)                    0.20       2.74 f
  Clk_Div_RX_Prescale/U42/Y (MXI2X1M)                     0.18       2.92 r
  Clk_Div_RX_Prescale/U41/Y (CLKNAND2X2M)                 0.13       3.05 f
  Clk_Div_RX_Prescale/U35/Y (AND3X1M)                     0.30       3.36 f
  Clk_Div_RX_Prescale/U34/Y (AO22X1M)                     0.41       3.77 f
  Clk_Div_RX_Prescale/count_reg[6]/D (SDFFRQX2M)          0.00       3.77 f
  data arrival time                                                  3.77

  clock DFTCLK (rise edge)                              100.00     100.00
  clock network delay (ideal)                             0.00     100.00
  clock uncertainty                                      -0.03      99.97
  Clk_Div_RX_Prescale/count_reg[6]/CK (SDFFRQX2M)         0.00      99.97 r
  library setup time                                     -0.41      99.57
  data required time                                                99.57
  --------------------------------------------------------------------------
  data required time                                                99.57
  data arrival time                                                 -3.77
  --------------------------------------------------------------------------
  slack (MET)                                                       95.80


  Startpoint: U_RegFile/regArr_reg[2][6]
              (rising edge-triggered flip-flop clocked by DFTCLK)
  Endpoint: Clk_Div_RX_Prescale/count_reg[0]
            (rising edge-triggered flip-flop clocked by DFTCLK)
  Path Group: DFTCLK
  Path Type: max

  Point                                                   Incr       Path
  --------------------------------------------------------------------------
  clock DFTCLK (rise edge)                                0.00       0.00
  clock network delay (ideal)                             0.00       0.00
  U_RegFile/regArr_reg[2][6]/CK (SDFFRQX2M)               0.00       0.00 r
  U_RegFile/regArr_reg[2][6]/Q (SDFFRQX2M)                0.56       0.56 f
  U_RegFile/UART_CONFIG[6] (RegFile_test_1)               0.00       0.56 f
  CLKDIV_MUX/IN[4] (CLKDIV_MUX)                           0.00       0.56 f
  CLKDIV_MUX/U16/Y (NOR4BX1M)                             0.24       0.81 f
  CLKDIV_MUX/U11/Y (AND2X2M)                              0.22       1.03 f
  CLKDIV_MUX/OUT[1] (CLKDIV_MUX)                          0.00       1.03 f
  Clk_Div_RX_Prescale/i_div_ratio[1] (ClkDiv_test_1)      0.00       1.03 f
  Clk_Div_RX_Prescale/U6/Y (OR2X2M)                       0.20       1.23 f
  Clk_Div_RX_Prescale/U19/Y (OR2X1M)                      0.24       1.47 f
  Clk_Div_RX_Prescale/U21/Y (NOR2X1M)                     0.18       1.65 r
  Clk_Div_RX_Prescale/U23/Y (CLKNAND2X2M)                 0.15       1.80 f
  Clk_Div_RX_Prescale/U26/Y (NOR2X1M)                     0.14       1.94 r
  Clk_Div_RX_Prescale/U27/Y (CLKXOR2X2M)                  0.24       2.18 r
  Clk_Div_RX_Prescale/U48/Y (CLKXOR2X2M)                  0.21       2.39 f
  Clk_Div_RX_Prescale/U44/Y (NOR4X1M)                     0.15       2.54 r
  Clk_Div_RX_Prescale/U43/Y (NAND4X1M)                    0.20       2.74 f
  Clk_Div_RX_Prescale/U42/Y (MXI2X1M)                     0.18       2.92 r
  Clk_Div_RX_Prescale/U41/Y (CLKNAND2X2M)                 0.13       3.05 f
  Clk_Div_RX_Prescale/U35/Y (AND3X1M)                     0.30       3.36 f
  Clk_Div_RX_Prescale/U28/Y (AO22X1M)                     0.41       3.77 f
  Clk_Div_RX_Prescale/count_reg[0]/D (SDFFRQX2M)          0.00       3.77 f
  data arrival time                                                  3.77

  clock DFTCLK (rise edge)                              100.00     100.00
  clock network delay (ideal)                             0.00     100.00
  clock uncertainty                                      -0.03      99.97
  Clk_Div_RX_Prescale/count_reg[0]/CK (SDFFRQX2M)         0.00      99.97 r
  library setup time                                     -0.41      99.57
  data required time                                                99.57
  --------------------------------------------------------------------------
  data required time                                                99.57
  data arrival time                                                 -3.77
  --------------------------------------------------------------------------
  slack (MET)                                                       95.80


  Startpoint: U_RegFile/regArr_reg[2][6]
              (rising edge-triggered flip-flop clocked by DFTCLK)
  Endpoint: Clk_Div_RX_Prescale/count_reg[5]
            (rising edge-triggered flip-flop clocked by DFTCLK)
  Path Group: DFTCLK
  Path Type: max

  Point                                                   Incr       Path
  --------------------------------------------------------------------------
  clock DFTCLK (rise edge)                                0.00       0.00
  clock network delay (ideal)                             0.00       0.00
  U_RegFile/regArr_reg[2][6]/CK (SDFFRQX2M)               0.00       0.00 r
  U_RegFile/regArr_reg[2][6]/Q (SDFFRQX2M)                0.56       0.56 f
  U_RegFile/UART_CONFIG[6] (RegFile_test_1)               0.00       0.56 f
  CLKDIV_MUX/IN[4] (CLKDIV_MUX)                           0.00       0.56 f
  CLKDIV_MUX/U16/Y (NOR4BX1M)                             0.24       0.81 f
  CLKDIV_MUX/U11/Y (AND2X2M)                              0.22       1.03 f
  CLKDIV_MUX/OUT[1] (CLKDIV_MUX)                          0.00       1.03 f
  Clk_Div_RX_Prescale/i_div_ratio[1] (ClkDiv_test_1)      0.00       1.03 f
  Clk_Div_RX_Prescale/U6/Y (OR2X2M)                       0.20       1.23 f
  Clk_Div_RX_Prescale/U19/Y (OR2X1M)                      0.24       1.47 f
  Clk_Div_RX_Prescale/U21/Y (NOR2X1M)                     0.18       1.65 r
  Clk_Div_RX_Prescale/U23/Y (CLKNAND2X2M)                 0.15       1.80 f
  Clk_Div_RX_Prescale/U26/Y (NOR2X1M)                     0.14       1.94 r
  Clk_Div_RX_Prescale/U27/Y (CLKXOR2X2M)                  0.24       2.18 r
  Clk_Div_RX_Prescale/U48/Y (CLKXOR2X2M)                  0.21       2.39 f
  Clk_Div_RX_Prescale/U44/Y (NOR4X1M)                     0.15       2.54 r
  Clk_Div_RX_Prescale/U43/Y (NAND4X1M)                    0.20       2.74 f
  Clk_Div_RX_Prescale/U42/Y (MXI2X1M)                     0.18       2.92 r
  Clk_Div_RX_Prescale/U41/Y (CLKNAND2X2M)                 0.13       3.05 f
  Clk_Div_RX_Prescale/U35/Y (AND3X1M)                     0.30       3.36 f
  Clk_Div_RX_Prescale/U33/Y (AO22X1M)                     0.41       3.77 f
  Clk_Div_RX_Prescale/count_reg[5]/D (SDFFRQX2M)          0.00       3.77 f
  data arrival time                                                  3.77

  clock DFTCLK (rise edge)                              100.00     100.00
  clock network delay (ideal)                             0.00     100.00
  clock uncertainty                                      -0.03      99.97
  Clk_Div_RX_Prescale/count_reg[5]/CK (SDFFRQX2M)         0.00      99.97 r
  library setup time                                     -0.41      99.57
  data required time                                                99.57
  --------------------------------------------------------------------------
  data required time                                                99.57
  data arrival time                                                 -3.77
  --------------------------------------------------------------------------
  slack (MET)                                                       95.80


  Startpoint: U_RegFile/regArr_reg[2][6]
              (rising edge-triggered flip-flop clocked by DFTCLK)
  Endpoint: Clk_Div_RX_Prescale/count_reg[4]
            (rising edge-triggered flip-flop clocked by DFTCLK)
  Path Group: DFTCLK
  Path Type: max

  Point                                                   Incr       Path
  --------------------------------------------------------------------------
  clock DFTCLK (rise edge)                                0.00       0.00
  clock network delay (ideal)                             0.00       0.00
  U_RegFile/regArr_reg[2][6]/CK (SDFFRQX2M)               0.00       0.00 r
  U_RegFile/regArr_reg[2][6]/Q (SDFFRQX2M)                0.56       0.56 f
  U_RegFile/UART_CONFIG[6] (RegFile_test_1)               0.00       0.56 f
  CLKDIV_MUX/IN[4] (CLKDIV_MUX)                           0.00       0.56 f
  CLKDIV_MUX/U16/Y (NOR4BX1M)                             0.24       0.81 f
  CLKDIV_MUX/U11/Y (AND2X2M)                              0.22       1.03 f
  CLKDIV_MUX/OUT[1] (CLKDIV_MUX)                          0.00       1.03 f
  Clk_Div_RX_Prescale/i_div_ratio[1] (ClkDiv_test_1)      0.00       1.03 f
  Clk_Div_RX_Prescale/U6/Y (OR2X2M)                       0.20       1.23 f
  Clk_Div_RX_Prescale/U19/Y (OR2X1M)                      0.24       1.47 f
  Clk_Div_RX_Prescale/U21/Y (NOR2X1M)                     0.18       1.65 r
  Clk_Div_RX_Prescale/U23/Y (CLKNAND2X2M)                 0.15       1.80 f
  Clk_Div_RX_Prescale/U26/Y (NOR2X1M)                     0.14       1.94 r
  Clk_Div_RX_Prescale/U27/Y (CLKXOR2X2M)                  0.24       2.18 r
  Clk_Div_RX_Prescale/U48/Y (CLKXOR2X2M)                  0.21       2.39 f
  Clk_Div_RX_Prescale/U44/Y (NOR4X1M)                     0.15       2.54 r
  Clk_Div_RX_Prescale/U43/Y (NAND4X1M)                    0.20       2.74 f
  Clk_Div_RX_Prescale/U42/Y (MXI2X1M)                     0.18       2.92 r
  Clk_Div_RX_Prescale/U41/Y (CLKNAND2X2M)                 0.13       3.05 f
  Clk_Div_RX_Prescale/U35/Y (AND3X1M)                     0.30       3.36 f
  Clk_Div_RX_Prescale/U32/Y (AO22X1M)                     0.41       3.77 f
  Clk_Div_RX_Prescale/count_reg[4]/D (SDFFRQX2M)          0.00       3.77 f
  data arrival time                                                  3.77

  clock DFTCLK (rise edge)                              100.00     100.00
  clock network delay (ideal)                             0.00     100.00
  clock uncertainty                                      -0.03      99.97
  Clk_Div_RX_Prescale/count_reg[4]/CK (SDFFRQX2M)         0.00      99.97 r
  library setup time                                     -0.41      99.57
  data required time                                                99.57
  --------------------------------------------------------------------------
  data required time                                                99.57
  data arrival time                                                 -3.77
  --------------------------------------------------------------------------
  slack (MET)                                                       95.80


  Startpoint: U_RegFile/regArr_reg[2][6]
              (rising edge-triggered flip-flop clocked by DFTCLK)
  Endpoint: Clk_Div_RX_Prescale/count_reg[3]
            (rising edge-triggered flip-flop clocked by DFTCLK)
  Path Group: DFTCLK
  Path Type: max

  Point                                                   Incr       Path
  --------------------------------------------------------------------------
  clock DFTCLK (rise edge)                                0.00       0.00
  clock network delay (ideal)                             0.00       0.00
  U_RegFile/regArr_reg[2][6]/CK (SDFFRQX2M)               0.00       0.00 r
  U_RegFile/regArr_reg[2][6]/Q (SDFFRQX2M)                0.56       0.56 f
  U_RegFile/UART_CONFIG[6] (RegFile_test_1)               0.00       0.56 f
  CLKDIV_MUX/IN[4] (CLKDIV_MUX)                           0.00       0.56 f
  CLKDIV_MUX/U16/Y (NOR4BX1M)                             0.24       0.81 f
  CLKDIV_MUX/U11/Y (AND2X2M)                              0.22       1.03 f
  CLKDIV_MUX/OUT[1] (CLKDIV_MUX)                          0.00       1.03 f
  Clk_Div_RX_Prescale/i_div_ratio[1] (ClkDiv_test_1)      0.00       1.03 f
  Clk_Div_RX_Prescale/U6/Y (OR2X2M)                       0.20       1.23 f
  Clk_Div_RX_Prescale/U19/Y (OR2X1M)                      0.24       1.47 f
  Clk_Div_RX_Prescale/U21/Y (NOR2X1M)                     0.18       1.65 r
  Clk_Div_RX_Prescale/U23/Y (CLKNAND2X2M)                 0.15       1.80 f
  Clk_Div_RX_Prescale/U26/Y (NOR2X1M)                     0.14       1.94 r
  Clk_Div_RX_Prescale/U27/Y (CLKXOR2X2M)                  0.24       2.18 r
  Clk_Div_RX_Prescale/U48/Y (CLKXOR2X2M)                  0.21       2.39 f
  Clk_Div_RX_Prescale/U44/Y (NOR4X1M)                     0.15       2.54 r
  Clk_Div_RX_Prescale/U43/Y (NAND4X1M)                    0.20       2.74 f
  Clk_Div_RX_Prescale/U42/Y (MXI2X1M)                     0.18       2.92 r
  Clk_Div_RX_Prescale/U41/Y (CLKNAND2X2M)                 0.13       3.05 f
  Clk_Div_RX_Prescale/U35/Y (AND3X1M)                     0.30       3.36 f
  Clk_Div_RX_Prescale/U31/Y (AO22X1M)                     0.41       3.77 f
  Clk_Div_RX_Prescale/count_reg[3]/D (SDFFRQX2M)          0.00       3.77 f
  data arrival time                                                  3.77

  clock DFTCLK (rise edge)                              100.00     100.00
  clock network delay (ideal)                             0.00     100.00
  clock uncertainty                                      -0.03      99.97
  Clk_Div_RX_Prescale/count_reg[3]/CK (SDFFRQX2M)         0.00      99.97 r
  library setup time                                     -0.41      99.57
  data required time                                                99.57
  --------------------------------------------------------------------------
  data required time                                                99.57
  data arrival time                                                 -3.77
  --------------------------------------------------------------------------
  slack (MET)                                                       95.80


  Startpoint: U_RegFile/regArr_reg[2][6]
              (rising edge-triggered flip-flop clocked by DFTCLK)
  Endpoint: Clk_Div_RX_Prescale/count_reg[2]
            (rising edge-triggered flip-flop clocked by DFTCLK)
  Path Group: DFTCLK
  Path Type: max

  Point                                                   Incr       Path
  --------------------------------------------------------------------------
  clock DFTCLK (rise edge)                                0.00       0.00
  clock network delay (ideal)                             0.00       0.00
  U_RegFile/regArr_reg[2][6]/CK (SDFFRQX2M)               0.00       0.00 r
  U_RegFile/regArr_reg[2][6]/Q (SDFFRQX2M)                0.56       0.56 f
  U_RegFile/UART_CONFIG[6] (RegFile_test_1)               0.00       0.56 f
  CLKDIV_MUX/IN[4] (CLKDIV_MUX)                           0.00       0.56 f
  CLKDIV_MUX/U16/Y (NOR4BX1M)                             0.24       0.81 f
  CLKDIV_MUX/U11/Y (AND2X2M)                              0.22       1.03 f
  CLKDIV_MUX/OUT[1] (CLKDIV_MUX)                          0.00       1.03 f
  Clk_Div_RX_Prescale/i_div_ratio[1] (ClkDiv_test_1)      0.00       1.03 f
  Clk_Div_RX_Prescale/U6/Y (OR2X2M)                       0.20       1.23 f
  Clk_Div_RX_Prescale/U19/Y (OR2X1M)                      0.24       1.47 f
  Clk_Div_RX_Prescale/U21/Y (NOR2X1M)                     0.18       1.65 r
  Clk_Div_RX_Prescale/U23/Y (CLKNAND2X2M)                 0.15       1.80 f
  Clk_Div_RX_Prescale/U26/Y (NOR2X1M)                     0.14       1.94 r
  Clk_Div_RX_Prescale/U27/Y (CLKXOR2X2M)                  0.24       2.18 r
  Clk_Div_RX_Prescale/U48/Y (CLKXOR2X2M)                  0.21       2.39 f
  Clk_Div_RX_Prescale/U44/Y (NOR4X1M)                     0.15       2.54 r
  Clk_Div_RX_Prescale/U43/Y (NAND4X1M)                    0.20       2.74 f
  Clk_Div_RX_Prescale/U42/Y (MXI2X1M)                     0.18       2.92 r
  Clk_Div_RX_Prescale/U41/Y (CLKNAND2X2M)                 0.13       3.05 f
  Clk_Div_RX_Prescale/U35/Y (AND3X1M)                     0.30       3.36 f
  Clk_Div_RX_Prescale/U30/Y (AO22X1M)                     0.41       3.77 f
  Clk_Div_RX_Prescale/count_reg[2]/D (SDFFRQX2M)          0.00       3.77 f
  data arrival time                                                  3.77

  clock DFTCLK (rise edge)                              100.00     100.00
  clock network delay (ideal)                             0.00     100.00
  clock uncertainty                                      -0.03      99.97
  Clk_Div_RX_Prescale/count_reg[2]/CK (SDFFRQX2M)         0.00      99.97 r
  library setup time                                     -0.41      99.57
  data required time                                                99.57
  --------------------------------------------------------------------------
  data required time                                                99.57
  data arrival time                                                 -3.77
  --------------------------------------------------------------------------
  slack (MET)                                                       95.80


  Startpoint: U_RegFile/regArr_reg[2][6]
              (rising edge-triggered flip-flop clocked by DFTCLK)
  Endpoint: Clk_Div_RX_Prescale/count_reg[1]
            (rising edge-triggered flip-flop clocked by DFTCLK)
  Path Group: DFTCLK
  Path Type: max

  Point                                                   Incr       Path
  --------------------------------------------------------------------------
  clock DFTCLK (rise edge)                                0.00       0.00
  clock network delay (ideal)                             0.00       0.00
  U_RegFile/regArr_reg[2][6]/CK (SDFFRQX2M)               0.00       0.00 r
  U_RegFile/regArr_reg[2][6]/Q (SDFFRQX2M)                0.56       0.56 f
  U_RegFile/UART_CONFIG[6] (RegFile_test_1)               0.00       0.56 f
  CLKDIV_MUX/IN[4] (CLKDIV_MUX)                           0.00       0.56 f
  CLKDIV_MUX/U16/Y (NOR4BX1M)                             0.24       0.81 f
  CLKDIV_MUX/U11/Y (AND2X2M)                              0.22       1.03 f
  CLKDIV_MUX/OUT[1] (CLKDIV_MUX)                          0.00       1.03 f
  Clk_Div_RX_Prescale/i_div_ratio[1] (ClkDiv_test_1)      0.00       1.03 f
  Clk_Div_RX_Prescale/U6/Y (OR2X2M)                       0.20       1.23 f
  Clk_Div_RX_Prescale/U19/Y (OR2X1M)                      0.24       1.47 f
  Clk_Div_RX_Prescale/U21/Y (NOR2X1M)                     0.18       1.65 r
  Clk_Div_RX_Prescale/U23/Y (CLKNAND2X2M)                 0.15       1.80 f
  Clk_Div_RX_Prescale/U26/Y (NOR2X1M)                     0.14       1.94 r
  Clk_Div_RX_Prescale/U27/Y (CLKXOR2X2M)                  0.24       2.18 r
  Clk_Div_RX_Prescale/U48/Y (CLKXOR2X2M)                  0.21       2.39 f
  Clk_Div_RX_Prescale/U44/Y (NOR4X1M)                     0.15       2.54 r
  Clk_Div_RX_Prescale/U43/Y (NAND4X1M)                    0.20       2.74 f
  Clk_Div_RX_Prescale/U42/Y (MXI2X1M)                     0.18       2.92 r
  Clk_Div_RX_Prescale/U41/Y (CLKNAND2X2M)                 0.13       3.05 f
  Clk_Div_RX_Prescale/U35/Y (AND3X1M)                     0.30       3.36 f
  Clk_Div_RX_Prescale/U29/Y (AO22X1M)                     0.41       3.77 f
  Clk_Div_RX_Prescale/count_reg[1]/D (SDFFRQX2M)          0.00       3.77 f
  data arrival time                                                  3.77

  clock DFTCLK (rise edge)                              100.00     100.00
  clock network delay (ideal)                             0.00     100.00
  clock uncertainty                                      -0.03      99.97
  Clk_Div_RX_Prescale/count_reg[1]/CK (SDFFRQX2M)         0.00      99.97 r
  library setup time                                     -0.41      99.57
  data required time                                                99.57
  --------------------------------------------------------------------------
  data required time                                                99.57
  data arrival time                                                 -3.77
  --------------------------------------------------------------------------
  slack (MET)                                                       95.80


  Startpoint: U_RegFile/regArr_reg[2][6]
              (rising edge-triggered flip-flop clocked by DFTCLK)
  Endpoint: Clk_Div_RX_Prescale/div_clk_reg
            (rising edge-triggered flip-flop clocked by DFTCLK)
  Path Group: DFTCLK
  Path Type: max

  Point                                                   Incr       Path
  --------------------------------------------------------------------------
  clock DFTCLK (rise edge)                                0.00       0.00
  clock network delay (ideal)                             0.00       0.00
  U_RegFile/regArr_reg[2][6]/CK (SDFFRQX2M)               0.00       0.00 r
  U_RegFile/regArr_reg[2][6]/Q (SDFFRQX2M)                0.56       0.56 f
  U_RegFile/UART_CONFIG[6] (RegFile_test_1)               0.00       0.56 f
  CLKDIV_MUX/IN[4] (CLKDIV_MUX)                           0.00       0.56 f
  CLKDIV_MUX/U16/Y (NOR4BX1M)                             0.24       0.81 f
  CLKDIV_MUX/U11/Y (AND2X2M)                              0.22       1.03 f
  CLKDIV_MUX/OUT[1] (CLKDIV_MUX)                          0.00       1.03 f
  Clk_Div_RX_Prescale/i_div_ratio[1] (ClkDiv_test_1)      0.00       1.03 f
  Clk_Div_RX_Prescale/U6/Y (OR2X2M)                       0.20       1.23 f
  Clk_Div_RX_Prescale/U19/Y (OR2X1M)                      0.24       1.47 f
  Clk_Div_RX_Prescale/U21/Y (NOR2X1M)                     0.18       1.65 r
  Clk_Div_RX_Prescale/U23/Y (CLKNAND2X2M)                 0.15       1.80 f
  Clk_Div_RX_Prescale/U26/Y (NOR2X1M)                     0.14       1.94 r
  Clk_Div_RX_Prescale/U27/Y (CLKXOR2X2M)                  0.24       2.18 r
  Clk_Div_RX_Prescale/U48/Y (CLKXOR2X2M)                  0.21       2.39 f
  Clk_Div_RX_Prescale/U44/Y (NOR4X1M)                     0.15       2.54 r
  Clk_Div_RX_Prescale/U43/Y (NAND4X1M)                    0.20       2.74 f
  Clk_Div_RX_Prescale/U42/Y (MXI2X1M)                     0.18       2.92 r
  Clk_Div_RX_Prescale/U41/Y (CLKNAND2X2M)                 0.13       3.05 f
  Clk_Div_RX_Prescale/U37/Y (AOI21X1M)                    0.16       3.21 r
  Clk_Div_RX_Prescale/U36/Y (CLKXOR2X2M)                  0.30       3.51 f
  Clk_Div_RX_Prescale/div_clk_reg/D (SDFFRQX2M)           0.00       3.51 f
  data arrival time                                                  3.51

  clock DFTCLK (rise edge)                              100.00     100.00
  clock network delay (ideal)                             0.00     100.00
  clock uncertainty                                      -0.03      99.97
  Clk_Div_RX_Prescale/div_clk_reg/CK (SDFFRQX2M)          0.00      99.97 r
  library setup time                                     -0.40      99.58
  data required time                                                99.58
  --------------------------------------------------------------------------
  data required time                                                99.58
  data arrival time                                                 -3.51
  --------------------------------------------------------------------------
  slack (MET)                                                       96.07


  Startpoint: U_RegFile/regArr_reg[2][6]
              (rising edge-triggered flip-flop clocked by DFTCLK)
  Endpoint: Clk_Div_RX_Prescale/odd_edge_tog_reg
            (rising edge-triggered flip-flop clocked by DFTCLK)
  Path Group: DFTCLK
  Path Type: max

  Point                                                   Incr       Path
  --------------------------------------------------------------------------
  clock DFTCLK (rise edge)                                0.00       0.00
  clock network delay (ideal)                             0.00       0.00
  U_RegFile/regArr_reg[2][6]/CK (SDFFRQX2M)               0.00       0.00 r
  U_RegFile/regArr_reg[2][6]/Q (SDFFRQX2M)                0.56       0.56 f
  U_RegFile/UART_CONFIG[6] (RegFile_test_1)               0.00       0.56 f
  CLKDIV_MUX/IN[4] (CLKDIV_MUX)                           0.00       0.56 f
  CLKDIV_MUX/U16/Y (NOR4BX1M)                             0.24       0.81 f
  CLKDIV_MUX/U11/Y (AND2X2M)                              0.22       1.03 f
  CLKDIV_MUX/OUT[1] (CLKDIV_MUX)                          0.00       1.03 f
  Clk_Div_RX_Prescale/i_div_ratio[1] (ClkDiv_test_1)      0.00       1.03 f
  Clk_Div_RX_Prescale/U6/Y (OR2X2M)                       0.20       1.23 f
  Clk_Div_RX_Prescale/U19/Y (OR2X1M)                      0.24       1.47 f
  Clk_Div_RX_Prescale/U21/Y (NOR2X1M)                     0.18       1.65 r
  Clk_Div_RX_Prescale/U23/Y (CLKNAND2X2M)                 0.15       1.80 f
  Clk_Div_RX_Prescale/U26/Y (NOR2X1M)                     0.14       1.94 r
  Clk_Div_RX_Prescale/U27/Y (CLKXOR2X2M)                  0.24       2.18 r
  Clk_Div_RX_Prescale/U48/Y (CLKXOR2X2M)                  0.21       2.39 f
  Clk_Div_RX_Prescale/U44/Y (NOR4X1M)                     0.15       2.54 r
  Clk_Div_RX_Prescale/U43/Y (NAND4X1M)                    0.20       2.74 f
  Clk_Div_RX_Prescale/U42/Y (MXI2X1M)                     0.18       2.92 r
  Clk_Div_RX_Prescale/U41/Y (CLKNAND2X2M)                 0.13       3.05 f
  Clk_Div_RX_Prescale/U40/Y (OR2X1M)                      0.24       3.29 f
  Clk_Div_RX_Prescale/U39/Y (XNOR2X1M)                    0.18       3.47 f
  Clk_Div_RX_Prescale/odd_edge_tog_reg/D (SDFFSQX1M)      0.00       3.47 f
  data arrival time                                                  3.47

  clock DFTCLK (rise edge)                              100.00     100.00
  clock network delay (ideal)                             0.00     100.00
  clock uncertainty                                      -0.03      99.97
  Clk_Div_RX_Prescale/odd_edge_tog_reg/CK (SDFFSQX1M)     0.00      99.97 r
  library setup time                                     -0.43      99.54
  data required time                                                99.54
  --------------------------------------------------------------------------
  data required time                                                99.54
  data arrival time                                                 -3.47
  --------------------------------------------------------------------------
  slack (MET)                                                       96.07


  Startpoint: U_SYS_CTRL/current_state_reg[3]
              (rising edge-triggered flip-flop clocked by DFTCLK)
  Endpoint: U_FIFO/MEMORY_MODULE/MEMORY_reg[0][3]
            (rising edge-triggered flip-flop clocked by DFTCLK)
  Path Group: DFTCLK
  Path Type: max

  Point                                                   Incr       Path
  --------------------------------------------------------------------------
  clock DFTCLK (rise edge)                                0.00       0.00
  clock network delay (ideal)                             0.00       0.00
  U_SYS_CTRL/current_state_reg[3]/CK (SDFFRQX2M)          0.00       0.00 r
  U_SYS_CTRL/current_state_reg[3]/Q (SDFFRQX2M)           0.95       0.95 r
  U_SYS_CTRL/U63/Y (INVX2M)                               0.20       1.15 f
  U_SYS_CTRL/U28/Y (NOR2X2M)                              0.25       1.41 r
  U_SYS_CTRL/U43/Y (NAND3X2M)                             0.19       1.60 f
  U_SYS_CTRL/U68/Y (NOR3BX2M)                             0.22       1.81 r
  U_SYS_CTRL/U67/Y (BUFX2M)                               0.26       2.08 r
  U_SYS_CTRL/U35/Y (OR3X2M)                               0.20       2.28 r
  U_SYS_CTRL/TX_D_VALID (SYS_CTRL_test_1)                 0.00       2.28 r
  U_FIFO/W_INC (ASYNC_FIFO_ADDRES_WIDTH4_DATA_WIDTH8_FIFO_DEPTH8_test_1)
                                                          0.00       2.28 r
  U_FIFO/MEMORY_MODULE/W_INC (FIFO_MEM_CNTRL_ADDRES_WIDTH4_DATA_WIDTH8_FIFO_DEPTH8_test_1)
                                                          0.00       2.28 r
  U_FIFO/MEMORY_MODULE/U77/Y (NOR2BX2M)                   0.16       2.44 r
  U_FIFO/MEMORY_MODULE/U82/Y (NOR2BX2M)                   0.27       2.71 r
  U_FIFO/MEMORY_MODULE/U80/Y (NAND3X2M)                   0.31       3.02 f
  U_FIFO/MEMORY_MODULE/U86/Y (OAI2BB2X1M)                 0.31       3.34 f
  U_FIFO/MEMORY_MODULE/MEMORY_reg[0][3]/D (SDFFRQX2M)     0.00       3.34 f
  data arrival time                                                  3.34

  clock DFTCLK (rise edge)                              100.00     100.00
  clock network delay (ideal)                             0.00     100.00
  clock uncertainty                                      -0.03      99.97
  U_FIFO/MEMORY_MODULE/MEMORY_reg[0][3]/CK (SDFFRQX2M)
                                                          0.00      99.97 r
  library setup time                                     -0.41      99.57
  data required time                                                99.57
  --------------------------------------------------------------------------
  data required time                                                99.57
  data arrival time                                                 -3.34
  --------------------------------------------------------------------------
  slack (MET)                                                       96.23


  Startpoint: U_SYS_CTRL/current_state_reg[3]
              (rising edge-triggered flip-flop clocked by DFTCLK)
  Endpoint: U_FIFO/MEMORY_MODULE/MEMORY_reg[0][2]
            (rising edge-triggered flip-flop clocked by DFTCLK)
  Path Group: DFTCLK
  Path Type: max

  Point                                                   Incr       Path
  --------------------------------------------------------------------------
  clock DFTCLK (rise edge)                                0.00       0.00
  clock network delay (ideal)                             0.00       0.00
  U_SYS_CTRL/current_state_reg[3]/CK (SDFFRQX2M)          0.00       0.00 r
  U_SYS_CTRL/current_state_reg[3]/Q (SDFFRQX2M)           0.95       0.95 r
  U_SYS_CTRL/U63/Y (INVX2M)                               0.20       1.15 f
  U_SYS_CTRL/U28/Y (NOR2X2M)                              0.25       1.41 r
  U_SYS_CTRL/U43/Y (NAND3X2M)                             0.19       1.60 f
  U_SYS_CTRL/U68/Y (NOR3BX2M)                             0.22       1.81 r
  U_SYS_CTRL/U67/Y (BUFX2M)                               0.26       2.08 r
  U_SYS_CTRL/U35/Y (OR3X2M)                               0.20       2.28 r
  U_SYS_CTRL/TX_D_VALID (SYS_CTRL_test_1)                 0.00       2.28 r
  U_FIFO/W_INC (ASYNC_FIFO_ADDRES_WIDTH4_DATA_WIDTH8_FIFO_DEPTH8_test_1)
                                                          0.00       2.28 r
  U_FIFO/MEMORY_MODULE/W_INC (FIFO_MEM_CNTRL_ADDRES_WIDTH4_DATA_WIDTH8_FIFO_DEPTH8_test_1)
                                                          0.00       2.28 r
  U_FIFO/MEMORY_MODULE/U77/Y (NOR2BX2M)                   0.16       2.44 r
  U_FIFO/MEMORY_MODULE/U82/Y (NOR2BX2M)                   0.27       2.71 r
  U_FIFO/MEMORY_MODULE/U80/Y (NAND3X2M)                   0.31       3.02 f
  U_FIFO/MEMORY_MODULE/U85/Y (OAI2BB2X1M)                 0.31       3.34 f
  U_FIFO/MEMORY_MODULE/MEMORY_reg[0][2]/D (SDFFRQX2M)     0.00       3.34 f
  data arrival time                                                  3.34

  clock DFTCLK (rise edge)                              100.00     100.00
  clock network delay (ideal)                             0.00     100.00
  clock uncertainty                                      -0.03      99.97
  U_FIFO/MEMORY_MODULE/MEMORY_reg[0][2]/CK (SDFFRQX2M)
                                                          0.00      99.97 r
  library setup time                                     -0.41      99.57
  data required time                                                99.57
  --------------------------------------------------------------------------
  data required time                                                99.57
  data arrival time                                                 -3.34
  --------------------------------------------------------------------------
  slack (MET)                                                       96.23


  Startpoint: U_SYS_CTRL/current_state_reg[3]
              (rising edge-triggered flip-flop clocked by DFTCLK)
  Endpoint: U_FIFO/MEMORY_MODULE/MEMORY_reg[0][1]
            (rising edge-triggered flip-flop clocked by DFTCLK)
  Path Group: DFTCLK
  Path Type: max

  Point                                                   Incr       Path
  --------------------------------------------------------------------------
  clock DFTCLK (rise edge)                                0.00       0.00
  clock network delay (ideal)                             0.00       0.00
  U_SYS_CTRL/current_state_reg[3]/CK (SDFFRQX2M)          0.00       0.00 r
  U_SYS_CTRL/current_state_reg[3]/Q (SDFFRQX2M)           0.95       0.95 r
  U_SYS_CTRL/U63/Y (INVX2M)                               0.20       1.15 f
  U_SYS_CTRL/U28/Y (NOR2X2M)                              0.25       1.41 r
  U_SYS_CTRL/U43/Y (NAND3X2M)                             0.19       1.60 f
  U_SYS_CTRL/U68/Y (NOR3BX2M)                             0.22       1.81 r
  U_SYS_CTRL/U67/Y (BUFX2M)                               0.26       2.08 r
  U_SYS_CTRL/U35/Y (OR3X2M)                               0.20       2.28 r
  U_SYS_CTRL/TX_D_VALID (SYS_CTRL_test_1)                 0.00       2.28 r
  U_FIFO/W_INC (ASYNC_FIFO_ADDRES_WIDTH4_DATA_WIDTH8_FIFO_DEPTH8_test_1)
                                                          0.00       2.28 r
  U_FIFO/MEMORY_MODULE/W_INC (FIFO_MEM_CNTRL_ADDRES_WIDTH4_DATA_WIDTH8_FIFO_DEPTH8_test_1)
                                                          0.00       2.28 r
  U_FIFO/MEMORY_MODULE/U77/Y (NOR2BX2M)                   0.16       2.44 r
  U_FIFO/MEMORY_MODULE/U82/Y (NOR2BX2M)                   0.27       2.71 r
  U_FIFO/MEMORY_MODULE/U80/Y (NAND3X2M)                   0.31       3.02 f
  U_FIFO/MEMORY_MODULE/U84/Y (OAI2BB2X1M)                 0.31       3.34 f
  U_FIFO/MEMORY_MODULE/MEMORY_reg[0][1]/D (SDFFRQX2M)     0.00       3.34 f
  data arrival time                                                  3.34

  clock DFTCLK (rise edge)                              100.00     100.00
  clock network delay (ideal)                             0.00     100.00
  clock uncertainty                                      -0.03      99.97
  U_FIFO/MEMORY_MODULE/MEMORY_reg[0][1]/CK (SDFFRQX2M)
                                                          0.00      99.97 r
  library setup time                                     -0.41      99.57
  data required time                                                99.57
  --------------------------------------------------------------------------
  data required time                                                99.57
  data arrival time                                                 -3.34
  --------------------------------------------------------------------------
  slack (MET)                                                       96.23


  Startpoint: U_SYS_CTRL/current_state_reg[3]
              (rising edge-triggered flip-flop clocked by DFTCLK)
  Endpoint: U_FIFO/MEMORY_MODULE/MEMORY_reg[0][0]
            (rising edge-triggered flip-flop clocked by DFTCLK)
  Path Group: DFTCLK
  Path Type: max

  Point                                                   Incr       Path
  --------------------------------------------------------------------------
  clock DFTCLK (rise edge)                                0.00       0.00
  clock network delay (ideal)                             0.00       0.00
  U_SYS_CTRL/current_state_reg[3]/CK (SDFFRQX2M)          0.00       0.00 r
  U_SYS_CTRL/current_state_reg[3]/Q (SDFFRQX2M)           0.95       0.95 r
  U_SYS_CTRL/U63/Y (INVX2M)                               0.20       1.15 f
  U_SYS_CTRL/U28/Y (NOR2X2M)                              0.25       1.41 r
  U_SYS_CTRL/U43/Y (NAND3X2M)                             0.19       1.60 f
  U_SYS_CTRL/U68/Y (NOR3BX2M)                             0.22       1.81 r
  U_SYS_CTRL/U67/Y (BUFX2M)                               0.26       2.08 r
  U_SYS_CTRL/U35/Y (OR3X2M)                               0.20       2.28 r
  U_SYS_CTRL/TX_D_VALID (SYS_CTRL_test_1)                 0.00       2.28 r
  U_FIFO/W_INC (ASYNC_FIFO_ADDRES_WIDTH4_DATA_WIDTH8_FIFO_DEPTH8_test_1)
                                                          0.00       2.28 r
  U_FIFO/MEMORY_MODULE/W_INC (FIFO_MEM_CNTRL_ADDRES_WIDTH4_DATA_WIDTH8_FIFO_DEPTH8_test_1)
                                                          0.00       2.28 r
  U_FIFO/MEMORY_MODULE/U77/Y (NOR2BX2M)                   0.16       2.44 r
  U_FIFO/MEMORY_MODULE/U82/Y (NOR2BX2M)                   0.27       2.71 r
  U_FIFO/MEMORY_MODULE/U80/Y (NAND3X2M)                   0.31       3.02 f
  U_FIFO/MEMORY_MODULE/U83/Y (OAI2BB2X1M)                 0.31       3.34 f
  U_FIFO/MEMORY_MODULE/MEMORY_reg[0][0]/D (SDFFRQX2M)     0.00       3.34 f
  data arrival time                                                  3.34

  clock DFTCLK (rise edge)                              100.00     100.00
  clock network delay (ideal)                             0.00     100.00
  clock uncertainty                                      -0.03      99.97
  U_FIFO/MEMORY_MODULE/MEMORY_reg[0][0]/CK (SDFFRQX2M)
                                                          0.00      99.97 r
  library setup time                                     -0.41      99.57
  data required time                                                99.57
  --------------------------------------------------------------------------
  data required time                                                99.57
  data arrival time                                                 -3.34
  --------------------------------------------------------------------------
  slack (MET)                                                       96.23


  Startpoint: U_SYS_CTRL/current_state_reg[3]
              (rising edge-triggered flip-flop clocked by DFTCLK)
  Endpoint: U_FIFO/MEMORY_MODULE/MEMORY_reg[0][7]
            (rising edge-triggered flip-flop clocked by DFTCLK)
  Path Group: DFTCLK
  Path Type: max

  Point                                                   Incr       Path
  --------------------------------------------------------------------------
  clock DFTCLK (rise edge)                                0.00       0.00
  clock network delay (ideal)                             0.00       0.00
  U_SYS_CTRL/current_state_reg[3]/CK (SDFFRQX2M)          0.00       0.00 r
  U_SYS_CTRL/current_state_reg[3]/Q (SDFFRQX2M)           0.95       0.95 r
  U_SYS_CTRL/U63/Y (INVX2M)                               0.20       1.15 f
  U_SYS_CTRL/U28/Y (NOR2X2M)                              0.25       1.41 r
  U_SYS_CTRL/U43/Y (NAND3X2M)                             0.19       1.60 f
  U_SYS_CTRL/U68/Y (NOR3BX2M)                             0.22       1.81 r
  U_SYS_CTRL/U67/Y (BUFX2M)                               0.26       2.08 r
  U_SYS_CTRL/U35/Y (OR3X2M)                               0.20       2.28 r
  U_SYS_CTRL/TX_D_VALID (SYS_CTRL_test_1)                 0.00       2.28 r
  U_FIFO/W_INC (ASYNC_FIFO_ADDRES_WIDTH4_DATA_WIDTH8_FIFO_DEPTH8_test_1)
                                                          0.00       2.28 r
  U_FIFO/MEMORY_MODULE/W_INC (FIFO_MEM_CNTRL_ADDRES_WIDTH4_DATA_WIDTH8_FIFO_DEPTH8_test_1)
                                                          0.00       2.28 r
  U_FIFO/MEMORY_MODULE/U77/Y (NOR2BX2M)                   0.16       2.44 r
  U_FIFO/MEMORY_MODULE/U82/Y (NOR2BX2M)                   0.27       2.71 r
  U_FIFO/MEMORY_MODULE/U80/Y (NAND3X2M)                   0.31       3.02 f
  U_FIFO/MEMORY_MODULE/U90/Y (OAI2BB2X1M)                 0.31       3.34 f
  U_FIFO/MEMORY_MODULE/MEMORY_reg[0][7]/D (SDFFRQX2M)     0.00       3.34 f
  data arrival time                                                  3.34

  clock DFTCLK (rise edge)                              100.00     100.00
  clock network delay (ideal)                             0.00     100.00
  clock uncertainty                                      -0.03      99.97
  U_FIFO/MEMORY_MODULE/MEMORY_reg[0][7]/CK (SDFFRQX2M)
                                                          0.00      99.97 r
  library setup time                                     -0.41      99.57
  data required time                                                99.57
  --------------------------------------------------------------------------
  data required time                                                99.57
  data arrival time                                                 -3.34
  --------------------------------------------------------------------------
  slack (MET)                                                       96.23


  Startpoint: U_SYS_CTRL/current_state_reg[3]
              (rising edge-triggered flip-flop clocked by DFTCLK)
  Endpoint: U_FIFO/MEMORY_MODULE/MEMORY_reg[0][6]
            (rising edge-triggered flip-flop clocked by DFTCLK)
  Path Group: DFTCLK
  Path Type: max

  Point                                                   Incr       Path
  --------------------------------------------------------------------------
  clock DFTCLK (rise edge)                                0.00       0.00
  clock network delay (ideal)                             0.00       0.00
  U_SYS_CTRL/current_state_reg[3]/CK (SDFFRQX2M)          0.00       0.00 r
  U_SYS_CTRL/current_state_reg[3]/Q (SDFFRQX2M)           0.95       0.95 r
  U_SYS_CTRL/U63/Y (INVX2M)                               0.20       1.15 f
  U_SYS_CTRL/U28/Y (NOR2X2M)                              0.25       1.41 r
  U_SYS_CTRL/U43/Y (NAND3X2M)                             0.19       1.60 f
  U_SYS_CTRL/U68/Y (NOR3BX2M)                             0.22       1.81 r
  U_SYS_CTRL/U67/Y (BUFX2M)                               0.26       2.08 r
  U_SYS_CTRL/U35/Y (OR3X2M)                               0.20       2.28 r
  U_SYS_CTRL/TX_D_VALID (SYS_CTRL_test_1)                 0.00       2.28 r
  U_FIFO/W_INC (ASYNC_FIFO_ADDRES_WIDTH4_DATA_WIDTH8_FIFO_DEPTH8_test_1)
                                                          0.00       2.28 r
  U_FIFO/MEMORY_MODULE/W_INC (FIFO_MEM_CNTRL_ADDRES_WIDTH4_DATA_WIDTH8_FIFO_DEPTH8_test_1)
                                                          0.00       2.28 r
  U_FIFO/MEMORY_MODULE/U77/Y (NOR2BX2M)                   0.16       2.44 r
  U_FIFO/MEMORY_MODULE/U82/Y (NOR2BX2M)                   0.27       2.71 r
  U_FIFO/MEMORY_MODULE/U80/Y (NAND3X2M)                   0.31       3.02 f
  U_FIFO/MEMORY_MODULE/U89/Y (OAI2BB2X1M)                 0.31       3.34 f
  U_FIFO/MEMORY_MODULE/MEMORY_reg[0][6]/D (SDFFRQX2M)     0.00       3.34 f
  data arrival time                                                  3.34

  clock DFTCLK (rise edge)                              100.00     100.00
  clock network delay (ideal)                             0.00     100.00
  clock uncertainty                                      -0.03      99.97
  U_FIFO/MEMORY_MODULE/MEMORY_reg[0][6]/CK (SDFFRQX2M)
                                                          0.00      99.97 r
  library setup time                                     -0.41      99.57
  data required time                                                99.57
  --------------------------------------------------------------------------
  data required time                                                99.57
  data arrival time                                                 -3.34
  --------------------------------------------------------------------------
  slack (MET)                                                       96.23


  Startpoint: U_SYS_CTRL/current_state_reg[3]
              (rising edge-triggered flip-flop clocked by DFTCLK)
  Endpoint: U_FIFO/MEMORY_MODULE/MEMORY_reg[0][5]
            (rising edge-triggered flip-flop clocked by DFTCLK)
  Path Group: DFTCLK
  Path Type: max

  Point                                                   Incr       Path
  --------------------------------------------------------------------------
  clock DFTCLK (rise edge)                                0.00       0.00
  clock network delay (ideal)                             0.00       0.00
  U_SYS_CTRL/current_state_reg[3]/CK (SDFFRQX2M)          0.00       0.00 r
  U_SYS_CTRL/current_state_reg[3]/Q (SDFFRQX2M)           0.95       0.95 r
  U_SYS_CTRL/U63/Y (INVX2M)                               0.20       1.15 f
  U_SYS_CTRL/U28/Y (NOR2X2M)                              0.25       1.41 r
  U_SYS_CTRL/U43/Y (NAND3X2M)                             0.19       1.60 f
  U_SYS_CTRL/U68/Y (NOR3BX2M)                             0.22       1.81 r
  U_SYS_CTRL/U67/Y (BUFX2M)                               0.26       2.08 r
  U_SYS_CTRL/U35/Y (OR3X2M)                               0.20       2.28 r
  U_SYS_CTRL/TX_D_VALID (SYS_CTRL_test_1)                 0.00       2.28 r
  U_FIFO/W_INC (ASYNC_FIFO_ADDRES_WIDTH4_DATA_WIDTH8_FIFO_DEPTH8_test_1)
                                                          0.00       2.28 r
  U_FIFO/MEMORY_MODULE/W_INC (FIFO_MEM_CNTRL_ADDRES_WIDTH4_DATA_WIDTH8_FIFO_DEPTH8_test_1)
                                                          0.00       2.28 r
  U_FIFO/MEMORY_MODULE/U77/Y (NOR2BX2M)                   0.16       2.44 r
  U_FIFO/MEMORY_MODULE/U82/Y (NOR2BX2M)                   0.27       2.71 r
  U_FIFO/MEMORY_MODULE/U80/Y (NAND3X2M)                   0.31       3.02 f
  U_FIFO/MEMORY_MODULE/U88/Y (OAI2BB2X1M)                 0.31       3.34 f
  U_FIFO/MEMORY_MODULE/MEMORY_reg[0][5]/D (SDFFRQX2M)     0.00       3.34 f
  data arrival time                                                  3.34

  clock DFTCLK (rise edge)                              100.00     100.00
  clock network delay (ideal)                             0.00     100.00
  clock uncertainty                                      -0.03      99.97
  U_FIFO/MEMORY_MODULE/MEMORY_reg[0][5]/CK (SDFFRQX2M)
                                                          0.00      99.97 r
  library setup time                                     -0.41      99.57
  data required time                                                99.57
  --------------------------------------------------------------------------
  data required time                                                99.57
  data arrival time                                                 -3.34
  --------------------------------------------------------------------------
  slack (MET)                                                       96.23


  Startpoint: U_SYS_CTRL/current_state_reg[3]
              (rising edge-triggered flip-flop clocked by DFTCLK)
  Endpoint: U_FIFO/MEMORY_MODULE/MEMORY_reg[0][4]
            (rising edge-triggered flip-flop clocked by DFTCLK)
  Path Group: DFTCLK
  Path Type: max

  Point                                                   Incr       Path
  --------------------------------------------------------------------------
  clock DFTCLK (rise edge)                                0.00       0.00
  clock network delay (ideal)                             0.00       0.00
  U_SYS_CTRL/current_state_reg[3]/CK (SDFFRQX2M)          0.00       0.00 r
  U_SYS_CTRL/current_state_reg[3]/Q (SDFFRQX2M)           0.95       0.95 r
  U_SYS_CTRL/U63/Y (INVX2M)                               0.20       1.15 f
  U_SYS_CTRL/U28/Y (NOR2X2M)                              0.25       1.41 r
  U_SYS_CTRL/U43/Y (NAND3X2M)                             0.19       1.60 f
  U_SYS_CTRL/U68/Y (NOR3BX2M)                             0.22       1.81 r
  U_SYS_CTRL/U67/Y (BUFX2M)                               0.26       2.08 r
  U_SYS_CTRL/U35/Y (OR3X2M)                               0.20       2.28 r
  U_SYS_CTRL/TX_D_VALID (SYS_CTRL_test_1)                 0.00       2.28 r
  U_FIFO/W_INC (ASYNC_FIFO_ADDRES_WIDTH4_DATA_WIDTH8_FIFO_DEPTH8_test_1)
                                                          0.00       2.28 r
  U_FIFO/MEMORY_MODULE/W_INC (FIFO_MEM_CNTRL_ADDRES_WIDTH4_DATA_WIDTH8_FIFO_DEPTH8_test_1)
                                                          0.00       2.28 r
  U_FIFO/MEMORY_MODULE/U77/Y (NOR2BX2M)                   0.16       2.44 r
  U_FIFO/MEMORY_MODULE/U82/Y (NOR2BX2M)                   0.27       2.71 r
  U_FIFO/MEMORY_MODULE/U80/Y (NAND3X2M)                   0.31       3.02 f
  U_FIFO/MEMORY_MODULE/U87/Y (OAI2BB2X1M)                 0.31       3.34 f
  U_FIFO/MEMORY_MODULE/MEMORY_reg[0][4]/D (SDFFRQX2M)     0.00       3.34 f
  data arrival time                                                  3.34

  clock DFTCLK (rise edge)                              100.00     100.00
  clock network delay (ideal)                             0.00     100.00
  clock uncertainty                                      -0.03      99.97
  U_FIFO/MEMORY_MODULE/MEMORY_reg[0][4]/CK (SDFFRQX2M)
                                                          0.00      99.97 r
  library setup time                                     -0.41      99.57
  data required time                                                99.57
  --------------------------------------------------------------------------
  data required time                                                99.57
  data arrival time                                                 -3.34
  --------------------------------------------------------------------------
  slack (MET)                                                       96.23


  Startpoint: U_SYS_CTRL/current_state_reg[3]
              (rising edge-triggered flip-flop clocked by DFTCLK)
  Endpoint: U_RegFile/regArr_reg[2][0]
            (rising edge-triggered flip-flop clocked by DFTCLK)
  Path Group: DFTCLK
  Path Type: max

  Point                                                   Incr       Path
  --------------------------------------------------------------------------
  clock DFTCLK (rise edge)                                0.00       0.00
  clock network delay (ideal)                             0.00       0.00
  U_SYS_CTRL/current_state_reg[3]/CK (SDFFRQX2M)          0.00       0.00 r
  U_SYS_CTRL/current_state_reg[3]/Q (SDFFRQX2M)           0.78       0.78 f
  U_SYS_CTRL/U58/Y (NOR2X2M)                              0.22       0.99 r
  U_SYS_CTRL/U34/Y (INVX2M)                               0.09       1.09 f
  U_SYS_CTRL/U29/Y (NOR3X2M)                              0.27       1.36 r
  U_SYS_CTRL/U59/Y (NAND2X2M)                             0.17       1.53 f
  U_SYS_CTRL/U70/Y (OAI22X1M)                             0.21       1.75 r
  U_SYS_CTRL/RF_Addres[1] (SYS_CTRL_test_1)               0.00       1.75 r
  U5/Y (BUFX2M)                                           0.63       2.37 r
  U_RegFile/Address[1] (RegFile_test_1)                   0.00       2.37 r
  U_RegFile/U374/Y (INVX2M)                               0.15       2.52 f
  U_RegFile/U144/Y (NOR2X2M)                              0.24       2.77 r
  U_RegFile/U160/Y (NAND2X2M)                             0.25       3.01 f
  U_RegFile/U322/Y (OAI2BB2X1M)                           0.28       3.29 f
  U_RegFile/regArr_reg[2][0]/D (SDFFSQX2M)                0.00       3.29 f
  data arrival time                                                  3.29

  clock DFTCLK (rise edge)                              100.00     100.00
  clock network delay (ideal)                             0.00     100.00
  clock uncertainty                                      -0.03      99.97
  U_RegFile/regArr_reg[2][0]/CK (SDFFSQX2M)               0.00      99.97 r
  library setup time                                     -0.43      99.54
  data required time                                                99.54
  --------------------------------------------------------------------------
  data required time                                                99.54
  data arrival time                                                 -3.29
  --------------------------------------------------------------------------
  slack (MET)                                                       96.25


  Startpoint: U_SYS_CTRL/current_state_reg[3]
              (rising edge-triggered flip-flop clocked by DFTCLK)
  Endpoint: U_RegFile/regArr_reg[3][5]
            (rising edge-triggered flip-flop clocked by DFTCLK)
  Path Group: DFTCLK
  Path Type: max

  Point                                                   Incr       Path
  --------------------------------------------------------------------------
  clock DFTCLK (rise edge)                                0.00       0.00
  clock network delay (ideal)                             0.00       0.00
  U_SYS_CTRL/current_state_reg[3]/CK (SDFFRQX2M)          0.00       0.00 r
  U_SYS_CTRL/current_state_reg[3]/Q (SDFFRQX2M)           0.78       0.78 f
  U_SYS_CTRL/U58/Y (NOR2X2M)                              0.22       0.99 r
  U_SYS_CTRL/U34/Y (INVX2M)                               0.09       1.09 f
  U_SYS_CTRL/U29/Y (NOR3X2M)                              0.27       1.36 r
  U_SYS_CTRL/U59/Y (NAND2X2M)                             0.17       1.53 f
  U_SYS_CTRL/U70/Y (OAI22X1M)                             0.21       1.75 r
  U_SYS_CTRL/RF_Addres[1] (SYS_CTRL_test_1)               0.00       1.75 r
  U5/Y (BUFX2M)                                           0.63       2.37 r
  U_RegFile/Address[1] (RegFile_test_1)                   0.00       2.37 r
  U_RegFile/U374/Y (INVX2M)                               0.15       2.52 f
  U_RegFile/U144/Y (NOR2X2M)                              0.24       2.77 r
  U_RegFile/U161/Y (NAND2X2M)                             0.25       3.01 f
  U_RegFile/U324/Y (OAI2BB2X1M)                           0.28       3.29 f
  U_RegFile/regArr_reg[3][5]/D (SDFFSQX2M)                0.00       3.29 f
  data arrival time                                                  3.29

  clock DFTCLK (rise edge)                              100.00     100.00
  clock network delay (ideal)                             0.00     100.00
  clock uncertainty                                      -0.03      99.97
  U_RegFile/regArr_reg[3][5]/CK (SDFFSQX2M)               0.00      99.97 r
  library setup time                                     -0.43      99.54
  data required time                                                99.54
  --------------------------------------------------------------------------
  data required time                                                99.54
  data arrival time                                                 -3.29
  --------------------------------------------------------------------------
  slack (MET)                                                       96.25


  Startpoint: U_SYS_CTRL/current_state_reg[3]
              (rising edge-triggered flip-flop clocked by DFTCLK)
  Endpoint: U_RegFile/regArr_reg[2][7]
            (rising edge-triggered flip-flop clocked by DFTCLK)
  Path Group: DFTCLK
  Path Type: max

  Point                                                   Incr       Path
  --------------------------------------------------------------------------
  clock DFTCLK (rise edge)                                0.00       0.00
  clock network delay (ideal)                             0.00       0.00
  U_SYS_CTRL/current_state_reg[3]/CK (SDFFRQX2M)          0.00       0.00 r
  U_SYS_CTRL/current_state_reg[3]/Q (SDFFRQX2M)           0.78       0.78 f
  U_SYS_CTRL/U58/Y (NOR2X2M)                              0.22       0.99 r
  U_SYS_CTRL/U34/Y (INVX2M)                               0.09       1.09 f
  U_SYS_CTRL/U29/Y (NOR3X2M)                              0.27       1.36 r
  U_SYS_CTRL/U59/Y (NAND2X2M)                             0.17       1.53 f
  U_SYS_CTRL/U70/Y (OAI22X1M)                             0.21       1.75 r
  U_SYS_CTRL/RF_Addres[1] (SYS_CTRL_test_1)               0.00       1.75 r
  U5/Y (BUFX2M)                                           0.63       2.37 r
  U_RegFile/Address[1] (RegFile_test_1)                   0.00       2.37 r
  U_RegFile/U374/Y (INVX2M)                               0.15       2.52 f
  U_RegFile/U144/Y (NOR2X2M)                              0.24       2.77 r
  U_RegFile/U160/Y (NAND2X2M)                             0.25       3.01 f
  U_RegFile/U323/Y (OAI2BB2X1M)                           0.28       3.29 f
  U_RegFile/regArr_reg[2][7]/D (SDFFSQX2M)                0.00       3.29 f
  data arrival time                                                  3.29

  clock DFTCLK (rise edge)                              100.00     100.00
  clock network delay (ideal)                             0.00     100.00
  clock uncertainty                                      -0.03      99.97
  U_RegFile/regArr_reg[2][7]/CK (SDFFSQX2M)               0.00      99.97 r
  library setup time                                     -0.43      99.54
  data required time                                                99.54
  --------------------------------------------------------------------------
  data required time                                                99.54
  data arrival time                                                 -3.29
  --------------------------------------------------------------------------
  slack (MET)                                                       96.25


  Startpoint: U_SYS_CTRL/current_state_reg[3]
              (rising edge-triggered flip-flop clocked by DFTCLK)
  Endpoint: U_FIFO/MEMORY_MODULE/MEMORY_reg[3][3]
            (rising edge-triggered flip-flop clocked by DFTCLK)
  Path Group: DFTCLK
  Path Type: max

  Point                                                   Incr       Path
  --------------------------------------------------------------------------
  clock DFTCLK (rise edge)                                0.00       0.00
  clock network delay (ideal)                             0.00       0.00
  U_SYS_CTRL/current_state_reg[3]/CK (SDFFRQX2M)          0.00       0.00 r
  U_SYS_CTRL/current_state_reg[3]/Q (SDFFRQX2M)           0.95       0.95 r
  U_SYS_CTRL/U63/Y (INVX2M)                               0.20       1.15 f
  U_SYS_CTRL/U28/Y (NOR2X2M)                              0.25       1.41 r
  U_SYS_CTRL/U43/Y (NAND3X2M)                             0.19       1.60 f
  U_SYS_CTRL/U68/Y (NOR3BX2M)                             0.22       1.81 r
  U_SYS_CTRL/U67/Y (BUFX2M)                               0.26       2.08 r
  U_SYS_CTRL/U35/Y (OR3X2M)                               0.20       2.28 r
  U_SYS_CTRL/TX_D_VALID (SYS_CTRL_test_1)                 0.00       2.28 r
  U_FIFO/W_INC (ASYNC_FIFO_ADDRES_WIDTH4_DATA_WIDTH8_FIFO_DEPTH8_test_1)
                                                          0.00       2.28 r
  U_FIFO/MEMORY_MODULE/W_INC (FIFO_MEM_CNTRL_ADDRES_WIDTH4_DATA_WIDTH8_FIFO_DEPTH8_test_1)
                                                          0.00       2.28 r
  U_FIFO/MEMORY_MODULE/U77/Y (NOR2BX2M)                   0.16       2.44 r
  U_FIFO/MEMORY_MODULE/U82/Y (NOR2BX2M)                   0.27       2.71 r
  U_FIFO/MEMORY_MODULE/U112/Y (NAND3X2M)                  0.12       2.83 f
  U_FIFO/MEMORY_MODULE/U111/Y (BUFX2M)                    0.23       3.06 f
  U_FIFO/MEMORY_MODULE/U132/Y (OAI2BB2X1M)                0.24       3.30 f
  U_FIFO/MEMORY_MODULE/MEMORY_reg[3][3]/D (SDFFRQX2M)     0.00       3.30 f
  data arrival time                                                  3.30

  clock DFTCLK (rise edge)                              100.00     100.00
  clock network delay (ideal)                             0.00     100.00
  clock uncertainty                                      -0.03      99.97
  U_FIFO/MEMORY_MODULE/MEMORY_reg[3][3]/CK (SDFFRQX2M)
                                                          0.00      99.97 r
  library setup time                                     -0.41      99.57
  data required time                                                99.57
  --------------------------------------------------------------------------
  data required time                                                99.57
  data arrival time                                                 -3.30
  --------------------------------------------------------------------------
  slack (MET)                                                       96.27


  Startpoint: U_SYS_CTRL/current_state_reg[3]
              (rising edge-triggered flip-flop clocked by DFTCLK)
  Endpoint: U_FIFO/MEMORY_MODULE/MEMORY_reg[3][2]
            (rising edge-triggered flip-flop clocked by DFTCLK)
  Path Group: DFTCLK
  Path Type: max

  Point                                                   Incr       Path
  --------------------------------------------------------------------------
  clock DFTCLK (rise edge)                                0.00       0.00
  clock network delay (ideal)                             0.00       0.00
  U_SYS_CTRL/current_state_reg[3]/CK (SDFFRQX2M)          0.00       0.00 r
  U_SYS_CTRL/current_state_reg[3]/Q (SDFFRQX2M)           0.95       0.95 r
  U_SYS_CTRL/U63/Y (INVX2M)                               0.20       1.15 f
  U_SYS_CTRL/U28/Y (NOR2X2M)                              0.25       1.41 r
  U_SYS_CTRL/U43/Y (NAND3X2M)                             0.19       1.60 f
  U_SYS_CTRL/U68/Y (NOR3BX2M)                             0.22       1.81 r
  U_SYS_CTRL/U67/Y (BUFX2M)                               0.26       2.08 r
  U_SYS_CTRL/U35/Y (OR3X2M)                               0.20       2.28 r
  U_SYS_CTRL/TX_D_VALID (SYS_CTRL_test_1)                 0.00       2.28 r
  U_FIFO/W_INC (ASYNC_FIFO_ADDRES_WIDTH4_DATA_WIDTH8_FIFO_DEPTH8_test_1)
                                                          0.00       2.28 r
  U_FIFO/MEMORY_MODULE/W_INC (FIFO_MEM_CNTRL_ADDRES_WIDTH4_DATA_WIDTH8_FIFO_DEPTH8_test_1)
                                                          0.00       2.28 r
  U_FIFO/MEMORY_MODULE/U77/Y (NOR2BX2M)                   0.16       2.44 r
  U_FIFO/MEMORY_MODULE/U82/Y (NOR2BX2M)                   0.27       2.71 r
  U_FIFO/MEMORY_MODULE/U112/Y (NAND3X2M)                  0.12       2.83 f
  U_FIFO/MEMORY_MODULE/U111/Y (BUFX2M)                    0.23       3.06 f
  U_FIFO/MEMORY_MODULE/U131/Y (OAI2BB2X1M)                0.24       3.30 f
  U_FIFO/MEMORY_MODULE/MEMORY_reg[3][2]/D (SDFFRQX2M)     0.00       3.30 f
  data arrival time                                                  3.30

  clock DFTCLK (rise edge)                              100.00     100.00
  clock network delay (ideal)                             0.00     100.00
  clock uncertainty                                      -0.03      99.97
  U_FIFO/MEMORY_MODULE/MEMORY_reg[3][2]/CK (SDFFRQX2M)
                                                          0.00      99.97 r
  library setup time                                     -0.41      99.57
  data required time                                                99.57
  --------------------------------------------------------------------------
  data required time                                                99.57
  data arrival time                                                 -3.30
  --------------------------------------------------------------------------
  slack (MET)                                                       96.27


  Startpoint: U_SYS_CTRL/current_state_reg[3]
              (rising edge-triggered flip-flop clocked by DFTCLK)
  Endpoint: U_FIFO/MEMORY_MODULE/MEMORY_reg[3][1]
            (rising edge-triggered flip-flop clocked by DFTCLK)
  Path Group: DFTCLK
  Path Type: max

  Point                                                   Incr       Path
  --------------------------------------------------------------------------
  clock DFTCLK (rise edge)                                0.00       0.00
  clock network delay (ideal)                             0.00       0.00
  U_SYS_CTRL/current_state_reg[3]/CK (SDFFRQX2M)          0.00       0.00 r
  U_SYS_CTRL/current_state_reg[3]/Q (SDFFRQX2M)           0.95       0.95 r
  U_SYS_CTRL/U63/Y (INVX2M)                               0.20       1.15 f
  U_SYS_CTRL/U28/Y (NOR2X2M)                              0.25       1.41 r
  U_SYS_CTRL/U43/Y (NAND3X2M)                             0.19       1.60 f
  U_SYS_CTRL/U68/Y (NOR3BX2M)                             0.22       1.81 r
  U_SYS_CTRL/U67/Y (BUFX2M)                               0.26       2.08 r
  U_SYS_CTRL/U35/Y (OR3X2M)                               0.20       2.28 r
  U_SYS_CTRL/TX_D_VALID (SYS_CTRL_test_1)                 0.00       2.28 r
  U_FIFO/W_INC (ASYNC_FIFO_ADDRES_WIDTH4_DATA_WIDTH8_FIFO_DEPTH8_test_1)
                                                          0.00       2.28 r
  U_FIFO/MEMORY_MODULE/W_INC (FIFO_MEM_CNTRL_ADDRES_WIDTH4_DATA_WIDTH8_FIFO_DEPTH8_test_1)
                                                          0.00       2.28 r
  U_FIFO/MEMORY_MODULE/U77/Y (NOR2BX2M)                   0.16       2.44 r
  U_FIFO/MEMORY_MODULE/U82/Y (NOR2BX2M)                   0.27       2.71 r
  U_FIFO/MEMORY_MODULE/U112/Y (NAND3X2M)                  0.12       2.83 f
  U_FIFO/MEMORY_MODULE/U111/Y (BUFX2M)                    0.23       3.06 f
  U_FIFO/MEMORY_MODULE/U130/Y (OAI2BB2X1M)                0.24       3.30 f
  U_FIFO/MEMORY_MODULE/MEMORY_reg[3][1]/D (SDFFRQX2M)     0.00       3.30 f
  data arrival time                                                  3.30

  clock DFTCLK (rise edge)                              100.00     100.00
  clock network delay (ideal)                             0.00     100.00
  clock uncertainty                                      -0.03      99.97
  U_FIFO/MEMORY_MODULE/MEMORY_reg[3][1]/CK (SDFFRQX2M)
                                                          0.00      99.97 r
  library setup time                                     -0.41      99.57
  data required time                                                99.57
  --------------------------------------------------------------------------
  data required time                                                99.57
  data arrival time                                                 -3.30
  --------------------------------------------------------------------------
  slack (MET)                                                       96.27


  Startpoint: U_SYS_CTRL/current_state_reg[3]
              (rising edge-triggered flip-flop clocked by DFTCLK)
  Endpoint: U_FIFO/MEMORY_MODULE/MEMORY_reg[3][0]
            (rising edge-triggered flip-flop clocked by DFTCLK)
  Path Group: DFTCLK
  Path Type: max

  Point                                                   Incr       Path
  --------------------------------------------------------------------------
  clock DFTCLK (rise edge)                                0.00       0.00
  clock network delay (ideal)                             0.00       0.00
  U_SYS_CTRL/current_state_reg[3]/CK (SDFFRQX2M)          0.00       0.00 r
  U_SYS_CTRL/current_state_reg[3]/Q (SDFFRQX2M)           0.95       0.95 r
  U_SYS_CTRL/U63/Y (INVX2M)                               0.20       1.15 f
  U_SYS_CTRL/U28/Y (NOR2X2M)                              0.25       1.41 r
  U_SYS_CTRL/U43/Y (NAND3X2M)                             0.19       1.60 f
  U_SYS_CTRL/U68/Y (NOR3BX2M)                             0.22       1.81 r
  U_SYS_CTRL/U67/Y (BUFX2M)                               0.26       2.08 r
  U_SYS_CTRL/U35/Y (OR3X2M)                               0.20       2.28 r
  U_SYS_CTRL/TX_D_VALID (SYS_CTRL_test_1)                 0.00       2.28 r
  U_FIFO/W_INC (ASYNC_FIFO_ADDRES_WIDTH4_DATA_WIDTH8_FIFO_DEPTH8_test_1)
                                                          0.00       2.28 r
  U_FIFO/MEMORY_MODULE/W_INC (FIFO_MEM_CNTRL_ADDRES_WIDTH4_DATA_WIDTH8_FIFO_DEPTH8_test_1)
                                                          0.00       2.28 r
  U_FIFO/MEMORY_MODULE/U77/Y (NOR2BX2M)                   0.16       2.44 r
  U_FIFO/MEMORY_MODULE/U82/Y (NOR2BX2M)                   0.27       2.71 r
  U_FIFO/MEMORY_MODULE/U112/Y (NAND3X2M)                  0.12       2.83 f
  U_FIFO/MEMORY_MODULE/U111/Y (BUFX2M)                    0.23       3.06 f
  U_FIFO/MEMORY_MODULE/U129/Y (OAI2BB2X1M)                0.24       3.30 f
  U_FIFO/MEMORY_MODULE/MEMORY_reg[3][0]/D (SDFFRQX2M)     0.00       3.30 f
  data arrival time                                                  3.30

  clock DFTCLK (rise edge)                              100.00     100.00
  clock network delay (ideal)                             0.00     100.00
  clock uncertainty                                      -0.03      99.97
  U_FIFO/MEMORY_MODULE/MEMORY_reg[3][0]/CK (SDFFRQX2M)
                                                          0.00      99.97 r
  library setup time                                     -0.41      99.57
  data required time                                                99.57
  --------------------------------------------------------------------------
  data required time                                                99.57
  data arrival time                                                 -3.30
  --------------------------------------------------------------------------
  slack (MET)                                                       96.27


  Startpoint: U_SYS_CTRL/current_state_reg[3]
              (rising edge-triggered flip-flop clocked by DFTCLK)
  Endpoint: U_FIFO/MEMORY_MODULE/MEMORY_reg[3][7]
            (rising edge-triggered flip-flop clocked by DFTCLK)
  Path Group: DFTCLK
  Path Type: max

  Point                                                   Incr       Path
  --------------------------------------------------------------------------
  clock DFTCLK (rise edge)                                0.00       0.00
  clock network delay (ideal)                             0.00       0.00
  U_SYS_CTRL/current_state_reg[3]/CK (SDFFRQX2M)          0.00       0.00 r
  U_SYS_CTRL/current_state_reg[3]/Q (SDFFRQX2M)           0.95       0.95 r
  U_SYS_CTRL/U63/Y (INVX2M)                               0.20       1.15 f
  U_SYS_CTRL/U28/Y (NOR2X2M)                              0.25       1.41 r
  U_SYS_CTRL/U43/Y (NAND3X2M)                             0.19       1.60 f
  U_SYS_CTRL/U68/Y (NOR3BX2M)                             0.22       1.81 r
  U_SYS_CTRL/U67/Y (BUFX2M)                               0.26       2.08 r
  U_SYS_CTRL/U35/Y (OR3X2M)                               0.20       2.28 r
  U_SYS_CTRL/TX_D_VALID (SYS_CTRL_test_1)                 0.00       2.28 r
  U_FIFO/W_INC (ASYNC_FIFO_ADDRES_WIDTH4_DATA_WIDTH8_FIFO_DEPTH8_test_1)
                                                          0.00       2.28 r
  U_FIFO/MEMORY_MODULE/W_INC (FIFO_MEM_CNTRL_ADDRES_WIDTH4_DATA_WIDTH8_FIFO_DEPTH8_test_1)
                                                          0.00       2.28 r
  U_FIFO/MEMORY_MODULE/U77/Y (NOR2BX2M)                   0.16       2.44 r
  U_FIFO/MEMORY_MODULE/U82/Y (NOR2BX2M)                   0.27       2.71 r
  U_FIFO/MEMORY_MODULE/U112/Y (NAND3X2M)                  0.12       2.83 f
  U_FIFO/MEMORY_MODULE/U111/Y (BUFX2M)                    0.23       3.06 f
  U_FIFO/MEMORY_MODULE/U136/Y (OAI2BB2X1M)                0.24       3.30 f
  U_FIFO/MEMORY_MODULE/MEMORY_reg[3][7]/D (SDFFRQX2M)     0.00       3.30 f
  data arrival time                                                  3.30

  clock DFTCLK (rise edge)                              100.00     100.00
  clock network delay (ideal)                             0.00     100.00
  clock uncertainty                                      -0.03      99.97
  U_FIFO/MEMORY_MODULE/MEMORY_reg[3][7]/CK (SDFFRQX2M)
                                                          0.00      99.97 r
  library setup time                                     -0.41      99.57
  data required time                                                99.57
  --------------------------------------------------------------------------
  data required time                                                99.57
  data arrival time                                                 -3.30
  --------------------------------------------------------------------------
  slack (MET)                                                       96.27


  Startpoint: U_SYS_CTRL/current_state_reg[3]
              (rising edge-triggered flip-flop clocked by DFTCLK)
  Endpoint: U_FIFO/MEMORY_MODULE/MEMORY_reg[3][6]
            (rising edge-triggered flip-flop clocked by DFTCLK)
  Path Group: DFTCLK
  Path Type: max

  Point                                                   Incr       Path
  --------------------------------------------------------------------------
  clock DFTCLK (rise edge)                                0.00       0.00
  clock network delay (ideal)                             0.00       0.00
  U_SYS_CTRL/current_state_reg[3]/CK (SDFFRQX2M)          0.00       0.00 r
  U_SYS_CTRL/current_state_reg[3]/Q (SDFFRQX2M)           0.95       0.95 r
  U_SYS_CTRL/U63/Y (INVX2M)                               0.20       1.15 f
  U_SYS_CTRL/U28/Y (NOR2X2M)                              0.25       1.41 r
  U_SYS_CTRL/U43/Y (NAND3X2M)                             0.19       1.60 f
  U_SYS_CTRL/U68/Y (NOR3BX2M)                             0.22       1.81 r
  U_SYS_CTRL/U67/Y (BUFX2M)                               0.26       2.08 r
  U_SYS_CTRL/U35/Y (OR3X2M)                               0.20       2.28 r
  U_SYS_CTRL/TX_D_VALID (SYS_CTRL_test_1)                 0.00       2.28 r
  U_FIFO/W_INC (ASYNC_FIFO_ADDRES_WIDTH4_DATA_WIDTH8_FIFO_DEPTH8_test_1)
                                                          0.00       2.28 r
  U_FIFO/MEMORY_MODULE/W_INC (FIFO_MEM_CNTRL_ADDRES_WIDTH4_DATA_WIDTH8_FIFO_DEPTH8_test_1)
                                                          0.00       2.28 r
  U_FIFO/MEMORY_MODULE/U77/Y (NOR2BX2M)                   0.16       2.44 r
  U_FIFO/MEMORY_MODULE/U82/Y (NOR2BX2M)                   0.27       2.71 r
  U_FIFO/MEMORY_MODULE/U112/Y (NAND3X2M)                  0.12       2.83 f
  U_FIFO/MEMORY_MODULE/U111/Y (BUFX2M)                    0.23       3.06 f
  U_FIFO/MEMORY_MODULE/U135/Y (OAI2BB2X1M)                0.24       3.30 f
  U_FIFO/MEMORY_MODULE/MEMORY_reg[3][6]/D (SDFFRQX2M)     0.00       3.30 f
  data arrival time                                                  3.30

  clock DFTCLK (rise edge)                              100.00     100.00
  clock network delay (ideal)                             0.00     100.00
  clock uncertainty                                      -0.03      99.97
  U_FIFO/MEMORY_MODULE/MEMORY_reg[3][6]/CK (SDFFRQX2M)
                                                          0.00      99.97 r
  library setup time                                     -0.41      99.57
  data required time                                                99.57
  --------------------------------------------------------------------------
  data required time                                                99.57
  data arrival time                                                 -3.30
  --------------------------------------------------------------------------
  slack (MET)                                                       96.27


  Startpoint: U_SYS_CTRL/current_state_reg[3]
              (rising edge-triggered flip-flop clocked by DFTCLK)
  Endpoint: U_FIFO/MEMORY_MODULE/MEMORY_reg[3][5]
            (rising edge-triggered flip-flop clocked by DFTCLK)
  Path Group: DFTCLK
  Path Type: max

  Point                                                   Incr       Path
  --------------------------------------------------------------------------
  clock DFTCLK (rise edge)                                0.00       0.00
  clock network delay (ideal)                             0.00       0.00
  U_SYS_CTRL/current_state_reg[3]/CK (SDFFRQX2M)          0.00       0.00 r
  U_SYS_CTRL/current_state_reg[3]/Q (SDFFRQX2M)           0.95       0.95 r
  U_SYS_CTRL/U63/Y (INVX2M)                               0.20       1.15 f
  U_SYS_CTRL/U28/Y (NOR2X2M)                              0.25       1.41 r
  U_SYS_CTRL/U43/Y (NAND3X2M)                             0.19       1.60 f
  U_SYS_CTRL/U68/Y (NOR3BX2M)                             0.22       1.81 r
  U_SYS_CTRL/U67/Y (BUFX2M)                               0.26       2.08 r
  U_SYS_CTRL/U35/Y (OR3X2M)                               0.20       2.28 r
  U_SYS_CTRL/TX_D_VALID (SYS_CTRL_test_1)                 0.00       2.28 r
  U_FIFO/W_INC (ASYNC_FIFO_ADDRES_WIDTH4_DATA_WIDTH8_FIFO_DEPTH8_test_1)
                                                          0.00       2.28 r
  U_FIFO/MEMORY_MODULE/W_INC (FIFO_MEM_CNTRL_ADDRES_WIDTH4_DATA_WIDTH8_FIFO_DEPTH8_test_1)
                                                          0.00       2.28 r
  U_FIFO/MEMORY_MODULE/U77/Y (NOR2BX2M)                   0.16       2.44 r
  U_FIFO/MEMORY_MODULE/U82/Y (NOR2BX2M)                   0.27       2.71 r
  U_FIFO/MEMORY_MODULE/U112/Y (NAND3X2M)                  0.12       2.83 f
  U_FIFO/MEMORY_MODULE/U111/Y (BUFX2M)                    0.23       3.06 f
  U_FIFO/MEMORY_MODULE/U134/Y (OAI2BB2X1M)                0.24       3.30 f
  U_FIFO/MEMORY_MODULE/MEMORY_reg[3][5]/D (SDFFRQX2M)     0.00       3.30 f
  data arrival time                                                  3.30

  clock DFTCLK (rise edge)                              100.00     100.00
  clock network delay (ideal)                             0.00     100.00
  clock uncertainty                                      -0.03      99.97
  U_FIFO/MEMORY_MODULE/MEMORY_reg[3][5]/CK (SDFFRQX2M)
                                                          0.00      99.97 r
  library setup time                                     -0.41      99.57
  data required time                                                99.57
  --------------------------------------------------------------------------
  data required time                                                99.57
  data arrival time                                                 -3.30
  --------------------------------------------------------------------------
  slack (MET)                                                       96.27


  Startpoint: U_SYS_CTRL/current_state_reg[3]
              (rising edge-triggered flip-flop clocked by DFTCLK)
  Endpoint: U_FIFO/MEMORY_MODULE/MEMORY_reg[3][4]
            (rising edge-triggered flip-flop clocked by DFTCLK)
  Path Group: DFTCLK
  Path Type: max

  Point                                                   Incr       Path
  --------------------------------------------------------------------------
  clock DFTCLK (rise edge)                                0.00       0.00
  clock network delay (ideal)                             0.00       0.00
  U_SYS_CTRL/current_state_reg[3]/CK (SDFFRQX2M)          0.00       0.00 r
  U_SYS_CTRL/current_state_reg[3]/Q (SDFFRQX2M)           0.95       0.95 r
  U_SYS_CTRL/U63/Y (INVX2M)                               0.20       1.15 f
  U_SYS_CTRL/U28/Y (NOR2X2M)                              0.25       1.41 r
  U_SYS_CTRL/U43/Y (NAND3X2M)                             0.19       1.60 f
  U_SYS_CTRL/U68/Y (NOR3BX2M)                             0.22       1.81 r
  U_SYS_CTRL/U67/Y (BUFX2M)                               0.26       2.08 r
  U_SYS_CTRL/U35/Y (OR3X2M)                               0.20       2.28 r
  U_SYS_CTRL/TX_D_VALID (SYS_CTRL_test_1)                 0.00       2.28 r
  U_FIFO/W_INC (ASYNC_FIFO_ADDRES_WIDTH4_DATA_WIDTH8_FIFO_DEPTH8_test_1)
                                                          0.00       2.28 r
  U_FIFO/MEMORY_MODULE/W_INC (FIFO_MEM_CNTRL_ADDRES_WIDTH4_DATA_WIDTH8_FIFO_DEPTH8_test_1)
                                                          0.00       2.28 r
  U_FIFO/MEMORY_MODULE/U77/Y (NOR2BX2M)                   0.16       2.44 r
  U_FIFO/MEMORY_MODULE/U82/Y (NOR2BX2M)                   0.27       2.71 r
  U_FIFO/MEMORY_MODULE/U112/Y (NAND3X2M)                  0.12       2.83 f
  U_FIFO/MEMORY_MODULE/U111/Y (BUFX2M)                    0.23       3.06 f
  U_FIFO/MEMORY_MODULE/U133/Y (OAI2BB2X1M)                0.24       3.30 f
  U_FIFO/MEMORY_MODULE/MEMORY_reg[3][4]/D (SDFFRQX2M)     0.00       3.30 f
  data arrival time                                                  3.30

  clock DFTCLK (rise edge)                              100.00     100.00
  clock network delay (ideal)                             0.00     100.00
  clock uncertainty                                      -0.03      99.97
  U_FIFO/MEMORY_MODULE/MEMORY_reg[3][4]/CK (SDFFRQX2M)
                                                          0.00      99.97 r
  library setup time                                     -0.41      99.57
  data required time                                                99.57
  --------------------------------------------------------------------------
  data required time                                                99.57
  data arrival time                                                 -3.30
  --------------------------------------------------------------------------
  slack (MET)                                                       96.27


  Startpoint: U_SYS_CTRL/current_state_reg[3]
              (rising edge-triggered flip-flop clocked by DFTCLK)
  Endpoint: U_FIFO/MEMORY_MODULE/MEMORY_reg[1][3]
            (rising edge-triggered flip-flop clocked by DFTCLK)
  Path Group: DFTCLK
  Path Type: max

  Point                                                   Incr       Path
  --------------------------------------------------------------------------
  clock DFTCLK (rise edge)                                0.00       0.00
  clock network delay (ideal)                             0.00       0.00
  U_SYS_CTRL/current_state_reg[3]/CK (SDFFRQX2M)          0.00       0.00 r
  U_SYS_CTRL/current_state_reg[3]/Q (SDFFRQX2M)           0.95       0.95 r
  U_SYS_CTRL/U63/Y (INVX2M)                               0.20       1.15 f
  U_SYS_CTRL/U28/Y (NOR2X2M)                              0.25       1.41 r
  U_SYS_CTRL/U43/Y (NAND3X2M)                             0.19       1.60 f
  U_SYS_CTRL/U68/Y (NOR3BX2M)                             0.22       1.81 r
  U_SYS_CTRL/U67/Y (BUFX2M)                               0.26       2.08 r
  U_SYS_CTRL/U35/Y (OR3X2M)                               0.20       2.28 r
  U_SYS_CTRL/TX_D_VALID (SYS_CTRL_test_1)                 0.00       2.28 r
  U_FIFO/W_INC (ASYNC_FIFO_ADDRES_WIDTH4_DATA_WIDTH8_FIFO_DEPTH8_test_1)
                                                          0.00       2.28 r
  U_FIFO/MEMORY_MODULE/W_INC (FIFO_MEM_CNTRL_ADDRES_WIDTH4_DATA_WIDTH8_FIFO_DEPTH8_test_1)
                                                          0.00       2.28 r
  U_FIFO/MEMORY_MODULE/U77/Y (NOR2BX2M)                   0.16       2.44 r
  U_FIFO/MEMORY_MODULE/U82/Y (NOR2BX2M)                   0.27       2.71 r
  U_FIFO/MEMORY_MODULE/U171/Y (NAND3X2M)                  0.11       2.82 f
  U_FIFO/MEMORY_MODULE/U69/Y (BUFX2M)                     0.23       3.06 f
  U_FIFO/MEMORY_MODULE/U116/Y (OAI2BB2X1M)                0.24       3.30 f
  U_FIFO/MEMORY_MODULE/MEMORY_reg[1][3]/D (SDFFRQX2M)     0.00       3.30 f
  data arrival time                                                  3.30

  clock DFTCLK (rise edge)                              100.00     100.00
  clock network delay (ideal)                             0.00     100.00
  clock uncertainty                                      -0.03      99.97
  U_FIFO/MEMORY_MODULE/MEMORY_reg[1][3]/CK (SDFFRQX2M)
                                                          0.00      99.97 r
  library setup time                                     -0.41      99.57
  data required time                                                99.57
  --------------------------------------------------------------------------
  data required time                                                99.57
  data arrival time                                                 -3.30
  --------------------------------------------------------------------------
  slack (MET)                                                       96.27


  Startpoint: U_SYS_CTRL/current_state_reg[3]
              (rising edge-triggered flip-flop clocked by DFTCLK)
  Endpoint: U_FIFO/MEMORY_MODULE/MEMORY_reg[1][2]
            (rising edge-triggered flip-flop clocked by DFTCLK)
  Path Group: DFTCLK
  Path Type: max

  Point                                                   Incr       Path
  --------------------------------------------------------------------------
  clock DFTCLK (rise edge)                                0.00       0.00
  clock network delay (ideal)                             0.00       0.00
  U_SYS_CTRL/current_state_reg[3]/CK (SDFFRQX2M)          0.00       0.00 r
  U_SYS_CTRL/current_state_reg[3]/Q (SDFFRQX2M)           0.95       0.95 r
  U_SYS_CTRL/U63/Y (INVX2M)                               0.20       1.15 f
  U_SYS_CTRL/U28/Y (NOR2X2M)                              0.25       1.41 r
  U_SYS_CTRL/U43/Y (NAND3X2M)                             0.19       1.60 f
  U_SYS_CTRL/U68/Y (NOR3BX2M)                             0.22       1.81 r
  U_SYS_CTRL/U67/Y (BUFX2M)                               0.26       2.08 r
  U_SYS_CTRL/U35/Y (OR3X2M)                               0.20       2.28 r
  U_SYS_CTRL/TX_D_VALID (SYS_CTRL_test_1)                 0.00       2.28 r
  U_FIFO/W_INC (ASYNC_FIFO_ADDRES_WIDTH4_DATA_WIDTH8_FIFO_DEPTH8_test_1)
                                                          0.00       2.28 r
  U_FIFO/MEMORY_MODULE/W_INC (FIFO_MEM_CNTRL_ADDRES_WIDTH4_DATA_WIDTH8_FIFO_DEPTH8_test_1)
                                                          0.00       2.28 r
  U_FIFO/MEMORY_MODULE/U77/Y (NOR2BX2M)                   0.16       2.44 r
  U_FIFO/MEMORY_MODULE/U82/Y (NOR2BX2M)                   0.27       2.71 r
  U_FIFO/MEMORY_MODULE/U171/Y (NAND3X2M)                  0.11       2.82 f
  U_FIFO/MEMORY_MODULE/U69/Y (BUFX2M)                     0.23       3.06 f
  U_FIFO/MEMORY_MODULE/U115/Y (OAI2BB2X1M)                0.24       3.30 f
  U_FIFO/MEMORY_MODULE/MEMORY_reg[1][2]/D (SDFFRQX2M)     0.00       3.30 f
  data arrival time                                                  3.30

  clock DFTCLK (rise edge)                              100.00     100.00
  clock network delay (ideal)                             0.00     100.00
  clock uncertainty                                      -0.03      99.97
  U_FIFO/MEMORY_MODULE/MEMORY_reg[1][2]/CK (SDFFRQX2M)
                                                          0.00      99.97 r
  library setup time                                     -0.41      99.57
  data required time                                                99.57
  --------------------------------------------------------------------------
  data required time                                                99.57
  data arrival time                                                 -3.30
  --------------------------------------------------------------------------
  slack (MET)                                                       96.27


  Startpoint: U_SYS_CTRL/current_state_reg[3]
              (rising edge-triggered flip-flop clocked by DFTCLK)
  Endpoint: U_FIFO/MEMORY_MODULE/MEMORY_reg[1][1]
            (rising edge-triggered flip-flop clocked by DFTCLK)
  Path Group: DFTCLK
  Path Type: max

  Point                                                   Incr       Path
  --------------------------------------------------------------------------
  clock DFTCLK (rise edge)                                0.00       0.00
  clock network delay (ideal)                             0.00       0.00
  U_SYS_CTRL/current_state_reg[3]/CK (SDFFRQX2M)          0.00       0.00 r
  U_SYS_CTRL/current_state_reg[3]/Q (SDFFRQX2M)           0.95       0.95 r
  U_SYS_CTRL/U63/Y (INVX2M)                               0.20       1.15 f
  U_SYS_CTRL/U28/Y (NOR2X2M)                              0.25       1.41 r
  U_SYS_CTRL/U43/Y (NAND3X2M)                             0.19       1.60 f
  U_SYS_CTRL/U68/Y (NOR3BX2M)                             0.22       1.81 r
  U_SYS_CTRL/U67/Y (BUFX2M)                               0.26       2.08 r
  U_SYS_CTRL/U35/Y (OR3X2M)                               0.20       2.28 r
  U_SYS_CTRL/TX_D_VALID (SYS_CTRL_test_1)                 0.00       2.28 r
  U_FIFO/W_INC (ASYNC_FIFO_ADDRES_WIDTH4_DATA_WIDTH8_FIFO_DEPTH8_test_1)
                                                          0.00       2.28 r
  U_FIFO/MEMORY_MODULE/W_INC (FIFO_MEM_CNTRL_ADDRES_WIDTH4_DATA_WIDTH8_FIFO_DEPTH8_test_1)
                                                          0.00       2.28 r
  U_FIFO/MEMORY_MODULE/U77/Y (NOR2BX2M)                   0.16       2.44 r
  U_FIFO/MEMORY_MODULE/U82/Y (NOR2BX2M)                   0.27       2.71 r
  U_FIFO/MEMORY_MODULE/U171/Y (NAND3X2M)                  0.11       2.82 f
  U_FIFO/MEMORY_MODULE/U69/Y (BUFX2M)                     0.23       3.06 f
  U_FIFO/MEMORY_MODULE/U114/Y (OAI2BB2X1M)                0.24       3.30 f
  U_FIFO/MEMORY_MODULE/MEMORY_reg[1][1]/D (SDFFRQX2M)     0.00       3.30 f
  data arrival time                                                  3.30

  clock DFTCLK (rise edge)                              100.00     100.00
  clock network delay (ideal)                             0.00     100.00
  clock uncertainty                                      -0.03      99.97
  U_FIFO/MEMORY_MODULE/MEMORY_reg[1][1]/CK (SDFFRQX2M)
                                                          0.00      99.97 r
  library setup time                                     -0.41      99.57
  data required time                                                99.57
  --------------------------------------------------------------------------
  data required time                                                99.57
  data arrival time                                                 -3.30
  --------------------------------------------------------------------------
  slack (MET)                                                       96.27


  Startpoint: U_SYS_CTRL/current_state_reg[3]
              (rising edge-triggered flip-flop clocked by DFTCLK)
  Endpoint: U_FIFO/MEMORY_MODULE/MEMORY_reg[1][0]
            (rising edge-triggered flip-flop clocked by DFTCLK)
  Path Group: DFTCLK
  Path Type: max

  Point                                                   Incr       Path
  --------------------------------------------------------------------------
  clock DFTCLK (rise edge)                                0.00       0.00
  clock network delay (ideal)                             0.00       0.00
  U_SYS_CTRL/current_state_reg[3]/CK (SDFFRQX2M)          0.00       0.00 r
  U_SYS_CTRL/current_state_reg[3]/Q (SDFFRQX2M)           0.95       0.95 r
  U_SYS_CTRL/U63/Y (INVX2M)                               0.20       1.15 f
  U_SYS_CTRL/U28/Y (NOR2X2M)                              0.25       1.41 r
  U_SYS_CTRL/U43/Y (NAND3X2M)                             0.19       1.60 f
  U_SYS_CTRL/U68/Y (NOR3BX2M)                             0.22       1.81 r
  U_SYS_CTRL/U67/Y (BUFX2M)                               0.26       2.08 r
  U_SYS_CTRL/U35/Y (OR3X2M)                               0.20       2.28 r
  U_SYS_CTRL/TX_D_VALID (SYS_CTRL_test_1)                 0.00       2.28 r
  U_FIFO/W_INC (ASYNC_FIFO_ADDRES_WIDTH4_DATA_WIDTH8_FIFO_DEPTH8_test_1)
                                                          0.00       2.28 r
  U_FIFO/MEMORY_MODULE/W_INC (FIFO_MEM_CNTRL_ADDRES_WIDTH4_DATA_WIDTH8_FIFO_DEPTH8_test_1)
                                                          0.00       2.28 r
  U_FIFO/MEMORY_MODULE/U77/Y (NOR2BX2M)                   0.16       2.44 r
  U_FIFO/MEMORY_MODULE/U82/Y (NOR2BX2M)                   0.27       2.71 r
  U_FIFO/MEMORY_MODULE/U171/Y (NAND3X2M)                  0.11       2.82 f
  U_FIFO/MEMORY_MODULE/U69/Y (BUFX2M)                     0.23       3.06 f
  U_FIFO/MEMORY_MODULE/U113/Y (OAI2BB2X1M)                0.24       3.30 f
  U_FIFO/MEMORY_MODULE/MEMORY_reg[1][0]/D (SDFFRQX2M)     0.00       3.30 f
  data arrival time                                                  3.30

  clock DFTCLK (rise edge)                              100.00     100.00
  clock network delay (ideal)                             0.00     100.00
  clock uncertainty                                      -0.03      99.97
  U_FIFO/MEMORY_MODULE/MEMORY_reg[1][0]/CK (SDFFRQX2M)
                                                          0.00      99.97 r
  library setup time                                     -0.41      99.57
  data required time                                                99.57
  --------------------------------------------------------------------------
  data required time                                                99.57
  data arrival time                                                 -3.30
  --------------------------------------------------------------------------
  slack (MET)                                                       96.27


  Startpoint: U_SYS_CTRL/current_state_reg[3]
              (rising edge-triggered flip-flop clocked by DFTCLK)
  Endpoint: U_FIFO/MEMORY_MODULE/MEMORY_reg[2][3]
            (rising edge-triggered flip-flop clocked by DFTCLK)
  Path Group: DFTCLK
  Path Type: max

  Point                                                   Incr       Path
  --------------------------------------------------------------------------
  clock DFTCLK (rise edge)                                0.00       0.00
  clock network delay (ideal)                             0.00       0.00
  U_SYS_CTRL/current_state_reg[3]/CK (SDFFRQX2M)          0.00       0.00 r
  U_SYS_CTRL/current_state_reg[3]/Q (SDFFRQX2M)           0.95       0.95 r
  U_SYS_CTRL/U63/Y (INVX2M)                               0.20       1.15 f
  U_SYS_CTRL/U28/Y (NOR2X2M)                              0.25       1.41 r
  U_SYS_CTRL/U43/Y (NAND3X2M)                             0.19       1.60 f
  U_SYS_CTRL/U68/Y (NOR3BX2M)                             0.22       1.81 r
  U_SYS_CTRL/U67/Y (BUFX2M)                               0.26       2.08 r
  U_SYS_CTRL/U35/Y (OR3X2M)                               0.20       2.28 r
  U_SYS_CTRL/TX_D_VALID (SYS_CTRL_test_1)                 0.00       2.28 r
  U_FIFO/W_INC (ASYNC_FIFO_ADDRES_WIDTH4_DATA_WIDTH8_FIFO_DEPTH8_test_1)
                                                          0.00       2.28 r
  U_FIFO/MEMORY_MODULE/W_INC (FIFO_MEM_CNTRL_ADDRES_WIDTH4_DATA_WIDTH8_FIFO_DEPTH8_test_1)
                                                          0.00       2.28 r
  U_FIFO/MEMORY_MODULE/U77/Y (NOR2BX2M)                   0.16       2.44 r
  U_FIFO/MEMORY_MODULE/U82/Y (NOR2BX2M)                   0.27       2.71 r
  U_FIFO/MEMORY_MODULE/U175/Y (NAND3X2M)                  0.11       2.82 f
  U_FIFO/MEMORY_MODULE/U70/Y (BUFX2M)                     0.23       3.06 f
  U_FIFO/MEMORY_MODULE/U124/Y (OAI2BB2X1M)                0.24       3.30 f
  U_FIFO/MEMORY_MODULE/MEMORY_reg[2][3]/D (SDFFRQX2M)     0.00       3.30 f
  data arrival time                                                  3.30

  clock DFTCLK (rise edge)                              100.00     100.00
  clock network delay (ideal)                             0.00     100.00
  clock uncertainty                                      -0.03      99.97
  U_FIFO/MEMORY_MODULE/MEMORY_reg[2][3]/CK (SDFFRQX2M)
                                                          0.00      99.97 r
  library setup time                                     -0.41      99.57
  data required time                                                99.57
  --------------------------------------------------------------------------
  data required time                                                99.57
  data arrival time                                                 -3.30
  --------------------------------------------------------------------------
  slack (MET)                                                       96.27


  Startpoint: U_SYS_CTRL/current_state_reg[3]
              (rising edge-triggered flip-flop clocked by DFTCLK)
  Endpoint: U_FIFO/MEMORY_MODULE/MEMORY_reg[2][2]
            (rising edge-triggered flip-flop clocked by DFTCLK)
  Path Group: DFTCLK
  Path Type: max

  Point                                                   Incr       Path
  --------------------------------------------------------------------------
  clock DFTCLK (rise edge)                                0.00       0.00
  clock network delay (ideal)                             0.00       0.00
  U_SYS_CTRL/current_state_reg[3]/CK (SDFFRQX2M)          0.00       0.00 r
  U_SYS_CTRL/current_state_reg[3]/Q (SDFFRQX2M)           0.95       0.95 r
  U_SYS_CTRL/U63/Y (INVX2M)                               0.20       1.15 f
  U_SYS_CTRL/U28/Y (NOR2X2M)                              0.25       1.41 r
  U_SYS_CTRL/U43/Y (NAND3X2M)                             0.19       1.60 f
  U_SYS_CTRL/U68/Y (NOR3BX2M)                             0.22       1.81 r
  U_SYS_CTRL/U67/Y (BUFX2M)                               0.26       2.08 r
  U_SYS_CTRL/U35/Y (OR3X2M)                               0.20       2.28 r
  U_SYS_CTRL/TX_D_VALID (SYS_CTRL_test_1)                 0.00       2.28 r
  U_FIFO/W_INC (ASYNC_FIFO_ADDRES_WIDTH4_DATA_WIDTH8_FIFO_DEPTH8_test_1)
                                                          0.00       2.28 r
  U_FIFO/MEMORY_MODULE/W_INC (FIFO_MEM_CNTRL_ADDRES_WIDTH4_DATA_WIDTH8_FIFO_DEPTH8_test_1)
                                                          0.00       2.28 r
  U_FIFO/MEMORY_MODULE/U77/Y (NOR2BX2M)                   0.16       2.44 r
  U_FIFO/MEMORY_MODULE/U82/Y (NOR2BX2M)                   0.27       2.71 r
  U_FIFO/MEMORY_MODULE/U175/Y (NAND3X2M)                  0.11       2.82 f
  U_FIFO/MEMORY_MODULE/U70/Y (BUFX2M)                     0.23       3.06 f
  U_FIFO/MEMORY_MODULE/U123/Y (OAI2BB2X1M)                0.24       3.30 f
  U_FIFO/MEMORY_MODULE/MEMORY_reg[2][2]/D (SDFFRQX2M)     0.00       3.30 f
  data arrival time                                                  3.30

  clock DFTCLK (rise edge)                              100.00     100.00
  clock network delay (ideal)                             0.00     100.00
  clock uncertainty                                      -0.03      99.97
  U_FIFO/MEMORY_MODULE/MEMORY_reg[2][2]/CK (SDFFRQX2M)
                                                          0.00      99.97 r
  library setup time                                     -0.41      99.57
  data required time                                                99.57
  --------------------------------------------------------------------------
  data required time                                                99.57
  data arrival time                                                 -3.30
  --------------------------------------------------------------------------
  slack (MET)                                                       96.27


  Startpoint: U_SYS_CTRL/current_state_reg[3]
              (rising edge-triggered flip-flop clocked by DFTCLK)
  Endpoint: U_FIFO/MEMORY_MODULE/MEMORY_reg[2][1]
            (rising edge-triggered flip-flop clocked by DFTCLK)
  Path Group: DFTCLK
  Path Type: max

  Point                                                   Incr       Path
  --------------------------------------------------------------------------
  clock DFTCLK (rise edge)                                0.00       0.00
  clock network delay (ideal)                             0.00       0.00
  U_SYS_CTRL/current_state_reg[3]/CK (SDFFRQX2M)          0.00       0.00 r
  U_SYS_CTRL/current_state_reg[3]/Q (SDFFRQX2M)           0.95       0.95 r
  U_SYS_CTRL/U63/Y (INVX2M)                               0.20       1.15 f
  U_SYS_CTRL/U28/Y (NOR2X2M)                              0.25       1.41 r
  U_SYS_CTRL/U43/Y (NAND3X2M)                             0.19       1.60 f
  U_SYS_CTRL/U68/Y (NOR3BX2M)                             0.22       1.81 r
  U_SYS_CTRL/U67/Y (BUFX2M)                               0.26       2.08 r
  U_SYS_CTRL/U35/Y (OR3X2M)                               0.20       2.28 r
  U_SYS_CTRL/TX_D_VALID (SYS_CTRL_test_1)                 0.00       2.28 r
  U_FIFO/W_INC (ASYNC_FIFO_ADDRES_WIDTH4_DATA_WIDTH8_FIFO_DEPTH8_test_1)
                                                          0.00       2.28 r
  U_FIFO/MEMORY_MODULE/W_INC (FIFO_MEM_CNTRL_ADDRES_WIDTH4_DATA_WIDTH8_FIFO_DEPTH8_test_1)
                                                          0.00       2.28 r
  U_FIFO/MEMORY_MODULE/U77/Y (NOR2BX2M)                   0.16       2.44 r
  U_FIFO/MEMORY_MODULE/U82/Y (NOR2BX2M)                   0.27       2.71 r
  U_FIFO/MEMORY_MODULE/U175/Y (NAND3X2M)                  0.11       2.82 f
  U_FIFO/MEMORY_MODULE/U70/Y (BUFX2M)                     0.23       3.06 f
  U_FIFO/MEMORY_MODULE/U122/Y (OAI2BB2X1M)                0.24       3.30 f
  U_FIFO/MEMORY_MODULE/MEMORY_reg[2][1]/D (SDFFRQX2M)     0.00       3.30 f
  data arrival time                                                  3.30

  clock DFTCLK (rise edge)                              100.00     100.00
  clock network delay (ideal)                             0.00     100.00
  clock uncertainty                                      -0.03      99.97
  U_FIFO/MEMORY_MODULE/MEMORY_reg[2][1]/CK (SDFFRQX2M)
                                                          0.00      99.97 r
  library setup time                                     -0.41      99.57
  data required time                                                99.57
  --------------------------------------------------------------------------
  data required time                                                99.57
  data arrival time                                                 -3.30
  --------------------------------------------------------------------------
  slack (MET)                                                       96.27


  Startpoint: U_SYS_CTRL/current_state_reg[3]
              (rising edge-triggered flip-flop clocked by DFTCLK)
  Endpoint: U_FIFO/MEMORY_MODULE/MEMORY_reg[2][0]
            (rising edge-triggered flip-flop clocked by DFTCLK)
  Path Group: DFTCLK
  Path Type: max

  Point                                                   Incr       Path
  --------------------------------------------------------------------------
  clock DFTCLK (rise edge)                                0.00       0.00
  clock network delay (ideal)                             0.00       0.00
  U_SYS_CTRL/current_state_reg[3]/CK (SDFFRQX2M)          0.00       0.00 r
  U_SYS_CTRL/current_state_reg[3]/Q (SDFFRQX2M)           0.95       0.95 r
  U_SYS_CTRL/U63/Y (INVX2M)                               0.20       1.15 f
  U_SYS_CTRL/U28/Y (NOR2X2M)                              0.25       1.41 r
  U_SYS_CTRL/U43/Y (NAND3X2M)                             0.19       1.60 f
  U_SYS_CTRL/U68/Y (NOR3BX2M)                             0.22       1.81 r
  U_SYS_CTRL/U67/Y (BUFX2M)                               0.26       2.08 r
  U_SYS_CTRL/U35/Y (OR3X2M)                               0.20       2.28 r
  U_SYS_CTRL/TX_D_VALID (SYS_CTRL_test_1)                 0.00       2.28 r
  U_FIFO/W_INC (ASYNC_FIFO_ADDRES_WIDTH4_DATA_WIDTH8_FIFO_DEPTH8_test_1)
                                                          0.00       2.28 r
  U_FIFO/MEMORY_MODULE/W_INC (FIFO_MEM_CNTRL_ADDRES_WIDTH4_DATA_WIDTH8_FIFO_DEPTH8_test_1)
                                                          0.00       2.28 r
  U_FIFO/MEMORY_MODULE/U77/Y (NOR2BX2M)                   0.16       2.44 r
  U_FIFO/MEMORY_MODULE/U82/Y (NOR2BX2M)                   0.27       2.71 r
  U_FIFO/MEMORY_MODULE/U175/Y (NAND3X2M)                  0.11       2.82 f
  U_FIFO/MEMORY_MODULE/U70/Y (BUFX2M)                     0.23       3.06 f
  U_FIFO/MEMORY_MODULE/U121/Y (OAI2BB2X1M)                0.24       3.30 f
  U_FIFO/MEMORY_MODULE/MEMORY_reg[2][0]/D (SDFFRQX2M)     0.00       3.30 f
  data arrival time                                                  3.30

  clock DFTCLK (rise edge)                              100.00     100.00
  clock network delay (ideal)                             0.00     100.00
  clock uncertainty                                      -0.03      99.97
  U_FIFO/MEMORY_MODULE/MEMORY_reg[2][0]/CK (SDFFRQX2M)
                                                          0.00      99.97 r
  library setup time                                     -0.41      99.57
  data required time                                                99.57
  --------------------------------------------------------------------------
  data required time                                                99.57
  data arrival time                                                 -3.30
  --------------------------------------------------------------------------
  slack (MET)                                                       96.27


  Startpoint: U_SYS_CTRL/current_state_reg[3]
              (rising edge-triggered flip-flop clocked by DFTCLK)
  Endpoint: U_FIFO/MEMORY_MODULE/MEMORY_reg[1][7]
            (rising edge-triggered flip-flop clocked by DFTCLK)
  Path Group: DFTCLK
  Path Type: max

  Point                                                   Incr       Path
  --------------------------------------------------------------------------
  clock DFTCLK (rise edge)                                0.00       0.00
  clock network delay (ideal)                             0.00       0.00
  U_SYS_CTRL/current_state_reg[3]/CK (SDFFRQX2M)          0.00       0.00 r
  U_SYS_CTRL/current_state_reg[3]/Q (SDFFRQX2M)           0.95       0.95 r
  U_SYS_CTRL/U63/Y (INVX2M)                               0.20       1.15 f
  U_SYS_CTRL/U28/Y (NOR2X2M)                              0.25       1.41 r
  U_SYS_CTRL/U43/Y (NAND3X2M)                             0.19       1.60 f
  U_SYS_CTRL/U68/Y (NOR3BX2M)                             0.22       1.81 r
  U_SYS_CTRL/U67/Y (BUFX2M)                               0.26       2.08 r
  U_SYS_CTRL/U35/Y (OR3X2M)                               0.20       2.28 r
  U_SYS_CTRL/TX_D_VALID (SYS_CTRL_test_1)                 0.00       2.28 r
  U_FIFO/W_INC (ASYNC_FIFO_ADDRES_WIDTH4_DATA_WIDTH8_FIFO_DEPTH8_test_1)
                                                          0.00       2.28 r
  U_FIFO/MEMORY_MODULE/W_INC (FIFO_MEM_CNTRL_ADDRES_WIDTH4_DATA_WIDTH8_FIFO_DEPTH8_test_1)
                                                          0.00       2.28 r
  U_FIFO/MEMORY_MODULE/U77/Y (NOR2BX2M)                   0.16       2.44 r
  U_FIFO/MEMORY_MODULE/U82/Y (NOR2BX2M)                   0.27       2.71 r
  U_FIFO/MEMORY_MODULE/U171/Y (NAND3X2M)                  0.11       2.82 f
  U_FIFO/MEMORY_MODULE/U69/Y (BUFX2M)                     0.23       3.06 f
  U_FIFO/MEMORY_MODULE/U120/Y (OAI2BB2X1M)                0.24       3.30 f
  U_FIFO/MEMORY_MODULE/MEMORY_reg[1][7]/D (SDFFRQX2M)     0.00       3.30 f
  data arrival time                                                  3.30

  clock DFTCLK (rise edge)                              100.00     100.00
  clock network delay (ideal)                             0.00     100.00
  clock uncertainty                                      -0.03      99.97
  U_FIFO/MEMORY_MODULE/MEMORY_reg[1][7]/CK (SDFFRQX2M)
                                                          0.00      99.97 r
  library setup time                                     -0.41      99.57
  data required time                                                99.57
  --------------------------------------------------------------------------
  data required time                                                99.57
  data arrival time                                                 -3.30
  --------------------------------------------------------------------------
  slack (MET)                                                       96.27


  Startpoint: U_SYS_CTRL/current_state_reg[3]
              (rising edge-triggered flip-flop clocked by DFTCLK)
  Endpoint: U_FIFO/MEMORY_MODULE/MEMORY_reg[1][6]
            (rising edge-triggered flip-flop clocked by DFTCLK)
  Path Group: DFTCLK
  Path Type: max

  Point                                                   Incr       Path
  --------------------------------------------------------------------------
  clock DFTCLK (rise edge)                                0.00       0.00
  clock network delay (ideal)                             0.00       0.00
  U_SYS_CTRL/current_state_reg[3]/CK (SDFFRQX2M)          0.00       0.00 r
  U_SYS_CTRL/current_state_reg[3]/Q (SDFFRQX2M)           0.95       0.95 r
  U_SYS_CTRL/U63/Y (INVX2M)                               0.20       1.15 f
  U_SYS_CTRL/U28/Y (NOR2X2M)                              0.25       1.41 r
  U_SYS_CTRL/U43/Y (NAND3X2M)                             0.19       1.60 f
  U_SYS_CTRL/U68/Y (NOR3BX2M)                             0.22       1.81 r
  U_SYS_CTRL/U67/Y (BUFX2M)                               0.26       2.08 r
  U_SYS_CTRL/U35/Y (OR3X2M)                               0.20       2.28 r
  U_SYS_CTRL/TX_D_VALID (SYS_CTRL_test_1)                 0.00       2.28 r
  U_FIFO/W_INC (ASYNC_FIFO_ADDRES_WIDTH4_DATA_WIDTH8_FIFO_DEPTH8_test_1)
                                                          0.00       2.28 r
  U_FIFO/MEMORY_MODULE/W_INC (FIFO_MEM_CNTRL_ADDRES_WIDTH4_DATA_WIDTH8_FIFO_DEPTH8_test_1)
                                                          0.00       2.28 r
  U_FIFO/MEMORY_MODULE/U77/Y (NOR2BX2M)                   0.16       2.44 r
  U_FIFO/MEMORY_MODULE/U82/Y (NOR2BX2M)                   0.27       2.71 r
  U_FIFO/MEMORY_MODULE/U171/Y (NAND3X2M)                  0.11       2.82 f
  U_FIFO/MEMORY_MODULE/U69/Y (BUFX2M)                     0.23       3.06 f
  U_FIFO/MEMORY_MODULE/U119/Y (OAI2BB2X1M)                0.24       3.30 f
  U_FIFO/MEMORY_MODULE/MEMORY_reg[1][6]/D (SDFFRQX2M)     0.00       3.30 f
  data arrival time                                                  3.30

  clock DFTCLK (rise edge)                              100.00     100.00
  clock network delay (ideal)                             0.00     100.00
  clock uncertainty                                      -0.03      99.97
  U_FIFO/MEMORY_MODULE/MEMORY_reg[1][6]/CK (SDFFRQX2M)
                                                          0.00      99.97 r
  library setup time                                     -0.41      99.57
  data required time                                                99.57
  --------------------------------------------------------------------------
  data required time                                                99.57
  data arrival time                                                 -3.30
  --------------------------------------------------------------------------
  slack (MET)                                                       96.27


  Startpoint: U_SYS_CTRL/current_state_reg[3]
              (rising edge-triggered flip-flop clocked by DFTCLK)
  Endpoint: U_FIFO/MEMORY_MODULE/MEMORY_reg[1][5]
            (rising edge-triggered flip-flop clocked by DFTCLK)
  Path Group: DFTCLK
  Path Type: max

  Point                                                   Incr       Path
  --------------------------------------------------------------------------
  clock DFTCLK (rise edge)                                0.00       0.00
  clock network delay (ideal)                             0.00       0.00
  U_SYS_CTRL/current_state_reg[3]/CK (SDFFRQX2M)          0.00       0.00 r
  U_SYS_CTRL/current_state_reg[3]/Q (SDFFRQX2M)           0.95       0.95 r
  U_SYS_CTRL/U63/Y (INVX2M)                               0.20       1.15 f
  U_SYS_CTRL/U28/Y (NOR2X2M)                              0.25       1.41 r
  U_SYS_CTRL/U43/Y (NAND3X2M)                             0.19       1.60 f
  U_SYS_CTRL/U68/Y (NOR3BX2M)                             0.22       1.81 r
  U_SYS_CTRL/U67/Y (BUFX2M)                               0.26       2.08 r
  U_SYS_CTRL/U35/Y (OR3X2M)                               0.20       2.28 r
  U_SYS_CTRL/TX_D_VALID (SYS_CTRL_test_1)                 0.00       2.28 r
  U_FIFO/W_INC (ASYNC_FIFO_ADDRES_WIDTH4_DATA_WIDTH8_FIFO_DEPTH8_test_1)
                                                          0.00       2.28 r
  U_FIFO/MEMORY_MODULE/W_INC (FIFO_MEM_CNTRL_ADDRES_WIDTH4_DATA_WIDTH8_FIFO_DEPTH8_test_1)
                                                          0.00       2.28 r
  U_FIFO/MEMORY_MODULE/U77/Y (NOR2BX2M)                   0.16       2.44 r
  U_FIFO/MEMORY_MODULE/U82/Y (NOR2BX2M)                   0.27       2.71 r
  U_FIFO/MEMORY_MODULE/U171/Y (NAND3X2M)                  0.11       2.82 f
  U_FIFO/MEMORY_MODULE/U69/Y (BUFX2M)                     0.23       3.06 f
  U_FIFO/MEMORY_MODULE/U118/Y (OAI2BB2X1M)                0.24       3.30 f
  U_FIFO/MEMORY_MODULE/MEMORY_reg[1][5]/D (SDFFRQX2M)     0.00       3.30 f
  data arrival time                                                  3.30

  clock DFTCLK (rise edge)                              100.00     100.00
  clock network delay (ideal)                             0.00     100.00
  clock uncertainty                                      -0.03      99.97
  U_FIFO/MEMORY_MODULE/MEMORY_reg[1][5]/CK (SDFFRQX2M)
                                                          0.00      99.97 r
  library setup time                                     -0.41      99.57
  data required time                                                99.57
  --------------------------------------------------------------------------
  data required time                                                99.57
  data arrival time                                                 -3.30
  --------------------------------------------------------------------------
  slack (MET)                                                       96.27


  Startpoint: U_SYS_CTRL/current_state_reg[3]
              (rising edge-triggered flip-flop clocked by DFTCLK)
  Endpoint: U_FIFO/MEMORY_MODULE/MEMORY_reg[1][4]
            (rising edge-triggered flip-flop clocked by DFTCLK)
  Path Group: DFTCLK
  Path Type: max

  Point                                                   Incr       Path
  --------------------------------------------------------------------------
  clock DFTCLK (rise edge)                                0.00       0.00
  clock network delay (ideal)                             0.00       0.00
  U_SYS_CTRL/current_state_reg[3]/CK (SDFFRQX2M)          0.00       0.00 r
  U_SYS_CTRL/current_state_reg[3]/Q (SDFFRQX2M)           0.95       0.95 r
  U_SYS_CTRL/U63/Y (INVX2M)                               0.20       1.15 f
  U_SYS_CTRL/U28/Y (NOR2X2M)                              0.25       1.41 r
  U_SYS_CTRL/U43/Y (NAND3X2M)                             0.19       1.60 f
  U_SYS_CTRL/U68/Y (NOR3BX2M)                             0.22       1.81 r
  U_SYS_CTRL/U67/Y (BUFX2M)                               0.26       2.08 r
  U_SYS_CTRL/U35/Y (OR3X2M)                               0.20       2.28 r
  U_SYS_CTRL/TX_D_VALID (SYS_CTRL_test_1)                 0.00       2.28 r
  U_FIFO/W_INC (ASYNC_FIFO_ADDRES_WIDTH4_DATA_WIDTH8_FIFO_DEPTH8_test_1)
                                                          0.00       2.28 r
  U_FIFO/MEMORY_MODULE/W_INC (FIFO_MEM_CNTRL_ADDRES_WIDTH4_DATA_WIDTH8_FIFO_DEPTH8_test_1)
                                                          0.00       2.28 r
  U_FIFO/MEMORY_MODULE/U77/Y (NOR2BX2M)                   0.16       2.44 r
  U_FIFO/MEMORY_MODULE/U82/Y (NOR2BX2M)                   0.27       2.71 r
  U_FIFO/MEMORY_MODULE/U171/Y (NAND3X2M)                  0.11       2.82 f
  U_FIFO/MEMORY_MODULE/U69/Y (BUFX2M)                     0.23       3.06 f
  U_FIFO/MEMORY_MODULE/U117/Y (OAI2BB2X1M)                0.24       3.30 f
  U_FIFO/MEMORY_MODULE/MEMORY_reg[1][4]/D (SDFFRQX2M)     0.00       3.30 f
  data arrival time                                                  3.30

  clock DFTCLK (rise edge)                              100.00     100.00
  clock network delay (ideal)                             0.00     100.00
  clock uncertainty                                      -0.03      99.97
  U_FIFO/MEMORY_MODULE/MEMORY_reg[1][4]/CK (SDFFRQX2M)
                                                          0.00      99.97 r
  library setup time                                     -0.41      99.57
  data required time                                                99.57
  --------------------------------------------------------------------------
  data required time                                                99.57
  data arrival time                                                 -3.30
  --------------------------------------------------------------------------
  slack (MET)                                                       96.27


  Startpoint: U_SYS_CTRL/current_state_reg[3]
              (rising edge-triggered flip-flop clocked by DFTCLK)
  Endpoint: U_FIFO/MEMORY_MODULE/MEMORY_reg[2][7]
            (rising edge-triggered flip-flop clocked by DFTCLK)
  Path Group: DFTCLK
  Path Type: max

  Point                                                   Incr       Path
  --------------------------------------------------------------------------
  clock DFTCLK (rise edge)                                0.00       0.00
  clock network delay (ideal)                             0.00       0.00
  U_SYS_CTRL/current_state_reg[3]/CK (SDFFRQX2M)          0.00       0.00 r
  U_SYS_CTRL/current_state_reg[3]/Q (SDFFRQX2M)           0.95       0.95 r
  U_SYS_CTRL/U63/Y (INVX2M)                               0.20       1.15 f
  U_SYS_CTRL/U28/Y (NOR2X2M)                              0.25       1.41 r
  U_SYS_CTRL/U43/Y (NAND3X2M)                             0.19       1.60 f
  U_SYS_CTRL/U68/Y (NOR3BX2M)                             0.22       1.81 r
  U_SYS_CTRL/U67/Y (BUFX2M)                               0.26       2.08 r
  U_SYS_CTRL/U35/Y (OR3X2M)                               0.20       2.28 r
  U_SYS_CTRL/TX_D_VALID (SYS_CTRL_test_1)                 0.00       2.28 r
  U_FIFO/W_INC (ASYNC_FIFO_ADDRES_WIDTH4_DATA_WIDTH8_FIFO_DEPTH8_test_1)
                                                          0.00       2.28 r
  U_FIFO/MEMORY_MODULE/W_INC (FIFO_MEM_CNTRL_ADDRES_WIDTH4_DATA_WIDTH8_FIFO_DEPTH8_test_1)
                                                          0.00       2.28 r
  U_FIFO/MEMORY_MODULE/U77/Y (NOR2BX2M)                   0.16       2.44 r
  U_FIFO/MEMORY_MODULE/U82/Y (NOR2BX2M)                   0.27       2.71 r
  U_FIFO/MEMORY_MODULE/U175/Y (NAND3X2M)                  0.11       2.82 f
  U_FIFO/MEMORY_MODULE/U70/Y (BUFX2M)                     0.23       3.06 f
  U_FIFO/MEMORY_MODULE/U128/Y (OAI2BB2X1M)                0.24       3.30 f
  U_FIFO/MEMORY_MODULE/MEMORY_reg[2][7]/D (SDFFRQX2M)     0.00       3.30 f
  data arrival time                                                  3.30

  clock DFTCLK (rise edge)                              100.00     100.00
  clock network delay (ideal)                             0.00     100.00
  clock uncertainty                                      -0.03      99.97
  U_FIFO/MEMORY_MODULE/MEMORY_reg[2][7]/CK (SDFFRQX2M)
                                                          0.00      99.97 r
  library setup time                                     -0.41      99.57
  data required time                                                99.57
  --------------------------------------------------------------------------
  data required time                                                99.57
  data arrival time                                                 -3.30
  --------------------------------------------------------------------------
  slack (MET)                                                       96.27


  Startpoint: U_SYS_CTRL/current_state_reg[3]
              (rising edge-triggered flip-flop clocked by DFTCLK)
  Endpoint: U_FIFO/MEMORY_MODULE/MEMORY_reg[2][6]
            (rising edge-triggered flip-flop clocked by DFTCLK)
  Path Group: DFTCLK
  Path Type: max

  Point                                                   Incr       Path
  --------------------------------------------------------------------------
  clock DFTCLK (rise edge)                                0.00       0.00
  clock network delay (ideal)                             0.00       0.00
  U_SYS_CTRL/current_state_reg[3]/CK (SDFFRQX2M)          0.00       0.00 r
  U_SYS_CTRL/current_state_reg[3]/Q (SDFFRQX2M)           0.95       0.95 r
  U_SYS_CTRL/U63/Y (INVX2M)                               0.20       1.15 f
  U_SYS_CTRL/U28/Y (NOR2X2M)                              0.25       1.41 r
  U_SYS_CTRL/U43/Y (NAND3X2M)                             0.19       1.60 f
  U_SYS_CTRL/U68/Y (NOR3BX2M)                             0.22       1.81 r
  U_SYS_CTRL/U67/Y (BUFX2M)                               0.26       2.08 r
  U_SYS_CTRL/U35/Y (OR3X2M)                               0.20       2.28 r
  U_SYS_CTRL/TX_D_VALID (SYS_CTRL_test_1)                 0.00       2.28 r
  U_FIFO/W_INC (ASYNC_FIFO_ADDRES_WIDTH4_DATA_WIDTH8_FIFO_DEPTH8_test_1)
                                                          0.00       2.28 r
  U_FIFO/MEMORY_MODULE/W_INC (FIFO_MEM_CNTRL_ADDRES_WIDTH4_DATA_WIDTH8_FIFO_DEPTH8_test_1)
                                                          0.00       2.28 r
  U_FIFO/MEMORY_MODULE/U77/Y (NOR2BX2M)                   0.16       2.44 r
  U_FIFO/MEMORY_MODULE/U82/Y (NOR2BX2M)                   0.27       2.71 r
  U_FIFO/MEMORY_MODULE/U175/Y (NAND3X2M)                  0.11       2.82 f
  U_FIFO/MEMORY_MODULE/U70/Y (BUFX2M)                     0.23       3.06 f
  U_FIFO/MEMORY_MODULE/U127/Y (OAI2BB2X1M)                0.24       3.30 f
  U_FIFO/MEMORY_MODULE/MEMORY_reg[2][6]/D (SDFFRQX2M)     0.00       3.30 f
  data arrival time                                                  3.30

  clock DFTCLK (rise edge)                              100.00     100.00
  clock network delay (ideal)                             0.00     100.00
  clock uncertainty                                      -0.03      99.97
  U_FIFO/MEMORY_MODULE/MEMORY_reg[2][6]/CK (SDFFRQX2M)
                                                          0.00      99.97 r
  library setup time                                     -0.41      99.57
  data required time                                                99.57
  --------------------------------------------------------------------------
  data required time                                                99.57
  data arrival time                                                 -3.30
  --------------------------------------------------------------------------
  slack (MET)                                                       96.27


  Startpoint: U_SYS_CTRL/current_state_reg[3]
              (rising edge-triggered flip-flop clocked by DFTCLK)
  Endpoint: U_FIFO/MEMORY_MODULE/MEMORY_reg[2][5]
            (rising edge-triggered flip-flop clocked by DFTCLK)
  Path Group: DFTCLK
  Path Type: max

  Point                                                   Incr       Path
  --------------------------------------------------------------------------
  clock DFTCLK (rise edge)                                0.00       0.00
  clock network delay (ideal)                             0.00       0.00
  U_SYS_CTRL/current_state_reg[3]/CK (SDFFRQX2M)          0.00       0.00 r
  U_SYS_CTRL/current_state_reg[3]/Q (SDFFRQX2M)           0.95       0.95 r
  U_SYS_CTRL/U63/Y (INVX2M)                               0.20       1.15 f
  U_SYS_CTRL/U28/Y (NOR2X2M)                              0.25       1.41 r
  U_SYS_CTRL/U43/Y (NAND3X2M)                             0.19       1.60 f
  U_SYS_CTRL/U68/Y (NOR3BX2M)                             0.22       1.81 r
  U_SYS_CTRL/U67/Y (BUFX2M)                               0.26       2.08 r
  U_SYS_CTRL/U35/Y (OR3X2M)                               0.20       2.28 r
  U_SYS_CTRL/TX_D_VALID (SYS_CTRL_test_1)                 0.00       2.28 r
  U_FIFO/W_INC (ASYNC_FIFO_ADDRES_WIDTH4_DATA_WIDTH8_FIFO_DEPTH8_test_1)
                                                          0.00       2.28 r
  U_FIFO/MEMORY_MODULE/W_INC (FIFO_MEM_CNTRL_ADDRES_WIDTH4_DATA_WIDTH8_FIFO_DEPTH8_test_1)
                                                          0.00       2.28 r
  U_FIFO/MEMORY_MODULE/U77/Y (NOR2BX2M)                   0.16       2.44 r
  U_FIFO/MEMORY_MODULE/U82/Y (NOR2BX2M)                   0.27       2.71 r
  U_FIFO/MEMORY_MODULE/U175/Y (NAND3X2M)                  0.11       2.82 f
  U_FIFO/MEMORY_MODULE/U70/Y (BUFX2M)                     0.23       3.06 f
  U_FIFO/MEMORY_MODULE/U126/Y (OAI2BB2X1M)                0.24       3.30 f
  U_FIFO/MEMORY_MODULE/MEMORY_reg[2][5]/D (SDFFRQX2M)     0.00       3.30 f
  data arrival time                                                  3.30

  clock DFTCLK (rise edge)                              100.00     100.00
  clock network delay (ideal)                             0.00     100.00
  clock uncertainty                                      -0.03      99.97
  U_FIFO/MEMORY_MODULE/MEMORY_reg[2][5]/CK (SDFFRQX2M)
                                                          0.00      99.97 r
  library setup time                                     -0.41      99.57
  data required time                                                99.57
  --------------------------------------------------------------------------
  data required time                                                99.57
  data arrival time                                                 -3.30
  --------------------------------------------------------------------------
  slack (MET)                                                       96.27


  Startpoint: U_SYS_CTRL/current_state_reg[3]
              (rising edge-triggered flip-flop clocked by DFTCLK)
  Endpoint: U_FIFO/MEMORY_MODULE/MEMORY_reg[2][4]
            (rising edge-triggered flip-flop clocked by DFTCLK)
  Path Group: DFTCLK
  Path Type: max

  Point                                                   Incr       Path
  --------------------------------------------------------------------------
  clock DFTCLK (rise edge)                                0.00       0.00
  clock network delay (ideal)                             0.00       0.00
  U_SYS_CTRL/current_state_reg[3]/CK (SDFFRQX2M)          0.00       0.00 r
  U_SYS_CTRL/current_state_reg[3]/Q (SDFFRQX2M)           0.95       0.95 r
  U_SYS_CTRL/U63/Y (INVX2M)                               0.20       1.15 f
  U_SYS_CTRL/U28/Y (NOR2X2M)                              0.25       1.41 r
  U_SYS_CTRL/U43/Y (NAND3X2M)                             0.19       1.60 f
  U_SYS_CTRL/U68/Y (NOR3BX2M)                             0.22       1.81 r
  U_SYS_CTRL/U67/Y (BUFX2M)                               0.26       2.08 r
  U_SYS_CTRL/U35/Y (OR3X2M)                               0.20       2.28 r
  U_SYS_CTRL/TX_D_VALID (SYS_CTRL_test_1)                 0.00       2.28 r
  U_FIFO/W_INC (ASYNC_FIFO_ADDRES_WIDTH4_DATA_WIDTH8_FIFO_DEPTH8_test_1)
                                                          0.00       2.28 r
  U_FIFO/MEMORY_MODULE/W_INC (FIFO_MEM_CNTRL_ADDRES_WIDTH4_DATA_WIDTH8_FIFO_DEPTH8_test_1)
                                                          0.00       2.28 r
  U_FIFO/MEMORY_MODULE/U77/Y (NOR2BX2M)                   0.16       2.44 r
  U_FIFO/MEMORY_MODULE/U82/Y (NOR2BX2M)                   0.27       2.71 r
  U_FIFO/MEMORY_MODULE/U175/Y (NAND3X2M)                  0.11       2.82 f
  U_FIFO/MEMORY_MODULE/U70/Y (BUFX2M)                     0.23       3.06 f
  U_FIFO/MEMORY_MODULE/U125/Y (OAI2BB2X1M)                0.24       3.30 f
  U_FIFO/MEMORY_MODULE/MEMORY_reg[2][4]/D (SDFFRQX2M)     0.00       3.30 f
  data arrival time                                                  3.30

  clock DFTCLK (rise edge)                              100.00     100.00
  clock network delay (ideal)                             0.00     100.00
  clock uncertainty                                      -0.03      99.97
  U_FIFO/MEMORY_MODULE/MEMORY_reg[2][4]/CK (SDFFRQX2M)
                                                          0.00      99.97 r
  library setup time                                     -0.41      99.57
  data required time                                                99.57
  --------------------------------------------------------------------------
  data required time                                                99.57
  data arrival time                                                 -3.30
  --------------------------------------------------------------------------
  slack (MET)                                                       96.27


  Startpoint: U_SYS_CTRL/current_state_reg[3]
              (rising edge-triggered flip-flop clocked by DFTCLK)
  Endpoint: U_RegFile/regArr_reg[7][7]
            (rising edge-triggered flip-flop clocked by DFTCLK)
  Path Group: DFTCLK
  Path Type: max

  Point                                                   Incr       Path
  --------------------------------------------------------------------------
  clock DFTCLK (rise edge)                                0.00       0.00
  clock network delay (ideal)                             0.00       0.00
  U_SYS_CTRL/current_state_reg[3]/CK (SDFFRQX2M)          0.00       0.00 r
  U_SYS_CTRL/current_state_reg[3]/Q (SDFFRQX2M)           0.78       0.78 f
  U_SYS_CTRL/U58/Y (NOR2X2M)                              0.22       0.99 r
  U_SYS_CTRL/U34/Y (INVX2M)                               0.09       1.09 f
  U_SYS_CTRL/U29/Y (NOR3X2M)                              0.27       1.36 r
  U_SYS_CTRL/U59/Y (NAND2X2M)                             0.17       1.53 f
  U_SYS_CTRL/U70/Y (OAI22X1M)                             0.21       1.75 r
  U_SYS_CTRL/RF_Addres[1] (SYS_CTRL_test_1)               0.00       1.75 r
  U5/Y (BUFX2M)                                           0.63       2.37 r
  U_RegFile/Address[1] (RegFile_test_1)                   0.00       2.37 r
  U_RegFile/U374/Y (INVX2M)                               0.15       2.52 f
  U_RegFile/U143/Y (NOR2BX2M)                             0.25       2.78 r
  U_RegFile/U165/Y (NAND2X2M)                             0.24       3.02 f
  U_RegFile/U244/Y (OAI2BB2X1M)                           0.28       3.30 f
  U_RegFile/regArr_reg[7][7]/D (SDFFRQX2M)                0.00       3.30 f
  data arrival time                                                  3.30

  clock DFTCLK (rise edge)                              100.00     100.00
  clock network delay (ideal)                             0.00     100.00
  clock uncertainty                                      -0.03      99.97
  U_RegFile/regArr_reg[7][7]/CK (SDFFRQX2M)               0.00      99.97 r
  library setup time                                     -0.41      99.57
  data required time                                                99.57
  --------------------------------------------------------------------------
  data required time                                                99.57
  data arrival time                                                 -3.30
  --------------------------------------------------------------------------
  slack (MET)                                                       96.27


  Startpoint: U_SYS_CTRL/current_state_reg[3]
              (rising edge-triggered flip-flop clocked by DFTCLK)
  Endpoint: U_RegFile/regArr_reg[7][6]
            (rising edge-triggered flip-flop clocked by DFTCLK)
  Path Group: DFTCLK
  Path Type: max

  Point                                                   Incr       Path
  --------------------------------------------------------------------------
  clock DFTCLK (rise edge)                                0.00       0.00
  clock network delay (ideal)                             0.00       0.00
  U_SYS_CTRL/current_state_reg[3]/CK (SDFFRQX2M)          0.00       0.00 r
  U_SYS_CTRL/current_state_reg[3]/Q (SDFFRQX2M)           0.78       0.78 f
  U_SYS_CTRL/U58/Y (NOR2X2M)                              0.22       0.99 r
  U_SYS_CTRL/U34/Y (INVX2M)                               0.09       1.09 f
  U_SYS_CTRL/U29/Y (NOR3X2M)                              0.27       1.36 r
  U_SYS_CTRL/U59/Y (NAND2X2M)                             0.17       1.53 f
  U_SYS_CTRL/U70/Y (OAI22X1M)                             0.21       1.75 r
  U_SYS_CTRL/RF_Addres[1] (SYS_CTRL_test_1)               0.00       1.75 r
  U5/Y (BUFX2M)                                           0.63       2.37 r
  U_RegFile/Address[1] (RegFile_test_1)                   0.00       2.37 r
  U_RegFile/U374/Y (INVX2M)                               0.15       2.52 f
  U_RegFile/U143/Y (NOR2BX2M)                             0.25       2.78 r
  U_RegFile/U165/Y (NAND2X2M)                             0.24       3.02 f
  U_RegFile/U243/Y (OAI2BB2X1M)                           0.28       3.30 f
  U_RegFile/regArr_reg[7][6]/D (SDFFRQX2M)                0.00       3.30 f
  data arrival time                                                  3.30

  clock DFTCLK (rise edge)                              100.00     100.00
  clock network delay (ideal)                             0.00     100.00
  clock uncertainty                                      -0.03      99.97
  U_RegFile/regArr_reg[7][6]/CK (SDFFRQX2M)               0.00      99.97 r
  library setup time                                     -0.41      99.57
  data required time                                                99.57
  --------------------------------------------------------------------------
  data required time                                                99.57
  data arrival time                                                 -3.30
  --------------------------------------------------------------------------
  slack (MET)                                                       96.27


  Startpoint: U_SYS_CTRL/current_state_reg[3]
              (rising edge-triggered flip-flop clocked by DFTCLK)
  Endpoint: U_RegFile/regArr_reg[7][5]
            (rising edge-triggered flip-flop clocked by DFTCLK)
  Path Group: DFTCLK
  Path Type: max

  Point                                                   Incr       Path
  --------------------------------------------------------------------------
  clock DFTCLK (rise edge)                                0.00       0.00
  clock network delay (ideal)                             0.00       0.00
  U_SYS_CTRL/current_state_reg[3]/CK (SDFFRQX2M)          0.00       0.00 r
  U_SYS_CTRL/current_state_reg[3]/Q (SDFFRQX2M)           0.78       0.78 f
  U_SYS_CTRL/U58/Y (NOR2X2M)                              0.22       0.99 r
  U_SYS_CTRL/U34/Y (INVX2M)                               0.09       1.09 f
  U_SYS_CTRL/U29/Y (NOR3X2M)                              0.27       1.36 r
  U_SYS_CTRL/U59/Y (NAND2X2M)                             0.17       1.53 f
  U_SYS_CTRL/U70/Y (OAI22X1M)                             0.21       1.75 r
  U_SYS_CTRL/RF_Addres[1] (SYS_CTRL_test_1)               0.00       1.75 r
  U5/Y (BUFX2M)                                           0.63       2.37 r
  U_RegFile/Address[1] (RegFile_test_1)                   0.00       2.37 r
  U_RegFile/U374/Y (INVX2M)                               0.15       2.52 f
  U_RegFile/U143/Y (NOR2BX2M)                             0.25       2.78 r
  U_RegFile/U165/Y (NAND2X2M)                             0.24       3.02 f
  U_RegFile/U242/Y (OAI2BB2X1M)                           0.28       3.30 f
  U_RegFile/regArr_reg[7][5]/D (SDFFRQX2M)                0.00       3.30 f
  data arrival time                                                  3.30

  clock DFTCLK (rise edge)                              100.00     100.00
  clock network delay (ideal)                             0.00     100.00
  clock uncertainty                                      -0.03      99.97
  U_RegFile/regArr_reg[7][5]/CK (SDFFRQX2M)               0.00      99.97 r
  library setup time                                     -0.41      99.57
  data required time                                                99.57
  --------------------------------------------------------------------------
  data required time                                                99.57
  data arrival time                                                 -3.30
  --------------------------------------------------------------------------
  slack (MET)                                                       96.27


  Startpoint: U_SYS_CTRL/current_state_reg[3]
              (rising edge-triggered flip-flop clocked by DFTCLK)
  Endpoint: U_RegFile/regArr_reg[7][4]
            (rising edge-triggered flip-flop clocked by DFTCLK)
  Path Group: DFTCLK
  Path Type: max

  Point                                                   Incr       Path
  --------------------------------------------------------------------------
  clock DFTCLK (rise edge)                                0.00       0.00
  clock network delay (ideal)                             0.00       0.00
  U_SYS_CTRL/current_state_reg[3]/CK (SDFFRQX2M)          0.00       0.00 r
  U_SYS_CTRL/current_state_reg[3]/Q (SDFFRQX2M)           0.78       0.78 f
  U_SYS_CTRL/U58/Y (NOR2X2M)                              0.22       0.99 r
  U_SYS_CTRL/U34/Y (INVX2M)                               0.09       1.09 f
  U_SYS_CTRL/U29/Y (NOR3X2M)                              0.27       1.36 r
  U_SYS_CTRL/U59/Y (NAND2X2M)                             0.17       1.53 f
  U_SYS_CTRL/U70/Y (OAI22X1M)                             0.21       1.75 r
  U_SYS_CTRL/RF_Addres[1] (SYS_CTRL_test_1)               0.00       1.75 r
  U5/Y (BUFX2M)                                           0.63       2.37 r
  U_RegFile/Address[1] (RegFile_test_1)                   0.00       2.37 r
  U_RegFile/U374/Y (INVX2M)                               0.15       2.52 f
  U_RegFile/U143/Y (NOR2BX2M)                             0.25       2.78 r
  U_RegFile/U165/Y (NAND2X2M)                             0.24       3.02 f
  U_RegFile/U241/Y (OAI2BB2X1M)                           0.28       3.30 f
  U_RegFile/regArr_reg[7][4]/D (SDFFRQX2M)                0.00       3.30 f
  data arrival time                                                  3.30

  clock DFTCLK (rise edge)                              100.00     100.00
  clock network delay (ideal)                             0.00     100.00
  clock uncertainty                                      -0.03      99.97
  U_RegFile/regArr_reg[7][4]/CK (SDFFRQX2M)               0.00      99.97 r
  library setup time                                     -0.41      99.57
  data required time                                                99.57
  --------------------------------------------------------------------------
  data required time                                                99.57
  data arrival time                                                 -3.30
  --------------------------------------------------------------------------
  slack (MET)                                                       96.27


  Startpoint: U_SYS_CTRL/current_state_reg[3]
              (rising edge-triggered flip-flop clocked by DFTCLK)
  Endpoint: U_RegFile/regArr_reg[7][3]
            (rising edge-triggered flip-flop clocked by DFTCLK)
  Path Group: DFTCLK
  Path Type: max

  Point                                                   Incr       Path
  --------------------------------------------------------------------------
  clock DFTCLK (rise edge)                                0.00       0.00
  clock network delay (ideal)                             0.00       0.00
  U_SYS_CTRL/current_state_reg[3]/CK (SDFFRQX2M)          0.00       0.00 r
  U_SYS_CTRL/current_state_reg[3]/Q (SDFFRQX2M)           0.78       0.78 f
  U_SYS_CTRL/U58/Y (NOR2X2M)                              0.22       0.99 r
  U_SYS_CTRL/U34/Y (INVX2M)                               0.09       1.09 f
  U_SYS_CTRL/U29/Y (NOR3X2M)                              0.27       1.36 r
  U_SYS_CTRL/U59/Y (NAND2X2M)                             0.17       1.53 f
  U_SYS_CTRL/U70/Y (OAI22X1M)                             0.21       1.75 r
  U_SYS_CTRL/RF_Addres[1] (SYS_CTRL_test_1)               0.00       1.75 r
  U5/Y (BUFX2M)                                           0.63       2.37 r
  U_RegFile/Address[1] (RegFile_test_1)                   0.00       2.37 r
  U_RegFile/U374/Y (INVX2M)                               0.15       2.52 f
  U_RegFile/U143/Y (NOR2BX2M)                             0.25       2.78 r
  U_RegFile/U165/Y (NAND2X2M)                             0.24       3.02 f
  U_RegFile/U240/Y (OAI2BB2X1M)                           0.28       3.30 f
  U_RegFile/regArr_reg[7][3]/D (SDFFRQX2M)                0.00       3.30 f
  data arrival time                                                  3.30

  clock DFTCLK (rise edge)                              100.00     100.00
  clock network delay (ideal)                             0.00     100.00
  clock uncertainty                                      -0.03      99.97
  U_RegFile/regArr_reg[7][3]/CK (SDFFRQX2M)               0.00      99.97 r
  library setup time                                     -0.41      99.57
  data required time                                                99.57
  --------------------------------------------------------------------------
  data required time                                                99.57
  data arrival time                                                 -3.30
  --------------------------------------------------------------------------
  slack (MET)                                                       96.27


  Startpoint: U_SYS_CTRL/current_state_reg[3]
              (rising edge-triggered flip-flop clocked by DFTCLK)
  Endpoint: U_RegFile/regArr_reg[7][2]
            (rising edge-triggered flip-flop clocked by DFTCLK)
  Path Group: DFTCLK
  Path Type: max

  Point                                                   Incr       Path
  --------------------------------------------------------------------------
  clock DFTCLK (rise edge)                                0.00       0.00
  clock network delay (ideal)                             0.00       0.00
  U_SYS_CTRL/current_state_reg[3]/CK (SDFFRQX2M)          0.00       0.00 r
  U_SYS_CTRL/current_state_reg[3]/Q (SDFFRQX2M)           0.78       0.78 f
  U_SYS_CTRL/U58/Y (NOR2X2M)                              0.22       0.99 r
  U_SYS_CTRL/U34/Y (INVX2M)                               0.09       1.09 f
  U_SYS_CTRL/U29/Y (NOR3X2M)                              0.27       1.36 r
  U_SYS_CTRL/U59/Y (NAND2X2M)                             0.17       1.53 f
  U_SYS_CTRL/U70/Y (OAI22X1M)                             0.21       1.75 r
  U_SYS_CTRL/RF_Addres[1] (SYS_CTRL_test_1)               0.00       1.75 r
  U5/Y (BUFX2M)                                           0.63       2.37 r
  U_RegFile/Address[1] (RegFile_test_1)                   0.00       2.37 r
  U_RegFile/U374/Y (INVX2M)                               0.15       2.52 f
  U_RegFile/U143/Y (NOR2BX2M)                             0.25       2.78 r
  U_RegFile/U165/Y (NAND2X2M)                             0.24       3.02 f
  U_RegFile/U239/Y (OAI2BB2X1M)                           0.28       3.30 f
  U_RegFile/regArr_reg[7][2]/D (SDFFRQX2M)                0.00       3.30 f
  data arrival time                                                  3.30

  clock DFTCLK (rise edge)                              100.00     100.00
  clock network delay (ideal)                             0.00     100.00
  clock uncertainty                                      -0.03      99.97
  U_RegFile/regArr_reg[7][2]/CK (SDFFRQX2M)               0.00      99.97 r
  library setup time                                     -0.41      99.57
  data required time                                                99.57
  --------------------------------------------------------------------------
  data required time                                                99.57
  data arrival time                                                 -3.30
  --------------------------------------------------------------------------
  slack (MET)                                                       96.27


  Startpoint: U_SYS_CTRL/current_state_reg[3]
              (rising edge-triggered flip-flop clocked by DFTCLK)
  Endpoint: U_RegFile/regArr_reg[7][1]
            (rising edge-triggered flip-flop clocked by DFTCLK)
  Path Group: DFTCLK
  Path Type: max

  Point                                                   Incr       Path
  --------------------------------------------------------------------------
  clock DFTCLK (rise edge)                                0.00       0.00
  clock network delay (ideal)                             0.00       0.00
  U_SYS_CTRL/current_state_reg[3]/CK (SDFFRQX2M)          0.00       0.00 r
  U_SYS_CTRL/current_state_reg[3]/Q (SDFFRQX2M)           0.78       0.78 f
  U_SYS_CTRL/U58/Y (NOR2X2M)                              0.22       0.99 r
  U_SYS_CTRL/U34/Y (INVX2M)                               0.09       1.09 f
  U_SYS_CTRL/U29/Y (NOR3X2M)                              0.27       1.36 r
  U_SYS_CTRL/U59/Y (NAND2X2M)                             0.17       1.53 f
  U_SYS_CTRL/U70/Y (OAI22X1M)                             0.21       1.75 r
  U_SYS_CTRL/RF_Addres[1] (SYS_CTRL_test_1)               0.00       1.75 r
  U5/Y (BUFX2M)                                           0.63       2.37 r
  U_RegFile/Address[1] (RegFile_test_1)                   0.00       2.37 r
  U_RegFile/U374/Y (INVX2M)                               0.15       2.52 f
  U_RegFile/U143/Y (NOR2BX2M)                             0.25       2.78 r
  U_RegFile/U165/Y (NAND2X2M)                             0.24       3.02 f
  U_RegFile/U238/Y (OAI2BB2X1M)                           0.28       3.30 f
  U_RegFile/regArr_reg[7][1]/D (SDFFRQX2M)                0.00       3.30 f
  data arrival time                                                  3.30

  clock DFTCLK (rise edge)                              100.00     100.00
  clock network delay (ideal)                             0.00     100.00
  clock uncertainty                                      -0.03      99.97
  U_RegFile/regArr_reg[7][1]/CK (SDFFRQX2M)               0.00      99.97 r
  library setup time                                     -0.41      99.57
  data required time                                                99.57
  --------------------------------------------------------------------------
  data required time                                                99.57
  data arrival time                                                 -3.30
  --------------------------------------------------------------------------
  slack (MET)                                                       96.27


  Startpoint: U_SYS_CTRL/current_state_reg[3]
              (rising edge-triggered flip-flop clocked by DFTCLK)
  Endpoint: U_RegFile/regArr_reg[7][0]
            (rising edge-triggered flip-flop clocked by DFTCLK)
  Path Group: DFTCLK
  Path Type: max

  Point                                                   Incr       Path
  --------------------------------------------------------------------------
  clock DFTCLK (rise edge)                                0.00       0.00
  clock network delay (ideal)                             0.00       0.00
  U_SYS_CTRL/current_state_reg[3]/CK (SDFFRQX2M)          0.00       0.00 r
  U_SYS_CTRL/current_state_reg[3]/Q (SDFFRQX2M)           0.78       0.78 f
  U_SYS_CTRL/U58/Y (NOR2X2M)                              0.22       0.99 r
  U_SYS_CTRL/U34/Y (INVX2M)                               0.09       1.09 f
  U_SYS_CTRL/U29/Y (NOR3X2M)                              0.27       1.36 r
  U_SYS_CTRL/U59/Y (NAND2X2M)                             0.17       1.53 f
  U_SYS_CTRL/U70/Y (OAI22X1M)                             0.21       1.75 r
  U_SYS_CTRL/RF_Addres[1] (SYS_CTRL_test_1)               0.00       1.75 r
  U5/Y (BUFX2M)                                           0.63       2.37 r
  U_RegFile/Address[1] (RegFile_test_1)                   0.00       2.37 r
  U_RegFile/U374/Y (INVX2M)                               0.15       2.52 f
  U_RegFile/U143/Y (NOR2BX2M)                             0.25       2.78 r
  U_RegFile/U165/Y (NAND2X2M)                             0.24       3.02 f
  U_RegFile/U237/Y (OAI2BB2X1M)                           0.28       3.30 f
  U_RegFile/regArr_reg[7][0]/D (SDFFRQX2M)                0.00       3.30 f
  data arrival time                                                  3.30

  clock DFTCLK (rise edge)                              100.00     100.00
  clock network delay (ideal)                             0.00     100.00
  clock uncertainty                                      -0.03      99.97
  U_RegFile/regArr_reg[7][0]/CK (SDFFRQX2M)               0.00      99.97 r
  library setup time                                     -0.41      99.57
  data required time                                                99.57
  --------------------------------------------------------------------------
  data required time                                                99.57
  data arrival time                                                 -3.30
  --------------------------------------------------------------------------
  slack (MET)                                                       96.27


  Startpoint: U_SYS_CTRL/current_state_reg[3]
              (rising edge-triggered flip-flop clocked by DFTCLK)
  Endpoint: U_RegFile/regArr_reg[6][7]
            (rising edge-triggered flip-flop clocked by DFTCLK)
  Path Group: DFTCLK
  Path Type: max

  Point                                                   Incr       Path
  --------------------------------------------------------------------------
  clock DFTCLK (rise edge)                                0.00       0.00
  clock network delay (ideal)                             0.00       0.00
  U_SYS_CTRL/current_state_reg[3]/CK (SDFFRQX2M)          0.00       0.00 r
  U_SYS_CTRL/current_state_reg[3]/Q (SDFFRQX2M)           0.78       0.78 f
  U_SYS_CTRL/U58/Y (NOR2X2M)                              0.22       0.99 r
  U_SYS_CTRL/U34/Y (INVX2M)                               0.09       1.09 f
  U_SYS_CTRL/U29/Y (NOR3X2M)                              0.27       1.36 r
  U_SYS_CTRL/U59/Y (NAND2X2M)                             0.17       1.53 f
  U_SYS_CTRL/U70/Y (OAI22X1M)                             0.21       1.75 r
  U_SYS_CTRL/RF_Addres[1] (SYS_CTRL_test_1)               0.00       1.75 r
  U5/Y (BUFX2M)                                           0.63       2.37 r
  U_RegFile/Address[1] (RegFile_test_1)                   0.00       2.37 r
  U_RegFile/U374/Y (INVX2M)                               0.15       2.52 f
  U_RegFile/U143/Y (NOR2BX2M)                             0.25       2.78 r
  U_RegFile/U164/Y (NAND2X2M)                             0.24       3.02 f
  U_RegFile/U236/Y (OAI2BB2X1M)                           0.28       3.30 f
  U_RegFile/regArr_reg[6][7]/D (SDFFRQX2M)                0.00       3.30 f
  data arrival time                                                  3.30

  clock DFTCLK (rise edge)                              100.00     100.00
  clock network delay (ideal)                             0.00     100.00
  clock uncertainty                                      -0.03      99.97
  U_RegFile/regArr_reg[6][7]/CK (SDFFRQX2M)               0.00      99.97 r
  library setup time                                     -0.41      99.57
  data required time                                                99.57
  --------------------------------------------------------------------------
  data required time                                                99.57
  data arrival time                                                 -3.30
  --------------------------------------------------------------------------
  slack (MET)                                                       96.27


  Startpoint: U_SYS_CTRL/current_state_reg[3]
              (rising edge-triggered flip-flop clocked by DFTCLK)
  Endpoint: U_RegFile/regArr_reg[6][6]
            (rising edge-triggered flip-flop clocked by DFTCLK)
  Path Group: DFTCLK
  Path Type: max

  Point                                                   Incr       Path
  --------------------------------------------------------------------------
  clock DFTCLK (rise edge)                                0.00       0.00
  clock network delay (ideal)                             0.00       0.00
  U_SYS_CTRL/current_state_reg[3]/CK (SDFFRQX2M)          0.00       0.00 r
  U_SYS_CTRL/current_state_reg[3]/Q (SDFFRQX2M)           0.78       0.78 f
  U_SYS_CTRL/U58/Y (NOR2X2M)                              0.22       0.99 r
  U_SYS_CTRL/U34/Y (INVX2M)                               0.09       1.09 f
  U_SYS_CTRL/U29/Y (NOR3X2M)                              0.27       1.36 r
  U_SYS_CTRL/U59/Y (NAND2X2M)                             0.17       1.53 f
  U_SYS_CTRL/U70/Y (OAI22X1M)                             0.21       1.75 r
  U_SYS_CTRL/RF_Addres[1] (SYS_CTRL_test_1)               0.00       1.75 r
  U5/Y (BUFX2M)                                           0.63       2.37 r
  U_RegFile/Address[1] (RegFile_test_1)                   0.00       2.37 r
  U_RegFile/U374/Y (INVX2M)                               0.15       2.52 f
  U_RegFile/U143/Y (NOR2BX2M)                             0.25       2.78 r
  U_RegFile/U164/Y (NAND2X2M)                             0.24       3.02 f
  U_RegFile/U235/Y (OAI2BB2X1M)                           0.28       3.30 f
  U_RegFile/regArr_reg[6][6]/D (SDFFRQX2M)                0.00       3.30 f
  data arrival time                                                  3.30

  clock DFTCLK (rise edge)                              100.00     100.00
  clock network delay (ideal)                             0.00     100.00
  clock uncertainty                                      -0.03      99.97
  U_RegFile/regArr_reg[6][6]/CK (SDFFRQX2M)               0.00      99.97 r
  library setup time                                     -0.41      99.57
  data required time                                                99.57
  --------------------------------------------------------------------------
  data required time                                                99.57
  data arrival time                                                 -3.30
  --------------------------------------------------------------------------
  slack (MET)                                                       96.27


  Startpoint: U_SYS_CTRL/current_state_reg[3]
              (rising edge-triggered flip-flop clocked by DFTCLK)
  Endpoint: U_RegFile/regArr_reg[6][5]
            (rising edge-triggered flip-flop clocked by DFTCLK)
  Path Group: DFTCLK
  Path Type: max

  Point                                                   Incr       Path
  --------------------------------------------------------------------------
  clock DFTCLK (rise edge)                                0.00       0.00
  clock network delay (ideal)                             0.00       0.00
  U_SYS_CTRL/current_state_reg[3]/CK (SDFFRQX2M)          0.00       0.00 r
  U_SYS_CTRL/current_state_reg[3]/Q (SDFFRQX2M)           0.78       0.78 f
  U_SYS_CTRL/U58/Y (NOR2X2M)                              0.22       0.99 r
  U_SYS_CTRL/U34/Y (INVX2M)                               0.09       1.09 f
  U_SYS_CTRL/U29/Y (NOR3X2M)                              0.27       1.36 r
  U_SYS_CTRL/U59/Y (NAND2X2M)                             0.17       1.53 f
  U_SYS_CTRL/U70/Y (OAI22X1M)                             0.21       1.75 r
  U_SYS_CTRL/RF_Addres[1] (SYS_CTRL_test_1)               0.00       1.75 r
  U5/Y (BUFX2M)                                           0.63       2.37 r
  U_RegFile/Address[1] (RegFile_test_1)                   0.00       2.37 r
  U_RegFile/U374/Y (INVX2M)                               0.15       2.52 f
  U_RegFile/U143/Y (NOR2BX2M)                             0.25       2.78 r
  U_RegFile/U164/Y (NAND2X2M)                             0.24       3.02 f
  U_RegFile/U234/Y (OAI2BB2X1M)                           0.28       3.30 f
  U_RegFile/regArr_reg[6][5]/D (SDFFRQX2M)                0.00       3.30 f
  data arrival time                                                  3.30

  clock DFTCLK (rise edge)                              100.00     100.00
  clock network delay (ideal)                             0.00     100.00
  clock uncertainty                                      -0.03      99.97
  U_RegFile/regArr_reg[6][5]/CK (SDFFRQX2M)               0.00      99.97 r
  library setup time                                     -0.41      99.57
  data required time                                                99.57
  --------------------------------------------------------------------------
  data required time                                                99.57
  data arrival time                                                 -3.30
  --------------------------------------------------------------------------
  slack (MET)                                                       96.27


  Startpoint: U_SYS_CTRL/current_state_reg[3]
              (rising edge-triggered flip-flop clocked by DFTCLK)
  Endpoint: U_RegFile/regArr_reg[6][4]
            (rising edge-triggered flip-flop clocked by DFTCLK)
  Path Group: DFTCLK
  Path Type: max

  Point                                                   Incr       Path
  --------------------------------------------------------------------------
  clock DFTCLK (rise edge)                                0.00       0.00
  clock network delay (ideal)                             0.00       0.00
  U_SYS_CTRL/current_state_reg[3]/CK (SDFFRQX2M)          0.00       0.00 r
  U_SYS_CTRL/current_state_reg[3]/Q (SDFFRQX2M)           0.78       0.78 f
  U_SYS_CTRL/U58/Y (NOR2X2M)                              0.22       0.99 r
  U_SYS_CTRL/U34/Y (INVX2M)                               0.09       1.09 f
  U_SYS_CTRL/U29/Y (NOR3X2M)                              0.27       1.36 r
  U_SYS_CTRL/U59/Y (NAND2X2M)                             0.17       1.53 f
  U_SYS_CTRL/U70/Y (OAI22X1M)                             0.21       1.75 r
  U_SYS_CTRL/RF_Addres[1] (SYS_CTRL_test_1)               0.00       1.75 r
  U5/Y (BUFX2M)                                           0.63       2.37 r
  U_RegFile/Address[1] (RegFile_test_1)                   0.00       2.37 r
  U_RegFile/U374/Y (INVX2M)                               0.15       2.52 f
  U_RegFile/U143/Y (NOR2BX2M)                             0.25       2.78 r
  U_RegFile/U164/Y (NAND2X2M)                             0.24       3.02 f
  U_RegFile/U233/Y (OAI2BB2X1M)                           0.28       3.30 f
  U_RegFile/regArr_reg[6][4]/D (SDFFRQX2M)                0.00       3.30 f
  data arrival time                                                  3.30

  clock DFTCLK (rise edge)                              100.00     100.00
  clock network delay (ideal)                             0.00     100.00
  clock uncertainty                                      -0.03      99.97
  U_RegFile/regArr_reg[6][4]/CK (SDFFRQX2M)               0.00      99.97 r
  library setup time                                     -0.41      99.57
  data required time                                                99.57
  --------------------------------------------------------------------------
  data required time                                                99.57
  data arrival time                                                 -3.30
  --------------------------------------------------------------------------
  slack (MET)                                                       96.27


  Startpoint: U_SYS_CTRL/current_state_reg[3]
              (rising edge-triggered flip-flop clocked by DFTCLK)
  Endpoint: U_RegFile/regArr_reg[6][3]
            (rising edge-triggered flip-flop clocked by DFTCLK)
  Path Group: DFTCLK
  Path Type: max

  Point                                                   Incr       Path
  --------------------------------------------------------------------------
  clock DFTCLK (rise edge)                                0.00       0.00
  clock network delay (ideal)                             0.00       0.00
  U_SYS_CTRL/current_state_reg[3]/CK (SDFFRQX2M)          0.00       0.00 r
  U_SYS_CTRL/current_state_reg[3]/Q (SDFFRQX2M)           0.78       0.78 f
  U_SYS_CTRL/U58/Y (NOR2X2M)                              0.22       0.99 r
  U_SYS_CTRL/U34/Y (INVX2M)                               0.09       1.09 f
  U_SYS_CTRL/U29/Y (NOR3X2M)                              0.27       1.36 r
  U_SYS_CTRL/U59/Y (NAND2X2M)                             0.17       1.53 f
  U_SYS_CTRL/U70/Y (OAI22X1M)                             0.21       1.75 r
  U_SYS_CTRL/RF_Addres[1] (SYS_CTRL_test_1)               0.00       1.75 r
  U5/Y (BUFX2M)                                           0.63       2.37 r
  U_RegFile/Address[1] (RegFile_test_1)                   0.00       2.37 r
  U_RegFile/U374/Y (INVX2M)                               0.15       2.52 f
  U_RegFile/U143/Y (NOR2BX2M)                             0.25       2.78 r
  U_RegFile/U164/Y (NAND2X2M)                             0.24       3.02 f
  U_RegFile/U232/Y (OAI2BB2X1M)                           0.28       3.30 f
  U_RegFile/regArr_reg[6][3]/D (SDFFRQX2M)                0.00       3.30 f
  data arrival time                                                  3.30

  clock DFTCLK (rise edge)                              100.00     100.00
  clock network delay (ideal)                             0.00     100.00
  clock uncertainty                                      -0.03      99.97
  U_RegFile/regArr_reg[6][3]/CK (SDFFRQX2M)               0.00      99.97 r
  library setup time                                     -0.41      99.57
  data required time                                                99.57
  --------------------------------------------------------------------------
  data required time                                                99.57
  data arrival time                                                 -3.30
  --------------------------------------------------------------------------
  slack (MET)                                                       96.27


  Startpoint: U_SYS_CTRL/current_state_reg[3]
              (rising edge-triggered flip-flop clocked by DFTCLK)
  Endpoint: U_RegFile/regArr_reg[6][2]
            (rising edge-triggered flip-flop clocked by DFTCLK)
  Path Group: DFTCLK
  Path Type: max

  Point                                                   Incr       Path
  --------------------------------------------------------------------------
  clock DFTCLK (rise edge)                                0.00       0.00
  clock network delay (ideal)                             0.00       0.00
  U_SYS_CTRL/current_state_reg[3]/CK (SDFFRQX2M)          0.00       0.00 r
  U_SYS_CTRL/current_state_reg[3]/Q (SDFFRQX2M)           0.78       0.78 f
  U_SYS_CTRL/U58/Y (NOR2X2M)                              0.22       0.99 r
  U_SYS_CTRL/U34/Y (INVX2M)                               0.09       1.09 f
  U_SYS_CTRL/U29/Y (NOR3X2M)                              0.27       1.36 r
  U_SYS_CTRL/U59/Y (NAND2X2M)                             0.17       1.53 f
  U_SYS_CTRL/U70/Y (OAI22X1M)                             0.21       1.75 r
  U_SYS_CTRL/RF_Addres[1] (SYS_CTRL_test_1)               0.00       1.75 r
  U5/Y (BUFX2M)                                           0.63       2.37 r
  U_RegFile/Address[1] (RegFile_test_1)                   0.00       2.37 r
  U_RegFile/U374/Y (INVX2M)                               0.15       2.52 f
  U_RegFile/U143/Y (NOR2BX2M)                             0.25       2.78 r
  U_RegFile/U164/Y (NAND2X2M)                             0.24       3.02 f
  U_RegFile/U231/Y (OAI2BB2X1M)                           0.28       3.30 f
  U_RegFile/regArr_reg[6][2]/D (SDFFRQX2M)                0.00       3.30 f
  data arrival time                                                  3.30

  clock DFTCLK (rise edge)                              100.00     100.00
  clock network delay (ideal)                             0.00     100.00
  clock uncertainty                                      -0.03      99.97
  U_RegFile/regArr_reg[6][2]/CK (SDFFRQX2M)               0.00      99.97 r
  library setup time                                     -0.41      99.57
  data required time                                                99.57
  --------------------------------------------------------------------------
  data required time                                                99.57
  data arrival time                                                 -3.30
  --------------------------------------------------------------------------
  slack (MET)                                                       96.27


  Startpoint: U_SYS_CTRL/current_state_reg[3]
              (rising edge-triggered flip-flop clocked by DFTCLK)
  Endpoint: U_RegFile/regArr_reg[6][1]
            (rising edge-triggered flip-flop clocked by DFTCLK)
  Path Group: DFTCLK
  Path Type: max

  Point                                                   Incr       Path
  --------------------------------------------------------------------------
  clock DFTCLK (rise edge)                                0.00       0.00
  clock network delay (ideal)                             0.00       0.00
  U_SYS_CTRL/current_state_reg[3]/CK (SDFFRQX2M)          0.00       0.00 r
  U_SYS_CTRL/current_state_reg[3]/Q (SDFFRQX2M)           0.78       0.78 f
  U_SYS_CTRL/U58/Y (NOR2X2M)                              0.22       0.99 r
  U_SYS_CTRL/U34/Y (INVX2M)                               0.09       1.09 f
  U_SYS_CTRL/U29/Y (NOR3X2M)                              0.27       1.36 r
  U_SYS_CTRL/U59/Y (NAND2X2M)                             0.17       1.53 f
  U_SYS_CTRL/U70/Y (OAI22X1M)                             0.21       1.75 r
  U_SYS_CTRL/RF_Addres[1] (SYS_CTRL_test_1)               0.00       1.75 r
  U5/Y (BUFX2M)                                           0.63       2.37 r
  U_RegFile/Address[1] (RegFile_test_1)                   0.00       2.37 r
  U_RegFile/U374/Y (INVX2M)                               0.15       2.52 f
  U_RegFile/U143/Y (NOR2BX2M)                             0.25       2.78 r
  U_RegFile/U164/Y (NAND2X2M)                             0.24       3.02 f
  U_RegFile/U230/Y (OAI2BB2X1M)                           0.28       3.30 f
  U_RegFile/regArr_reg[6][1]/D (SDFFRQX2M)                0.00       3.30 f
  data arrival time                                                  3.30

  clock DFTCLK (rise edge)                              100.00     100.00
  clock network delay (ideal)                             0.00     100.00
  clock uncertainty                                      -0.03      99.97
  U_RegFile/regArr_reg[6][1]/CK (SDFFRQX2M)               0.00      99.97 r
  library setup time                                     -0.41      99.57
  data required time                                                99.57
  --------------------------------------------------------------------------
  data required time                                                99.57
  data arrival time                                                 -3.30
  --------------------------------------------------------------------------
  slack (MET)                                                       96.27


  Startpoint: U_SYS_CTRL/current_state_reg[3]
              (rising edge-triggered flip-flop clocked by DFTCLK)
  Endpoint: U_RegFile/regArr_reg[6][0]
            (rising edge-triggered flip-flop clocked by DFTCLK)
  Path Group: DFTCLK
  Path Type: max

  Point                                                   Incr       Path
  --------------------------------------------------------------------------
  clock DFTCLK (rise edge)                                0.00       0.00
  clock network delay (ideal)                             0.00       0.00
  U_SYS_CTRL/current_state_reg[3]/CK (SDFFRQX2M)          0.00       0.00 r
  U_SYS_CTRL/current_state_reg[3]/Q (SDFFRQX2M)           0.78       0.78 f
  U_SYS_CTRL/U58/Y (NOR2X2M)                              0.22       0.99 r
  U_SYS_CTRL/U34/Y (INVX2M)                               0.09       1.09 f
  U_SYS_CTRL/U29/Y (NOR3X2M)                              0.27       1.36 r
  U_SYS_CTRL/U59/Y (NAND2X2M)                             0.17       1.53 f
  U_SYS_CTRL/U70/Y (OAI22X1M)                             0.21       1.75 r
  U_SYS_CTRL/RF_Addres[1] (SYS_CTRL_test_1)               0.00       1.75 r
  U5/Y (BUFX2M)                                           0.63       2.37 r
  U_RegFile/Address[1] (RegFile_test_1)                   0.00       2.37 r
  U_RegFile/U374/Y (INVX2M)                               0.15       2.52 f
  U_RegFile/U143/Y (NOR2BX2M)                             0.25       2.78 r
  U_RegFile/U164/Y (NAND2X2M)                             0.24       3.02 f
  U_RegFile/U229/Y (OAI2BB2X1M)                           0.28       3.30 f
  U_RegFile/regArr_reg[6][0]/D (SDFFRQX2M)                0.00       3.30 f
  data arrival time                                                  3.30

  clock DFTCLK (rise edge)                              100.00     100.00
  clock network delay (ideal)                             0.00     100.00
  clock uncertainty                                      -0.03      99.97
  U_RegFile/regArr_reg[6][0]/CK (SDFFRQX2M)               0.00      99.97 r
  library setup time                                     -0.41      99.57
  data required time                                                99.57
  --------------------------------------------------------------------------
  data required time                                                99.57
  data arrival time                                                 -3.30
  --------------------------------------------------------------------------
  slack (MET)                                                       96.27


  Startpoint: U_SYS_CTRL/current_state_reg[3]
              (rising edge-triggered flip-flop clocked by DFTCLK)
  Endpoint: U_RegFile/regArr_reg[14][7]
            (rising edge-triggered flip-flop clocked by DFTCLK)
  Path Group: DFTCLK
  Path Type: max

  Point                                                   Incr       Path
  --------------------------------------------------------------------------
  clock DFTCLK (rise edge)                                0.00       0.00
  clock network delay (ideal)                             0.00       0.00
  U_SYS_CTRL/current_state_reg[3]/CK (SDFFRQX2M)          0.00       0.00 r
  U_SYS_CTRL/current_state_reg[3]/Q (SDFFRQX2M)           0.78       0.78 f
  U_SYS_CTRL/U58/Y (NOR2X2M)                              0.22       0.99 r
  U_SYS_CTRL/U34/Y (INVX2M)                               0.09       1.09 f
  U_SYS_CTRL/U29/Y (NOR3X2M)                              0.27       1.36 r
  U_SYS_CTRL/U59/Y (NAND2X2M)                             0.17       1.53 f
  U_SYS_CTRL/U70/Y (OAI22X1M)                             0.21       1.75 r
  U_SYS_CTRL/RF_Addres[1] (SYS_CTRL_test_1)               0.00       1.75 r
  U5/Y (BUFX2M)                                           0.63       2.37 r
  U_RegFile/Address[1] (RegFile_test_1)                   0.00       2.37 r
  U_RegFile/U374/Y (INVX2M)                               0.15       2.52 f
  U_RegFile/U143/Y (NOR2BX2M)                             0.25       2.78 r
  U_RegFile/U168/Y (NAND2X2M)                             0.24       3.01 f
  U_RegFile/U300/Y (OAI2BB2X1M)                           0.28       3.29 f
  U_RegFile/regArr_reg[14][7]/D (SDFFRQX2M)               0.00       3.29 f
  data arrival time                                                  3.29

  clock DFTCLK (rise edge)                              100.00     100.00
  clock network delay (ideal)                             0.00     100.00
  clock uncertainty                                      -0.03      99.97
  U_RegFile/regArr_reg[14][7]/CK (SDFFRQX2M)              0.00      99.97 r
  library setup time                                     -0.41      99.57
  data required time                                                99.57
  --------------------------------------------------------------------------
  data required time                                                99.57
  data arrival time                                                 -3.29
  --------------------------------------------------------------------------
  slack (MET)                                                       96.28


  Startpoint: U_SYS_CTRL/current_state_reg[3]
              (rising edge-triggered flip-flop clocked by DFTCLK)
  Endpoint: U_RegFile/regArr_reg[14][6]
            (rising edge-triggered flip-flop clocked by DFTCLK)
  Path Group: DFTCLK
  Path Type: max

  Point                                                   Incr       Path
  --------------------------------------------------------------------------
  clock DFTCLK (rise edge)                                0.00       0.00
  clock network delay (ideal)                             0.00       0.00
  U_SYS_CTRL/current_state_reg[3]/CK (SDFFRQX2M)          0.00       0.00 r
  U_SYS_CTRL/current_state_reg[3]/Q (SDFFRQX2M)           0.78       0.78 f
  U_SYS_CTRL/U58/Y (NOR2X2M)                              0.22       0.99 r
  U_SYS_CTRL/U34/Y (INVX2M)                               0.09       1.09 f
  U_SYS_CTRL/U29/Y (NOR3X2M)                              0.27       1.36 r
  U_SYS_CTRL/U59/Y (NAND2X2M)                             0.17       1.53 f
  U_SYS_CTRL/U70/Y (OAI22X1M)                             0.21       1.75 r
  U_SYS_CTRL/RF_Addres[1] (SYS_CTRL_test_1)               0.00       1.75 r
  U5/Y (BUFX2M)                                           0.63       2.37 r
  U_RegFile/Address[1] (RegFile_test_1)                   0.00       2.37 r
  U_RegFile/U374/Y (INVX2M)                               0.15       2.52 f
  U_RegFile/U143/Y (NOR2BX2M)                             0.25       2.78 r
  U_RegFile/U168/Y (NAND2X2M)                             0.24       3.01 f
  U_RegFile/U299/Y (OAI2BB2X1M)                           0.28       3.29 f
  U_RegFile/regArr_reg[14][6]/D (SDFFRQX2M)               0.00       3.29 f
  data arrival time                                                  3.29

  clock DFTCLK (rise edge)                              100.00     100.00
  clock network delay (ideal)                             0.00     100.00
  clock uncertainty                                      -0.03      99.97
  U_RegFile/regArr_reg[14][6]/CK (SDFFRQX2M)              0.00      99.97 r
  library setup time                                     -0.41      99.57
  data required time                                                99.57
  --------------------------------------------------------------------------
  data required time                                                99.57
  data arrival time                                                 -3.29
  --------------------------------------------------------------------------
  slack (MET)                                                       96.28


  Startpoint: U_SYS_CTRL/current_state_reg[3]
              (rising edge-triggered flip-flop clocked by DFTCLK)
  Endpoint: U_RegFile/regArr_reg[14][5]
            (rising edge-triggered flip-flop clocked by DFTCLK)
  Path Group: DFTCLK
  Path Type: max

  Point                                                   Incr       Path
  --------------------------------------------------------------------------
  clock DFTCLK (rise edge)                                0.00       0.00
  clock network delay (ideal)                             0.00       0.00
  U_SYS_CTRL/current_state_reg[3]/CK (SDFFRQX2M)          0.00       0.00 r
  U_SYS_CTRL/current_state_reg[3]/Q (SDFFRQX2M)           0.78       0.78 f
  U_SYS_CTRL/U58/Y (NOR2X2M)                              0.22       0.99 r
  U_SYS_CTRL/U34/Y (INVX2M)                               0.09       1.09 f
  U_SYS_CTRL/U29/Y (NOR3X2M)                              0.27       1.36 r
  U_SYS_CTRL/U59/Y (NAND2X2M)                             0.17       1.53 f
  U_SYS_CTRL/U70/Y (OAI22X1M)                             0.21       1.75 r
  U_SYS_CTRL/RF_Addres[1] (SYS_CTRL_test_1)               0.00       1.75 r
  U5/Y (BUFX2M)                                           0.63       2.37 r
  U_RegFile/Address[1] (RegFile_test_1)                   0.00       2.37 r
  U_RegFile/U374/Y (INVX2M)                               0.15       2.52 f
  U_RegFile/U143/Y (NOR2BX2M)                             0.25       2.78 r
  U_RegFile/U168/Y (NAND2X2M)                             0.24       3.01 f
  U_RegFile/U298/Y (OAI2BB2X1M)                           0.28       3.29 f
  U_RegFile/regArr_reg[14][5]/D (SDFFRQX2M)               0.00       3.29 f
  data arrival time                                                  3.29

  clock DFTCLK (rise edge)                              100.00     100.00
  clock network delay (ideal)                             0.00     100.00
  clock uncertainty                                      -0.03      99.97
  U_RegFile/regArr_reg[14][5]/CK (SDFFRQX2M)              0.00      99.97 r
  library setup time                                     -0.41      99.57
  data required time                                                99.57
  --------------------------------------------------------------------------
  data required time                                                99.57
  data arrival time                                                 -3.29
  --------------------------------------------------------------------------
  slack (MET)                                                       96.28


  Startpoint: U_SYS_CTRL/current_state_reg[3]
              (rising edge-triggered flip-flop clocked by DFTCLK)
  Endpoint: U_RegFile/regArr_reg[14][4]
            (rising edge-triggered flip-flop clocked by DFTCLK)
  Path Group: DFTCLK
  Path Type: max

  Point                                                   Incr       Path
  --------------------------------------------------------------------------
  clock DFTCLK (rise edge)                                0.00       0.00
  clock network delay (ideal)                             0.00       0.00
  U_SYS_CTRL/current_state_reg[3]/CK (SDFFRQX2M)          0.00       0.00 r
  U_SYS_CTRL/current_state_reg[3]/Q (SDFFRQX2M)           0.78       0.78 f
  U_SYS_CTRL/U58/Y (NOR2X2M)                              0.22       0.99 r
  U_SYS_CTRL/U34/Y (INVX2M)                               0.09       1.09 f
  U_SYS_CTRL/U29/Y (NOR3X2M)                              0.27       1.36 r
  U_SYS_CTRL/U59/Y (NAND2X2M)                             0.17       1.53 f
  U_SYS_CTRL/U70/Y (OAI22X1M)                             0.21       1.75 r
  U_SYS_CTRL/RF_Addres[1] (SYS_CTRL_test_1)               0.00       1.75 r
  U5/Y (BUFX2M)                                           0.63       2.37 r
  U_RegFile/Address[1] (RegFile_test_1)                   0.00       2.37 r
  U_RegFile/U374/Y (INVX2M)                               0.15       2.52 f
  U_RegFile/U143/Y (NOR2BX2M)                             0.25       2.78 r
  U_RegFile/U168/Y (NAND2X2M)                             0.24       3.01 f
  U_RegFile/U297/Y (OAI2BB2X1M)                           0.28       3.29 f
  U_RegFile/regArr_reg[14][4]/D (SDFFRQX2M)               0.00       3.29 f
  data arrival time                                                  3.29

  clock DFTCLK (rise edge)                              100.00     100.00
  clock network delay (ideal)                             0.00     100.00
  clock uncertainty                                      -0.03      99.97
  U_RegFile/regArr_reg[14][4]/CK (SDFFRQX2M)              0.00      99.97 r
  library setup time                                     -0.41      99.57
  data required time                                                99.57
  --------------------------------------------------------------------------
  data required time                                                99.57
  data arrival time                                                 -3.29
  --------------------------------------------------------------------------
  slack (MET)                                                       96.28


  Startpoint: U_SYS_CTRL/current_state_reg[3]
              (rising edge-triggered flip-flop clocked by DFTCLK)
  Endpoint: U_RegFile/regArr_reg[14][3]
            (rising edge-triggered flip-flop clocked by DFTCLK)
  Path Group: DFTCLK
  Path Type: max

  Point                                                   Incr       Path
  --------------------------------------------------------------------------
  clock DFTCLK (rise edge)                                0.00       0.00
  clock network delay (ideal)                             0.00       0.00
  U_SYS_CTRL/current_state_reg[3]/CK (SDFFRQX2M)          0.00       0.00 r
  U_SYS_CTRL/current_state_reg[3]/Q (SDFFRQX2M)           0.78       0.78 f
  U_SYS_CTRL/U58/Y (NOR2X2M)                              0.22       0.99 r
  U_SYS_CTRL/U34/Y (INVX2M)                               0.09       1.09 f
  U_SYS_CTRL/U29/Y (NOR3X2M)                              0.27       1.36 r
  U_SYS_CTRL/U59/Y (NAND2X2M)                             0.17       1.53 f
  U_SYS_CTRL/U70/Y (OAI22X1M)                             0.21       1.75 r
  U_SYS_CTRL/RF_Addres[1] (SYS_CTRL_test_1)               0.00       1.75 r
  U5/Y (BUFX2M)                                           0.63       2.37 r
  U_RegFile/Address[1] (RegFile_test_1)                   0.00       2.37 r
  U_RegFile/U374/Y (INVX2M)                               0.15       2.52 f
  U_RegFile/U143/Y (NOR2BX2M)                             0.25       2.78 r
  U_RegFile/U168/Y (NAND2X2M)                             0.24       3.01 f
  U_RegFile/U296/Y (OAI2BB2X1M)                           0.28       3.29 f
  U_RegFile/regArr_reg[14][3]/D (SDFFRQX2M)               0.00       3.29 f
  data arrival time                                                  3.29

  clock DFTCLK (rise edge)                              100.00     100.00
  clock network delay (ideal)                             0.00     100.00
  clock uncertainty                                      -0.03      99.97
  U_RegFile/regArr_reg[14][3]/CK (SDFFRQX2M)              0.00      99.97 r
  library setup time                                     -0.41      99.57
  data required time                                                99.57
  --------------------------------------------------------------------------
  data required time                                                99.57
  data arrival time                                                 -3.29
  --------------------------------------------------------------------------
  slack (MET)                                                       96.28


  Startpoint: U_SYS_CTRL/current_state_reg[3]
              (rising edge-triggered flip-flop clocked by DFTCLK)
  Endpoint: U_RegFile/regArr_reg[14][2]
            (rising edge-triggered flip-flop clocked by DFTCLK)
  Path Group: DFTCLK
  Path Type: max

  Point                                                   Incr       Path
  --------------------------------------------------------------------------
  clock DFTCLK (rise edge)                                0.00       0.00
  clock network delay (ideal)                             0.00       0.00
  U_SYS_CTRL/current_state_reg[3]/CK (SDFFRQX2M)          0.00       0.00 r
  U_SYS_CTRL/current_state_reg[3]/Q (SDFFRQX2M)           0.78       0.78 f
  U_SYS_CTRL/U58/Y (NOR2X2M)                              0.22       0.99 r
  U_SYS_CTRL/U34/Y (INVX2M)                               0.09       1.09 f
  U_SYS_CTRL/U29/Y (NOR3X2M)                              0.27       1.36 r
  U_SYS_CTRL/U59/Y (NAND2X2M)                             0.17       1.53 f
  U_SYS_CTRL/U70/Y (OAI22X1M)                             0.21       1.75 r
  U_SYS_CTRL/RF_Addres[1] (SYS_CTRL_test_1)               0.00       1.75 r
  U5/Y (BUFX2M)                                           0.63       2.37 r
  U_RegFile/Address[1] (RegFile_test_1)                   0.00       2.37 r
  U_RegFile/U374/Y (INVX2M)                               0.15       2.52 f
  U_RegFile/U143/Y (NOR2BX2M)                             0.25       2.78 r
  U_RegFile/U168/Y (NAND2X2M)                             0.24       3.01 f
  U_RegFile/U295/Y (OAI2BB2X1M)                           0.28       3.29 f
  U_RegFile/regArr_reg[14][2]/D (SDFFRQX2M)               0.00       3.29 f
  data arrival time                                                  3.29

  clock DFTCLK (rise edge)                              100.00     100.00
  clock network delay (ideal)                             0.00     100.00
  clock uncertainty                                      -0.03      99.97
  U_RegFile/regArr_reg[14][2]/CK (SDFFRQX2M)              0.00      99.97 r
  library setup time                                     -0.41      99.57
  data required time                                                99.57
  --------------------------------------------------------------------------
  data required time                                                99.57
  data arrival time                                                 -3.29
  --------------------------------------------------------------------------
  slack (MET)                                                       96.28


  Startpoint: U_SYS_CTRL/current_state_reg[3]
              (rising edge-triggered flip-flop clocked by DFTCLK)
  Endpoint: U_RegFile/regArr_reg[14][1]
            (rising edge-triggered flip-flop clocked by DFTCLK)
  Path Group: DFTCLK
  Path Type: max

  Point                                                   Incr       Path
  --------------------------------------------------------------------------
  clock DFTCLK (rise edge)                                0.00       0.00
  clock network delay (ideal)                             0.00       0.00
  U_SYS_CTRL/current_state_reg[3]/CK (SDFFRQX2M)          0.00       0.00 r
  U_SYS_CTRL/current_state_reg[3]/Q (SDFFRQX2M)           0.78       0.78 f
  U_SYS_CTRL/U58/Y (NOR2X2M)                              0.22       0.99 r
  U_SYS_CTRL/U34/Y (INVX2M)                               0.09       1.09 f
  U_SYS_CTRL/U29/Y (NOR3X2M)                              0.27       1.36 r
  U_SYS_CTRL/U59/Y (NAND2X2M)                             0.17       1.53 f
  U_SYS_CTRL/U70/Y (OAI22X1M)                             0.21       1.75 r
  U_SYS_CTRL/RF_Addres[1] (SYS_CTRL_test_1)               0.00       1.75 r
  U5/Y (BUFX2M)                                           0.63       2.37 r
  U_RegFile/Address[1] (RegFile_test_1)                   0.00       2.37 r
  U_RegFile/U374/Y (INVX2M)                               0.15       2.52 f
  U_RegFile/U143/Y (NOR2BX2M)                             0.25       2.78 r
  U_RegFile/U168/Y (NAND2X2M)                             0.24       3.01 f
  U_RegFile/U294/Y (OAI2BB2X1M)                           0.28       3.29 f
  U_RegFile/regArr_reg[14][1]/D (SDFFRQX2M)               0.00       3.29 f
  data arrival time                                                  3.29

  clock DFTCLK (rise edge)                              100.00     100.00
  clock network delay (ideal)                             0.00     100.00
  clock uncertainty                                      -0.03      99.97
  U_RegFile/regArr_reg[14][1]/CK (SDFFRQX2M)              0.00      99.97 r
  library setup time                                     -0.41      99.57
  data required time                                                99.57
  --------------------------------------------------------------------------
  data required time                                                99.57
  data arrival time                                                 -3.29
  --------------------------------------------------------------------------
  slack (MET)                                                       96.28


  Startpoint: U_SYS_CTRL/current_state_reg[3]
              (rising edge-triggered flip-flop clocked by DFTCLK)
  Endpoint: U_RegFile/regArr_reg[14][0]
            (rising edge-triggered flip-flop clocked by DFTCLK)
  Path Group: DFTCLK
  Path Type: max

  Point                                                   Incr       Path
  --------------------------------------------------------------------------
  clock DFTCLK (rise edge)                                0.00       0.00
  clock network delay (ideal)                             0.00       0.00
  U_SYS_CTRL/current_state_reg[3]/CK (SDFFRQX2M)          0.00       0.00 r
  U_SYS_CTRL/current_state_reg[3]/Q (SDFFRQX2M)           0.78       0.78 f
  U_SYS_CTRL/U58/Y (NOR2X2M)                              0.22       0.99 r
  U_SYS_CTRL/U34/Y (INVX2M)                               0.09       1.09 f
  U_SYS_CTRL/U29/Y (NOR3X2M)                              0.27       1.36 r
  U_SYS_CTRL/U59/Y (NAND2X2M)                             0.17       1.53 f
  U_SYS_CTRL/U70/Y (OAI22X1M)                             0.21       1.75 r
  U_SYS_CTRL/RF_Addres[1] (SYS_CTRL_test_1)               0.00       1.75 r
  U5/Y (BUFX2M)                                           0.63       2.37 r
  U_RegFile/Address[1] (RegFile_test_1)                   0.00       2.37 r
  U_RegFile/U374/Y (INVX2M)                               0.15       2.52 f
  U_RegFile/U143/Y (NOR2BX2M)                             0.25       2.78 r
  U_RegFile/U168/Y (NAND2X2M)                             0.24       3.01 f
  U_RegFile/U293/Y (OAI2BB2X1M)                           0.28       3.29 f
  U_RegFile/regArr_reg[14][0]/D (SDFFRQX2M)               0.00       3.29 f
  data arrival time                                                  3.29

  clock DFTCLK (rise edge)                              100.00     100.00
  clock network delay (ideal)                             0.00     100.00
  clock uncertainty                                      -0.03      99.97
  U_RegFile/regArr_reg[14][0]/CK (SDFFRQX2M)              0.00      99.97 r
  library setup time                                     -0.41      99.57
  data required time                                                99.57
  --------------------------------------------------------------------------
  data required time                                                99.57
  data arrival time                                                 -3.29
  --------------------------------------------------------------------------
  slack (MET)                                                       96.28


  Startpoint: U_SYS_CTRL/current_state_reg[3]
              (rising edge-triggered flip-flop clocked by DFTCLK)
  Endpoint: U_RegFile/regArr_reg[15][7]
            (rising edge-triggered flip-flop clocked by DFTCLK)
  Path Group: DFTCLK
  Path Type: max

  Point                                                   Incr       Path
  --------------------------------------------------------------------------
  clock DFTCLK (rise edge)                                0.00       0.00
  clock network delay (ideal)                             0.00       0.00
  U_SYS_CTRL/current_state_reg[3]/CK (SDFFRQX2M)          0.00       0.00 r
  U_SYS_CTRL/current_state_reg[3]/Q (SDFFRQX2M)           0.78       0.78 f
  U_SYS_CTRL/U58/Y (NOR2X2M)                              0.22       0.99 r
  U_SYS_CTRL/U34/Y (INVX2M)                               0.09       1.09 f
  U_SYS_CTRL/U29/Y (NOR3X2M)                              0.27       1.36 r
  U_SYS_CTRL/U59/Y (NAND2X2M)                             0.17       1.53 f
  U_SYS_CTRL/U70/Y (OAI22X1M)                             0.21       1.75 r
  U_SYS_CTRL/RF_Addres[1] (SYS_CTRL_test_1)               0.00       1.75 r
  U5/Y (BUFX2M)                                           0.63       2.37 r
  U_RegFile/Address[1] (RegFile_test_1)                   0.00       2.37 r
  U_RegFile/U374/Y (INVX2M)                               0.15       2.52 f
  U_RegFile/U143/Y (NOR2BX2M)                             0.25       2.78 r
  U_RegFile/U169/Y (NAND2X2M)                             0.24       3.01 f
  U_RegFile/U308/Y (OAI2BB2X1M)                           0.28       3.29 f
  U_RegFile/regArr_reg[15][7]/D (SDFFRQX2M)               0.00       3.29 f
  data arrival time                                                  3.29

  clock DFTCLK (rise edge)                              100.00     100.00
  clock network delay (ideal)                             0.00     100.00
  clock uncertainty                                      -0.03      99.97
  U_RegFile/regArr_reg[15][7]/CK (SDFFRQX2M)              0.00      99.97 r
  library setup time                                     -0.41      99.57
  data required time                                                99.57
  --------------------------------------------------------------------------
  data required time                                                99.57
  data arrival time                                                 -3.29
  --------------------------------------------------------------------------
  slack (MET)                                                       96.28


  Startpoint: U_SYS_CTRL/current_state_reg[3]
              (rising edge-triggered flip-flop clocked by DFTCLK)
  Endpoint: U_RegFile/regArr_reg[15][6]
            (rising edge-triggered flip-flop clocked by DFTCLK)
  Path Group: DFTCLK
  Path Type: max

  Point                                                   Incr       Path
  --------------------------------------------------------------------------
  clock DFTCLK (rise edge)                                0.00       0.00
  clock network delay (ideal)                             0.00       0.00
  U_SYS_CTRL/current_state_reg[3]/CK (SDFFRQX2M)          0.00       0.00 r
  U_SYS_CTRL/current_state_reg[3]/Q (SDFFRQX2M)           0.78       0.78 f
  U_SYS_CTRL/U58/Y (NOR2X2M)                              0.22       0.99 r
  U_SYS_CTRL/U34/Y (INVX2M)                               0.09       1.09 f
  U_SYS_CTRL/U29/Y (NOR3X2M)                              0.27       1.36 r
  U_SYS_CTRL/U59/Y (NAND2X2M)                             0.17       1.53 f
  U_SYS_CTRL/U70/Y (OAI22X1M)                             0.21       1.75 r
  U_SYS_CTRL/RF_Addres[1] (SYS_CTRL_test_1)               0.00       1.75 r
  U5/Y (BUFX2M)                                           0.63       2.37 r
  U_RegFile/Address[1] (RegFile_test_1)                   0.00       2.37 r
  U_RegFile/U374/Y (INVX2M)                               0.15       2.52 f
  U_RegFile/U143/Y (NOR2BX2M)                             0.25       2.78 r
  U_RegFile/U169/Y (NAND2X2M)                             0.24       3.01 f
  U_RegFile/U307/Y (OAI2BB2X1M)                           0.28       3.29 f
  U_RegFile/regArr_reg[15][6]/D (SDFFRQX2M)               0.00       3.29 f
  data arrival time                                                  3.29

  clock DFTCLK (rise edge)                              100.00     100.00
  clock network delay (ideal)                             0.00     100.00
  clock uncertainty                                      -0.03      99.97
  U_RegFile/regArr_reg[15][6]/CK (SDFFRQX2M)              0.00      99.97 r
  library setup time                                     -0.41      99.57
  data required time                                                99.57
  --------------------------------------------------------------------------
  data required time                                                99.57
  data arrival time                                                 -3.29
  --------------------------------------------------------------------------
  slack (MET)                                                       96.28


  Startpoint: U_SYS_CTRL/current_state_reg[3]
              (rising edge-triggered flip-flop clocked by DFTCLK)
  Endpoint: U_RegFile/regArr_reg[15][5]
            (rising edge-triggered flip-flop clocked by DFTCLK)
  Path Group: DFTCLK
  Path Type: max

  Point                                                   Incr       Path
  --------------------------------------------------------------------------
  clock DFTCLK (rise edge)                                0.00       0.00
  clock network delay (ideal)                             0.00       0.00
  U_SYS_CTRL/current_state_reg[3]/CK (SDFFRQX2M)          0.00       0.00 r
  U_SYS_CTRL/current_state_reg[3]/Q (SDFFRQX2M)           0.78       0.78 f
  U_SYS_CTRL/U58/Y (NOR2X2M)                              0.22       0.99 r
  U_SYS_CTRL/U34/Y (INVX2M)                               0.09       1.09 f
  U_SYS_CTRL/U29/Y (NOR3X2M)                              0.27       1.36 r
  U_SYS_CTRL/U59/Y (NAND2X2M)                             0.17       1.53 f
  U_SYS_CTRL/U70/Y (OAI22X1M)                             0.21       1.75 r
  U_SYS_CTRL/RF_Addres[1] (SYS_CTRL_test_1)               0.00       1.75 r
  U5/Y (BUFX2M)                                           0.63       2.37 r
  U_RegFile/Address[1] (RegFile_test_1)                   0.00       2.37 r
  U_RegFile/U374/Y (INVX2M)                               0.15       2.52 f
  U_RegFile/U143/Y (NOR2BX2M)                             0.25       2.78 r
  U_RegFile/U169/Y (NAND2X2M)                             0.24       3.01 f
  U_RegFile/U306/Y (OAI2BB2X1M)                           0.28       3.29 f
  U_RegFile/regArr_reg[15][5]/D (SDFFRQX2M)               0.00       3.29 f
  data arrival time                                                  3.29

  clock DFTCLK (rise edge)                              100.00     100.00
  clock network delay (ideal)                             0.00     100.00
  clock uncertainty                                      -0.03      99.97
  U_RegFile/regArr_reg[15][5]/CK (SDFFRQX2M)              0.00      99.97 r
  library setup time                                     -0.41      99.57
  data required time                                                99.57
  --------------------------------------------------------------------------
  data required time                                                99.57
  data arrival time                                                 -3.29
  --------------------------------------------------------------------------
  slack (MET)                                                       96.28


  Startpoint: U_SYS_CTRL/current_state_reg[3]
              (rising edge-triggered flip-flop clocked by DFTCLK)
  Endpoint: U_RegFile/regArr_reg[15][4]
            (rising edge-triggered flip-flop clocked by DFTCLK)
  Path Group: DFTCLK
  Path Type: max

  Point                                                   Incr       Path
  --------------------------------------------------------------------------
  clock DFTCLK (rise edge)                                0.00       0.00
  clock network delay (ideal)                             0.00       0.00
  U_SYS_CTRL/current_state_reg[3]/CK (SDFFRQX2M)          0.00       0.00 r
  U_SYS_CTRL/current_state_reg[3]/Q (SDFFRQX2M)           0.78       0.78 f
  U_SYS_CTRL/U58/Y (NOR2X2M)                              0.22       0.99 r
  U_SYS_CTRL/U34/Y (INVX2M)                               0.09       1.09 f
  U_SYS_CTRL/U29/Y (NOR3X2M)                              0.27       1.36 r
  U_SYS_CTRL/U59/Y (NAND2X2M)                             0.17       1.53 f
  U_SYS_CTRL/U70/Y (OAI22X1M)                             0.21       1.75 r
  U_SYS_CTRL/RF_Addres[1] (SYS_CTRL_test_1)               0.00       1.75 r
  U5/Y (BUFX2M)                                           0.63       2.37 r
  U_RegFile/Address[1] (RegFile_test_1)                   0.00       2.37 r
  U_RegFile/U374/Y (INVX2M)                               0.15       2.52 f
  U_RegFile/U143/Y (NOR2BX2M)                             0.25       2.78 r
  U_RegFile/U169/Y (NAND2X2M)                             0.24       3.01 f
  U_RegFile/U305/Y (OAI2BB2X1M)                           0.28       3.29 f
  U_RegFile/regArr_reg[15][4]/D (SDFFRQX2M)               0.00       3.29 f
  data arrival time                                                  3.29

  clock DFTCLK (rise edge)                              100.00     100.00
  clock network delay (ideal)                             0.00     100.00
  clock uncertainty                                      -0.03      99.97
  U_RegFile/regArr_reg[15][4]/CK (SDFFRQX2M)              0.00      99.97 r
  library setup time                                     -0.41      99.57
  data required time                                                99.57
  --------------------------------------------------------------------------
  data required time                                                99.57
  data arrival time                                                 -3.29
  --------------------------------------------------------------------------
  slack (MET)                                                       96.28


  Startpoint: U_SYS_CTRL/current_state_reg[3]
              (rising edge-triggered flip-flop clocked by DFTCLK)
  Endpoint: U_RegFile/regArr_reg[15][3]
            (rising edge-triggered flip-flop clocked by DFTCLK)
  Path Group: DFTCLK
  Path Type: max

  Point                                                   Incr       Path
  --------------------------------------------------------------------------
  clock DFTCLK (rise edge)                                0.00       0.00
  clock network delay (ideal)                             0.00       0.00
  U_SYS_CTRL/current_state_reg[3]/CK (SDFFRQX2M)          0.00       0.00 r
  U_SYS_CTRL/current_state_reg[3]/Q (SDFFRQX2M)           0.78       0.78 f
  U_SYS_CTRL/U58/Y (NOR2X2M)                              0.22       0.99 r
  U_SYS_CTRL/U34/Y (INVX2M)                               0.09       1.09 f
  U_SYS_CTRL/U29/Y (NOR3X2M)                              0.27       1.36 r
  U_SYS_CTRL/U59/Y (NAND2X2M)                             0.17       1.53 f
  U_SYS_CTRL/U70/Y (OAI22X1M)                             0.21       1.75 r
  U_SYS_CTRL/RF_Addres[1] (SYS_CTRL_test_1)               0.00       1.75 r
  U5/Y (BUFX2M)                                           0.63       2.37 r
  U_RegFile/Address[1] (RegFile_test_1)                   0.00       2.37 r
  U_RegFile/U374/Y (INVX2M)                               0.15       2.52 f
  U_RegFile/U143/Y (NOR2BX2M)                             0.25       2.78 r
  U_RegFile/U169/Y (NAND2X2M)                             0.24       3.01 f
  U_RegFile/U304/Y (OAI2BB2X1M)                           0.28       3.29 f
  U_RegFile/regArr_reg[15][3]/D (SDFFRQX2M)               0.00       3.29 f
  data arrival time                                                  3.29

  clock DFTCLK (rise edge)                              100.00     100.00
  clock network delay (ideal)                             0.00     100.00
  clock uncertainty                                      -0.03      99.97
  U_RegFile/regArr_reg[15][3]/CK (SDFFRQX2M)              0.00      99.97 r
  library setup time                                     -0.41      99.57
  data required time                                                99.57
  --------------------------------------------------------------------------
  data required time                                                99.57
  data arrival time                                                 -3.29
  --------------------------------------------------------------------------
  slack (MET)                                                       96.28


  Startpoint: U_SYS_CTRL/current_state_reg[3]
              (rising edge-triggered flip-flop clocked by DFTCLK)
  Endpoint: U_RegFile/regArr_reg[15][2]
            (rising edge-triggered flip-flop clocked by DFTCLK)
  Path Group: DFTCLK
  Path Type: max

  Point                                                   Incr       Path
  --------------------------------------------------------------------------
  clock DFTCLK (rise edge)                                0.00       0.00
  clock network delay (ideal)                             0.00       0.00
  U_SYS_CTRL/current_state_reg[3]/CK (SDFFRQX2M)          0.00       0.00 r
  U_SYS_CTRL/current_state_reg[3]/Q (SDFFRQX2M)           0.78       0.78 f
  U_SYS_CTRL/U58/Y (NOR2X2M)                              0.22       0.99 r
  U_SYS_CTRL/U34/Y (INVX2M)                               0.09       1.09 f
  U_SYS_CTRL/U29/Y (NOR3X2M)                              0.27       1.36 r
  U_SYS_CTRL/U59/Y (NAND2X2M)                             0.17       1.53 f
  U_SYS_CTRL/U70/Y (OAI22X1M)                             0.21       1.75 r
  U_SYS_CTRL/RF_Addres[1] (SYS_CTRL_test_1)               0.00       1.75 r
  U5/Y (BUFX2M)                                           0.63       2.37 r
  U_RegFile/Address[1] (RegFile_test_1)                   0.00       2.37 r
  U_RegFile/U374/Y (INVX2M)                               0.15       2.52 f
  U_RegFile/U143/Y (NOR2BX2M)                             0.25       2.78 r
  U_RegFile/U169/Y (NAND2X2M)                             0.24       3.01 f
  U_RegFile/U303/Y (OAI2BB2X1M)                           0.28       3.29 f
  U_RegFile/regArr_reg[15][2]/D (SDFFRQX2M)               0.00       3.29 f
  data arrival time                                                  3.29

  clock DFTCLK (rise edge)                              100.00     100.00
  clock network delay (ideal)                             0.00     100.00
  clock uncertainty                                      -0.03      99.97
  U_RegFile/regArr_reg[15][2]/CK (SDFFRQX2M)              0.00      99.97 r
  library setup time                                     -0.41      99.57
  data required time                                                99.57
  --------------------------------------------------------------------------
  data required time                                                99.57
  data arrival time                                                 -3.29
  --------------------------------------------------------------------------
  slack (MET)                                                       96.28


  Startpoint: U_SYS_CTRL/current_state_reg[3]
              (rising edge-triggered flip-flop clocked by DFTCLK)
  Endpoint: U_RegFile/regArr_reg[15][1]
            (rising edge-triggered flip-flop clocked by DFTCLK)
  Path Group: DFTCLK
  Path Type: max

  Point                                                   Incr       Path
  --------------------------------------------------------------------------
  clock DFTCLK (rise edge)                                0.00       0.00
  clock network delay (ideal)                             0.00       0.00
  U_SYS_CTRL/current_state_reg[3]/CK (SDFFRQX2M)          0.00       0.00 r
  U_SYS_CTRL/current_state_reg[3]/Q (SDFFRQX2M)           0.78       0.78 f
  U_SYS_CTRL/U58/Y (NOR2X2M)                              0.22       0.99 r
  U_SYS_CTRL/U34/Y (INVX2M)                               0.09       1.09 f
  U_SYS_CTRL/U29/Y (NOR3X2M)                              0.27       1.36 r
  U_SYS_CTRL/U59/Y (NAND2X2M)                             0.17       1.53 f
  U_SYS_CTRL/U70/Y (OAI22X1M)                             0.21       1.75 r
  U_SYS_CTRL/RF_Addres[1] (SYS_CTRL_test_1)               0.00       1.75 r
  U5/Y (BUFX2M)                                           0.63       2.37 r
  U_RegFile/Address[1] (RegFile_test_1)                   0.00       2.37 r
  U_RegFile/U374/Y (INVX2M)                               0.15       2.52 f
  U_RegFile/U143/Y (NOR2BX2M)                             0.25       2.78 r
  U_RegFile/U169/Y (NAND2X2M)                             0.24       3.01 f
  U_RegFile/U302/Y (OAI2BB2X1M)                           0.28       3.29 f
  U_RegFile/regArr_reg[15][1]/D (SDFFRQX2M)               0.00       3.29 f
  data arrival time                                                  3.29

  clock DFTCLK (rise edge)                              100.00     100.00
  clock network delay (ideal)                             0.00     100.00
  clock uncertainty                                      -0.03      99.97
  U_RegFile/regArr_reg[15][1]/CK (SDFFRQX2M)              0.00      99.97 r
  library setup time                                     -0.41      99.57
  data required time                                                99.57
  --------------------------------------------------------------------------
  data required time                                                99.57
  data arrival time                                                 -3.29
  --------------------------------------------------------------------------
  slack (MET)                                                       96.28


  Startpoint: U_SYS_CTRL/current_state_reg[3]
              (rising edge-triggered flip-flop clocked by DFTCLK)
  Endpoint: U_RegFile/regArr_reg[15][0]
            (rising edge-triggered flip-flop clocked by DFTCLK)
  Path Group: DFTCLK
  Path Type: max

  Point                                                   Incr       Path
  --------------------------------------------------------------------------
  clock DFTCLK (rise edge)                                0.00       0.00
  clock network delay (ideal)                             0.00       0.00
  U_SYS_CTRL/current_state_reg[3]/CK (SDFFRQX2M)          0.00       0.00 r
  U_SYS_CTRL/current_state_reg[3]/Q (SDFFRQX2M)           0.78       0.78 f
  U_SYS_CTRL/U58/Y (NOR2X2M)                              0.22       0.99 r
  U_SYS_CTRL/U34/Y (INVX2M)                               0.09       1.09 f
  U_SYS_CTRL/U29/Y (NOR3X2M)                              0.27       1.36 r
  U_SYS_CTRL/U59/Y (NAND2X2M)                             0.17       1.53 f
  U_SYS_CTRL/U70/Y (OAI22X1M)                             0.21       1.75 r
  U_SYS_CTRL/RF_Addres[1] (SYS_CTRL_test_1)               0.00       1.75 r
  U5/Y (BUFX2M)                                           0.63       2.37 r
  U_RegFile/Address[1] (RegFile_test_1)                   0.00       2.37 r
  U_RegFile/U374/Y (INVX2M)                               0.15       2.52 f
  U_RegFile/U143/Y (NOR2BX2M)                             0.25       2.78 r
  U_RegFile/U169/Y (NAND2X2M)                             0.24       3.01 f
  U_RegFile/U301/Y (OAI2BB2X1M)                           0.28       3.29 f
  U_RegFile/regArr_reg[15][0]/D (SDFFRQX2M)               0.00       3.29 f
  data arrival time                                                  3.29

  clock DFTCLK (rise edge)                              100.00     100.00
  clock network delay (ideal)                             0.00     100.00
  clock uncertainty                                      -0.03      99.97
  U_RegFile/regArr_reg[15][0]/CK (SDFFRQX2M)              0.00      99.97 r
  library setup time                                     -0.41      99.57
  data required time                                                99.57
  --------------------------------------------------------------------------
  data required time                                                99.57
  data arrival time                                                 -3.29
  --------------------------------------------------------------------------
  slack (MET)                                                       96.28


  Startpoint: U_SYS_CTRL/current_state_reg[3]
              (rising edge-triggered flip-flop clocked by DFTCLK)
  Endpoint: U_RegFile/regArr_reg[3][0]
            (rising edge-triggered flip-flop clocked by DFTCLK)
  Path Group: DFTCLK
  Path Type: max

  Point                                                   Incr       Path
  --------------------------------------------------------------------------
  clock DFTCLK (rise edge)                                0.00       0.00
  clock network delay (ideal)                             0.00       0.00
  U_SYS_CTRL/current_state_reg[3]/CK (SDFFRQX2M)          0.00       0.00 r
  U_SYS_CTRL/current_state_reg[3]/Q (SDFFRQX2M)           0.78       0.78 f
  U_SYS_CTRL/U58/Y (NOR2X2M)                              0.22       0.99 r
  U_SYS_CTRL/U34/Y (INVX2M)                               0.09       1.09 f
  U_SYS_CTRL/U29/Y (NOR3X2M)                              0.27       1.36 r
  U_SYS_CTRL/U59/Y (NAND2X2M)                             0.17       1.53 f
  U_SYS_CTRL/U70/Y (OAI22X1M)                             0.21       1.75 r
  U_SYS_CTRL/RF_Addres[1] (SYS_CTRL_test_1)               0.00       1.75 r
  U5/Y (BUFX2M)                                           0.63       2.37 r
  U_RegFile/Address[1] (RegFile_test_1)                   0.00       2.37 r
  U_RegFile/U374/Y (INVX2M)                               0.15       2.52 f
  U_RegFile/U144/Y (NOR2X2M)                              0.24       2.77 r
  U_RegFile/U161/Y (NAND2X2M)                             0.25       3.01 f
  U_RegFile/U315/Y (OAI2BB2X1M)                           0.28       3.29 f
  U_RegFile/regArr_reg[3][0]/D (SDFFRQX2M)                0.00       3.29 f
  data arrival time                                                  3.29

  clock DFTCLK (rise edge)                              100.00     100.00
  clock network delay (ideal)                             0.00     100.00
  clock uncertainty                                      -0.03      99.97
  U_RegFile/regArr_reg[3][0]/CK (SDFFRQX2M)               0.00      99.97 r
  library setup time                                     -0.41      99.57
  data required time                                                99.57
  --------------------------------------------------------------------------
  data required time                                                99.57
  data arrival time                                                 -3.29
  --------------------------------------------------------------------------
  slack (MET)                                                       96.28


  Startpoint: U_SYS_CTRL/current_state_reg[3]
              (rising edge-triggered flip-flop clocked by DFTCLK)
  Endpoint: U_RegFile/regArr_reg[2][1]
            (rising edge-triggered flip-flop clocked by DFTCLK)
  Path Group: DFTCLK
  Path Type: max

  Point                                                   Incr       Path
  --------------------------------------------------------------------------
  clock DFTCLK (rise edge)                                0.00       0.00
  clock network delay (ideal)                             0.00       0.00
  U_SYS_CTRL/current_state_reg[3]/CK (SDFFRQX2M)          0.00       0.00 r
  U_SYS_CTRL/current_state_reg[3]/Q (SDFFRQX2M)           0.78       0.78 f
  U_SYS_CTRL/U58/Y (NOR2X2M)                              0.22       0.99 r
  U_SYS_CTRL/U34/Y (INVX2M)                               0.09       1.09 f
  U_SYS_CTRL/U29/Y (NOR3X2M)                              0.27       1.36 r
  U_SYS_CTRL/U59/Y (NAND2X2M)                             0.17       1.53 f
  U_SYS_CTRL/U70/Y (OAI22X1M)                             0.21       1.75 r
  U_SYS_CTRL/RF_Addres[1] (SYS_CTRL_test_1)               0.00       1.75 r
  U5/Y (BUFX2M)                                           0.63       2.37 r
  U_RegFile/Address[1] (RegFile_test_1)                   0.00       2.37 r
  U_RegFile/U374/Y (INVX2M)                               0.15       2.52 f
  U_RegFile/U144/Y (NOR2X2M)                              0.24       2.77 r
  U_RegFile/U160/Y (NAND2X2M)                             0.25       3.01 f
  U_RegFile/U309/Y (OAI2BB2X1M)                           0.28       3.29 f
  U_RegFile/regArr_reg[2][1]/D (SDFFRQX2M)                0.00       3.29 f
  data arrival time                                                  3.29

  clock DFTCLK (rise edge)                              100.00     100.00
  clock network delay (ideal)                             0.00     100.00
  clock uncertainty                                      -0.03      99.97
  U_RegFile/regArr_reg[2][1]/CK (SDFFRQX2M)               0.00      99.97 r
  library setup time                                     -0.41      99.57
  data required time                                                99.57
  --------------------------------------------------------------------------
  data required time                                                99.57
  data arrival time                                                 -3.29
  --------------------------------------------------------------------------
  slack (MET)                                                       96.28


  Startpoint: U_SYS_CTRL/current_state_reg[3]
              (rising edge-triggered flip-flop clocked by DFTCLK)
  Endpoint: U_RegFile/regArr_reg[3][4]
            (rising edge-triggered flip-flop clocked by DFTCLK)
  Path Group: DFTCLK
  Path Type: max

  Point                                                   Incr       Path
  --------------------------------------------------------------------------
  clock DFTCLK (rise edge)                                0.00       0.00
  clock network delay (ideal)                             0.00       0.00
  U_SYS_CTRL/current_state_reg[3]/CK (SDFFRQX2M)          0.00       0.00 r
  U_SYS_CTRL/current_state_reg[3]/Q (SDFFRQX2M)           0.78       0.78 f
  U_SYS_CTRL/U58/Y (NOR2X2M)                              0.22       0.99 r
  U_SYS_CTRL/U34/Y (INVX2M)                               0.09       1.09 f
  U_SYS_CTRL/U29/Y (NOR3X2M)                              0.27       1.36 r
  U_SYS_CTRL/U59/Y (NAND2X2M)                             0.17       1.53 f
  U_SYS_CTRL/U70/Y (OAI22X1M)                             0.21       1.75 r
  U_SYS_CTRL/RF_Addres[1] (SYS_CTRL_test_1)               0.00       1.75 r
  U5/Y (BUFX2M)                                           0.63       2.37 r
  U_RegFile/Address[1] (RegFile_test_1)                   0.00       2.37 r
  U_RegFile/U374/Y (INVX2M)                               0.15       2.52 f
  U_RegFile/U144/Y (NOR2X2M)                              0.24       2.77 r
  U_RegFile/U161/Y (NAND2X2M)                             0.25       3.01 f
  U_RegFile/U319/Y (OAI2BB2X1M)                           0.28       3.29 f
  U_RegFile/regArr_reg[3][4]/D (SDFFRQX2M)                0.00       3.29 f
  data arrival time                                                  3.29

  clock DFTCLK (rise edge)                              100.00     100.00
  clock network delay (ideal)                             0.00     100.00
  clock uncertainty                                      -0.03      99.97
  U_RegFile/regArr_reg[3][4]/CK (SDFFRQX2M)               0.00      99.97 r
  library setup time                                     -0.41      99.57
  data required time                                                99.57
  --------------------------------------------------------------------------
  data required time                                                99.57
  data arrival time                                                 -3.29
  --------------------------------------------------------------------------
  slack (MET)                                                       96.28


  Startpoint: U_SYS_CTRL/current_state_reg[3]
              (rising edge-triggered flip-flop clocked by DFTCLK)
  Endpoint: U_RegFile/regArr_reg[3][6]
            (rising edge-triggered flip-flop clocked by DFTCLK)
  Path Group: DFTCLK
  Path Type: max

  Point                                                   Incr       Path
  --------------------------------------------------------------------------
  clock DFTCLK (rise edge)                                0.00       0.00
  clock network delay (ideal)                             0.00       0.00
  U_SYS_CTRL/current_state_reg[3]/CK (SDFFRQX2M)          0.00       0.00 r
  U_SYS_CTRL/current_state_reg[3]/Q (SDFFRQX2M)           0.78       0.78 f
  U_SYS_CTRL/U58/Y (NOR2X2M)                              0.22       0.99 r
  U_SYS_CTRL/U34/Y (INVX2M)                               0.09       1.09 f
  U_SYS_CTRL/U29/Y (NOR3X2M)                              0.27       1.36 r
  U_SYS_CTRL/U59/Y (NAND2X2M)                             0.17       1.53 f
  U_SYS_CTRL/U70/Y (OAI22X1M)                             0.21       1.75 r
  U_SYS_CTRL/RF_Addres[1] (SYS_CTRL_test_1)               0.00       1.75 r
  U5/Y (BUFX2M)                                           0.63       2.37 r
  U_RegFile/Address[1] (RegFile_test_1)                   0.00       2.37 r
  U_RegFile/U374/Y (INVX2M)                               0.15       2.52 f
  U_RegFile/U144/Y (NOR2X2M)                              0.24       2.77 r
  U_RegFile/U161/Y (NAND2X2M)                             0.25       3.01 f
  U_RegFile/U320/Y (OAI2BB2X1M)                           0.28       3.29 f
  U_RegFile/regArr_reg[3][6]/D (SDFFRQX2M)                0.00       3.29 f
  data arrival time                                                  3.29

  clock DFTCLK (rise edge)                              100.00     100.00
  clock network delay (ideal)                             0.00     100.00
  clock uncertainty                                      -0.03      99.97
  U_RegFile/regArr_reg[3][6]/CK (SDFFRQX2M)               0.00      99.97 r
  library setup time                                     -0.41      99.57
  data required time                                                99.57
  --------------------------------------------------------------------------
  data required time                                                99.57
  data arrival time                                                 -3.29
  --------------------------------------------------------------------------
  slack (MET)                                                       96.28


  Startpoint: U_SYS_CTRL/current_state_reg[3]
              (rising edge-triggered flip-flop clocked by DFTCLK)
  Endpoint: U_RegFile/regArr_reg[3][7]
            (rising edge-triggered flip-flop clocked by DFTCLK)
  Path Group: DFTCLK
  Path Type: max

  Point                                                   Incr       Path
  --------------------------------------------------------------------------
  clock DFTCLK (rise edge)                                0.00       0.00
  clock network delay (ideal)                             0.00       0.00
  U_SYS_CTRL/current_state_reg[3]/CK (SDFFRQX2M)          0.00       0.00 r
  U_SYS_CTRL/current_state_reg[3]/Q (SDFFRQX2M)           0.78       0.78 f
  U_SYS_CTRL/U58/Y (NOR2X2M)                              0.22       0.99 r
  U_SYS_CTRL/U34/Y (INVX2M)                               0.09       1.09 f
  U_SYS_CTRL/U29/Y (NOR3X2M)                              0.27       1.36 r
  U_SYS_CTRL/U59/Y (NAND2X2M)                             0.17       1.53 f
  U_SYS_CTRL/U70/Y (OAI22X1M)                             0.21       1.75 r
  U_SYS_CTRL/RF_Addres[1] (SYS_CTRL_test_1)               0.00       1.75 r
  U5/Y (BUFX2M)                                           0.63       2.37 r
  U_RegFile/Address[1] (RegFile_test_1)                   0.00       2.37 r
  U_RegFile/U374/Y (INVX2M)                               0.15       2.52 f
  U_RegFile/U144/Y (NOR2X2M)                              0.24       2.77 r
  U_RegFile/U161/Y (NAND2X2M)                             0.25       3.01 f
  U_RegFile/U321/Y (OAI2BB2X1M)                           0.28       3.29 f
  U_RegFile/regArr_reg[3][7]/D (SDFFRQX2M)                0.00       3.29 f
  data arrival time                                                  3.29

  clock DFTCLK (rise edge)                              100.00     100.00
  clock network delay (ideal)                             0.00     100.00
  clock uncertainty                                      -0.03      99.97
  U_RegFile/regArr_reg[3][7]/CK (SDFFRQX2M)               0.00      99.97 r
  library setup time                                     -0.41      99.57
  data required time                                                99.57
  --------------------------------------------------------------------------
  data required time                                                99.57
  data arrival time                                                 -3.29
  --------------------------------------------------------------------------
  slack (MET)                                                       96.28


  Startpoint: U_SYS_CTRL/current_state_reg[3]
              (rising edge-triggered flip-flop clocked by DFTCLK)
  Endpoint: U_RegFile/regArr_reg[3][2]
            (rising edge-triggered flip-flop clocked by DFTCLK)
  Path Group: DFTCLK
  Path Type: max

  Point                                                   Incr       Path
  --------------------------------------------------------------------------
  clock DFTCLK (rise edge)                                0.00       0.00
  clock network delay (ideal)                             0.00       0.00
  U_SYS_CTRL/current_state_reg[3]/CK (SDFFRQX2M)          0.00       0.00 r
  U_SYS_CTRL/current_state_reg[3]/Q (SDFFRQX2M)           0.78       0.78 f
  U_SYS_CTRL/U58/Y (NOR2X2M)                              0.22       0.99 r
  U_SYS_CTRL/U34/Y (INVX2M)                               0.09       1.09 f
  U_SYS_CTRL/U29/Y (NOR3X2M)                              0.27       1.36 r
  U_SYS_CTRL/U59/Y (NAND2X2M)                             0.17       1.53 f
  U_SYS_CTRL/U70/Y (OAI22X1M)                             0.21       1.75 r
  U_SYS_CTRL/RF_Addres[1] (SYS_CTRL_test_1)               0.00       1.75 r
  U5/Y (BUFX2M)                                           0.63       2.37 r
  U_RegFile/Address[1] (RegFile_test_1)                   0.00       2.37 r
  U_RegFile/U374/Y (INVX2M)                               0.15       2.52 f
  U_RegFile/U144/Y (NOR2X2M)                              0.24       2.77 r
  U_RegFile/U161/Y (NAND2X2M)                             0.25       3.01 f
  U_RegFile/U317/Y (OAI2BB2X1M)                           0.28       3.29 f
  U_RegFile/regArr_reg[3][2]/D (SDFFRQX2M)                0.00       3.29 f
  data arrival time                                                  3.29

  clock DFTCLK (rise edge)                              100.00     100.00
  clock network delay (ideal)                             0.00     100.00
  clock uncertainty                                      -0.03      99.97
  U_RegFile/regArr_reg[3][2]/CK (SDFFRQX2M)               0.00      99.97 r
  library setup time                                     -0.41      99.57
  data required time                                                99.57
  --------------------------------------------------------------------------
  data required time                                                99.57
  data arrival time                                                 -3.29
  --------------------------------------------------------------------------
  slack (MET)                                                       96.28


  Startpoint: U_SYS_CTRL/current_state_reg[3]
              (rising edge-triggered flip-flop clocked by DFTCLK)
  Endpoint: U_RegFile/regArr_reg[3][3]
            (rising edge-triggered flip-flop clocked by DFTCLK)
  Path Group: DFTCLK
  Path Type: max

  Point                                                   Incr       Path
  --------------------------------------------------------------------------
  clock DFTCLK (rise edge)                                0.00       0.00
  clock network delay (ideal)                             0.00       0.00
  U_SYS_CTRL/current_state_reg[3]/CK (SDFFRQX2M)          0.00       0.00 r
  U_SYS_CTRL/current_state_reg[3]/Q (SDFFRQX2M)           0.78       0.78 f
  U_SYS_CTRL/U58/Y (NOR2X2M)                              0.22       0.99 r
  U_SYS_CTRL/U34/Y (INVX2M)                               0.09       1.09 f
  U_SYS_CTRL/U29/Y (NOR3X2M)                              0.27       1.36 r
  U_SYS_CTRL/U59/Y (NAND2X2M)                             0.17       1.53 f
  U_SYS_CTRL/U70/Y (OAI22X1M)                             0.21       1.75 r
  U_SYS_CTRL/RF_Addres[1] (SYS_CTRL_test_1)               0.00       1.75 r
  U5/Y (BUFX2M)                                           0.63       2.37 r
  U_RegFile/Address[1] (RegFile_test_1)                   0.00       2.37 r
  U_RegFile/U374/Y (INVX2M)                               0.15       2.52 f
  U_RegFile/U144/Y (NOR2X2M)                              0.24       2.77 r
  U_RegFile/U161/Y (NAND2X2M)                             0.25       3.01 f
  U_RegFile/U318/Y (OAI2BB2X1M)                           0.28       3.29 f
  U_RegFile/regArr_reg[3][3]/D (SDFFRQX2M)                0.00       3.29 f
  data arrival time                                                  3.29

  clock DFTCLK (rise edge)                              100.00     100.00
  clock network delay (ideal)                             0.00     100.00
  clock uncertainty                                      -0.03      99.97
  U_RegFile/regArr_reg[3][3]/CK (SDFFRQX2M)               0.00      99.97 r
  library setup time                                     -0.41      99.57
  data required time                                                99.57
  --------------------------------------------------------------------------
  data required time                                                99.57
  data arrival time                                                 -3.29
  --------------------------------------------------------------------------
  slack (MET)                                                       96.28


  Startpoint: U_SYS_CTRL/current_state_reg[3]
              (rising edge-triggered flip-flop clocked by DFTCLK)
  Endpoint: U_RegFile/regArr_reg[3][1]
            (rising edge-triggered flip-flop clocked by DFTCLK)
  Path Group: DFTCLK
  Path Type: max

  Point                                                   Incr       Path
  --------------------------------------------------------------------------
  clock DFTCLK (rise edge)                                0.00       0.00
  clock network delay (ideal)                             0.00       0.00
  U_SYS_CTRL/current_state_reg[3]/CK (SDFFRQX2M)          0.00       0.00 r
  U_SYS_CTRL/current_state_reg[3]/Q (SDFFRQX2M)           0.78       0.78 f
  U_SYS_CTRL/U58/Y (NOR2X2M)                              0.22       0.99 r
  U_SYS_CTRL/U34/Y (INVX2M)                               0.09       1.09 f
  U_SYS_CTRL/U29/Y (NOR3X2M)                              0.27       1.36 r
  U_SYS_CTRL/U59/Y (NAND2X2M)                             0.17       1.53 f
  U_SYS_CTRL/U70/Y (OAI22X1M)                             0.21       1.75 r
  U_SYS_CTRL/RF_Addres[1] (SYS_CTRL_test_1)               0.00       1.75 r
  U5/Y (BUFX2M)                                           0.63       2.37 r
  U_RegFile/Address[1] (RegFile_test_1)                   0.00       2.37 r
  U_RegFile/U374/Y (INVX2M)                               0.15       2.52 f
  U_RegFile/U144/Y (NOR2X2M)                              0.24       2.77 r
  U_RegFile/U161/Y (NAND2X2M)                             0.25       3.01 f
  U_RegFile/U316/Y (OAI2BB2X1M)                           0.28       3.29 f
  U_RegFile/regArr_reg[3][1]/D (SDFFRQX2M)                0.00       3.29 f
  data arrival time                                                  3.29

  clock DFTCLK (rise edge)                              100.00     100.00
  clock network delay (ideal)                             0.00     100.00
  clock uncertainty                                      -0.03      99.97
  U_RegFile/regArr_reg[3][1]/CK (SDFFRQX2M)               0.00      99.97 r
  library setup time                                     -0.41      99.57
  data required time                                                99.57
  --------------------------------------------------------------------------
  data required time                                                99.57
  data arrival time                                                 -3.29
  --------------------------------------------------------------------------
  slack (MET)                                                       96.28


  Startpoint: U_SYS_CTRL/current_state_reg[3]
              (rising edge-triggered flip-flop clocked by DFTCLK)
  Endpoint: U_RegFile/regArr_reg[2][2]
            (rising edge-triggered flip-flop clocked by DFTCLK)
  Path Group: DFTCLK
  Path Type: max

  Point                                                   Incr       Path
  --------------------------------------------------------------------------
  clock DFTCLK (rise edge)                                0.00       0.00
  clock network delay (ideal)                             0.00       0.00
  U_SYS_CTRL/current_state_reg[3]/CK (SDFFRQX2M)          0.00       0.00 r
  U_SYS_CTRL/current_state_reg[3]/Q (SDFFRQX2M)           0.78       0.78 f
  U_SYS_CTRL/U58/Y (NOR2X2M)                              0.22       0.99 r
  U_SYS_CTRL/U34/Y (INVX2M)                               0.09       1.09 f
  U_SYS_CTRL/U29/Y (NOR3X2M)                              0.27       1.36 r
  U_SYS_CTRL/U59/Y (NAND2X2M)                             0.17       1.53 f
  U_SYS_CTRL/U70/Y (OAI22X1M)                             0.21       1.75 r
  U_SYS_CTRL/RF_Addres[1] (SYS_CTRL_test_1)               0.00       1.75 r
  U5/Y (BUFX2M)                                           0.63       2.37 r
  U_RegFile/Address[1] (RegFile_test_1)                   0.00       2.37 r
  U_RegFile/U374/Y (INVX2M)                               0.15       2.52 f
  U_RegFile/U144/Y (NOR2X2M)                              0.24       2.77 r
  U_RegFile/U160/Y (NAND2X2M)                             0.25       3.01 f
  U_RegFile/U310/Y (OAI2BB2X1M)                           0.28       3.29 f
  U_RegFile/regArr_reg[2][2]/D (SDFFRQX2M)                0.00       3.29 f
  data arrival time                                                  3.29

  clock DFTCLK (rise edge)                              100.00     100.00
  clock network delay (ideal)                             0.00     100.00
  clock uncertainty                                      -0.03      99.97
  U_RegFile/regArr_reg[2][2]/CK (SDFFRQX2M)               0.00      99.97 r
  library setup time                                     -0.41      99.57
  data required time                                                99.57
  --------------------------------------------------------------------------
  data required time                                                99.57
  data arrival time                                                 -3.29
  --------------------------------------------------------------------------
  slack (MET)                                                       96.28


  Startpoint: U_SYS_CTRL/current_state_reg[3]
              (rising edge-triggered flip-flop clocked by DFTCLK)
  Endpoint: U_RegFile/regArr_reg[2][5]
            (rising edge-triggered flip-flop clocked by DFTCLK)
  Path Group: DFTCLK
  Path Type: max

  Point                                                   Incr       Path
  --------------------------------------------------------------------------
  clock DFTCLK (rise edge)                                0.00       0.00
  clock network delay (ideal)                             0.00       0.00
  U_SYS_CTRL/current_state_reg[3]/CK (SDFFRQX2M)          0.00       0.00 r
  U_SYS_CTRL/current_state_reg[3]/Q (SDFFRQX2M)           0.78       0.78 f
  U_SYS_CTRL/U58/Y (NOR2X2M)                              0.22       0.99 r
  U_SYS_CTRL/U34/Y (INVX2M)                               0.09       1.09 f
  U_SYS_CTRL/U29/Y (NOR3X2M)                              0.27       1.36 r
  U_SYS_CTRL/U59/Y (NAND2X2M)                             0.17       1.53 f
  U_SYS_CTRL/U70/Y (OAI22X1M)                             0.21       1.75 r
  U_SYS_CTRL/RF_Addres[1] (SYS_CTRL_test_1)               0.00       1.75 r
  U5/Y (BUFX2M)                                           0.63       2.37 r
  U_RegFile/Address[1] (RegFile_test_1)                   0.00       2.37 r
  U_RegFile/U374/Y (INVX2M)                               0.15       2.52 f
  U_RegFile/U144/Y (NOR2X2M)                              0.24       2.77 r
  U_RegFile/U160/Y (NAND2X2M)                             0.25       3.01 f
  U_RegFile/U313/Y (OAI2BB2X1M)                           0.28       3.29 f
  U_RegFile/regArr_reg[2][5]/D (SDFFRQX2M)                0.00       3.29 f
  data arrival time                                                  3.29

  clock DFTCLK (rise edge)                              100.00     100.00
  clock network delay (ideal)                             0.00     100.00
  clock uncertainty                                      -0.03      99.97
  U_RegFile/regArr_reg[2][5]/CK (SDFFRQX2M)               0.00      99.97 r
  library setup time                                     -0.41      99.57
  data required time                                                99.57
  --------------------------------------------------------------------------
  data required time                                                99.57
  data arrival time                                                 -3.29
  --------------------------------------------------------------------------
  slack (MET)                                                       96.28


  Startpoint: U_SYS_CTRL/current_state_reg[3]
              (rising edge-triggered flip-flop clocked by DFTCLK)
  Endpoint: U_RegFile/regArr_reg[2][6]
            (rising edge-triggered flip-flop clocked by DFTCLK)
  Path Group: DFTCLK
  Path Type: max

  Point                                                   Incr       Path
  --------------------------------------------------------------------------
  clock DFTCLK (rise edge)                                0.00       0.00
  clock network delay (ideal)                             0.00       0.00
  U_SYS_CTRL/current_state_reg[3]/CK (SDFFRQX2M)          0.00       0.00 r
  U_SYS_CTRL/current_state_reg[3]/Q (SDFFRQX2M)           0.78       0.78 f
  U_SYS_CTRL/U58/Y (NOR2X2M)                              0.22       0.99 r
  U_SYS_CTRL/U34/Y (INVX2M)                               0.09       1.09 f
  U_SYS_CTRL/U29/Y (NOR3X2M)                              0.27       1.36 r
  U_SYS_CTRL/U59/Y (NAND2X2M)                             0.17       1.53 f
  U_SYS_CTRL/U70/Y (OAI22X1M)                             0.21       1.75 r
  U_SYS_CTRL/RF_Addres[1] (SYS_CTRL_test_1)               0.00       1.75 r
  U5/Y (BUFX2M)                                           0.63       2.37 r
  U_RegFile/Address[1] (RegFile_test_1)                   0.00       2.37 r
  U_RegFile/U374/Y (INVX2M)                               0.15       2.52 f
  U_RegFile/U144/Y (NOR2X2M)                              0.24       2.77 r
  U_RegFile/U160/Y (NAND2X2M)                             0.25       3.01 f
  U_RegFile/U314/Y (OAI2BB2X1M)                           0.28       3.29 f
  U_RegFile/regArr_reg[2][6]/D (SDFFRQX2M)                0.00       3.29 f
  data arrival time                                                  3.29

  clock DFTCLK (rise edge)                              100.00     100.00
  clock network delay (ideal)                             0.00     100.00
  clock uncertainty                                      -0.03      99.97
  U_RegFile/regArr_reg[2][6]/CK (SDFFRQX2M)               0.00      99.97 r
  library setup time                                     -0.41      99.57
  data required time                                                99.57
  --------------------------------------------------------------------------
  data required time                                                99.57
  data arrival time                                                 -3.29
  --------------------------------------------------------------------------
  slack (MET)                                                       96.28


  Startpoint: U_SYS_CTRL/current_state_reg[3]
              (rising edge-triggered flip-flop clocked by DFTCLK)
  Endpoint: U_RegFile/regArr_reg[2][3]
            (rising edge-triggered flip-flop clocked by DFTCLK)
  Path Group: DFTCLK
  Path Type: max

  Point                                                   Incr       Path
  --------------------------------------------------------------------------
  clock DFTCLK (rise edge)                                0.00       0.00
  clock network delay (ideal)                             0.00       0.00
  U_SYS_CTRL/current_state_reg[3]/CK (SDFFRQX2M)          0.00       0.00 r
  U_SYS_CTRL/current_state_reg[3]/Q (SDFFRQX2M)           0.78       0.78 f
  U_SYS_CTRL/U58/Y (NOR2X2M)                              0.22       0.99 r
  U_SYS_CTRL/U34/Y (INVX2M)                               0.09       1.09 f
  U_SYS_CTRL/U29/Y (NOR3X2M)                              0.27       1.36 r
  U_SYS_CTRL/U59/Y (NAND2X2M)                             0.17       1.53 f
  U_SYS_CTRL/U70/Y (OAI22X1M)                             0.21       1.75 r
  U_SYS_CTRL/RF_Addres[1] (SYS_CTRL_test_1)               0.00       1.75 r
  U5/Y (BUFX2M)                                           0.63       2.37 r
  U_RegFile/Address[1] (RegFile_test_1)                   0.00       2.37 r
  U_RegFile/U374/Y (INVX2M)                               0.15       2.52 f
  U_RegFile/U144/Y (NOR2X2M)                              0.24       2.77 r
  U_RegFile/U160/Y (NAND2X2M)                             0.25       3.01 f
  U_RegFile/U311/Y (OAI2BB2X1M)                           0.28       3.29 f
  U_RegFile/regArr_reg[2][3]/D (SDFFRQX2M)                0.00       3.29 f
  data arrival time                                                  3.29

  clock DFTCLK (rise edge)                              100.00     100.00
  clock network delay (ideal)                             0.00     100.00
  clock uncertainty                                      -0.03      99.97
  U_RegFile/regArr_reg[2][3]/CK (SDFFRQX2M)               0.00      99.97 r
  library setup time                                     -0.41      99.57
  data required time                                                99.57
  --------------------------------------------------------------------------
  data required time                                                99.57
  data arrival time                                                 -3.29
  --------------------------------------------------------------------------
  slack (MET)                                                       96.28


  Startpoint: U_SYS_CTRL/current_state_reg[3]
              (rising edge-triggered flip-flop clocked by DFTCLK)
  Endpoint: U_RegFile/regArr_reg[2][4]
            (rising edge-triggered flip-flop clocked by DFTCLK)
  Path Group: DFTCLK
  Path Type: max

  Point                                                   Incr       Path
  --------------------------------------------------------------------------
  clock DFTCLK (rise edge)                                0.00       0.00
  clock network delay (ideal)                             0.00       0.00
  U_SYS_CTRL/current_state_reg[3]/CK (SDFFRQX2M)          0.00       0.00 r
  U_SYS_CTRL/current_state_reg[3]/Q (SDFFRQX2M)           0.78       0.78 f
  U_SYS_CTRL/U58/Y (NOR2X2M)                              0.22       0.99 r
  U_SYS_CTRL/U34/Y (INVX2M)                               0.09       1.09 f
  U_SYS_CTRL/U29/Y (NOR3X2M)                              0.27       1.36 r
  U_SYS_CTRL/U59/Y (NAND2X2M)                             0.17       1.53 f
  U_SYS_CTRL/U70/Y (OAI22X1M)                             0.21       1.75 r
  U_SYS_CTRL/RF_Addres[1] (SYS_CTRL_test_1)               0.00       1.75 r
  U5/Y (BUFX2M)                                           0.63       2.37 r
  U_RegFile/Address[1] (RegFile_test_1)                   0.00       2.37 r
  U_RegFile/U374/Y (INVX2M)                               0.15       2.52 f
  U_RegFile/U144/Y (NOR2X2M)                              0.24       2.77 r
  U_RegFile/U160/Y (NAND2X2M)                             0.25       3.01 f
  U_RegFile/U312/Y (OAI2BB2X1M)                           0.28       3.29 f
  U_RegFile/regArr_reg[2][4]/D (SDFFRQX2M)                0.00       3.29 f
  data arrival time                                                  3.29

  clock DFTCLK (rise edge)                              100.00     100.00
  clock network delay (ideal)                             0.00     100.00
  clock uncertainty                                      -0.03      99.97
  U_RegFile/regArr_reg[2][4]/CK (SDFFRQX2M)               0.00      99.97 r
  library setup time                                     -0.41      99.57
  data required time                                                99.57
  --------------------------------------------------------------------------
  data required time                                                99.57
  data arrival time                                                 -3.29
  --------------------------------------------------------------------------
  slack (MET)                                                       96.28


  Startpoint: U_SYS_CTRL/current_state_reg[3]
              (rising edge-triggered flip-flop clocked by DFTCLK)
  Endpoint: U_RegFile/regArr_reg[10][2]
            (rising edge-triggered flip-flop clocked by DFTCLK)
  Path Group: DFTCLK
  Path Type: max

  Point                                                   Incr       Path
  --------------------------------------------------------------------------
  clock DFTCLK (rise edge)                                0.00       0.00
  clock network delay (ideal)                             0.00       0.00
  U_SYS_CTRL/current_state_reg[3]/CK (SDFFRQX2M)          0.00       0.00 r
  U_SYS_CTRL/current_state_reg[3]/Q (SDFFRQX2M)           0.78       0.78 f
  U_SYS_CTRL/U58/Y (NOR2X2M)                              0.22       0.99 r
  U_SYS_CTRL/U34/Y (INVX2M)                               0.09       1.09 f
  U_SYS_CTRL/U29/Y (NOR3X2M)                              0.27       1.36 r
  U_SYS_CTRL/U59/Y (NAND2X2M)                             0.17       1.53 f
  U_SYS_CTRL/U70/Y (OAI22X1M)                             0.21       1.75 r
  U_SYS_CTRL/RF_Addres[1] (SYS_CTRL_test_1)               0.00       1.75 r
  U5/Y (BUFX2M)                                           0.63       2.37 r
  U_RegFile/Address[1] (RegFile_test_1)                   0.00       2.37 r
  U_RegFile/U374/Y (INVX2M)                               0.15       2.52 f
  U_RegFile/U144/Y (NOR2X2M)                              0.24       2.77 r
  U_RegFile/U158/Y (NAND2X2M)                             0.24       3.00 f
  U_RegFile/U263/Y (OAI2BB2X1M)                           0.28       3.28 f
  U_RegFile/regArr_reg[10][2]/D (SDFFRQX2M)               0.00       3.28 f
  data arrival time                                                  3.28

  clock DFTCLK (rise edge)                              100.00     100.00
  clock network delay (ideal)                             0.00     100.00
  clock uncertainty                                      -0.03      99.97
  U_RegFile/regArr_reg[10][2]/CK (SDFFRQX2M)              0.00      99.97 r
  library setup time                                     -0.41      99.57
  data required time                                                99.57
  --------------------------------------------------------------------------
  data required time                                                99.57
  data arrival time                                                 -3.28
  --------------------------------------------------------------------------
  slack (MET)                                                       96.29


  Startpoint: U_SYS_CTRL/current_state_reg[3]
              (rising edge-triggered flip-flop clocked by DFTCLK)
  Endpoint: U_RegFile/regArr_reg[10][1]
            (rising edge-triggered flip-flop clocked by DFTCLK)
  Path Group: DFTCLK
  Path Type: max

  Point                                                   Incr       Path
  --------------------------------------------------------------------------
  clock DFTCLK (rise edge)                                0.00       0.00
  clock network delay (ideal)                             0.00       0.00
  U_SYS_CTRL/current_state_reg[3]/CK (SDFFRQX2M)          0.00       0.00 r
  U_SYS_CTRL/current_state_reg[3]/Q (SDFFRQX2M)           0.78       0.78 f
  U_SYS_CTRL/U58/Y (NOR2X2M)                              0.22       0.99 r
  U_SYS_CTRL/U34/Y (INVX2M)                               0.09       1.09 f
  U_SYS_CTRL/U29/Y (NOR3X2M)                              0.27       1.36 r
  U_SYS_CTRL/U59/Y (NAND2X2M)                             0.17       1.53 f
  U_SYS_CTRL/U70/Y (OAI22X1M)                             0.21       1.75 r
  U_SYS_CTRL/RF_Addres[1] (SYS_CTRL_test_1)               0.00       1.75 r
  U5/Y (BUFX2M)                                           0.63       2.37 r
  U_RegFile/Address[1] (RegFile_test_1)                   0.00       2.37 r
  U_RegFile/U374/Y (INVX2M)                               0.15       2.52 f
  U_RegFile/U144/Y (NOR2X2M)                              0.24       2.77 r
  U_RegFile/U158/Y (NAND2X2M)                             0.24       3.00 f
  U_RegFile/U262/Y (OAI2BB2X1M)                           0.28       3.28 f
  U_RegFile/regArr_reg[10][1]/D (SDFFRQX2M)               0.00       3.28 f
  data arrival time                                                  3.28

  clock DFTCLK (rise edge)                              100.00     100.00
  clock network delay (ideal)                             0.00     100.00
  clock uncertainty                                      -0.03      99.97
  U_RegFile/regArr_reg[10][1]/CK (SDFFRQX2M)              0.00      99.97 r
  library setup time                                     -0.41      99.57
  data required time                                                99.57
  --------------------------------------------------------------------------
  data required time                                                99.57
  data arrival time                                                 -3.28
  --------------------------------------------------------------------------
  slack (MET)                                                       96.29


  Startpoint: U_SYS_CTRL/current_state_reg[3]
              (rising edge-triggered flip-flop clocked by DFTCLK)
  Endpoint: U_RegFile/regArr_reg[10][0]
            (rising edge-triggered flip-flop clocked by DFTCLK)
  Path Group: DFTCLK
  Path Type: max

  Point                                                   Incr       Path
  --------------------------------------------------------------------------
  clock DFTCLK (rise edge)                                0.00       0.00
  clock network delay (ideal)                             0.00       0.00
  U_SYS_CTRL/current_state_reg[3]/CK (SDFFRQX2M)          0.00       0.00 r
  U_SYS_CTRL/current_state_reg[3]/Q (SDFFRQX2M)           0.78       0.78 f
  U_SYS_CTRL/U58/Y (NOR2X2M)                              0.22       0.99 r
  U_SYS_CTRL/U34/Y (INVX2M)                               0.09       1.09 f
  U_SYS_CTRL/U29/Y (NOR3X2M)                              0.27       1.36 r
  U_SYS_CTRL/U59/Y (NAND2X2M)                             0.17       1.53 f
  U_SYS_CTRL/U70/Y (OAI22X1M)                             0.21       1.75 r
  U_SYS_CTRL/RF_Addres[1] (SYS_CTRL_test_1)               0.00       1.75 r
  U5/Y (BUFX2M)                                           0.63       2.37 r
  U_RegFile/Address[1] (RegFile_test_1)                   0.00       2.37 r
  U_RegFile/U374/Y (INVX2M)                               0.15       2.52 f
  U_RegFile/U144/Y (NOR2X2M)                              0.24       2.77 r
  U_RegFile/U158/Y (NAND2X2M)                             0.24       3.00 f
  U_RegFile/U261/Y (OAI2BB2X1M)                           0.28       3.28 f
  U_RegFile/regArr_reg[10][0]/D (SDFFRQX2M)               0.00       3.28 f
  data arrival time                                                  3.28

  clock DFTCLK (rise edge)                              100.00     100.00
  clock network delay (ideal)                             0.00     100.00
  clock uncertainty                                      -0.03      99.97
  U_RegFile/regArr_reg[10][0]/CK (SDFFRQX2M)              0.00      99.97 r
  library setup time                                     -0.41      99.57
  data required time                                                99.57
  --------------------------------------------------------------------------
  data required time                                                99.57
  data arrival time                                                 -3.28
  --------------------------------------------------------------------------
  slack (MET)                                                       96.29


  Startpoint: SE (input port clocked by DFTCLK)
  Endpoint: UART/U_UART_TX/U1/register_reg[6]
            (rising edge-triggered flip-flop clocked by DFTCLK)
  Path Group: INREG
  Path Type: max

  Point                                                   Incr       Path
  --------------------------------------------------------------------------
  clock DFTCLK (rise edge)                                0.00       0.00
  clock network delay (ideal)                             0.00       0.00
  input external delay                                   20.00      20.00 r
  SE (in)                                                 0.48      20.48 r
  U22/Y (INVXLM)                                          0.22      20.70 f
  U16/Y (INVXLM)                                          0.11      20.82 r
  U17/Y (DLY1X1M)                                         0.86      21.68 r
  UART/test_se (UART_TOP_test_1)                          0.00      21.68 r
  UART/U_UART_TX/test_se (UART_TX_DATA_WIDTH8_test_1)     0.00      21.68 r
  UART/U_UART_TX/U1/test_se (SERIALIZER_DATA_WIDTH8_COUNT3_test_1)
                                                          0.00      21.68 r
  UART/U_UART_TX/U1/U48/Y (INVXLM)                        0.09      21.77 f
  UART/U_UART_TX/U1/U49/Y (INVXLM)                        0.47      22.24 r
  UART/U_UART_TX/U1/register_reg[6]/SE (SDFFRQX2M)        0.00      22.24 r
  data arrival time                                                 22.24

  clock DFTCLK (rise edge)                              100.00     100.00
  clock network delay (ideal)                             0.00     100.00
  clock uncertainty                                      -0.03      99.97
  UART/U_UART_TX/U1/register_reg[6]/CK (SDFFRQX2M)        0.00      99.97 r
  library setup time                                     -0.60      99.38
  data required time                                                99.38
  --------------------------------------------------------------------------
  data required time                                                99.38
  data arrival time                                                -22.24
  --------------------------------------------------------------------------
  slack (MET)                                                       77.14


  Startpoint: SE (input port clocked by DFTCLK)
  Endpoint: UART/U_UART_TX/U1/register_reg[5]
            (rising edge-triggered flip-flop clocked by DFTCLK)
  Path Group: INREG
  Path Type: max

  Point                                                   Incr       Path
  --------------------------------------------------------------------------
  clock DFTCLK (rise edge)                                0.00       0.00
  clock network delay (ideal)                             0.00       0.00
  input external delay                                   20.00      20.00 r
  SE (in)                                                 0.48      20.48 r
  U22/Y (INVXLM)                                          0.22      20.70 f
  U16/Y (INVXLM)                                          0.11      20.82 r
  U17/Y (DLY1X1M)                                         0.86      21.68 r
  UART/test_se (UART_TOP_test_1)                          0.00      21.68 r
  UART/U_UART_TX/test_se (UART_TX_DATA_WIDTH8_test_1)     0.00      21.68 r
  UART/U_UART_TX/U1/test_se (SERIALIZER_DATA_WIDTH8_COUNT3_test_1)
                                                          0.00      21.68 r
  UART/U_UART_TX/U1/U48/Y (INVXLM)                        0.09      21.77 f
  UART/U_UART_TX/U1/U49/Y (INVXLM)                        0.47      22.24 r
  UART/U_UART_TX/U1/register_reg[5]/SE (SDFFRQX2M)        0.00      22.24 r
  data arrival time                                                 22.24

  clock DFTCLK (rise edge)                              100.00     100.00
  clock network delay (ideal)                             0.00     100.00
  clock uncertainty                                      -0.03      99.97
  UART/U_UART_TX/U1/register_reg[5]/CK (SDFFRQX2M)        0.00      99.97 r
  library setup time                                     -0.60      99.38
  data required time                                                99.38
  --------------------------------------------------------------------------
  data required time                                                99.38
  data arrival time                                                -22.24
  --------------------------------------------------------------------------
  slack (MET)                                                       77.14


  Startpoint: SE (input port clocked by DFTCLK)
  Endpoint: UART/U_UART_TX/U1/register_reg[4]
            (rising edge-triggered flip-flop clocked by DFTCLK)
  Path Group: INREG
  Path Type: max

  Point                                                   Incr       Path
  --------------------------------------------------------------------------
  clock DFTCLK (rise edge)                                0.00       0.00
  clock network delay (ideal)                             0.00       0.00
  input external delay                                   20.00      20.00 r
  SE (in)                                                 0.48      20.48 r
  U22/Y (INVXLM)                                          0.22      20.70 f
  U16/Y (INVXLM)                                          0.11      20.82 r
  U17/Y (DLY1X1M)                                         0.86      21.68 r
  UART/test_se (UART_TOP_test_1)                          0.00      21.68 r
  UART/U_UART_TX/test_se (UART_TX_DATA_WIDTH8_test_1)     0.00      21.68 r
  UART/U_UART_TX/U1/test_se (SERIALIZER_DATA_WIDTH8_COUNT3_test_1)
                                                          0.00      21.68 r
  UART/U_UART_TX/U1/U48/Y (INVXLM)                        0.09      21.77 f
  UART/U_UART_TX/U1/U49/Y (INVXLM)                        0.47      22.24 r
  UART/U_UART_TX/U1/register_reg[4]/SE (SDFFRQX2M)        0.00      22.24 r
  data arrival time                                                 22.24

  clock DFTCLK (rise edge)                              100.00     100.00
  clock network delay (ideal)                             0.00     100.00
  clock uncertainty                                      -0.03      99.97
  UART/U_UART_TX/U1/register_reg[4]/CK (SDFFRQX2M)        0.00      99.97 r
  library setup time                                     -0.60      99.38
  data required time                                                99.38
  --------------------------------------------------------------------------
  data required time                                                99.38
  data arrival time                                                -22.24
  --------------------------------------------------------------------------
  slack (MET)                                                       77.14


  Startpoint: SE (input port clocked by DFTCLK)
  Endpoint: UART/U_UART_TX/U1/register_reg[3]
            (rising edge-triggered flip-flop clocked by DFTCLK)
  Path Group: INREG
  Path Type: max

  Point                                                   Incr       Path
  --------------------------------------------------------------------------
  clock DFTCLK (rise edge)                                0.00       0.00
  clock network delay (ideal)                             0.00       0.00
  input external delay                                   20.00      20.00 r
  SE (in)                                                 0.48      20.48 r
  U22/Y (INVXLM)                                          0.22      20.70 f
  U16/Y (INVXLM)                                          0.11      20.82 r
  U17/Y (DLY1X1M)                                         0.86      21.68 r
  UART/test_se (UART_TOP_test_1)                          0.00      21.68 r
  UART/U_UART_TX/test_se (UART_TX_DATA_WIDTH8_test_1)     0.00      21.68 r
  UART/U_UART_TX/U1/test_se (SERIALIZER_DATA_WIDTH8_COUNT3_test_1)
                                                          0.00      21.68 r
  UART/U_UART_TX/U1/U48/Y (INVXLM)                        0.09      21.77 f
  UART/U_UART_TX/U1/U49/Y (INVXLM)                        0.47      22.24 r
  UART/U_UART_TX/U1/register_reg[3]/SE (SDFFRQX2M)        0.00      22.24 r
  data arrival time                                                 22.24

  clock DFTCLK (rise edge)                              100.00     100.00
  clock network delay (ideal)                             0.00     100.00
  clock uncertainty                                      -0.03      99.97
  UART/U_UART_TX/U1/register_reg[3]/CK (SDFFRQX2M)        0.00      99.97 r
  library setup time                                     -0.60      99.38
  data required time                                                99.38
  --------------------------------------------------------------------------
  data required time                                                99.38
  data arrival time                                                -22.24
  --------------------------------------------------------------------------
  slack (MET)                                                       77.14


  Startpoint: SE (input port clocked by DFTCLK)
  Endpoint: UART/U_UART_TX/U1/register_reg[2]
            (rising edge-triggered flip-flop clocked by DFTCLK)
  Path Group: INREG
  Path Type: max

  Point                                                   Incr       Path
  --------------------------------------------------------------------------
  clock DFTCLK (rise edge)                                0.00       0.00
  clock network delay (ideal)                             0.00       0.00
  input external delay                                   20.00      20.00 r
  SE (in)                                                 0.48      20.48 r
  U22/Y (INVXLM)                                          0.22      20.70 f
  U16/Y (INVXLM)                                          0.11      20.82 r
  U17/Y (DLY1X1M)                                         0.86      21.68 r
  UART/test_se (UART_TOP_test_1)                          0.00      21.68 r
  UART/U_UART_TX/test_se (UART_TX_DATA_WIDTH8_test_1)     0.00      21.68 r
  UART/U_UART_TX/U1/test_se (SERIALIZER_DATA_WIDTH8_COUNT3_test_1)
                                                          0.00      21.68 r
  UART/U_UART_TX/U1/U48/Y (INVXLM)                        0.09      21.77 f
  UART/U_UART_TX/U1/U49/Y (INVXLM)                        0.47      22.24 r
  UART/U_UART_TX/U1/register_reg[2]/SE (SDFFRQX2M)        0.00      22.24 r
  data arrival time                                                 22.24

  clock DFTCLK (rise edge)                              100.00     100.00
  clock network delay (ideal)                             0.00     100.00
  clock uncertainty                                      -0.03      99.97
  UART/U_UART_TX/U1/register_reg[2]/CK (SDFFRQX2M)        0.00      99.97 r
  library setup time                                     -0.60      99.38
  data required time                                                99.38
  --------------------------------------------------------------------------
  data required time                                                99.38
  data arrival time                                                -22.24
  --------------------------------------------------------------------------
  slack (MET)                                                       77.14


  Startpoint: SE (input port clocked by DFTCLK)
  Endpoint: UART/U_UART_TX/U1/register_reg[1]
            (rising edge-triggered flip-flop clocked by DFTCLK)
  Path Group: INREG
  Path Type: max

  Point                                                   Incr       Path
  --------------------------------------------------------------------------
  clock DFTCLK (rise edge)                                0.00       0.00
  clock network delay (ideal)                             0.00       0.00
  input external delay                                   20.00      20.00 r
  SE (in)                                                 0.48      20.48 r
  U22/Y (INVXLM)                                          0.22      20.70 f
  U16/Y (INVXLM)                                          0.11      20.82 r
  U17/Y (DLY1X1M)                                         0.86      21.68 r
  UART/test_se (UART_TOP_test_1)                          0.00      21.68 r
  UART/U_UART_TX/test_se (UART_TX_DATA_WIDTH8_test_1)     0.00      21.68 r
  UART/U_UART_TX/U1/test_se (SERIALIZER_DATA_WIDTH8_COUNT3_test_1)
                                                          0.00      21.68 r
  UART/U_UART_TX/U1/U48/Y (INVXLM)                        0.09      21.77 f
  UART/U_UART_TX/U1/U49/Y (INVXLM)                        0.47      22.24 r
  UART/U_UART_TX/U1/register_reg[1]/SE (SDFFRQX2M)        0.00      22.24 r
  data arrival time                                                 22.24

  clock DFTCLK (rise edge)                              100.00     100.00
  clock network delay (ideal)                             0.00     100.00
  clock uncertainty                                      -0.03      99.97
  UART/U_UART_TX/U1/register_reg[1]/CK (SDFFRQX2M)        0.00      99.97 r
  library setup time                                     -0.60      99.38
  data required time                                                99.38
  --------------------------------------------------------------------------
  data required time                                                99.38
  data arrival time                                                -22.24
  --------------------------------------------------------------------------
  slack (MET)                                                       77.14


  Startpoint: SE (input port clocked by DFTCLK)
  Endpoint: UART/U_UART_TX/U1/register_reg[0]
            (rising edge-triggered flip-flop clocked by DFTCLK)
  Path Group: INREG
  Path Type: max

  Point                                                   Incr       Path
  --------------------------------------------------------------------------
  clock DFTCLK (rise edge)                                0.00       0.00
  clock network delay (ideal)                             0.00       0.00
  input external delay                                   20.00      20.00 r
  SE (in)                                                 0.48      20.48 r
  U22/Y (INVXLM)                                          0.22      20.70 f
  U16/Y (INVXLM)                                          0.11      20.82 r
  U17/Y (DLY1X1M)                                         0.86      21.68 r
  UART/test_se (UART_TOP_test_1)                          0.00      21.68 r
  UART/U_UART_TX/test_se (UART_TX_DATA_WIDTH8_test_1)     0.00      21.68 r
  UART/U_UART_TX/U1/test_se (SERIALIZER_DATA_WIDTH8_COUNT3_test_1)
                                                          0.00      21.68 r
  UART/U_UART_TX/U1/U48/Y (INVXLM)                        0.09      21.77 f
  UART/U_UART_TX/U1/U49/Y (INVXLM)                        0.47      22.24 r
  UART/U_UART_TX/U1/register_reg[0]/SE (SDFFRQX2M)        0.00      22.24 r
  data arrival time                                                 22.24

  clock DFTCLK (rise edge)                              100.00     100.00
  clock network delay (ideal)                             0.00     100.00
  clock uncertainty                                      -0.03      99.97
  UART/U_UART_TX/U1/register_reg[0]/CK (SDFFRQX2M)        0.00      99.97 r
  library setup time                                     -0.60      99.38
  data required time                                                99.38
  --------------------------------------------------------------------------
  data required time                                                99.38
  data arrival time                                                -22.24
  --------------------------------------------------------------------------
  slack (MET)                                                       77.14


  Startpoint: SE (input port clocked by DFTCLK)
  Endpoint: UART/U_UART_TX/U1/ser_data_reg
            (rising edge-triggered flip-flop clocked by DFTCLK)
  Path Group: INREG
  Path Type: max

  Point                                                   Incr       Path
  --------------------------------------------------------------------------
  clock DFTCLK (rise edge)                                0.00       0.00
  clock network delay (ideal)                             0.00       0.00
  input external delay                                   20.00      20.00 r
  SE (in)                                                 0.48      20.48 r
  U22/Y (INVXLM)                                          0.22      20.70 f
  U16/Y (INVXLM)                                          0.11      20.82 r
  U17/Y (DLY1X1M)                                         0.86      21.68 r
  UART/test_se (UART_TOP_test_1)                          0.00      21.68 r
  UART/U_UART_TX/test_se (UART_TX_DATA_WIDTH8_test_1)     0.00      21.68 r
  UART/U_UART_TX/U1/test_se (SERIALIZER_DATA_WIDTH8_COUNT3_test_1)
                                                          0.00      21.68 r
  UART/U_UART_TX/U1/U48/Y (INVXLM)                        0.09      21.77 f
  UART/U_UART_TX/U1/U49/Y (INVXLM)                        0.47      22.24 r
  UART/U_UART_TX/U1/ser_data_reg/SE (SDFFRQX2M)           0.00      22.24 r
  data arrival time                                                 22.24

  clock DFTCLK (rise edge)                              100.00     100.00
  clock network delay (ideal)                             0.00     100.00
  clock uncertainty                                      -0.03      99.97
  UART/U_UART_TX/U1/ser_data_reg/CK (SDFFRQX2M)           0.00      99.97 r
  library setup time                                     -0.60      99.38
  data required time                                                99.38
  --------------------------------------------------------------------------
  data required time                                                99.38
  data arrival time                                                -22.24
  --------------------------------------------------------------------------
  slack (MET)                                                       77.14


  Startpoint: SE (input port clocked by DFTCLK)
  Endpoint: UART/U_UART_TX/U1/counter_reg[2]
            (rising edge-triggered flip-flop clocked by DFTCLK)
  Path Group: INREG
  Path Type: max

  Point                                                   Incr       Path
  --------------------------------------------------------------------------
  clock DFTCLK (rise edge)                                0.00       0.00
  clock network delay (ideal)                             0.00       0.00
  input external delay                                   20.00      20.00 r
  SE (in)                                                 0.48      20.48 r
  U22/Y (INVXLM)                                          0.22      20.70 f
  U16/Y (INVXLM)                                          0.11      20.82 r
  U17/Y (DLY1X1M)                                         0.86      21.68 r
  UART/test_se (UART_TOP_test_1)                          0.00      21.68 r
  UART/U_UART_TX/test_se (UART_TX_DATA_WIDTH8_test_1)     0.00      21.68 r
  UART/U_UART_TX/U1/test_se (SERIALIZER_DATA_WIDTH8_COUNT3_test_1)
                                                          0.00      21.68 r
  UART/U_UART_TX/U1/U48/Y (INVXLM)                        0.09      21.77 f
  UART/U_UART_TX/U1/U49/Y (INVXLM)                        0.47      22.24 r
  UART/U_UART_TX/U1/counter_reg[2]/SE (SDFFRQX2M)         0.00      22.24 r
  data arrival time                                                 22.24

  clock DFTCLK (rise edge)                              100.00     100.00
  clock network delay (ideal)                             0.00     100.00
  clock uncertainty                                      -0.03      99.97
  UART/U_UART_TX/U1/counter_reg[2]/CK (SDFFRQX2M)         0.00      99.97 r
  library setup time                                     -0.60      99.38
  data required time                                                99.38
  --------------------------------------------------------------------------
  data required time                                                99.38
  data arrival time                                                -22.24
  --------------------------------------------------------------------------
  slack (MET)                                                       77.14


  Startpoint: SE (input port clocked by DFTCLK)
  Endpoint: UART/U_UART_TX/U1/counter_reg[1]
            (rising edge-triggered flip-flop clocked by DFTCLK)
  Path Group: INREG
  Path Type: max

  Point                                                   Incr       Path
  --------------------------------------------------------------------------
  clock DFTCLK (rise edge)                                0.00       0.00
  clock network delay (ideal)                             0.00       0.00
  input external delay                                   20.00      20.00 r
  SE (in)                                                 0.48      20.48 r
  U22/Y (INVXLM)                                          0.22      20.70 f
  U16/Y (INVXLM)                                          0.11      20.82 r
  U17/Y (DLY1X1M)                                         0.86      21.68 r
  UART/test_se (UART_TOP_test_1)                          0.00      21.68 r
  UART/U_UART_TX/test_se (UART_TX_DATA_WIDTH8_test_1)     0.00      21.68 r
  UART/U_UART_TX/U1/test_se (SERIALIZER_DATA_WIDTH8_COUNT3_test_1)
                                                          0.00      21.68 r
  UART/U_UART_TX/U1/U48/Y (INVXLM)                        0.09      21.77 f
  UART/U_UART_TX/U1/U49/Y (INVXLM)                        0.47      22.24 r
  UART/U_UART_TX/U1/counter_reg[1]/SE (SDFFRQX2M)         0.00      22.24 r
  data arrival time                                                 22.24

  clock DFTCLK (rise edge)                              100.00     100.00
  clock network delay (ideal)                             0.00     100.00
  clock uncertainty                                      -0.03      99.97
  UART/U_UART_TX/U1/counter_reg[1]/CK (SDFFRQX2M)         0.00      99.97 r
  library setup time                                     -0.60      99.38
  data required time                                                99.38
  --------------------------------------------------------------------------
  data required time                                                99.38
  data arrival time                                                -22.24
  --------------------------------------------------------------------------
  slack (MET)                                                       77.14


  Startpoint: SE (input port clocked by DFTCLK)
  Endpoint: UART/U_UART_TX/U1/counter_reg[0]
            (rising edge-triggered flip-flop clocked by DFTCLK)
  Path Group: INREG
  Path Type: max

  Point                                                   Incr       Path
  --------------------------------------------------------------------------
  clock DFTCLK (rise edge)                                0.00       0.00
  clock network delay (ideal)                             0.00       0.00
  input external delay                                   20.00      20.00 r
  SE (in)                                                 0.48      20.48 r
  U22/Y (INVXLM)                                          0.22      20.70 f
  U16/Y (INVXLM)                                          0.11      20.82 r
  U17/Y (DLY1X1M)                                         0.86      21.68 r
  UART/test_se (UART_TOP_test_1)                          0.00      21.68 r
  UART/U_UART_TX/test_se (UART_TX_DATA_WIDTH8_test_1)     0.00      21.68 r
  UART/U_UART_TX/U1/test_se (SERIALIZER_DATA_WIDTH8_COUNT3_test_1)
                                                          0.00      21.68 r
  UART/U_UART_TX/U1/U48/Y (INVXLM)                        0.09      21.77 f
  UART/U_UART_TX/U1/U49/Y (INVXLM)                        0.47      22.24 r
  UART/U_UART_TX/U1/counter_reg[0]/SE (SDFFRQX2M)         0.00      22.24 r
  data arrival time                                                 22.24

  clock DFTCLK (rise edge)                              100.00     100.00
  clock network delay (ideal)                             0.00     100.00
  clock uncertainty                                      -0.03      99.97
  UART/U_UART_TX/U1/counter_reg[0]/CK (SDFFRQX2M)         0.00      99.97 r
  library setup time                                     -0.60      99.38
  data required time                                                99.38
  --------------------------------------------------------------------------
  data required time                                                99.38
  data arrival time                                                -22.24
  --------------------------------------------------------------------------
  slack (MET)                                                       77.14


  Startpoint: SE (input port clocked by DFTCLK)
  Endpoint: UART/U_UART_TX/U1/SER_DONE_reg
            (rising edge-triggered flip-flop clocked by DFTCLK)
  Path Group: INREG
  Path Type: max

  Point                                                   Incr       Path
  --------------------------------------------------------------------------
  clock DFTCLK (rise edge)                                0.00       0.00
  clock network delay (ideal)                             0.00       0.00
  input external delay                                   20.00      20.00 r
  SE (in)                                                 0.48      20.48 r
  U22/Y (INVXLM)                                          0.22      20.70 f
  U16/Y (INVXLM)                                          0.11      20.82 r
  U17/Y (DLY1X1M)                                         0.86      21.68 r
  UART/test_se (UART_TOP_test_1)                          0.00      21.68 r
  UART/U_UART_TX/test_se (UART_TX_DATA_WIDTH8_test_1)     0.00      21.68 r
  UART/U_UART_TX/U1/test_se (SERIALIZER_DATA_WIDTH8_COUNT3_test_1)
                                                          0.00      21.68 r
  UART/U_UART_TX/U1/U48/Y (INVXLM)                        0.09      21.77 f
  UART/U_UART_TX/U1/U49/Y (INVXLM)                        0.47      22.24 r
  UART/U_UART_TX/U1/SER_DONE_reg/SE (SDFFRQX2M)           0.00      22.24 r
  data arrival time                                                 22.24

  clock DFTCLK (rise edge)                              100.00     100.00
  clock network delay (ideal)                             0.00     100.00
  clock uncertainty                                      -0.03      99.97
  UART/U_UART_TX/U1/SER_DONE_reg/CK (SDFFRQX2M)           0.00      99.97 r
  library setup time                                     -0.60      99.38
  data required time                                                99.38
  --------------------------------------------------------------------------
  data required time                                                99.38
  data arrival time                                                -22.24
  --------------------------------------------------------------------------
  slack (MET)                                                       77.14


  Startpoint: SE (input port clocked by DFTCLK)
  Endpoint: UART/U_UART_RX/U1/bit_cnt_reg[2]
            (rising edge-triggered flip-flop clocked by DFTCLK)
  Path Group: INREG
  Path Type: max

  Point                                                   Incr       Path
  --------------------------------------------------------------------------
  clock DFTCLK (rise edge)                                0.00       0.00
  clock network delay (ideal)                             0.00       0.00
  input external delay                                   20.00      20.00 r
  SE (in)                                                 0.48      20.48 r
  U22/Y (INVXLM)                                          0.22      20.70 f
  U16/Y (INVXLM)                                          0.11      20.82 r
  U17/Y (DLY1X1M)                                         0.86      21.68 r
  UART/test_se (UART_TOP_test_1)                          0.00      21.68 r
  UART/U_UART_RX/test_se (UART_RX_DATA_WIDTH8_test_1)     0.00      21.68 r
  UART/U_UART_RX/U1/test_se (EDGE_BIT_COUNTER_test_1)     0.00      21.68 r
  UART/U_UART_RX/U1/U59/Y (INVXLM)                        0.09      21.77 f
  UART/U_UART_RX/U1/U60/Y (INVXLM)                        0.40      22.17 r
  UART/U_UART_RX/U1/bit_cnt_reg[2]/SE (SDFFRQX2M)         0.00      22.17 r
  data arrival time                                                 22.17

  clock DFTCLK (rise edge)                              100.00     100.00
  clock network delay (ideal)                             0.00     100.00
  clock uncertainty                                      -0.03      99.97
  UART/U_UART_RX/U1/bit_cnt_reg[2]/CK (SDFFRQX2M)         0.00      99.97 r
  library setup time                                     -0.59      99.38
  data required time                                                99.38
  --------------------------------------------------------------------------
  data required time                                                99.38
  data arrival time                                                -22.17
  --------------------------------------------------------------------------
  slack (MET)                                                       77.21


  Startpoint: SE (input port clocked by DFTCLK)
  Endpoint: UART/U_UART_RX/U1/bit_cnt_reg[1]
            (rising edge-triggered flip-flop clocked by DFTCLK)
  Path Group: INREG
  Path Type: max

  Point                                                   Incr       Path
  --------------------------------------------------------------------------
  clock DFTCLK (rise edge)                                0.00       0.00
  clock network delay (ideal)                             0.00       0.00
  input external delay                                   20.00      20.00 r
  SE (in)                                                 0.48      20.48 r
  U22/Y (INVXLM)                                          0.22      20.70 f
  U16/Y (INVXLM)                                          0.11      20.82 r
  U17/Y (DLY1X1M)                                         0.86      21.68 r
  UART/test_se (UART_TOP_test_1)                          0.00      21.68 r
  UART/U_UART_RX/test_se (UART_RX_DATA_WIDTH8_test_1)     0.00      21.68 r
  UART/U_UART_RX/U1/test_se (EDGE_BIT_COUNTER_test_1)     0.00      21.68 r
  UART/U_UART_RX/U1/U59/Y (INVXLM)                        0.09      21.77 f
  UART/U_UART_RX/U1/U60/Y (INVXLM)                        0.40      22.17 r
  UART/U_UART_RX/U1/bit_cnt_reg[1]/SE (SDFFRQX2M)         0.00      22.17 r
  data arrival time                                                 22.17

  clock DFTCLK (rise edge)                              100.00     100.00
  clock network delay (ideal)                             0.00     100.00
  clock uncertainty                                      -0.03      99.97
  UART/U_UART_RX/U1/bit_cnt_reg[1]/CK (SDFFRQX2M)         0.00      99.97 r
  library setup time                                     -0.59      99.38
  data required time                                                99.38
  --------------------------------------------------------------------------
  data required time                                                99.38
  data arrival time                                                -22.17
  --------------------------------------------------------------------------
  slack (MET)                                                       77.21


  Startpoint: SE (input port clocked by DFTCLK)
  Endpoint: UART/U_UART_RX/U1/bit_cnt_reg[0]
            (rising edge-triggered flip-flop clocked by DFTCLK)
  Path Group: INREG
  Path Type: max

  Point                                                   Incr       Path
  --------------------------------------------------------------------------
  clock DFTCLK (rise edge)                                0.00       0.00
  clock network delay (ideal)                             0.00       0.00
  input external delay                                   20.00      20.00 r
  SE (in)                                                 0.48      20.48 r
  U22/Y (INVXLM)                                          0.22      20.70 f
  U16/Y (INVXLM)                                          0.11      20.82 r
  U17/Y (DLY1X1M)                                         0.86      21.68 r
  UART/test_se (UART_TOP_test_1)                          0.00      21.68 r
  UART/U_UART_RX/test_se (UART_RX_DATA_WIDTH8_test_1)     0.00      21.68 r
  UART/U_UART_RX/U1/test_se (EDGE_BIT_COUNTER_test_1)     0.00      21.68 r
  UART/U_UART_RX/U1/U59/Y (INVXLM)                        0.09      21.77 f
  UART/U_UART_RX/U1/U60/Y (INVXLM)                        0.40      22.17 r
  UART/U_UART_RX/U1/bit_cnt_reg[0]/SE (SDFFRQX2M)         0.00      22.17 r
  data arrival time                                                 22.17

  clock DFTCLK (rise edge)                              100.00     100.00
  clock network delay (ideal)                             0.00     100.00
  clock uncertainty                                      -0.03      99.97
  UART/U_UART_RX/U1/bit_cnt_reg[0]/CK (SDFFRQX2M)         0.00      99.97 r
  library setup time                                     -0.59      99.38
  data required time                                                99.38
  --------------------------------------------------------------------------
  data required time                                                99.38
  data arrival time                                                -22.17
  --------------------------------------------------------------------------
  slack (MET)                                                       77.21


  Startpoint: SE (input port clocked by DFTCLK)
  Endpoint: UART/U_UART_RX/U1/bit_cnt_reg[3]
            (rising edge-triggered flip-flop clocked by DFTCLK)
  Path Group: INREG
  Path Type: max

  Point                                                   Incr       Path
  --------------------------------------------------------------------------
  clock DFTCLK (rise edge)                                0.00       0.00
  clock network delay (ideal)                             0.00       0.00
  input external delay                                   20.00      20.00 r
  SE (in)                                                 0.48      20.48 r
  U22/Y (INVXLM)                                          0.22      20.70 f
  U16/Y (INVXLM)                                          0.11      20.82 r
  U17/Y (DLY1X1M)                                         0.86      21.68 r
  UART/test_se (UART_TOP_test_1)                          0.00      21.68 r
  UART/U_UART_RX/test_se (UART_RX_DATA_WIDTH8_test_1)     0.00      21.68 r
  UART/U_UART_RX/U1/test_se (EDGE_BIT_COUNTER_test_1)     0.00      21.68 r
  UART/U_UART_RX/U1/U59/Y (INVXLM)                        0.09      21.77 f
  UART/U_UART_RX/U1/U60/Y (INVXLM)                        0.40      22.17 r
  UART/U_UART_RX/U1/bit_cnt_reg[3]/SE (SDFFRQX2M)         0.00      22.17 r
  data arrival time                                                 22.17

  clock DFTCLK (rise edge)                              100.00     100.00
  clock network delay (ideal)                             0.00     100.00
  clock uncertainty                                      -0.03      99.97
  UART/U_UART_RX/U1/bit_cnt_reg[3]/CK (SDFFRQX2M)         0.00      99.97 r
  library setup time                                     -0.59      99.38
  data required time                                                99.38
  --------------------------------------------------------------------------
  data required time                                                99.38
  data arrival time                                                -22.17
  --------------------------------------------------------------------------
  slack (MET)                                                       77.21


  Startpoint: SE (input port clocked by DFTCLK)
  Endpoint: UART/U_UART_RX/U1/edge_cnt_reg[5]
            (rising edge-triggered flip-flop clocked by DFTCLK)
  Path Group: INREG
  Path Type: max

  Point                                                   Incr       Path
  --------------------------------------------------------------------------
  clock DFTCLK (rise edge)                                0.00       0.00
  clock network delay (ideal)                             0.00       0.00
  input external delay                                   20.00      20.00 r
  SE (in)                                                 0.48      20.48 r
  U22/Y (INVXLM)                                          0.22      20.70 f
  U16/Y (INVXLM)                                          0.11      20.82 r
  U17/Y (DLY1X1M)                                         0.86      21.68 r
  UART/test_se (UART_TOP_test_1)                          0.00      21.68 r
  UART/U_UART_RX/test_se (UART_RX_DATA_WIDTH8_test_1)     0.00      21.68 r
  UART/U_UART_RX/U1/test_se (EDGE_BIT_COUNTER_test_1)     0.00      21.68 r
  UART/U_UART_RX/U1/U59/Y (INVXLM)                        0.09      21.77 f
  UART/U_UART_RX/U1/U60/Y (INVXLM)                        0.40      22.17 r
  UART/U_UART_RX/U1/edge_cnt_reg[5]/SE (SDFFRQX2M)        0.00      22.17 r
  data arrival time                                                 22.17

  clock DFTCLK (rise edge)                              100.00     100.00
  clock network delay (ideal)                             0.00     100.00
  clock uncertainty                                      -0.03      99.97
  UART/U_UART_RX/U1/edge_cnt_reg[5]/CK (SDFFRQX2M)        0.00      99.97 r
  library setup time                                     -0.59      99.38
  data required time                                                99.38
  --------------------------------------------------------------------------
  data required time                                                99.38
  data arrival time                                                -22.17
  --------------------------------------------------------------------------
  slack (MET)                                                       77.21


  Startpoint: SE (input port clocked by DFTCLK)
  Endpoint: UART/U_UART_RX/U1/edge_cnt_reg[0]
            (rising edge-triggered flip-flop clocked by DFTCLK)
  Path Group: INREG
  Path Type: max

  Point                                                   Incr       Path
  --------------------------------------------------------------------------
  clock DFTCLK (rise edge)                                0.00       0.00
  clock network delay (ideal)                             0.00       0.00
  input external delay                                   20.00      20.00 r
  SE (in)                                                 0.48      20.48 r
  U22/Y (INVXLM)                                          0.22      20.70 f
  U16/Y (INVXLM)                                          0.11      20.82 r
  U17/Y (DLY1X1M)                                         0.86      21.68 r
  UART/test_se (UART_TOP_test_1)                          0.00      21.68 r
  UART/U_UART_RX/test_se (UART_RX_DATA_WIDTH8_test_1)     0.00      21.68 r
  UART/U_UART_RX/U1/test_se (EDGE_BIT_COUNTER_test_1)     0.00      21.68 r
  UART/U_UART_RX/U1/U59/Y (INVXLM)                        0.09      21.77 f
  UART/U_UART_RX/U1/U60/Y (INVXLM)                        0.40      22.17 r
  UART/U_UART_RX/U1/edge_cnt_reg[0]/SE (SDFFRQX2M)        0.00      22.17 r
  data arrival time                                                 22.17

  clock DFTCLK (rise edge)                              100.00     100.00
  clock network delay (ideal)                             0.00     100.00
  clock uncertainty                                      -0.03      99.97
  UART/U_UART_RX/U1/edge_cnt_reg[0]/CK (SDFFRQX2M)        0.00      99.97 r
  library setup time                                     -0.59      99.38
  data required time                                                99.38
  --------------------------------------------------------------------------
  data required time                                                99.38
  data arrival time                                                -22.17
  --------------------------------------------------------------------------
  slack (MET)                                                       77.21


  Startpoint: SE (input port clocked by DFTCLK)
  Endpoint: UART/U_UART_RX/U1/edge_cnt_reg[3]
            (rising edge-triggered flip-flop clocked by DFTCLK)
  Path Group: INREG
  Path Type: max

  Point                                                   Incr       Path
  --------------------------------------------------------------------------
  clock DFTCLK (rise edge)                                0.00       0.00
  clock network delay (ideal)                             0.00       0.00
  input external delay                                   20.00      20.00 r
  SE (in)                                                 0.48      20.48 r
  U22/Y (INVXLM)                                          0.22      20.70 f
  U16/Y (INVXLM)                                          0.11      20.82 r
  U17/Y (DLY1X1M)                                         0.86      21.68 r
  UART/test_se (UART_TOP_test_1)                          0.00      21.68 r
  UART/U_UART_RX/test_se (UART_RX_DATA_WIDTH8_test_1)     0.00      21.68 r
  UART/U_UART_RX/U1/test_se (EDGE_BIT_COUNTER_test_1)     0.00      21.68 r
  UART/U_UART_RX/U1/U59/Y (INVXLM)                        0.09      21.77 f
  UART/U_UART_RX/U1/U60/Y (INVXLM)                        0.40      22.17 r
  UART/U_UART_RX/U1/edge_cnt_reg[3]/SE (SDFFRQX2M)        0.00      22.17 r
  data arrival time                                                 22.17

  clock DFTCLK (rise edge)                              100.00     100.00
  clock network delay (ideal)                             0.00     100.00
  clock uncertainty                                      -0.03      99.97
  UART/U_UART_RX/U1/edge_cnt_reg[3]/CK (SDFFRQX2M)        0.00      99.97 r
  library setup time                                     -0.59      99.38
  data required time                                                99.38
  --------------------------------------------------------------------------
  data required time                                                99.38
  data arrival time                                                -22.17
  --------------------------------------------------------------------------
  slack (MET)                                                       77.21


  Startpoint: SE (input port clocked by DFTCLK)
  Endpoint: UART/U_UART_RX/U1/edge_cnt_reg[2]
            (rising edge-triggered flip-flop clocked by DFTCLK)
  Path Group: INREG
  Path Type: max

  Point                                                   Incr       Path
  --------------------------------------------------------------------------
  clock DFTCLK (rise edge)                                0.00       0.00
  clock network delay (ideal)                             0.00       0.00
  input external delay                                   20.00      20.00 r
  SE (in)                                                 0.48      20.48 r
  U22/Y (INVXLM)                                          0.22      20.70 f
  U16/Y (INVXLM)                                          0.11      20.82 r
  U17/Y (DLY1X1M)                                         0.86      21.68 r
  UART/test_se (UART_TOP_test_1)                          0.00      21.68 r
  UART/U_UART_RX/test_se (UART_RX_DATA_WIDTH8_test_1)     0.00      21.68 r
  UART/U_UART_RX/U1/test_se (EDGE_BIT_COUNTER_test_1)     0.00      21.68 r
  UART/U_UART_RX/U1/U59/Y (INVXLM)                        0.09      21.77 f
  UART/U_UART_RX/U1/U60/Y (INVXLM)                        0.40      22.17 r
  UART/U_UART_RX/U1/edge_cnt_reg[2]/SE (SDFFRQX2M)        0.00      22.17 r
  data arrival time                                                 22.17

  clock DFTCLK (rise edge)                              100.00     100.00
  clock network delay (ideal)                             0.00     100.00
  clock uncertainty                                      -0.03      99.97
  UART/U_UART_RX/U1/edge_cnt_reg[2]/CK (SDFFRQX2M)        0.00      99.97 r
  library setup time                                     -0.59      99.38
  data required time                                                99.38
  --------------------------------------------------------------------------
  data required time                                                99.38
  data arrival time                                                -22.17
  --------------------------------------------------------------------------
  slack (MET)                                                       77.21


  Startpoint: SE (input port clocked by DFTCLK)
  Endpoint: UART/U_UART_RX/U1/edge_cnt_reg[4]
            (rising edge-triggered flip-flop clocked by DFTCLK)
  Path Group: INREG
  Path Type: max

  Point                                                   Incr       Path
  --------------------------------------------------------------------------
  clock DFTCLK (rise edge)                                0.00       0.00
  clock network delay (ideal)                             0.00       0.00
  input external delay                                   20.00      20.00 r
  SE (in)                                                 0.48      20.48 r
  U22/Y (INVXLM)                                          0.22      20.70 f
  U16/Y (INVXLM)                                          0.11      20.82 r
  U17/Y (DLY1X1M)                                         0.86      21.68 r
  UART/test_se (UART_TOP_test_1)                          0.00      21.68 r
  UART/U_UART_RX/test_se (UART_RX_DATA_WIDTH8_test_1)     0.00      21.68 r
  UART/U_UART_RX/U1/test_se (EDGE_BIT_COUNTER_test_1)     0.00      21.68 r
  UART/U_UART_RX/U1/U59/Y (INVXLM)                        0.09      21.77 f
  UART/U_UART_RX/U1/U60/Y (INVXLM)                        0.40      22.17 r
  UART/U_UART_RX/U1/edge_cnt_reg[4]/SE (SDFFRQX2M)        0.00      22.17 r
  data arrival time                                                 22.17

  clock DFTCLK (rise edge)                              100.00     100.00
  clock network delay (ideal)                             0.00     100.00
  clock uncertainty                                      -0.03      99.97
  UART/U_UART_RX/U1/edge_cnt_reg[4]/CK (SDFFRQX2M)        0.00      99.97 r
  library setup time                                     -0.59      99.38
  data required time                                                99.38
  --------------------------------------------------------------------------
  data required time                                                99.38
  data arrival time                                                -22.17
  --------------------------------------------------------------------------
  slack (MET)                                                       77.21


  Startpoint: SE (input port clocked by DFTCLK)
  Endpoint: UART/U_UART_RX/U1/edge_cnt_reg[1]
            (rising edge-triggered flip-flop clocked by DFTCLK)
  Path Group: INREG
  Path Type: max

  Point                                                   Incr       Path
  --------------------------------------------------------------------------
  clock DFTCLK (rise edge)                                0.00       0.00
  clock network delay (ideal)                             0.00       0.00
  input external delay                                   20.00      20.00 r
  SE (in)                                                 0.48      20.48 r
  U22/Y (INVXLM)                                          0.22      20.70 f
  U16/Y (INVXLM)                                          0.11      20.82 r
  U17/Y (DLY1X1M)                                         0.86      21.68 r
  UART/test_se (UART_TOP_test_1)                          0.00      21.68 r
  UART/U_UART_RX/test_se (UART_RX_DATA_WIDTH8_test_1)     0.00      21.68 r
  UART/U_UART_RX/U1/test_se (EDGE_BIT_COUNTER_test_1)     0.00      21.68 r
  UART/U_UART_RX/U1/U59/Y (INVXLM)                        0.09      21.77 f
  UART/U_UART_RX/U1/U60/Y (INVXLM)                        0.40      22.17 r
  UART/U_UART_RX/U1/edge_cnt_reg[1]/SE (SDFFRQX2M)        0.00      22.17 r
  data arrival time                                                 22.17

  clock DFTCLK (rise edge)                              100.00     100.00
  clock network delay (ideal)                             0.00     100.00
  clock uncertainty                                      -0.03      99.97
  UART/U_UART_RX/U1/edge_cnt_reg[1]/CK (SDFFRQX2M)        0.00      99.97 r
  library setup time                                     -0.59      99.38
  data required time                                                99.38
  --------------------------------------------------------------------------
  data required time                                                99.38
  data arrival time                                                -22.17
  --------------------------------------------------------------------------
  slack (MET)                                                       77.21


  Startpoint: SE (input port clocked by DFTCLK)
  Endpoint: UART/U_UART_TX/U4/TX_OUT_reg
            (rising edge-triggered flip-flop clocked by DFTCLK)
  Path Group: INREG
  Path Type: max

  Point                                                   Incr       Path
  --------------------------------------------------------------------------
  clock DFTCLK (rise edge)                                0.00       0.00
  clock network delay (ideal)                             0.00       0.00
  input external delay                                   20.00      20.00 r
  SE (in)                                                 0.48      20.48 r
  U22/Y (INVXLM)                                          0.22      20.70 f
  U16/Y (INVXLM)                                          0.11      20.82 r
  U17/Y (DLY1X1M)                                         0.86      21.68 r
  UART/test_se (UART_TOP_test_1)                          0.00      21.68 r
  UART/U_UART_TX/test_se (UART_TX_DATA_WIDTH8_test_1)     0.00      21.68 r
  UART/U_UART_TX/U4/test_se (MUX_MUX_WIDTH2_test_1)       0.00      21.68 r
  UART/U_UART_TX/U4/TX_OUT_reg/SE (SDFFSQX2M)             0.00      21.68 r
  data arrival time                                                 21.68

  clock DFTCLK (rise edge)                              100.00     100.00
  clock network delay (ideal)                             0.00     100.00
  clock uncertainty                                      -0.03      99.97
  UART/U_UART_TX/U4/TX_OUT_reg/CK (SDFFSQX2M)             0.00      99.97 r
  library setup time                                     -0.64      99.34
  data required time                                                99.34
  --------------------------------------------------------------------------
  data required time                                                99.34
  data arrival time                                                -21.68
  --------------------------------------------------------------------------
  slack (MET)                                                       77.66


  Startpoint: SE (input port clocked by DFTCLK)
  Endpoint: UART/U_UART_RX/U3/start_glitch_reg
            (rising edge-triggered flip-flop clocked by DFTCLK)
  Path Group: INREG
  Path Type: max

  Point                                                   Incr       Path
  --------------------------------------------------------------------------
  clock DFTCLK (rise edge)                                0.00       0.00
  clock network delay (ideal)                             0.00       0.00
  input external delay                                   20.00      20.00 r
  SE (in)                                                 0.48      20.48 r
  U22/Y (INVXLM)                                          0.22      20.70 f
  U16/Y (INVXLM)                                          0.11      20.82 r
  U17/Y (DLY1X1M)                                         0.86      21.68 r
  UART/test_se (UART_TOP_test_1)                          0.00      21.68 r
  UART/U_UART_RX/test_se (UART_RX_DATA_WIDTH8_test_1)     0.00      21.68 r
  UART/U_UART_RX/U3/test_se (START_CHECK_test_1)          0.00      21.68 r
  UART/U_UART_RX/U3/start_glitch_reg/SE (SDFFRQX2M)       0.00      21.68 r
  data arrival time                                                 21.68

  clock DFTCLK (rise edge)                              100.00     100.00
  clock network delay (ideal)                             0.00     100.00
  clock uncertainty                                      -0.03      99.97
  UART/U_UART_RX/U3/start_glitch_reg/CK (SDFFRQX2M)       0.00      99.97 r
  library setup time                                     -0.61      99.37
  data required time                                                99.37
  --------------------------------------------------------------------------
  data required time                                                99.37
  data arrival time                                                -21.68
  --------------------------------------------------------------------------
  slack (MET)                                                       77.69


  Startpoint: SE (input port clocked by DFTCLK)
  Endpoint: UART/U_UART_RX/U4/stop_err_reg
            (rising edge-triggered flip-flop clocked by DFTCLK)
  Path Group: INREG
  Path Type: max

  Point                                                   Incr       Path
  --------------------------------------------------------------------------
  clock DFTCLK (rise edge)                                0.00       0.00
  clock network delay (ideal)                             0.00       0.00
  input external delay                                   20.00      20.00 r
  SE (in)                                                 0.48      20.48 r
  U22/Y (INVXLM)                                          0.22      20.70 f
  U16/Y (INVXLM)                                          0.11      20.82 r
  U17/Y (DLY1X1M)                                         0.86      21.68 r
  UART/test_se (UART_TOP_test_1)                          0.00      21.68 r
  UART/U_UART_RX/test_se (UART_RX_DATA_WIDTH8_test_1)     0.00      21.68 r
  UART/U_UART_RX/U4/test_se (STOP_CHECK_test_1)           0.00      21.68 r
  UART/U_UART_RX/U4/stop_err_reg/SE (SDFFRQX2M)           0.00      21.68 r
  data arrival time                                                 21.68

  clock DFTCLK (rise edge)                              100.00     100.00
  clock network delay (ideal)                             0.00     100.00
  clock uncertainty                                      -0.03      99.97
  UART/U_UART_RX/U4/stop_err_reg/CK (SDFFRQX2M)           0.00      99.97 r
  library setup time                                     -0.61      99.37
  data required time                                                99.37
  --------------------------------------------------------------------------
  data required time                                                99.37
  data arrival time                                                -21.68
  --------------------------------------------------------------------------
  slack (MET)                                                       77.69


  Startpoint: SE (input port clocked by DFTCLK)
  Endpoint: UART/U_UART_TX/U2/BUSY_reg
            (rising edge-triggered flip-flop clocked by DFTCLK)
  Path Group: INREG
  Path Type: max

  Point                                                   Incr       Path
  --------------------------------------------------------------------------
  clock DFTCLK (rise edge)                                0.00       0.00
  clock network delay (ideal)                             0.00       0.00
  input external delay                                   20.00      20.00 r
  SE (in)                                                 0.48      20.48 r
  U22/Y (INVXLM)                                          0.22      20.70 f
  U16/Y (INVXLM)                                          0.11      20.82 r
  U17/Y (DLY1X1M)                                         0.86      21.68 r
  UART/test_se (UART_TOP_test_1)                          0.00      21.68 r
  UART/U_UART_TX/test_se (UART_TX_DATA_WIDTH8_test_1)     0.00      21.68 r
  UART/U_UART_TX/U2/test_se (FSM_tx_MUX_WIDTH2_test_1)
                                                          0.00      21.68 r
  UART/U_UART_TX/U2/BUSY_reg/SE (SDFFRQX2M)               0.00      21.68 r
  data arrival time                                                 21.68

  clock DFTCLK (rise edge)                              100.00     100.00
  clock network delay (ideal)                             0.00     100.00
  clock uncertainty                                      -0.03      99.97
  UART/U_UART_TX/U2/BUSY_reg/CK (SDFFRQX2M)               0.00      99.97 r
  library setup time                                     -0.61      99.37
  data required time                                                99.37
  --------------------------------------------------------------------------
  data required time                                                99.37
  data arrival time                                                -21.68
  --------------------------------------------------------------------------
  slack (MET)                                                       77.69


  Startpoint: SE (input port clocked by DFTCLK)
  Endpoint: UART/U_UART_TX/U2/current_state_reg[1]
            (rising edge-triggered flip-flop clocked by DFTCLK)
  Path Group: INREG
  Path Type: max

  Point                                                   Incr       Path
  --------------------------------------------------------------------------
  clock DFTCLK (rise edge)                                0.00       0.00
  clock network delay (ideal)                             0.00       0.00
  input external delay                                   20.00      20.00 r
  SE (in)                                                 0.48      20.48 r
  U22/Y (INVXLM)                                          0.22      20.70 f
  U16/Y (INVXLM)                                          0.11      20.82 r
  U17/Y (DLY1X1M)                                         0.86      21.68 r
  UART/test_se (UART_TOP_test_1)                          0.00      21.68 r
  UART/U_UART_TX/test_se (UART_TX_DATA_WIDTH8_test_1)     0.00      21.68 r
  UART/U_UART_TX/U2/test_se (FSM_tx_MUX_WIDTH2_test_1)
                                                          0.00      21.68 r
  UART/U_UART_TX/U2/current_state_reg[1]/SE (SDFFRQX2M)
                                                          0.00      21.68 r
  data arrival time                                                 21.68

  clock DFTCLK (rise edge)                              100.00     100.00
  clock network delay (ideal)                             0.00     100.00
  clock uncertainty                                      -0.03      99.97
  UART/U_UART_TX/U2/current_state_reg[1]/CK (SDFFRQX2M)
                                                          0.00      99.97 r
  library setup time                                     -0.61      99.37
  data required time                                                99.37
  --------------------------------------------------------------------------
  data required time                                                99.37
  data arrival time                                                -21.68
  --------------------------------------------------------------------------
  slack (MET)                                                       77.69


  Startpoint: SE (input port clocked by DFTCLK)
  Endpoint: UART/U_UART_TX/U2/current_state_reg[2]
            (rising edge-triggered flip-flop clocked by DFTCLK)
  Path Group: INREG
  Path Type: max

  Point                                                   Incr       Path
  --------------------------------------------------------------------------
  clock DFTCLK (rise edge)                                0.00       0.00
  clock network delay (ideal)                             0.00       0.00
  input external delay                                   20.00      20.00 r
  SE (in)                                                 0.48      20.48 r
  U22/Y (INVXLM)                                          0.22      20.70 f
  U16/Y (INVXLM)                                          0.11      20.82 r
  U17/Y (DLY1X1M)                                         0.86      21.68 r
  UART/test_se (UART_TOP_test_1)                          0.00      21.68 r
  UART/U_UART_TX/test_se (UART_TX_DATA_WIDTH8_test_1)     0.00      21.68 r
  UART/U_UART_TX/U2/test_se (FSM_tx_MUX_WIDTH2_test_1)
                                                          0.00      21.68 r
  UART/U_UART_TX/U2/current_state_reg[2]/SE (SDFFRQX2M)
                                                          0.00      21.68 r
  data arrival time                                                 21.68

  clock DFTCLK (rise edge)                              100.00     100.00
  clock network delay (ideal)                             0.00     100.00
  clock uncertainty                                      -0.03      99.97
  UART/U_UART_TX/U2/current_state_reg[2]/CK (SDFFRQX2M)
                                                          0.00      99.97 r
  library setup time                                     -0.61      99.37
  data required time                                                99.37
  --------------------------------------------------------------------------
  data required time                                                99.37
  data arrival time                                                -21.68
  --------------------------------------------------------------------------
  slack (MET)                                                       77.69


  Startpoint: SE (input port clocked by DFTCLK)
  Endpoint: UART/U_UART_TX/U2/current_state_reg[0]
            (rising edge-triggered flip-flop clocked by DFTCLK)
  Path Group: INREG
  Path Type: max

  Point                                                   Incr       Path
  --------------------------------------------------------------------------
  clock DFTCLK (rise edge)                                0.00       0.00
  clock network delay (ideal)                             0.00       0.00
  input external delay                                   20.00      20.00 r
  SE (in)                                                 0.48      20.48 r
  U22/Y (INVXLM)                                          0.22      20.70 f
  U16/Y (INVXLM)                                          0.11      20.82 r
  U17/Y (DLY1X1M)                                         0.86      21.68 r
  UART/test_se (UART_TOP_test_1)                          0.00      21.68 r
  UART/U_UART_TX/test_se (UART_TX_DATA_WIDTH8_test_1)     0.00      21.68 r
  UART/U_UART_TX/U2/test_se (FSM_tx_MUX_WIDTH2_test_1)
                                                          0.00      21.68 r
  UART/U_UART_TX/U2/current_state_reg[0]/SE (SDFFRQX2M)
                                                          0.00      21.68 r
  data arrival time                                                 21.68

  clock DFTCLK (rise edge)                              100.00     100.00
  clock network delay (ideal)                             0.00     100.00
  clock uncertainty                                      -0.03      99.97
  UART/U_UART_TX/U2/current_state_reg[0]/CK (SDFFRQX2M)
                                                          0.00      99.97 r
  library setup time                                     -0.61      99.37
  data required time                                                99.37
  --------------------------------------------------------------------------
  data required time                                                99.37
  data arrival time                                                -21.68
  --------------------------------------------------------------------------
  slack (MET)                                                       77.69


  Startpoint: SE (input port clocked by DFTCLK)
  Endpoint: UART/U_UART_TX/U3/par_bit_reg
            (rising edge-triggered flip-flop clocked by DFTCLK)
  Path Group: INREG
  Path Type: max

  Point                                                   Incr       Path
  --------------------------------------------------------------------------
  clock DFTCLK (rise edge)                                0.00       0.00
  clock network delay (ideal)                             0.00       0.00
  input external delay                                   20.00      20.00 r
  SE (in)                                                 0.48      20.48 r
  U22/Y (INVXLM)                                          0.22      20.70 f
  U16/Y (INVXLM)                                          0.11      20.82 r
  U17/Y (DLY1X1M)                                         0.86      21.68 r
  UART/test_se (UART_TOP_test_1)                          0.00      21.68 r
  UART/U_UART_TX/test_se (UART_TX_DATA_WIDTH8_test_1)     0.00      21.68 r
  UART/U_UART_TX/U3/test_se (PARITY_CALC_DATA_WIDTH8_test_1)
                                                          0.00      21.68 r
  UART/U_UART_TX/U3/par_bit_reg/SE (SDFFRQX2M)            0.00      21.68 r
  data arrival time                                                 21.68

  clock DFTCLK (rise edge)                              100.00     100.00
  clock network delay (ideal)                             0.00     100.00
  clock uncertainty                                      -0.03      99.97
  UART/U_UART_TX/U3/par_bit_reg/CK (SDFFRQX2M)            0.00      99.97 r
  library setup time                                     -0.61      99.37
  data required time                                                99.37
  --------------------------------------------------------------------------
  data required time                                                99.37
  data arrival time                                                -21.68
  --------------------------------------------------------------------------
  slack (MET)                                                       77.69


  Startpoint: SE (input port clocked by DFTCLK)
  Endpoint: UART/U_UART_RX/U2/P_DATA_reg[0]
            (rising edge-triggered flip-flop clocked by DFTCLK)
  Path Group: INREG
  Path Type: max

  Point                                                   Incr       Path
  --------------------------------------------------------------------------
  clock DFTCLK (rise edge)                                0.00       0.00
  clock network delay (ideal)                             0.00       0.00
  input external delay                                   20.00      20.00 r
  SE (in)                                                 0.48      20.48 r
  U22/Y (INVXLM)                                          0.22      20.70 f
  U16/Y (INVXLM)                                          0.11      20.82 r
  U17/Y (DLY1X1M)                                         0.86      21.68 r
  UART/test_se (UART_TOP_test_1)                          0.00      21.68 r
  UART/U_UART_RX/test_se (UART_RX_DATA_WIDTH8_test_1)     0.00      21.68 r
  UART/U_UART_RX/U2/test_se (DESERIALIZER_DATA_WIDTH8_test_1)
                                                          0.00      21.68 r
  UART/U_UART_RX/U2/P_DATA_reg[0]/SE (SDFFRQX2M)          0.00      21.68 r
  data arrival time                                                 21.68

  clock DFTCLK (rise edge)                              100.00     100.00
  clock network delay (ideal)                             0.00     100.00
  clock uncertainty                                      -0.03      99.97
  UART/U_UART_RX/U2/P_DATA_reg[0]/CK (SDFFRQX2M)          0.00      99.97 r
  library setup time                                     -0.61      99.37
  data required time                                                99.37
  --------------------------------------------------------------------------
  data required time                                                99.37
  data arrival time                                                -21.68
  --------------------------------------------------------------------------
  slack (MET)                                                       77.69


  Startpoint: SE (input port clocked by DFTCLK)
  Endpoint: UART/U_UART_RX/U2/P_DATA_reg[5]
            (rising edge-triggered flip-flop clocked by DFTCLK)
  Path Group: INREG
  Path Type: max

  Point                                                   Incr       Path
  --------------------------------------------------------------------------
  clock DFTCLK (rise edge)                                0.00       0.00
  clock network delay (ideal)                             0.00       0.00
  input external delay                                   20.00      20.00 r
  SE (in)                                                 0.48      20.48 r
  U22/Y (INVXLM)                                          0.22      20.70 f
  U16/Y (INVXLM)                                          0.11      20.82 r
  U17/Y (DLY1X1M)                                         0.86      21.68 r
  UART/test_se (UART_TOP_test_1)                          0.00      21.68 r
  UART/U_UART_RX/test_se (UART_RX_DATA_WIDTH8_test_1)     0.00      21.68 r
  UART/U_UART_RX/U2/test_se (DESERIALIZER_DATA_WIDTH8_test_1)
                                                          0.00      21.68 r
  UART/U_UART_RX/U2/P_DATA_reg[5]/SE (SDFFRQX2M)          0.00      21.68 r
  data arrival time                                                 21.68

  clock DFTCLK (rise edge)                              100.00     100.00
  clock network delay (ideal)                             0.00     100.00
  clock uncertainty                                      -0.03      99.97
  UART/U_UART_RX/U2/P_DATA_reg[5]/CK (SDFFRQX2M)          0.00      99.97 r
  library setup time                                     -0.61      99.37
  data required time                                                99.37
  --------------------------------------------------------------------------
  data required time                                                99.37
  data arrival time                                                -21.68
  --------------------------------------------------------------------------
  slack (MET)                                                       77.69


  Startpoint: SE (input port clocked by DFTCLK)
  Endpoint: UART/U_UART_RX/U2/P_DATA_reg[1]
            (rising edge-triggered flip-flop clocked by DFTCLK)
  Path Group: INREG
  Path Type: max

  Point                                                   Incr       Path
  --------------------------------------------------------------------------
  clock DFTCLK (rise edge)                                0.00       0.00
  clock network delay (ideal)                             0.00       0.00
  input external delay                                   20.00      20.00 r
  SE (in)                                                 0.48      20.48 r
  U22/Y (INVXLM)                                          0.22      20.70 f
  U16/Y (INVXLM)                                          0.11      20.82 r
  U17/Y (DLY1X1M)                                         0.86      21.68 r
  UART/test_se (UART_TOP_test_1)                          0.00      21.68 r
  UART/U_UART_RX/test_se (UART_RX_DATA_WIDTH8_test_1)     0.00      21.68 r
  UART/U_UART_RX/U2/test_se (DESERIALIZER_DATA_WIDTH8_test_1)
                                                          0.00      21.68 r
  UART/U_UART_RX/U2/P_DATA_reg[1]/SE (SDFFRQX2M)          0.00      21.68 r
  data arrival time                                                 21.68

  clock DFTCLK (rise edge)                              100.00     100.00
  clock network delay (ideal)                             0.00     100.00
  clock uncertainty                                      -0.03      99.97
  UART/U_UART_RX/U2/P_DATA_reg[1]/CK (SDFFRQX2M)          0.00      99.97 r
  library setup time                                     -0.61      99.37
  data required time                                                99.37
  --------------------------------------------------------------------------
  data required time                                                99.37
  data arrival time                                                -21.68
  --------------------------------------------------------------------------
  slack (MET)                                                       77.69


  Startpoint: SE (input port clocked by DFTCLK)
  Endpoint: UART/U_UART_RX/U2/P_DATA_reg[4]
            (rising edge-triggered flip-flop clocked by DFTCLK)
  Path Group: INREG
  Path Type: max

  Point                                                   Incr       Path
  --------------------------------------------------------------------------
  clock DFTCLK (rise edge)                                0.00       0.00
  clock network delay (ideal)                             0.00       0.00
  input external delay                                   20.00      20.00 r
  SE (in)                                                 0.48      20.48 r
  U22/Y (INVXLM)                                          0.22      20.70 f
  U16/Y (INVXLM)                                          0.11      20.82 r
  U17/Y (DLY1X1M)                                         0.86      21.68 r
  UART/test_se (UART_TOP_test_1)                          0.00      21.68 r
  UART/U_UART_RX/test_se (UART_RX_DATA_WIDTH8_test_1)     0.00      21.68 r
  UART/U_UART_RX/U2/test_se (DESERIALIZER_DATA_WIDTH8_test_1)
                                                          0.00      21.68 r
  UART/U_UART_RX/U2/P_DATA_reg[4]/SE (SDFFRQX2M)          0.00      21.68 r
  data arrival time                                                 21.68

  clock DFTCLK (rise edge)                              100.00     100.00
  clock network delay (ideal)                             0.00     100.00
  clock uncertainty                                      -0.03      99.97
  UART/U_UART_RX/U2/P_DATA_reg[4]/CK (SDFFRQX2M)          0.00      99.97 r
  library setup time                                     -0.61      99.37
  data required time                                                99.37
  --------------------------------------------------------------------------
  data required time                                                99.37
  data arrival time                                                -21.68
  --------------------------------------------------------------------------
  slack (MET)                                                       77.69


  Startpoint: SE (input port clocked by DFTCLK)
  Endpoint: UART/U_UART_RX/U2/P_DATA_reg[7]
            (rising edge-triggered flip-flop clocked by DFTCLK)
  Path Group: INREG
  Path Type: max

  Point                                                   Incr       Path
  --------------------------------------------------------------------------
  clock DFTCLK (rise edge)                                0.00       0.00
  clock network delay (ideal)                             0.00       0.00
  input external delay                                   20.00      20.00 r
  SE (in)                                                 0.48      20.48 r
  U22/Y (INVXLM)                                          0.22      20.70 f
  U16/Y (INVXLM)                                          0.11      20.82 r
  U17/Y (DLY1X1M)                                         0.86      21.68 r
  UART/test_se (UART_TOP_test_1)                          0.00      21.68 r
  UART/U_UART_RX/test_se (UART_RX_DATA_WIDTH8_test_1)     0.00      21.68 r
  UART/U_UART_RX/U2/test_se (DESERIALIZER_DATA_WIDTH8_test_1)
                                                          0.00      21.68 r
  UART/U_UART_RX/U2/P_DATA_reg[7]/SE (SDFFRQX2M)          0.00      21.68 r
  data arrival time                                                 21.68

  clock DFTCLK (rise edge)                              100.00     100.00
  clock network delay (ideal)                             0.00     100.00
  clock uncertainty                                      -0.03      99.97
  UART/U_UART_RX/U2/P_DATA_reg[7]/CK (SDFFRQX2M)          0.00      99.97 r
  library setup time                                     -0.61      99.37
  data required time                                                99.37
  --------------------------------------------------------------------------
  data required time                                                99.37
  data arrival time                                                -21.68
  --------------------------------------------------------------------------
  slack (MET)                                                       77.69


  Startpoint: SE (input port clocked by DFTCLK)
  Endpoint: UART/U_UART_RX/U2/P_DATA_reg[3]
            (rising edge-triggered flip-flop clocked by DFTCLK)
  Path Group: INREG
  Path Type: max

  Point                                                   Incr       Path
  --------------------------------------------------------------------------
  clock DFTCLK (rise edge)                                0.00       0.00
  clock network delay (ideal)                             0.00       0.00
  input external delay                                   20.00      20.00 r
  SE (in)                                                 0.48      20.48 r
  U22/Y (INVXLM)                                          0.22      20.70 f
  U16/Y (INVXLM)                                          0.11      20.82 r
  U17/Y (DLY1X1M)                                         0.86      21.68 r
  UART/test_se (UART_TOP_test_1)                          0.00      21.68 r
  UART/U_UART_RX/test_se (UART_RX_DATA_WIDTH8_test_1)     0.00      21.68 r
  UART/U_UART_RX/U2/test_se (DESERIALIZER_DATA_WIDTH8_test_1)
                                                          0.00      21.68 r
  UART/U_UART_RX/U2/P_DATA_reg[3]/SE (SDFFRQX2M)          0.00      21.68 r
  data arrival time                                                 21.68

  clock DFTCLK (rise edge)                              100.00     100.00
  clock network delay (ideal)                             0.00     100.00
  clock uncertainty                                      -0.03      99.97
  UART/U_UART_RX/U2/P_DATA_reg[3]/CK (SDFFRQX2M)          0.00      99.97 r
  library setup time                                     -0.61      99.37
  data required time                                                99.37
  --------------------------------------------------------------------------
  data required time                                                99.37
  data arrival time                                                -21.68
  --------------------------------------------------------------------------
  slack (MET)                                                       77.69


  Startpoint: SE (input port clocked by DFTCLK)
  Endpoint: UART/U_UART_RX/U2/P_DATA_reg[6]
            (rising edge-triggered flip-flop clocked by DFTCLK)
  Path Group: INREG
  Path Type: max

  Point                                                   Incr       Path
  --------------------------------------------------------------------------
  clock DFTCLK (rise edge)                                0.00       0.00
  clock network delay (ideal)                             0.00       0.00
  input external delay                                   20.00      20.00 r
  SE (in)                                                 0.48      20.48 r
  U22/Y (INVXLM)                                          0.22      20.70 f
  U16/Y (INVXLM)                                          0.11      20.82 r
  U17/Y (DLY1X1M)                                         0.86      21.68 r
  UART/test_se (UART_TOP_test_1)                          0.00      21.68 r
  UART/U_UART_RX/test_se (UART_RX_DATA_WIDTH8_test_1)     0.00      21.68 r
  UART/U_UART_RX/U2/test_se (DESERIALIZER_DATA_WIDTH8_test_1)
                                                          0.00      21.68 r
  UART/U_UART_RX/U2/P_DATA_reg[6]/SE (SDFFRQX2M)          0.00      21.68 r
  data arrival time                                                 21.68

  clock DFTCLK (rise edge)                              100.00     100.00
  clock network delay (ideal)                             0.00     100.00
  clock uncertainty                                      -0.03      99.97
  UART/U_UART_RX/U2/P_DATA_reg[6]/CK (SDFFRQX2M)          0.00      99.97 r
  library setup time                                     -0.61      99.37
  data required time                                                99.37
  --------------------------------------------------------------------------
  data required time                                                99.37
  data arrival time                                                -21.68
  --------------------------------------------------------------------------
  slack (MET)                                                       77.69


  Startpoint: SE (input port clocked by DFTCLK)
  Endpoint: UART/U_UART_RX/U2/P_DATA_reg[2]
            (rising edge-triggered flip-flop clocked by DFTCLK)
  Path Group: INREG
  Path Type: max

  Point                                                   Incr       Path
  --------------------------------------------------------------------------
  clock DFTCLK (rise edge)                                0.00       0.00
  clock network delay (ideal)                             0.00       0.00
  input external delay                                   20.00      20.00 r
  SE (in)                                                 0.48      20.48 r
  U22/Y (INVXLM)                                          0.22      20.70 f
  U16/Y (INVXLM)                                          0.11      20.82 r
  U17/Y (DLY1X1M)                                         0.86      21.68 r
  UART/test_se (UART_TOP_test_1)                          0.00      21.68 r
  UART/U_UART_RX/test_se (UART_RX_DATA_WIDTH8_test_1)     0.00      21.68 r
  UART/U_UART_RX/U2/test_se (DESERIALIZER_DATA_WIDTH8_test_1)
                                                          0.00      21.68 r
  UART/U_UART_RX/U2/P_DATA_reg[2]/SE (SDFFRQX2M)          0.00      21.68 r
  data arrival time                                                 21.68

  clock DFTCLK (rise edge)                              100.00     100.00
  clock network delay (ideal)                             0.00     100.00
  clock uncertainty                                      -0.03      99.97
  UART/U_UART_RX/U2/P_DATA_reg[2]/CK (SDFFRQX2M)          0.00      99.97 r
  library setup time                                     -0.61      99.37
  data required time                                                99.37
  --------------------------------------------------------------------------
  data required time                                                99.37
  data arrival time                                                -21.68
  --------------------------------------------------------------------------
  slack (MET)                                                       77.69


  Startpoint: SE (input port clocked by DFTCLK)
  Endpoint: UART/U_UART_RX/U5/par_err_reg
            (rising edge-triggered flip-flop clocked by DFTCLK)
  Path Group: INREG
  Path Type: max

  Point                                                   Incr       Path
  --------------------------------------------------------------------------
  clock DFTCLK (rise edge)                                0.00       0.00
  clock network delay (ideal)                             0.00       0.00
  input external delay                                   20.00      20.00 r
  SE (in)                                                 0.48      20.48 r
  U22/Y (INVXLM)                                          0.22      20.70 f
  U16/Y (INVXLM)                                          0.11      20.82 r
  U17/Y (DLY1X1M)                                         0.86      21.68 r
  UART/test_se (UART_TOP_test_1)                          0.00      21.68 r
  UART/U_UART_RX/test_se (UART_RX_DATA_WIDTH8_test_1)     0.00      21.68 r
  UART/U_UART_RX/U5/test_se (PAR_CHECK_DATA_WIDTH8_test_1)
                                                          0.00      21.68 r
  UART/U_UART_RX/U5/par_err_reg/SE (SDFFRQX2M)            0.00      21.68 r
  data arrival time                                                 21.68

  clock DFTCLK (rise edge)                              100.00     100.00
  clock network delay (ideal)                             0.00     100.00
  clock uncertainty                                      -0.03      99.97
  UART/U_UART_RX/U5/par_err_reg/CK (SDFFRQX2M)            0.00      99.97 r
  library setup time                                     -0.61      99.37
  data required time                                                99.37
  --------------------------------------------------------------------------
  data required time                                                99.37
  data arrival time                                                -21.68
  --------------------------------------------------------------------------
  slack (MET)                                                       77.69


  Startpoint: SE (input port clocked by DFTCLK)
  Endpoint: UART/U_UART_RX/U6/sample_3_reg
            (rising edge-triggered flip-flop clocked by DFTCLK)
  Path Group: INREG
  Path Type: max

  Point                                                   Incr       Path
  --------------------------------------------------------------------------
  clock DFTCLK (rise edge)                                0.00       0.00
  clock network delay (ideal)                             0.00       0.00
  input external delay                                   20.00      20.00 r
  SE (in)                                                 0.48      20.48 r
  U22/Y (INVXLM)                                          0.22      20.70 f
  U16/Y (INVXLM)                                          0.11      20.82 r
  U17/Y (DLY1X1M)                                         0.86      21.68 r
  UART/test_se (UART_TOP_test_1)                          0.00      21.68 r
  UART/U_UART_RX/test_se (UART_RX_DATA_WIDTH8_test_1)     0.00      21.68 r
  UART/U_UART_RX/U6/test_se (DATA_SAMPLING_test_1)        0.00      21.68 r
  UART/U_UART_RX/U6/sample_3_reg/SE (SDFFRQX2M)           0.00      21.68 r
  data arrival time                                                 21.68

  clock DFTCLK (rise edge)                              100.00     100.00
  clock network delay (ideal)                             0.00     100.00
  clock uncertainty                                      -0.03      99.97
  UART/U_UART_RX/U6/sample_3_reg/CK (SDFFRQX2M)           0.00      99.97 r
  library setup time                                     -0.61      99.37
  data required time                                                99.37
  --------------------------------------------------------------------------
  data required time                                                99.37
  data arrival time                                                -21.68
  --------------------------------------------------------------------------
  slack (MET)                                                       77.69


  Startpoint: SE (input port clocked by DFTCLK)
  Endpoint: UART/U_UART_RX/U6/sample_1_reg
            (rising edge-triggered flip-flop clocked by DFTCLK)
  Path Group: INREG
  Path Type: max

  Point                                                   Incr       Path
  --------------------------------------------------------------------------
  clock DFTCLK (rise edge)                                0.00       0.00
  clock network delay (ideal)                             0.00       0.00
  input external delay                                   20.00      20.00 r
  SE (in)                                                 0.48      20.48 r
  U22/Y (INVXLM)                                          0.22      20.70 f
  U16/Y (INVXLM)                                          0.11      20.82 r
  U17/Y (DLY1X1M)                                         0.86      21.68 r
  UART/test_se (UART_TOP_test_1)                          0.00      21.68 r
  UART/U_UART_RX/test_se (UART_RX_DATA_WIDTH8_test_1)     0.00      21.68 r
  UART/U_UART_RX/U6/test_se (DATA_SAMPLING_test_1)        0.00      21.68 r
  UART/U_UART_RX/U6/sample_1_reg/SE (SDFFRQX2M)           0.00      21.68 r
  data arrival time                                                 21.68

  clock DFTCLK (rise edge)                              100.00     100.00
  clock network delay (ideal)                             0.00     100.00
  clock uncertainty                                      -0.03      99.97
  UART/U_UART_RX/U6/sample_1_reg/CK (SDFFRQX2M)           0.00      99.97 r
  library setup time                                     -0.61      99.37
  data required time                                                99.37
  --------------------------------------------------------------------------
  data required time                                                99.37
  data arrival time                                                -21.68
  --------------------------------------------------------------------------
  slack (MET)                                                       77.69


  Startpoint: SE (input port clocked by DFTCLK)
  Endpoint: UART/U_UART_RX/U6/sample_2_reg
            (rising edge-triggered flip-flop clocked by DFTCLK)
  Path Group: INREG
  Path Type: max

  Point                                                   Incr       Path
  --------------------------------------------------------------------------
  clock DFTCLK (rise edge)                                0.00       0.00
  clock network delay (ideal)                             0.00       0.00
  input external delay                                   20.00      20.00 r
  SE (in)                                                 0.48      20.48 r
  U22/Y (INVXLM)                                          0.22      20.70 f
  U16/Y (INVXLM)                                          0.11      20.82 r
  U17/Y (DLY1X1M)                                         0.86      21.68 r
  UART/test_se (UART_TOP_test_1)                          0.00      21.68 r
  UART/U_UART_RX/test_se (UART_RX_DATA_WIDTH8_test_1)     0.00      21.68 r
  UART/U_UART_RX/U6/test_se (DATA_SAMPLING_test_1)        0.00      21.68 r
  UART/U_UART_RX/U6/sample_2_reg/SE (SDFFRQX2M)           0.00      21.68 r
  data arrival time                                                 21.68

  clock DFTCLK (rise edge)                              100.00     100.00
  clock network delay (ideal)                             0.00     100.00
  clock uncertainty                                      -0.03      99.97
  UART/U_UART_RX/U6/sample_2_reg/CK (SDFFRQX2M)           0.00      99.97 r
  library setup time                                     -0.61      99.37
  data required time                                                99.37
  --------------------------------------------------------------------------
  data required time                                                99.37
  data arrival time                                                -21.68
  --------------------------------------------------------------------------
  slack (MET)                                                       77.69


  Startpoint: SE (input port clocked by DFTCLK)
  Endpoint: UART/U_UART_RX/U6/sampled_bit_reg
            (rising edge-triggered flip-flop clocked by DFTCLK)
  Path Group: INREG
  Path Type: max

  Point                                                   Incr       Path
  --------------------------------------------------------------------------
  clock DFTCLK (rise edge)                                0.00       0.00
  clock network delay (ideal)                             0.00       0.00
  input external delay                                   20.00      20.00 r
  SE (in)                                                 0.48      20.48 r
  U22/Y (INVXLM)                                          0.22      20.70 f
  U16/Y (INVXLM)                                          0.11      20.82 r
  U17/Y (DLY1X1M)                                         0.86      21.68 r
  UART/test_se (UART_TOP_test_1)                          0.00      21.68 r
  UART/U_UART_RX/test_se (UART_RX_DATA_WIDTH8_test_1)     0.00      21.68 r
  UART/U_UART_RX/U6/test_se (DATA_SAMPLING_test_1)        0.00      21.68 r
  UART/U_UART_RX/U6/sampled_bit_reg/SE (SDFFRQX2M)        0.00      21.68 r
  data arrival time                                                 21.68

  clock DFTCLK (rise edge)                              100.00     100.00
  clock network delay (ideal)                             0.00     100.00
  clock uncertainty                                      -0.03      99.97
  UART/U_UART_RX/U6/sampled_bit_reg/CK (SDFFRQX2M)        0.00      99.97 r
  library setup time                                     -0.61      99.37
  data required time                                                99.37
  --------------------------------------------------------------------------
  data required time                                                99.37
  data arrival time                                                -21.68
  --------------------------------------------------------------------------
  slack (MET)                                                       77.69


  Startpoint: SE (input port clocked by DFTCLK)
  Endpoint: UART/U_UART_RX/U6/sampled_bit_valid_reg
            (rising edge-triggered flip-flop clocked by DFTCLK)
  Path Group: INREG
  Path Type: max

  Point                                                   Incr       Path
  --------------------------------------------------------------------------
  clock DFTCLK (rise edge)                                0.00       0.00
  clock network delay (ideal)                             0.00       0.00
  input external delay                                   20.00      20.00 r
  SE (in)                                                 0.48      20.48 r
  U22/Y (INVXLM)                                          0.22      20.70 f
  U16/Y (INVXLM)                                          0.11      20.82 r
  U17/Y (DLY1X1M)                                         0.86      21.68 r
  UART/test_se (UART_TOP_test_1)                          0.00      21.68 r
  UART/U_UART_RX/test_se (UART_RX_DATA_WIDTH8_test_1)     0.00      21.68 r
  UART/U_UART_RX/U6/test_se (DATA_SAMPLING_test_1)        0.00      21.68 r
  UART/U_UART_RX/U6/sampled_bit_valid_reg/SE (SDFFRQX2M)
                                                          0.00      21.68 r
  data arrival time                                                 21.68

  clock DFTCLK (rise edge)                              100.00     100.00
  clock network delay (ideal)                             0.00     100.00
  clock uncertainty                                      -0.03      99.97
  UART/U_UART_RX/U6/sampled_bit_valid_reg/CK (SDFFRQX2M)
                                                          0.00      99.97 r
  library setup time                                     -0.61      99.37
  data required time                                                99.37
  --------------------------------------------------------------------------
  data required time                                                99.37
  data arrival time                                                -21.68
  --------------------------------------------------------------------------
  slack (MET)                                                       77.69


  Startpoint: SE (input port clocked by DFTCLK)
  Endpoint: UART/U_UART_RX/U7/current_state_reg[0]
            (rising edge-triggered flip-flop clocked by DFTCLK)
  Path Group: INREG
  Path Type: max

  Point                                                   Incr       Path
  --------------------------------------------------------------------------
  clock DFTCLK (rise edge)                                0.00       0.00
  clock network delay (ideal)                             0.00       0.00
  input external delay                                   20.00      20.00 r
  SE (in)                                                 0.48      20.48 r
  U22/Y (INVXLM)                                          0.22      20.70 f
  U16/Y (INVXLM)                                          0.11      20.82 r
  U17/Y (DLY1X1M)                                         0.86      21.68 r
  UART/test_se (UART_TOP_test_1)                          0.00      21.68 r
  UART/U_UART_RX/test_se (UART_RX_DATA_WIDTH8_test_1)     0.00      21.68 r
  UART/U_UART_RX/U7/test_se (FSM_test_1)                  0.00      21.68 r
  UART/U_UART_RX/U7/current_state_reg[0]/SE (SDFFRQX2M)
                                                          0.00      21.68 r
  data arrival time                                                 21.68

  clock DFTCLK (rise edge)                              100.00     100.00
  clock network delay (ideal)                             0.00     100.00
  clock uncertainty                                      -0.03      99.97
  UART/U_UART_RX/U7/current_state_reg[0]/CK (SDFFRQX2M)
                                                          0.00      99.97 r
  library setup time                                     -0.61      99.37
  data required time                                                99.37
  --------------------------------------------------------------------------
  data required time                                                99.37
  data arrival time                                                -21.68
  --------------------------------------------------------------------------
  slack (MET)                                                       77.69


  Startpoint: SE (input port clocked by DFTCLK)
  Endpoint: UART/U_UART_RX/U7/current_state_reg[1]
            (rising edge-triggered flip-flop clocked by DFTCLK)
  Path Group: INREG
  Path Type: max

  Point                                                   Incr       Path
  --------------------------------------------------------------------------
  clock DFTCLK (rise edge)                                0.00       0.00
  clock network delay (ideal)                             0.00       0.00
  input external delay                                   20.00      20.00 r
  SE (in)                                                 0.48      20.48 r
  U22/Y (INVXLM)                                          0.22      20.70 f
  U16/Y (INVXLM)                                          0.11      20.82 r
  U17/Y (DLY1X1M)                                         0.86      21.68 r
  UART/test_se (UART_TOP_test_1)                          0.00      21.68 r
  UART/U_UART_RX/test_se (UART_RX_DATA_WIDTH8_test_1)     0.00      21.68 r
  UART/U_UART_RX/U7/test_se (FSM_test_1)                  0.00      21.68 r
  UART/U_UART_RX/U7/current_state_reg[1]/SE (SDFFRQX2M)
                                                          0.00      21.68 r
  data arrival time                                                 21.68

  clock DFTCLK (rise edge)                              100.00     100.00
  clock network delay (ideal)                             0.00     100.00
  clock uncertainty                                      -0.03      99.97
  UART/U_UART_RX/U7/current_state_reg[1]/CK (SDFFRQX2M)
                                                          0.00      99.97 r
  library setup time                                     -0.61      99.37
  data required time                                                99.37
  --------------------------------------------------------------------------
  data required time                                                99.37
  data arrival time                                                -21.68
  --------------------------------------------------------------------------
  slack (MET)                                                       77.69


  Startpoint: SE (input port clocked by DFTCLK)
  Endpoint: UART/U_UART_RX/U7/current_state_reg[2]
            (rising edge-triggered flip-flop clocked by DFTCLK)
  Path Group: INREG
  Path Type: max

  Point                                                   Incr       Path
  --------------------------------------------------------------------------
  clock DFTCLK (rise edge)                                0.00       0.00
  clock network delay (ideal)                             0.00       0.00
  input external delay                                   20.00      20.00 r
  SE (in)                                                 0.48      20.48 r
  U22/Y (INVXLM)                                          0.22      20.70 f
  U16/Y (INVXLM)                                          0.11      20.82 r
  U17/Y (DLY1X1M)                                         0.86      21.68 r
  UART/test_se (UART_TOP_test_1)                          0.00      21.68 r
  UART/U_UART_RX/test_se (UART_RX_DATA_WIDTH8_test_1)     0.00      21.68 r
  UART/U_UART_RX/U7/test_se (FSM_test_1)                  0.00      21.68 r
  UART/U_UART_RX/U7/current_state_reg[2]/SE (SDFFRQX2M)
                                                          0.00      21.68 r
  data arrival time                                                 21.68

  clock DFTCLK (rise edge)                              100.00     100.00
  clock network delay (ideal)                             0.00     100.00
  clock uncertainty                                      -0.03      99.97
  UART/U_UART_RX/U7/current_state_reg[2]/CK (SDFFRQX2M)
                                                          0.00      99.97 r
  library setup time                                     -0.61      99.37
  data required time                                                99.37
  --------------------------------------------------------------------------
  data required time                                                99.37
  data arrival time                                                -21.68
  --------------------------------------------------------------------------
  slack (MET)                                                       77.69


  Startpoint: SE (input port clocked by DFTCLK)
  Endpoint: U_RegFile/regArr_reg[3][5]
            (rising edge-triggered flip-flop clocked by DFTCLK)
  Path Group: INREG
  Path Type: max

  Point                                                   Incr       Path
  --------------------------------------------------------------------------
  clock DFTCLK (rise edge)                                0.00       0.00
  clock network delay (ideal)                             0.00       0.00
  input external delay                                   20.00      20.00 r
  SE (in)                                                 0.48      20.48 r
  U_RegFile/test_se (RegFile_test_1)                      0.00      20.48 r
  U_RegFile/U376/Y (DLY1X1M)                              1.09      21.57 r
  U_RegFile/regArr_reg[3][5]/SE (SDFFSQX2M)               0.00      21.57 r
  data arrival time                                                 21.57

  clock DFTCLK (rise edge)                              100.00     100.00
  clock network delay (ideal)                             0.00     100.00
  clock uncertainty                                      -0.03      99.97
  U_RegFile/regArr_reg[3][5]/CK (SDFFSQX2M)               0.00      99.97 r
  library setup time                                     -0.64      99.33
  data required time                                                99.33
  --------------------------------------------------------------------------
  data required time                                                99.33
  data arrival time                                                -21.57
  --------------------------------------------------------------------------
  slack (MET)                                                       77.76


  Startpoint: SE (input port clocked by DFTCLK)
  Endpoint: U_RegFile/regArr_reg[2][7]
            (rising edge-triggered flip-flop clocked by DFTCLK)
  Path Group: INREG
  Path Type: max

  Point                                                   Incr       Path
  --------------------------------------------------------------------------
  clock DFTCLK (rise edge)                                0.00       0.00
  clock network delay (ideal)                             0.00       0.00
  input external delay                                   20.00      20.00 r
  SE (in)                                                 0.48      20.48 r
  U_RegFile/test_se (RegFile_test_1)                      0.00      20.48 r
  U_RegFile/U379/Y (DLY1X1M)                              1.09      21.57 r
  U_RegFile/regArr_reg[2][7]/SE (SDFFSQX2M)               0.00      21.57 r
  data arrival time                                                 21.57

  clock DFTCLK (rise edge)                              100.00     100.00
  clock network delay (ideal)                             0.00     100.00
  clock uncertainty                                      -0.03      99.97
  U_RegFile/regArr_reg[2][7]/CK (SDFFSQX2M)               0.00      99.97 r
  library setup time                                     -0.64      99.33
  data required time                                                99.33
  --------------------------------------------------------------------------
  data required time                                                99.33
  data arrival time                                                -21.57
  --------------------------------------------------------------------------
  slack (MET)                                                       77.76


  Startpoint: SE (input port clocked by DFTCLK)
  Endpoint: U_RegFile/regArr_reg[9][5]
            (rising edge-triggered flip-flop clocked by DFTCLK)
  Path Group: INREG
  Path Type: max

  Point                                                   Incr       Path
  --------------------------------------------------------------------------
  clock DFTCLK (rise edge)                                0.00       0.00
  clock network delay (ideal)                             0.00       0.00
  input external delay                                   20.00      20.00 r
  SE (in)                                                 0.48      20.48 r
  U_RegFile/test_se (RegFile_test_1)                      0.00      20.48 r
  U_RegFile/U376/Y (DLY1X1M)                              1.09      21.57 r
  U_RegFile/regArr_reg[9][5]/SE (SDFFRQX2M)               0.00      21.57 r
  data arrival time                                                 21.57

  clock DFTCLK (rise edge)                              100.00     100.00
  clock network delay (ideal)                             0.00     100.00
  clock uncertainty                                      -0.03      99.97
  U_RegFile/regArr_reg[9][5]/CK (SDFFRQX2M)               0.00      99.97 r
  library setup time                                     -0.61      99.36
  data required time                                                99.36
  --------------------------------------------------------------------------
  data required time                                                99.36
  data arrival time                                                -21.57
  --------------------------------------------------------------------------
  slack (MET)                                                       77.79


  Startpoint: SE (input port clocked by DFTCLK)
  Endpoint: U_RegFile/regArr_reg[9][4]
            (rising edge-triggered flip-flop clocked by DFTCLK)
  Path Group: INREG
  Path Type: max

  Point                                                   Incr       Path
  --------------------------------------------------------------------------
  clock DFTCLK (rise edge)                                0.00       0.00
  clock network delay (ideal)                             0.00       0.00
  input external delay                                   20.00      20.00 r
  SE (in)                                                 0.48      20.48 r
  U_RegFile/test_se (RegFile_test_1)                      0.00      20.48 r
  U_RegFile/U379/Y (DLY1X1M)                              1.09      21.57 r
  U_RegFile/regArr_reg[9][4]/SE (SDFFRQX2M)               0.00      21.57 r
  data arrival time                                                 21.57

  clock DFTCLK (rise edge)                              100.00     100.00
  clock network delay (ideal)                             0.00     100.00
  clock uncertainty                                      -0.03      99.97
  U_RegFile/regArr_reg[9][4]/CK (SDFFRQX2M)               0.00      99.97 r
  library setup time                                     -0.61      99.36
  data required time                                                99.36
  --------------------------------------------------------------------------
  data required time                                                99.36
  data arrival time                                                -21.57
  --------------------------------------------------------------------------
  slack (MET)                                                       77.79


  Startpoint: SE (input port clocked by DFTCLK)
  Endpoint: U_RegFile/regArr_reg[9][1]
            (rising edge-triggered flip-flop clocked by DFTCLK)
  Path Group: INREG
  Path Type: max

  Point                                                   Incr       Path
  --------------------------------------------------------------------------
  clock DFTCLK (rise edge)                                0.00       0.00
  clock network delay (ideal)                             0.00       0.00
  input external delay                                   20.00      20.00 r
  SE (in)                                                 0.48      20.48 r
  U_RegFile/test_se (RegFile_test_1)                      0.00      20.48 r
  U_RegFile/U376/Y (DLY1X1M)                              1.09      21.57 r
  U_RegFile/regArr_reg[9][1]/SE (SDFFRQX2M)               0.00      21.57 r
  data arrival time                                                 21.57

  clock DFTCLK (rise edge)                              100.00     100.00
  clock network delay (ideal)                             0.00     100.00
  clock uncertainty                                      -0.03      99.97
  U_RegFile/regArr_reg[9][1]/CK (SDFFRQX2M)               0.00      99.97 r
  library setup time                                     -0.61      99.36
  data required time                                                99.36
  --------------------------------------------------------------------------
  data required time                                                99.36
  data arrival time                                                -21.57
  --------------------------------------------------------------------------
  slack (MET)                                                       77.79


  Startpoint: SE (input port clocked by DFTCLK)
  Endpoint: U_RegFile/regArr_reg[9][0]
            (rising edge-triggered flip-flop clocked by DFTCLK)
  Path Group: INREG
  Path Type: max

  Point                                                   Incr       Path
  --------------------------------------------------------------------------
  clock DFTCLK (rise edge)                                0.00       0.00
  clock network delay (ideal)                             0.00       0.00
  input external delay                                   20.00      20.00 r
  SE (in)                                                 0.48      20.48 r
  U_RegFile/test_se (RegFile_test_1)                      0.00      20.48 r
  U_RegFile/U379/Y (DLY1X1M)                              1.09      21.57 r
  U_RegFile/regArr_reg[9][0]/SE (SDFFRQX2M)               0.00      21.57 r
  data arrival time                                                 21.57

  clock DFTCLK (rise edge)                              100.00     100.00
  clock network delay (ideal)                             0.00     100.00
  clock uncertainty                                      -0.03      99.97
  U_RegFile/regArr_reg[9][0]/CK (SDFFRQX2M)               0.00      99.97 r
  library setup time                                     -0.61      99.36
  data required time                                                99.36
  --------------------------------------------------------------------------
  data required time                                                99.36
  data arrival time                                                -21.57
  --------------------------------------------------------------------------
  slack (MET)                                                       77.79


  Startpoint: SE (input port clocked by DFTCLK)
  Endpoint: U_RegFile/regArr_reg[5][5]
            (rising edge-triggered flip-flop clocked by DFTCLK)
  Path Group: INREG
  Path Type: max

  Point                                                   Incr       Path
  --------------------------------------------------------------------------
  clock DFTCLK (rise edge)                                0.00       0.00
  clock network delay (ideal)                             0.00       0.00
  input external delay                                   20.00      20.00 r
  SE (in)                                                 0.48      20.48 r
  U_RegFile/test_se (RegFile_test_1)                      0.00      20.48 r
  U_RegFile/U376/Y (DLY1X1M)                              1.09      21.57 r
  U_RegFile/regArr_reg[5][5]/SE (SDFFRQX2M)               0.00      21.57 r
  data arrival time                                                 21.57

  clock DFTCLK (rise edge)                              100.00     100.00
  clock network delay (ideal)                             0.00     100.00
  clock uncertainty                                      -0.03      99.97
  U_RegFile/regArr_reg[5][5]/CK (SDFFRQX2M)               0.00      99.97 r
  library setup time                                     -0.61      99.36
  data required time                                                99.36
  --------------------------------------------------------------------------
  data required time                                                99.36
  data arrival time                                                -21.57
  --------------------------------------------------------------------------
  slack (MET)                                                       77.79


  Startpoint: SE (input port clocked by DFTCLK)
  Endpoint: U_RegFile/regArr_reg[5][4]
            (rising edge-triggered flip-flop clocked by DFTCLK)
  Path Group: INREG
  Path Type: max

  Point                                                   Incr       Path
  --------------------------------------------------------------------------
  clock DFTCLK (rise edge)                                0.00       0.00
  clock network delay (ideal)                             0.00       0.00
  input external delay                                   20.00      20.00 r
  SE (in)                                                 0.48      20.48 r
  U_RegFile/test_se (RegFile_test_1)                      0.00      20.48 r
  U_RegFile/U379/Y (DLY1X1M)                              1.09      21.57 r
  U_RegFile/regArr_reg[5][4]/SE (SDFFRQX2M)               0.00      21.57 r
  data arrival time                                                 21.57

  clock DFTCLK (rise edge)                              100.00     100.00
  clock network delay (ideal)                             0.00     100.00
  clock uncertainty                                      -0.03      99.97
  U_RegFile/regArr_reg[5][4]/CK (SDFFRQX2M)               0.00      99.97 r
  library setup time                                     -0.61      99.36
  data required time                                                99.36
  --------------------------------------------------------------------------
  data required time                                                99.36
  data arrival time                                                -21.57
  --------------------------------------------------------------------------
  slack (MET)                                                       77.79


  Startpoint: SE (input port clocked by DFTCLK)
  Endpoint: U_RegFile/regArr_reg[5][1]
            (rising edge-triggered flip-flop clocked by DFTCLK)
  Path Group: INREG
  Path Type: max

  Point                                                   Incr       Path
  --------------------------------------------------------------------------
  clock DFTCLK (rise edge)                                0.00       0.00
  clock network delay (ideal)                             0.00       0.00
  input external delay                                   20.00      20.00 r
  SE (in)                                                 0.48      20.48 r
  U_RegFile/test_se (RegFile_test_1)                      0.00      20.48 r
  U_RegFile/U376/Y (DLY1X1M)                              1.09      21.57 r
  U_RegFile/regArr_reg[5][1]/SE (SDFFRQX2M)               0.00      21.57 r
  data arrival time                                                 21.57

  clock DFTCLK (rise edge)                              100.00     100.00
  clock network delay (ideal)                             0.00     100.00
  clock uncertainty                                      -0.03      99.97
  U_RegFile/regArr_reg[5][1]/CK (SDFFRQX2M)               0.00      99.97 r
  library setup time                                     -0.61      99.36
  data required time                                                99.36
  --------------------------------------------------------------------------
  data required time                                                99.36
  data arrival time                                                -21.57
  --------------------------------------------------------------------------
  slack (MET)                                                       77.79


  Startpoint: SE (input port clocked by DFTCLK)
  Endpoint: U_RegFile/regArr_reg[5][0]
            (rising edge-triggered flip-flop clocked by DFTCLK)
  Path Group: INREG
  Path Type: max

  Point                                                   Incr       Path
  --------------------------------------------------------------------------
  clock DFTCLK (rise edge)                                0.00       0.00
  clock network delay (ideal)                             0.00       0.00
  input external delay                                   20.00      20.00 r
  SE (in)                                                 0.48      20.48 r
  U_RegFile/test_se (RegFile_test_1)                      0.00      20.48 r
  U_RegFile/U379/Y (DLY1X1M)                              1.09      21.57 r
  U_RegFile/regArr_reg[5][0]/SE (SDFFRQX2M)               0.00      21.57 r
  data arrival time                                                 21.57

  clock DFTCLK (rise edge)                              100.00     100.00
  clock network delay (ideal)                             0.00     100.00
  clock uncertainty                                      -0.03      99.97
  U_RegFile/regArr_reg[5][0]/CK (SDFFRQX2M)               0.00      99.97 r
  library setup time                                     -0.61      99.36
  data required time                                                99.36
  --------------------------------------------------------------------------
  data required time                                                99.36
  data arrival time                                                -21.57
  --------------------------------------------------------------------------
  slack (MET)                                                       77.79


  Startpoint: SE (input port clocked by DFTCLK)
  Endpoint: U_RegFile/regArr_reg[11][5]
            (rising edge-triggered flip-flop clocked by DFTCLK)
  Path Group: INREG
  Path Type: max

  Point                                                   Incr       Path
  --------------------------------------------------------------------------
  clock DFTCLK (rise edge)                                0.00       0.00
  clock network delay (ideal)                             0.00       0.00
  input external delay                                   20.00      20.00 r
  SE (in)                                                 0.48      20.48 r
  U_RegFile/test_se (RegFile_test_1)                      0.00      20.48 r
  U_RegFile/U376/Y (DLY1X1M)                              1.09      21.57 r
  U_RegFile/regArr_reg[11][5]/SE (SDFFRQX2M)              0.00      21.57 r
  data arrival time                                                 21.57

  clock DFTCLK (rise edge)                              100.00     100.00
  clock network delay (ideal)                             0.00     100.00
  clock uncertainty                                      -0.03      99.97
  U_RegFile/regArr_reg[11][5]/CK (SDFFRQX2M)              0.00      99.97 r
  library setup time                                     -0.61      99.36
  data required time                                                99.36
  --------------------------------------------------------------------------
  data required time                                                99.36
  data arrival time                                                -21.57
  --------------------------------------------------------------------------
  slack (MET)                                                       77.79


  Startpoint: SE (input port clocked by DFTCLK)
  Endpoint: U_RegFile/regArr_reg[11][4]
            (rising edge-triggered flip-flop clocked by DFTCLK)
  Path Group: INREG
  Path Type: max

  Point                                                   Incr       Path
  --------------------------------------------------------------------------
  clock DFTCLK (rise edge)                                0.00       0.00
  clock network delay (ideal)                             0.00       0.00
  input external delay                                   20.00      20.00 r
  SE (in)                                                 0.48      20.48 r
  U_RegFile/test_se (RegFile_test_1)                      0.00      20.48 r
  U_RegFile/U379/Y (DLY1X1M)                              1.09      21.57 r
  U_RegFile/regArr_reg[11][4]/SE (SDFFRQX2M)              0.00      21.57 r
  data arrival time                                                 21.57

  clock DFTCLK (rise edge)                              100.00     100.00
  clock network delay (ideal)                             0.00     100.00
  clock uncertainty                                      -0.03      99.97
  U_RegFile/regArr_reg[11][4]/CK (SDFFRQX2M)              0.00      99.97 r
  library setup time                                     -0.61      99.36
  data required time                                                99.36
  --------------------------------------------------------------------------
  data required time                                                99.36
  data arrival time                                                -21.57
  --------------------------------------------------------------------------
  slack (MET)                                                       77.79


  Startpoint: SE (input port clocked by DFTCLK)
  Endpoint: U_RegFile/regArr_reg[11][1]
            (rising edge-triggered flip-flop clocked by DFTCLK)
  Path Group: INREG
  Path Type: max

  Point                                                   Incr       Path
  --------------------------------------------------------------------------
  clock DFTCLK (rise edge)                                0.00       0.00
  clock network delay (ideal)                             0.00       0.00
  input external delay                                   20.00      20.00 r
  SE (in)                                                 0.48      20.48 r
  U_RegFile/test_se (RegFile_test_1)                      0.00      20.48 r
  U_RegFile/U376/Y (DLY1X1M)                              1.09      21.57 r
  U_RegFile/regArr_reg[11][1]/SE (SDFFRQX2M)              0.00      21.57 r
  data arrival time                                                 21.57

  clock DFTCLK (rise edge)                              100.00     100.00
  clock network delay (ideal)                             0.00     100.00
  clock uncertainty                                      -0.03      99.97
  U_RegFile/regArr_reg[11][1]/CK (SDFFRQX2M)              0.00      99.97 r
  library setup time                                     -0.61      99.36
  data required time                                                99.36
  --------------------------------------------------------------------------
  data required time                                                99.36
  data arrival time                                                -21.57
  --------------------------------------------------------------------------
  slack (MET)                                                       77.79


  Startpoint: SE (input port clocked by DFTCLK)
  Endpoint: U_RegFile/regArr_reg[11][0]
            (rising edge-triggered flip-flop clocked by DFTCLK)
  Path Group: INREG
  Path Type: max

  Point                                                   Incr       Path
  --------------------------------------------------------------------------
  clock DFTCLK (rise edge)                                0.00       0.00
  clock network delay (ideal)                             0.00       0.00
  input external delay                                   20.00      20.00 r
  SE (in)                                                 0.48      20.48 r
  U_RegFile/test_se (RegFile_test_1)                      0.00      20.48 r
  U_RegFile/U379/Y (DLY1X1M)                              1.09      21.57 r
  U_RegFile/regArr_reg[11][0]/SE (SDFFRQX2M)              0.00      21.57 r
  data arrival time                                                 21.57

  clock DFTCLK (rise edge)                              100.00     100.00
  clock network delay (ideal)                             0.00     100.00
  clock uncertainty                                      -0.03      99.97
  U_RegFile/regArr_reg[11][0]/CK (SDFFRQX2M)              0.00      99.97 r
  library setup time                                     -0.61      99.36
  data required time                                                99.36
  --------------------------------------------------------------------------
  data required time                                                99.36
  data arrival time                                                -21.57
  --------------------------------------------------------------------------
  slack (MET)                                                       77.79


  Startpoint: SE (input port clocked by DFTCLK)
  Endpoint: U_RegFile/regArr_reg[7][5]
            (rising edge-triggered flip-flop clocked by DFTCLK)
  Path Group: INREG
  Path Type: max

  Point                                                   Incr       Path
  --------------------------------------------------------------------------
  clock DFTCLK (rise edge)                                0.00       0.00
  clock network delay (ideal)                             0.00       0.00
  input external delay                                   20.00      20.00 r
  SE (in)                                                 0.48      20.48 r
  U_RegFile/test_se (RegFile_test_1)                      0.00      20.48 r
  U_RegFile/U376/Y (DLY1X1M)                              1.09      21.57 r
  U_RegFile/regArr_reg[7][5]/SE (SDFFRQX2M)               0.00      21.57 r
  data arrival time                                                 21.57

  clock DFTCLK (rise edge)                              100.00     100.00
  clock network delay (ideal)                             0.00     100.00
  clock uncertainty                                      -0.03      99.97
  U_RegFile/regArr_reg[7][5]/CK (SDFFRQX2M)               0.00      99.97 r
  library setup time                                     -0.61      99.36
  data required time                                                99.36
  --------------------------------------------------------------------------
  data required time                                                99.36
  data arrival time                                                -21.57
  --------------------------------------------------------------------------
  slack (MET)                                                       77.79


  Startpoint: SE (input port clocked by DFTCLK)
  Endpoint: U_RegFile/regArr_reg[7][4]
            (rising edge-triggered flip-flop clocked by DFTCLK)
  Path Group: INREG
  Path Type: max

  Point                                                   Incr       Path
  --------------------------------------------------------------------------
  clock DFTCLK (rise edge)                                0.00       0.00
  clock network delay (ideal)                             0.00       0.00
  input external delay                                   20.00      20.00 r
  SE (in)                                                 0.48      20.48 r
  U_RegFile/test_se (RegFile_test_1)                      0.00      20.48 r
  U_RegFile/U379/Y (DLY1X1M)                              1.09      21.57 r
  U_RegFile/regArr_reg[7][4]/SE (SDFFRQX2M)               0.00      21.57 r
  data arrival time                                                 21.57

  clock DFTCLK (rise edge)                              100.00     100.00
  clock network delay (ideal)                             0.00     100.00
  clock uncertainty                                      -0.03      99.97
  U_RegFile/regArr_reg[7][4]/CK (SDFFRQX2M)               0.00      99.97 r
  library setup time                                     -0.61      99.36
  data required time                                                99.36
  --------------------------------------------------------------------------
  data required time                                                99.36
  data arrival time                                                -21.57
  --------------------------------------------------------------------------
  slack (MET)                                                       77.79


  Startpoint: SE (input port clocked by DFTCLK)
  Endpoint: U_RegFile/regArr_reg[7][1]
            (rising edge-triggered flip-flop clocked by DFTCLK)
  Path Group: INREG
  Path Type: max

  Point                                                   Incr       Path
  --------------------------------------------------------------------------
  clock DFTCLK (rise edge)                                0.00       0.00
  clock network delay (ideal)                             0.00       0.00
  input external delay                                   20.00      20.00 r
  SE (in)                                                 0.48      20.48 r
  U_RegFile/test_se (RegFile_test_1)                      0.00      20.48 r
  U_RegFile/U376/Y (DLY1X1M)                              1.09      21.57 r
  U_RegFile/regArr_reg[7][1]/SE (SDFFRQX2M)               0.00      21.57 r
  data arrival time                                                 21.57

  clock DFTCLK (rise edge)                              100.00     100.00
  clock network delay (ideal)                             0.00     100.00
  clock uncertainty                                      -0.03      99.97
  U_RegFile/regArr_reg[7][1]/CK (SDFFRQX2M)               0.00      99.97 r
  library setup time                                     -0.61      99.36
  data required time                                                99.36
  --------------------------------------------------------------------------
  data required time                                                99.36
  data arrival time                                                -21.57
  --------------------------------------------------------------------------
  slack (MET)                                                       77.79


  Startpoint: SE (input port clocked by DFTCLK)
  Endpoint: U_RegFile/regArr_reg[7][0]
            (rising edge-triggered flip-flop clocked by DFTCLK)
  Path Group: INREG
  Path Type: max

  Point                                                   Incr       Path
  --------------------------------------------------------------------------
  clock DFTCLK (rise edge)                                0.00       0.00
  clock network delay (ideal)                             0.00       0.00
  input external delay                                   20.00      20.00 r
  SE (in)                                                 0.48      20.48 r
  U_RegFile/test_se (RegFile_test_1)                      0.00      20.48 r
  U_RegFile/U379/Y (DLY1X1M)                              1.09      21.57 r
  U_RegFile/regArr_reg[7][0]/SE (SDFFRQX2M)               0.00      21.57 r
  data arrival time                                                 21.57

  clock DFTCLK (rise edge)                              100.00     100.00
  clock network delay (ideal)                             0.00     100.00
  clock uncertainty                                      -0.03      99.97
  U_RegFile/regArr_reg[7][0]/CK (SDFFRQX2M)               0.00      99.97 r
  library setup time                                     -0.61      99.36
  data required time                                                99.36
  --------------------------------------------------------------------------
  data required time                                                99.36
  data arrival time                                                -21.57
  --------------------------------------------------------------------------
  slack (MET)                                                       77.79


  Startpoint: SE (input port clocked by DFTCLK)
  Endpoint: U_RegFile/regArr_reg[10][5]
            (rising edge-triggered flip-flop clocked by DFTCLK)
  Path Group: INREG
  Path Type: max

  Point                                                   Incr       Path
  --------------------------------------------------------------------------
  clock DFTCLK (rise edge)                                0.00       0.00
  clock network delay (ideal)                             0.00       0.00
  input external delay                                   20.00      20.00 r
  SE (in)                                                 0.48      20.48 r
  U_RegFile/test_se (RegFile_test_1)                      0.00      20.48 r
  U_RegFile/U376/Y (DLY1X1M)                              1.09      21.57 r
  U_RegFile/regArr_reg[10][5]/SE (SDFFRQX2M)              0.00      21.57 r
  data arrival time                                                 21.57

  clock DFTCLK (rise edge)                              100.00     100.00
  clock network delay (ideal)                             0.00     100.00
  clock uncertainty                                      -0.03      99.97
  U_RegFile/regArr_reg[10][5]/CK (SDFFRQX2M)              0.00      99.97 r
  library setup time                                     -0.61      99.36
  data required time                                                99.36
  --------------------------------------------------------------------------
  data required time                                                99.36
  data arrival time                                                -21.57
  --------------------------------------------------------------------------
  slack (MET)                                                       77.79


  Startpoint: SE (input port clocked by DFTCLK)
  Endpoint: U_RegFile/regArr_reg[10][4]
            (rising edge-triggered flip-flop clocked by DFTCLK)
  Path Group: INREG
  Path Type: max

  Point                                                   Incr       Path
  --------------------------------------------------------------------------
  clock DFTCLK (rise edge)                                0.00       0.00
  clock network delay (ideal)                             0.00       0.00
  input external delay                                   20.00      20.00 r
  SE (in)                                                 0.48      20.48 r
  U_RegFile/test_se (RegFile_test_1)                      0.00      20.48 r
  U_RegFile/U379/Y (DLY1X1M)                              1.09      21.57 r
  U_RegFile/regArr_reg[10][4]/SE (SDFFRQX2M)              0.00      21.57 r
  data arrival time                                                 21.57

  clock DFTCLK (rise edge)                              100.00     100.00
  clock network delay (ideal)                             0.00     100.00
  clock uncertainty                                      -0.03      99.97
  U_RegFile/regArr_reg[10][4]/CK (SDFFRQX2M)              0.00      99.97 r
  library setup time                                     -0.61      99.36
  data required time                                                99.36
  --------------------------------------------------------------------------
  data required time                                                99.36
  data arrival time                                                -21.57
  --------------------------------------------------------------------------
  slack (MET)                                                       77.79


  Startpoint: SE (input port clocked by DFTCLK)
  Endpoint: U_RegFile/regArr_reg[10][1]
            (rising edge-triggered flip-flop clocked by DFTCLK)
  Path Group: INREG
  Path Type: max

  Point                                                   Incr       Path
  --------------------------------------------------------------------------
  clock DFTCLK (rise edge)                                0.00       0.00
  clock network delay (ideal)                             0.00       0.00
  input external delay                                   20.00      20.00 r
  SE (in)                                                 0.48      20.48 r
  U_RegFile/test_se (RegFile_test_1)                      0.00      20.48 r
  U_RegFile/U376/Y (DLY1X1M)                              1.09      21.57 r
  U_RegFile/regArr_reg[10][1]/SE (SDFFRQX2M)              0.00      21.57 r
  data arrival time                                                 21.57

  clock DFTCLK (rise edge)                              100.00     100.00
  clock network delay (ideal)                             0.00     100.00
  clock uncertainty                                      -0.03      99.97
  U_RegFile/regArr_reg[10][1]/CK (SDFFRQX2M)              0.00      99.97 r
  library setup time                                     -0.61      99.36
  data required time                                                99.36
  --------------------------------------------------------------------------
  data required time                                                99.36
  data arrival time                                                -21.57
  --------------------------------------------------------------------------
  slack (MET)                                                       77.79


  Startpoint: SE (input port clocked by DFTCLK)
  Endpoint: U_RegFile/regArr_reg[10][0]
            (rising edge-triggered flip-flop clocked by DFTCLK)
  Path Group: INREG
  Path Type: max

  Point                                                   Incr       Path
  --------------------------------------------------------------------------
  clock DFTCLK (rise edge)                                0.00       0.00
  clock network delay (ideal)                             0.00       0.00
  input external delay                                   20.00      20.00 r
  SE (in)                                                 0.48      20.48 r
  U_RegFile/test_se (RegFile_test_1)                      0.00      20.48 r
  U_RegFile/U379/Y (DLY1X1M)                              1.09      21.57 r
  U_RegFile/regArr_reg[10][0]/SE (SDFFRQX2M)              0.00      21.57 r
  data arrival time                                                 21.57

  clock DFTCLK (rise edge)                              100.00     100.00
  clock network delay (ideal)                             0.00     100.00
  clock uncertainty                                      -0.03      99.97
  U_RegFile/regArr_reg[10][0]/CK (SDFFRQX2M)              0.00      99.97 r
  library setup time                                     -0.61      99.36
  data required time                                                99.36
  --------------------------------------------------------------------------
  data required time                                                99.36
  data arrival time                                                -21.57
  --------------------------------------------------------------------------
  slack (MET)                                                       77.79


  Startpoint: SE (input port clocked by DFTCLK)
  Endpoint: U_RegFile/regArr_reg[6][5]
            (rising edge-triggered flip-flop clocked by DFTCLK)
  Path Group: INREG
  Path Type: max

  Point                                                   Incr       Path
  --------------------------------------------------------------------------
  clock DFTCLK (rise edge)                                0.00       0.00
  clock network delay (ideal)                             0.00       0.00
  input external delay                                   20.00      20.00 r
  SE (in)                                                 0.48      20.48 r
  U_RegFile/test_se (RegFile_test_1)                      0.00      20.48 r
  U_RegFile/U376/Y (DLY1X1M)                              1.09      21.57 r
  U_RegFile/regArr_reg[6][5]/SE (SDFFRQX2M)               0.00      21.57 r
  data arrival time                                                 21.57

  clock DFTCLK (rise edge)                              100.00     100.00
  clock network delay (ideal)                             0.00     100.00
  clock uncertainty                                      -0.03      99.97
  U_RegFile/regArr_reg[6][5]/CK (SDFFRQX2M)               0.00      99.97 r
  library setup time                                     -0.61      99.36
  data required time                                                99.36
  --------------------------------------------------------------------------
  data required time                                                99.36
  data arrival time                                                -21.57
  --------------------------------------------------------------------------
  slack (MET)                                                       77.79


  Startpoint: SE (input port clocked by DFTCLK)
  Endpoint: U_RegFile/regArr_reg[6][4]
            (rising edge-triggered flip-flop clocked by DFTCLK)
  Path Group: INREG
  Path Type: max

  Point                                                   Incr       Path
  --------------------------------------------------------------------------
  clock DFTCLK (rise edge)                                0.00       0.00
  clock network delay (ideal)                             0.00       0.00
  input external delay                                   20.00      20.00 r
  SE (in)                                                 0.48      20.48 r
  U_RegFile/test_se (RegFile_test_1)                      0.00      20.48 r
  U_RegFile/U379/Y (DLY1X1M)                              1.09      21.57 r
  U_RegFile/regArr_reg[6][4]/SE (SDFFRQX2M)               0.00      21.57 r
  data arrival time                                                 21.57

  clock DFTCLK (rise edge)                              100.00     100.00
  clock network delay (ideal)                             0.00     100.00
  clock uncertainty                                      -0.03      99.97
  U_RegFile/regArr_reg[6][4]/CK (SDFFRQX2M)               0.00      99.97 r
  library setup time                                     -0.61      99.36
  data required time                                                99.36
  --------------------------------------------------------------------------
  data required time                                                99.36
  data arrival time                                                -21.57
  --------------------------------------------------------------------------
  slack (MET)                                                       77.79


  Startpoint: SE (input port clocked by DFTCLK)
  Endpoint: U_RegFile/regArr_reg[6][1]
            (rising edge-triggered flip-flop clocked by DFTCLK)
  Path Group: INREG
  Path Type: max

  Point                                                   Incr       Path
  --------------------------------------------------------------------------
  clock DFTCLK (rise edge)                                0.00       0.00
  clock network delay (ideal)                             0.00       0.00
  input external delay                                   20.00      20.00 r
  SE (in)                                                 0.48      20.48 r
  U_RegFile/test_se (RegFile_test_1)                      0.00      20.48 r
  U_RegFile/U376/Y (DLY1X1M)                              1.09      21.57 r
  U_RegFile/regArr_reg[6][1]/SE (SDFFRQX2M)               0.00      21.57 r
  data arrival time                                                 21.57

  clock DFTCLK (rise edge)                              100.00     100.00
  clock network delay (ideal)                             0.00     100.00
  clock uncertainty                                      -0.03      99.97
  U_RegFile/regArr_reg[6][1]/CK (SDFFRQX2M)               0.00      99.97 r
  library setup time                                     -0.61      99.36
  data required time                                                99.36
  --------------------------------------------------------------------------
  data required time                                                99.36
  data arrival time                                                -21.57
  --------------------------------------------------------------------------
  slack (MET)                                                       77.79


  Startpoint: SE (input port clocked by DFTCLK)
  Endpoint: U_RegFile/regArr_reg[6][0]
            (rising edge-triggered flip-flop clocked by DFTCLK)
  Path Group: INREG
  Path Type: max

  Point                                                   Incr       Path
  --------------------------------------------------------------------------
  clock DFTCLK (rise edge)                                0.00       0.00
  clock network delay (ideal)                             0.00       0.00
  input external delay                                   20.00      20.00 r
  SE (in)                                                 0.48      20.48 r
  U_RegFile/test_se (RegFile_test_1)                      0.00      20.48 r
  U_RegFile/U379/Y (DLY1X1M)                              1.09      21.57 r
  U_RegFile/regArr_reg[6][0]/SE (SDFFRQX2M)               0.00      21.57 r
  data arrival time                                                 21.57

  clock DFTCLK (rise edge)                              100.00     100.00
  clock network delay (ideal)                             0.00     100.00
  clock uncertainty                                      -0.03      99.97
  U_RegFile/regArr_reg[6][0]/CK (SDFFRQX2M)               0.00      99.97 r
  library setup time                                     -0.61      99.36
  data required time                                                99.36
  --------------------------------------------------------------------------
  data required time                                                99.36
  data arrival time                                                -21.57
  --------------------------------------------------------------------------
  slack (MET)                                                       77.79


  Startpoint: SE (input port clocked by DFTCLK)
  Endpoint: U_RegFile/regArr_reg[12][0]
            (rising edge-triggered flip-flop clocked by DFTCLK)
  Path Group: INREG
  Path Type: max

  Point                                                   Incr       Path
  --------------------------------------------------------------------------
  clock DFTCLK (rise edge)                                0.00       0.00
  clock network delay (ideal)                             0.00       0.00
  input external delay                                   20.00      20.00 r
  SE (in)                                                 0.48      20.48 r
  U_RegFile/test_se (RegFile_test_1)                      0.00      20.48 r
  U_RegFile/U379/Y (DLY1X1M)                              1.09      21.57 r
  U_RegFile/regArr_reg[12][0]/SE (SDFFRQX2M)              0.00      21.57 r
  data arrival time                                                 21.57

  clock DFTCLK (rise edge)                              100.00     100.00
  clock network delay (ideal)                             0.00     100.00
  clock uncertainty                                      -0.03      99.97
  U_RegFile/regArr_reg[12][0]/CK (SDFFRQX2M)              0.00      99.97 r
  library setup time                                     -0.61      99.36
  data required time                                                99.36
  --------------------------------------------------------------------------
  data required time                                                99.36
  data arrival time                                                -21.57
  --------------------------------------------------------------------------
  slack (MET)                                                       77.79


  Startpoint: SE (input port clocked by DFTCLK)
  Endpoint: U_RegFile/regArr_reg[8][5]
            (rising edge-triggered flip-flop clocked by DFTCLK)
  Path Group: INREG
  Path Type: max

  Point                                                   Incr       Path
  --------------------------------------------------------------------------
  clock DFTCLK (rise edge)                                0.00       0.00
  clock network delay (ideal)                             0.00       0.00
  input external delay                                   20.00      20.00 r
  SE (in)                                                 0.48      20.48 r
  U_RegFile/test_se (RegFile_test_1)                      0.00      20.48 r
  U_RegFile/U376/Y (DLY1X1M)                              1.09      21.57 r
  U_RegFile/regArr_reg[8][5]/SE (SDFFRQX2M)               0.00      21.57 r
  data arrival time                                                 21.57

  clock DFTCLK (rise edge)                              100.00     100.00
  clock network delay (ideal)                             0.00     100.00
  clock uncertainty                                      -0.03      99.97
  U_RegFile/regArr_reg[8][5]/CK (SDFFRQX2M)               0.00      99.97 r
  library setup time                                     -0.61      99.36
  data required time                                                99.36
  --------------------------------------------------------------------------
  data required time                                                99.36
  data arrival time                                                -21.57
  --------------------------------------------------------------------------
  slack (MET)                                                       77.79


  Startpoint: SE (input port clocked by DFTCLK)
  Endpoint: U_RegFile/regArr_reg[8][4]
            (rising edge-triggered flip-flop clocked by DFTCLK)
  Path Group: INREG
  Path Type: max

  Point                                                   Incr       Path
  --------------------------------------------------------------------------
  clock DFTCLK (rise edge)                                0.00       0.00
  clock network delay (ideal)                             0.00       0.00
  input external delay                                   20.00      20.00 r
  SE (in)                                                 0.48      20.48 r
  U_RegFile/test_se (RegFile_test_1)                      0.00      20.48 r
  U_RegFile/U379/Y (DLY1X1M)                              1.09      21.57 r
  U_RegFile/regArr_reg[8][4]/SE (SDFFRQX2M)               0.00      21.57 r
  data arrival time                                                 21.57

  clock DFTCLK (rise edge)                              100.00     100.00
  clock network delay (ideal)                             0.00     100.00
  clock uncertainty                                      -0.03      99.97
  U_RegFile/regArr_reg[8][4]/CK (SDFFRQX2M)               0.00      99.97 r
  library setup time                                     -0.61      99.36
  data required time                                                99.36
  --------------------------------------------------------------------------
  data required time                                                99.36
  data arrival time                                                -21.57
  --------------------------------------------------------------------------
  slack (MET)                                                       77.79


  Startpoint: SE (input port clocked by DFTCLK)
  Endpoint: U_RegFile/regArr_reg[8][1]
            (rising edge-triggered flip-flop clocked by DFTCLK)
  Path Group: INREG
  Path Type: max

  Point                                                   Incr       Path
  --------------------------------------------------------------------------
  clock DFTCLK (rise edge)                                0.00       0.00
  clock network delay (ideal)                             0.00       0.00
  input external delay                                   20.00      20.00 r
  SE (in)                                                 0.48      20.48 r
  U_RegFile/test_se (RegFile_test_1)                      0.00      20.48 r
  U_RegFile/U376/Y (DLY1X1M)                              1.09      21.57 r
  U_RegFile/regArr_reg[8][1]/SE (SDFFRQX2M)               0.00      21.57 r
  data arrival time                                                 21.57

  clock DFTCLK (rise edge)                              100.00     100.00
  clock network delay (ideal)                             0.00     100.00
  clock uncertainty                                      -0.03      99.97
  U_RegFile/regArr_reg[8][1]/CK (SDFFRQX2M)               0.00      99.97 r
  library setup time                                     -0.61      99.36
  data required time                                                99.36
  --------------------------------------------------------------------------
  data required time                                                99.36
  data arrival time                                                -21.57
  --------------------------------------------------------------------------
  slack (MET)                                                       77.79


  Startpoint: SE (input port clocked by DFTCLK)
  Endpoint: U_RegFile/regArr_reg[8][0]
            (rising edge-triggered flip-flop clocked by DFTCLK)
  Path Group: INREG
  Path Type: max

  Point                                                   Incr       Path
  --------------------------------------------------------------------------
  clock DFTCLK (rise edge)                                0.00       0.00
  clock network delay (ideal)                             0.00       0.00
  input external delay                                   20.00      20.00 r
  SE (in)                                                 0.48      20.48 r
  U_RegFile/test_se (RegFile_test_1)                      0.00      20.48 r
  U_RegFile/U379/Y (DLY1X1M)                              1.09      21.57 r
  U_RegFile/regArr_reg[8][0]/SE (SDFFRQX2M)               0.00      21.57 r
  data arrival time                                                 21.57

  clock DFTCLK (rise edge)                              100.00     100.00
  clock network delay (ideal)                             0.00     100.00
  clock uncertainty                                      -0.03      99.97
  U_RegFile/regArr_reg[8][0]/CK (SDFFRQX2M)               0.00      99.97 r
  library setup time                                     -0.61      99.36
  data required time                                                99.36
  --------------------------------------------------------------------------
  data required time                                                99.36
  data arrival time                                                -21.57
  --------------------------------------------------------------------------
  slack (MET)                                                       77.79


  Startpoint: SE (input port clocked by DFTCLK)
  Endpoint: U_RegFile/regArr_reg[4][5]
            (rising edge-triggered flip-flop clocked by DFTCLK)
  Path Group: INREG
  Path Type: max

  Point                                                   Incr       Path
  --------------------------------------------------------------------------
  clock DFTCLK (rise edge)                                0.00       0.00
  clock network delay (ideal)                             0.00       0.00
  input external delay                                   20.00      20.00 r
  SE (in)                                                 0.48      20.48 r
  U_RegFile/test_se (RegFile_test_1)                      0.00      20.48 r
  U_RegFile/U376/Y (DLY1X1M)                              1.09      21.57 r
  U_RegFile/regArr_reg[4][5]/SE (SDFFRQX2M)               0.00      21.57 r
  data arrival time                                                 21.57

  clock DFTCLK (rise edge)                              100.00     100.00
  clock network delay (ideal)                             0.00     100.00
  clock uncertainty                                      -0.03      99.97
  U_RegFile/regArr_reg[4][5]/CK (SDFFRQX2M)               0.00      99.97 r
  library setup time                                     -0.61      99.36
  data required time                                                99.36
  --------------------------------------------------------------------------
  data required time                                                99.36
  data arrival time                                                -21.57
  --------------------------------------------------------------------------
  slack (MET)                                                       77.79


  Startpoint: SE (input port clocked by DFTCLK)
  Endpoint: U_RegFile/regArr_reg[4][4]
            (rising edge-triggered flip-flop clocked by DFTCLK)
  Path Group: INREG
  Path Type: max

  Point                                                   Incr       Path
  --------------------------------------------------------------------------
  clock DFTCLK (rise edge)                                0.00       0.00
  clock network delay (ideal)                             0.00       0.00
  input external delay                                   20.00      20.00 r
  SE (in)                                                 0.48      20.48 r
  U_RegFile/test_se (RegFile_test_1)                      0.00      20.48 r
  U_RegFile/U379/Y (DLY1X1M)                              1.09      21.57 r
  U_RegFile/regArr_reg[4][4]/SE (SDFFRQX2M)               0.00      21.57 r
  data arrival time                                                 21.57

  clock DFTCLK (rise edge)                              100.00     100.00
  clock network delay (ideal)                             0.00     100.00
  clock uncertainty                                      -0.03      99.97
  U_RegFile/regArr_reg[4][4]/CK (SDFFRQX2M)               0.00      99.97 r
  library setup time                                     -0.61      99.36
  data required time                                                99.36
  --------------------------------------------------------------------------
  data required time                                                99.36
  data arrival time                                                -21.57
  --------------------------------------------------------------------------
  slack (MET)                                                       77.79


  Startpoint: SE (input port clocked by DFTCLK)
  Endpoint: U_RegFile/regArr_reg[4][1]
            (rising edge-triggered flip-flop clocked by DFTCLK)
  Path Group: INREG
  Path Type: max

  Point                                                   Incr       Path
  --------------------------------------------------------------------------
  clock DFTCLK (rise edge)                                0.00       0.00
  clock network delay (ideal)                             0.00       0.00
  input external delay                                   20.00      20.00 r
  SE (in)                                                 0.48      20.48 r
  U_RegFile/test_se (RegFile_test_1)                      0.00      20.48 r
  U_RegFile/U376/Y (DLY1X1M)                              1.09      21.57 r
  U_RegFile/regArr_reg[4][1]/SE (SDFFRQX2M)               0.00      21.57 r
  data arrival time                                                 21.57

  clock DFTCLK (rise edge)                              100.00     100.00
  clock network delay (ideal)                             0.00     100.00
  clock uncertainty                                      -0.03      99.97
  U_RegFile/regArr_reg[4][1]/CK (SDFFRQX2M)               0.00      99.97 r
  library setup time                                     -0.61      99.36
  data required time                                                99.36
  --------------------------------------------------------------------------
  data required time                                                99.36
  data arrival time                                                -21.57
  --------------------------------------------------------------------------
  slack (MET)                                                       77.79


  Startpoint: SE (input port clocked by DFTCLK)
  Endpoint: U_RegFile/regArr_reg[4][0]
            (rising edge-triggered flip-flop clocked by DFTCLK)
  Path Group: INREG
  Path Type: max

  Point                                                   Incr       Path
  --------------------------------------------------------------------------
  clock DFTCLK (rise edge)                                0.00       0.00
  clock network delay (ideal)                             0.00       0.00
  input external delay                                   20.00      20.00 r
  SE (in)                                                 0.48      20.48 r
  U_RegFile/test_se (RegFile_test_1)                      0.00      20.48 r
  U_RegFile/U379/Y (DLY1X1M)                              1.09      21.57 r
  U_RegFile/regArr_reg[4][0]/SE (SDFFRQX2M)               0.00      21.57 r
  data arrival time                                                 21.57

  clock DFTCLK (rise edge)                              100.00     100.00
  clock network delay (ideal)                             0.00     100.00
  clock uncertainty                                      -0.03      99.97
  U_RegFile/regArr_reg[4][0]/CK (SDFFRQX2M)               0.00      99.97 r
  library setup time                                     -0.61      99.36
  data required time                                                99.36
  --------------------------------------------------------------------------
  data required time                                                99.36
  data arrival time                                                -21.57
  --------------------------------------------------------------------------
  slack (MET)                                                       77.79


  Startpoint: SE (input port clocked by DFTCLK)
  Endpoint: U_RegFile/RdData_reg[5]
            (rising edge-triggered flip-flop clocked by DFTCLK)
  Path Group: INREG
  Path Type: max

  Point                                                   Incr       Path
  --------------------------------------------------------------------------
  clock DFTCLK (rise edge)                                0.00       0.00
  clock network delay (ideal)                             0.00       0.00
  input external delay                                   20.00      20.00 r
  SE (in)                                                 0.48      20.48 r
  U_RegFile/test_se (RegFile_test_1)                      0.00      20.48 r
  U_RegFile/U376/Y (DLY1X1M)                              1.09      21.57 r
  U_RegFile/RdData_reg[5]/SE (SDFFRQX2M)                  0.00      21.57 r
  data arrival time                                                 21.57

  clock DFTCLK (rise edge)                              100.00     100.00
  clock network delay (ideal)                             0.00     100.00
  clock uncertainty                                      -0.03      99.97
  U_RegFile/RdData_reg[5]/CK (SDFFRQX2M)                  0.00      99.97 r
  library setup time                                     -0.61      99.36
  data required time                                                99.36
  --------------------------------------------------------------------------
  data required time                                                99.36
  data arrival time                                                -21.57
  --------------------------------------------------------------------------
  slack (MET)                                                       77.79


  Startpoint: SE (input port clocked by DFTCLK)
  Endpoint: U_RegFile/RdData_reg[4]
            (rising edge-triggered flip-flop clocked by DFTCLK)
  Path Group: INREG
  Path Type: max

  Point                                                   Incr       Path
  --------------------------------------------------------------------------
  clock DFTCLK (rise edge)                                0.00       0.00
  clock network delay (ideal)                             0.00       0.00
  input external delay                                   20.00      20.00 r
  SE (in)                                                 0.48      20.48 r
  U_RegFile/test_se (RegFile_test_1)                      0.00      20.48 r
  U_RegFile/U379/Y (DLY1X1M)                              1.09      21.57 r
  U_RegFile/RdData_reg[4]/SE (SDFFRQX2M)                  0.00      21.57 r
  data arrival time                                                 21.57

  clock DFTCLK (rise edge)                              100.00     100.00
  clock network delay (ideal)                             0.00     100.00
  clock uncertainty                                      -0.03      99.97
  U_RegFile/RdData_reg[4]/CK (SDFFRQX2M)                  0.00      99.97 r
  library setup time                                     -0.61      99.36
  data required time                                                99.36
  --------------------------------------------------------------------------
  data required time                                                99.36
  data arrival time                                                -21.57
  --------------------------------------------------------------------------
  slack (MET)                                                       77.79


  Startpoint: SE (input port clocked by DFTCLK)
  Endpoint: U_RegFile/RdData_reg[1]
            (rising edge-triggered flip-flop clocked by DFTCLK)
  Path Group: INREG
  Path Type: max

  Point                                                   Incr       Path
  --------------------------------------------------------------------------
  clock DFTCLK (rise edge)                                0.00       0.00
  clock network delay (ideal)                             0.00       0.00
  input external delay                                   20.00      20.00 r
  SE (in)                                                 0.48      20.48 r
  U_RegFile/test_se (RegFile_test_1)                      0.00      20.48 r
  U_RegFile/U376/Y (DLY1X1M)                              1.09      21.57 r
  U_RegFile/RdData_reg[1]/SE (SDFFRQX2M)                  0.00      21.57 r
  data arrival time                                                 21.57

  clock DFTCLK (rise edge)                              100.00     100.00
  clock network delay (ideal)                             0.00     100.00
  clock uncertainty                                      -0.03      99.97
  U_RegFile/RdData_reg[1]/CK (SDFFRQX2M)                  0.00      99.97 r
  library setup time                                     -0.61      99.36
  data required time                                                99.36
  --------------------------------------------------------------------------
  data required time                                                99.36
  data arrival time                                                -21.57
  --------------------------------------------------------------------------
  slack (MET)                                                       77.79


  Startpoint: SE (input port clocked by DFTCLK)
  Endpoint: U_RegFile/RdData_reg[0]
            (rising edge-triggered flip-flop clocked by DFTCLK)
  Path Group: INREG
  Path Type: max

  Point                                                   Incr       Path
  --------------------------------------------------------------------------
  clock DFTCLK (rise edge)                                0.00       0.00
  clock network delay (ideal)                             0.00       0.00
  input external delay                                   20.00      20.00 r
  SE (in)                                                 0.48      20.48 r
  U_RegFile/test_se (RegFile_test_1)                      0.00      20.48 r
  U_RegFile/U379/Y (DLY1X1M)                              1.09      21.57 r
  U_RegFile/RdData_reg[0]/SE (SDFFRQX2M)                  0.00      21.57 r
  data arrival time                                                 21.57

  clock DFTCLK (rise edge)                              100.00     100.00
  clock network delay (ideal)                             0.00     100.00
  clock uncertainty                                      -0.03      99.97
  U_RegFile/RdData_reg[0]/CK (SDFFRQX2M)                  0.00      99.97 r
  library setup time                                     -0.61      99.36
  data required time                                                99.36
  --------------------------------------------------------------------------
  data required time                                                99.36
  data arrival time                                                -21.57
  --------------------------------------------------------------------------
  slack (MET)                                                       77.79


  Startpoint: SE (input port clocked by DFTCLK)
  Endpoint: U_RegFile/regArr_reg[1][6]
            (rising edge-triggered flip-flop clocked by DFTCLK)
  Path Group: INREG
  Path Type: max

  Point                                                   Incr       Path
  --------------------------------------------------------------------------
  clock DFTCLK (rise edge)                                0.00       0.00
  clock network delay (ideal)                             0.00       0.00
  input external delay                                   20.00      20.00 r
  SE (in)                                                 0.48      20.48 r
  U_RegFile/test_se (RegFile_test_1)                      0.00      20.48 r
  U_RegFile/U376/Y (DLY1X1M)                              1.09      21.57 r
  U_RegFile/regArr_reg[1][6]/SE (SDFFRQX2M)               0.00      21.57 r
  data arrival time                                                 21.57

  clock DFTCLK (rise edge)                              100.00     100.00
  clock network delay (ideal)                             0.00     100.00
  clock uncertainty                                      -0.03      99.97
  U_RegFile/regArr_reg[1][6]/CK (SDFFRQX2M)               0.00      99.97 r
  library setup time                                     -0.61      99.36
  data required time                                                99.36
  --------------------------------------------------------------------------
  data required time                                                99.36
  data arrival time                                                -21.57
  --------------------------------------------------------------------------
  slack (MET)                                                       77.79


  Startpoint: SE (input port clocked by DFTCLK)
  Endpoint: U_RegFile/regArr_reg[1][1]
            (rising edge-triggered flip-flop clocked by DFTCLK)
  Path Group: INREG
  Path Type: max

  Point                                                   Incr       Path
  --------------------------------------------------------------------------
  clock DFTCLK (rise edge)                                0.00       0.00
  clock network delay (ideal)                             0.00       0.00
  input external delay                                   20.00      20.00 r
  SE (in)                                                 0.48      20.48 r
  U_RegFile/test_se (RegFile_test_1)                      0.00      20.48 r
  U_RegFile/U379/Y (DLY1X1M)                              1.09      21.57 r
  U_RegFile/regArr_reg[1][1]/SE (SDFFRQX2M)               0.00      21.57 r
  data arrival time                                                 21.57

  clock DFTCLK (rise edge)                              100.00     100.00
  clock network delay (ideal)                             0.00     100.00
  clock uncertainty                                      -0.03      99.97
  U_RegFile/regArr_reg[1][1]/CK (SDFFRQX2M)               0.00      99.97 r
  library setup time                                     -0.61      99.36
  data required time                                                99.36
  --------------------------------------------------------------------------
  data required time                                                99.36
  data arrival time                                                -21.57
  --------------------------------------------------------------------------
  slack (MET)                                                       77.79


  Startpoint: SE (input port clocked by DFTCLK)
  Endpoint: U_RegFile/regArr_reg[0][5]
            (rising edge-triggered flip-flop clocked by DFTCLK)
  Path Group: INREG
  Path Type: max

  Point                                                   Incr       Path
  --------------------------------------------------------------------------
  clock DFTCLK (rise edge)                                0.00       0.00
  clock network delay (ideal)                             0.00       0.00
  input external delay                                   20.00      20.00 r
  SE (in)                                                 0.48      20.48 r
  U_RegFile/test_se (RegFile_test_1)                      0.00      20.48 r
  U_RegFile/U376/Y (DLY1X1M)                              1.09      21.57 r
  U_RegFile/regArr_reg[0][5]/SE (SDFFRQX2M)               0.00      21.57 r
  data arrival time                                                 21.57

  clock DFTCLK (rise edge)                              100.00     100.00
  clock network delay (ideal)                             0.00     100.00
  clock uncertainty                                      -0.03      99.97
  U_RegFile/regArr_reg[0][5]/CK (SDFFRQX2M)               0.00      99.97 r
  library setup time                                     -0.61      99.36
  data required time                                                99.36
  --------------------------------------------------------------------------
  data required time                                                99.36
  data arrival time                                                -21.57
  --------------------------------------------------------------------------
  slack (MET)                                                       77.79


  Startpoint: SE (input port clocked by DFTCLK)
  Endpoint: U_RegFile/regArr_reg[0][4]
            (rising edge-triggered flip-flop clocked by DFTCLK)
  Path Group: INREG
  Path Type: max

  Point                                                   Incr       Path
  --------------------------------------------------------------------------
  clock DFTCLK (rise edge)                                0.00       0.00
  clock network delay (ideal)                             0.00       0.00
  input external delay                                   20.00      20.00 r
  SE (in)                                                 0.48      20.48 r
  U_RegFile/test_se (RegFile_test_1)                      0.00      20.48 r
  U_RegFile/U379/Y (DLY1X1M)                              1.09      21.57 r
  U_RegFile/regArr_reg[0][4]/SE (SDFFRQX2M)               0.00      21.57 r
  data arrival time                                                 21.57

  clock DFTCLK (rise edge)                              100.00     100.00
  clock network delay (ideal)                             0.00     100.00
  clock uncertainty                                      -0.03      99.97
  U_RegFile/regArr_reg[0][4]/CK (SDFFRQX2M)               0.00      99.97 r
  library setup time                                     -0.61      99.36
  data required time                                                99.36
  --------------------------------------------------------------------------
  data required time                                                99.36
  data arrival time                                                -21.57
  --------------------------------------------------------------------------
  slack (MET)                                                       77.79


  Startpoint: SE (input port clocked by DFTCLK)
  Endpoint: U_RegFile/regArr_reg[0][1]
            (rising edge-triggered flip-flop clocked by DFTCLK)
  Path Group: INREG
  Path Type: max

  Point                                                   Incr       Path
  --------------------------------------------------------------------------
  clock DFTCLK (rise edge)                                0.00       0.00
  clock network delay (ideal)                             0.00       0.00
  input external delay                                   20.00      20.00 r
  SE (in)                                                 0.48      20.48 r
  U_RegFile/test_se (RegFile_test_1)                      0.00      20.48 r
  U_RegFile/U376/Y (DLY1X1M)                              1.09      21.57 r
  U_RegFile/regArr_reg[0][1]/SE (SDFFRQX2M)               0.00      21.57 r
  data arrival time                                                 21.57

  clock DFTCLK (rise edge)                              100.00     100.00
  clock network delay (ideal)                             0.00     100.00
  clock uncertainty                                      -0.03      99.97
  U_RegFile/regArr_reg[0][1]/CK (SDFFRQX2M)               0.00      99.97 r
  library setup time                                     -0.61      99.36
  data required time                                                99.36
  --------------------------------------------------------------------------
  data required time                                                99.36
  data arrival time                                                -21.57
  --------------------------------------------------------------------------
  slack (MET)                                                       77.79


  Startpoint: SE (input port clocked by DFTCLK)
  Endpoint: U_RegFile/regArr_reg[0][0]
            (rising edge-triggered flip-flop clocked by DFTCLK)
  Path Group: INREG
  Path Type: max

  Point                                                   Incr       Path
  --------------------------------------------------------------------------
  clock DFTCLK (rise edge)                                0.00       0.00
  clock network delay (ideal)                             0.00       0.00
  input external delay                                   20.00      20.00 r
  SE (in)                                                 0.48      20.48 r
  U_RegFile/test_se (RegFile_test_1)                      0.00      20.48 r
  U_RegFile/U379/Y (DLY1X1M)                              1.09      21.57 r
  U_RegFile/regArr_reg[0][0]/SE (SDFFRQX2M)               0.00      21.57 r
  data arrival time                                                 21.57

  clock DFTCLK (rise edge)                              100.00     100.00
  clock network delay (ideal)                             0.00     100.00
  clock uncertainty                                      -0.03      99.97
  U_RegFile/regArr_reg[0][0]/CK (SDFFRQX2M)               0.00      99.97 r
  library setup time                                     -0.61      99.36
  data required time                                                99.36
  --------------------------------------------------------------------------
  data required time                                                99.36
  data arrival time                                                -21.57
  --------------------------------------------------------------------------
  slack (MET)                                                       77.79


  Startpoint: SE (input port clocked by DFTCLK)
  Endpoint: U_RegFile/regArr_reg[1][5]
            (rising edge-triggered flip-flop clocked by DFTCLK)
  Path Group: INREG
  Path Type: max

  Point                                                   Incr       Path
  --------------------------------------------------------------------------
  clock DFTCLK (rise edge)                                0.00       0.00
  clock network delay (ideal)                             0.00       0.00
  input external delay                                   20.00      20.00 r
  SE (in)                                                 0.48      20.48 r
  U_RegFile/test_se (RegFile_test_1)                      0.00      20.48 r
  U_RegFile/U376/Y (DLY1X1M)                              1.09      21.57 r
  U_RegFile/regArr_reg[1][5]/SE (SDFFRQX2M)               0.00      21.57 r
  data arrival time                                                 21.57

  clock DFTCLK (rise edge)                              100.00     100.00
  clock network delay (ideal)                             0.00     100.00
  clock uncertainty                                      -0.03      99.97
  U_RegFile/regArr_reg[1][5]/CK (SDFFRQX2M)               0.00      99.97 r
  library setup time                                     -0.61      99.36
  data required time                                                99.36
  --------------------------------------------------------------------------
  data required time                                                99.36
  data arrival time                                                -21.57
  --------------------------------------------------------------------------
  slack (MET)                                                       77.79


  Startpoint: SE (input port clocked by DFTCLK)
  Endpoint: U_RegFile/regArr_reg[3][4]
            (rising edge-triggered flip-flop clocked by DFTCLK)
  Path Group: INREG
  Path Type: max

  Point                                                   Incr       Path
  --------------------------------------------------------------------------
  clock DFTCLK (rise edge)                                0.00       0.00
  clock network delay (ideal)                             0.00       0.00
  input external delay                                   20.00      20.00 r
  SE (in)                                                 0.48      20.48 r
  U_RegFile/test_se (RegFile_test_1)                      0.00      20.48 r
  U_RegFile/U379/Y (DLY1X1M)                              1.09      21.57 r
  U_RegFile/regArr_reg[3][4]/SE (SDFFRQX2M)               0.00      21.57 r
  data arrival time                                                 21.57

  clock DFTCLK (rise edge)                              100.00     100.00
  clock network delay (ideal)                             0.00     100.00
  clock uncertainty                                      -0.03      99.97
  U_RegFile/regArr_reg[3][4]/CK (SDFFRQX2M)               0.00      99.97 r
  library setup time                                     -0.61      99.36
  data required time                                                99.36
  --------------------------------------------------------------------------
  data required time                                                99.36
  data arrival time                                                -21.57
  --------------------------------------------------------------------------
  slack (MET)                                                       77.79


  Startpoint: SE (input port clocked by DFTCLK)
  Endpoint: U_RegFile/RdData_VLD_reg
            (rising edge-triggered flip-flop clocked by DFTCLK)
  Path Group: INREG
  Path Type: max

  Point                                                   Incr       Path
  --------------------------------------------------------------------------
  clock DFTCLK (rise edge)                                0.00       0.00
  clock network delay (ideal)                             0.00       0.00
  input external delay                                   20.00      20.00 r
  SE (in)                                                 0.48      20.48 r
  U_RegFile/test_se (RegFile_test_1)                      0.00      20.48 r
  U_RegFile/U376/Y (DLY1X1M)                              1.09      21.57 r
  U_RegFile/RdData_VLD_reg/SE (SDFFRQX2M)                 0.00      21.57 r
  data arrival time                                                 21.57

  clock DFTCLK (rise edge)                              100.00     100.00
  clock network delay (ideal)                             0.00     100.00
  clock uncertainty                                      -0.03      99.97
  U_RegFile/RdData_VLD_reg/CK (SDFFRQX2M)                 0.00      99.97 r
  library setup time                                     -0.61      99.36
  data required time                                                99.36
  --------------------------------------------------------------------------
  data required time                                                99.36
  data arrival time                                                -21.57
  --------------------------------------------------------------------------
  slack (MET)                                                       77.79


  Startpoint: SE (input port clocked by DFTCLK)
  Endpoint: U_RegFile/regArr_reg[3][2]
            (rising edge-triggered flip-flop clocked by DFTCLK)
  Path Group: INREG
  Path Type: max

  Point                                                   Incr       Path
  --------------------------------------------------------------------------
  clock DFTCLK (rise edge)                                0.00       0.00
  clock network delay (ideal)                             0.00       0.00
  input external delay                                   20.00      20.00 r
  SE (in)                                                 0.48      20.48 r
  U_RegFile/test_se (RegFile_test_1)                      0.00      20.48 r
  U_RegFile/U379/Y (DLY1X1M)                              1.09      21.57 r
  U_RegFile/regArr_reg[3][2]/SE (SDFFRQX2M)               0.00      21.57 r
  data arrival time                                                 21.57

  clock DFTCLK (rise edge)                              100.00     100.00
  clock network delay (ideal)                             0.00     100.00
  clock uncertainty                                      -0.03      99.97
  U_RegFile/regArr_reg[3][2]/CK (SDFFRQX2M)               0.00      99.97 r
  library setup time                                     -0.61      99.36
  data required time                                                99.36
  --------------------------------------------------------------------------
  data required time                                                99.36
  data arrival time                                                -21.57
  --------------------------------------------------------------------------
  slack (MET)                                                       77.79


  Startpoint: SE (input port clocked by DFTCLK)
  Endpoint: U_RegFile/regArr_reg[2][2]
            (rising edge-triggered flip-flop clocked by DFTCLK)
  Path Group: INREG
  Path Type: max

  Point                                                   Incr       Path
  --------------------------------------------------------------------------
  clock DFTCLK (rise edge)                                0.00       0.00
  clock network delay (ideal)                             0.00       0.00
  input external delay                                   20.00      20.00 r
  SE (in)                                                 0.48      20.48 r
  U_RegFile/test_se (RegFile_test_1)                      0.00      20.48 r
  U_RegFile/U376/Y (DLY1X1M)                              1.09      21.57 r
  U_RegFile/regArr_reg[2][2]/SE (SDFFRQX2M)               0.00      21.57 r
  data arrival time                                                 21.57

  clock DFTCLK (rise edge)                              100.00     100.00
  clock network delay (ideal)                             0.00     100.00
  clock uncertainty                                      -0.03      99.97
  U_RegFile/regArr_reg[2][2]/CK (SDFFRQX2M)               0.00      99.97 r
  library setup time                                     -0.61      99.36
  data required time                                                99.36
  --------------------------------------------------------------------------
  data required time                                                99.36
  data arrival time                                                -21.57
  --------------------------------------------------------------------------
  slack (MET)                                                       77.79


  Startpoint: SE (input port clocked by DFTCLK)
  Endpoint: U_RegFile/regArr_reg[2][5]
            (rising edge-triggered flip-flop clocked by DFTCLK)
  Path Group: INREG
  Path Type: max

  Point                                                   Incr       Path
  --------------------------------------------------------------------------
  clock DFTCLK (rise edge)                                0.00       0.00
  clock network delay (ideal)                             0.00       0.00
  input external delay                                   20.00      20.00 r
  SE (in)                                                 0.48      20.48 r
  U_RegFile/test_se (RegFile_test_1)                      0.00      20.48 r
  U_RegFile/U379/Y (DLY1X1M)                              1.09      21.57 r
  U_RegFile/regArr_reg[2][5]/SE (SDFFRQX2M)               0.00      21.57 r
  data arrival time                                                 21.57

  clock DFTCLK (rise edge)                              100.00     100.00
  clock network delay (ideal)                             0.00     100.00
  clock uncertainty                                      -0.03      99.97
  U_RegFile/regArr_reg[2][5]/CK (SDFFRQX2M)               0.00      99.97 r
  library setup time                                     -0.61      99.36
  data required time                                                99.36
  --------------------------------------------------------------------------
  data required time                                                99.36
  data arrival time                                                -21.57
  --------------------------------------------------------------------------
  slack (MET)                                                       77.79


  Startpoint: SE (input port clocked by DFTCLK)
  Endpoint: U_RegFile/regArr_reg[2][4]
            (rising edge-triggered flip-flop clocked by DFTCLK)
  Path Group: INREG
  Path Type: max

  Point                                                   Incr       Path
  --------------------------------------------------------------------------
  clock DFTCLK (rise edge)                                0.00       0.00
  clock network delay (ideal)                             0.00       0.00
  input external delay                                   20.00      20.00 r
  SE (in)                                                 0.48      20.48 r
  U_RegFile/test_se (RegFile_test_1)                      0.00      20.48 r
  U_RegFile/U376/Y (DLY1X1M)                              1.09      21.57 r
  U_RegFile/regArr_reg[2][4]/SE (SDFFRQX2M)               0.00      21.57 r
  data arrival time                                                 21.57

  clock DFTCLK (rise edge)                              100.00     100.00
  clock network delay (ideal)                             0.00     100.00
  clock uncertainty                                      -0.03      99.97
  U_RegFile/regArr_reg[2][4]/CK (SDFFRQX2M)               0.00      99.97 r
  library setup time                                     -0.61      99.36
  data required time                                                99.36
  --------------------------------------------------------------------------
  data required time                                                99.36
  data arrival time                                                -21.57
  --------------------------------------------------------------------------
  slack (MET)                                                       77.79


  Startpoint: SE (input port clocked by DFTCLK)
  Endpoint: U_RegFile/regArr_reg[1][2]
            (rising edge-triggered flip-flop clocked by DFTCLK)
  Path Group: INREG
  Path Type: max

  Point                                                   Incr       Path
  --------------------------------------------------------------------------
  clock DFTCLK (rise edge)                                0.00       0.00
  clock network delay (ideal)                             0.00       0.00
  input external delay                                   20.00      20.00 r
  SE (in)                                                 0.48      20.48 r
  U_RegFile/test_se (RegFile_test_1)                      0.00      20.48 r
  U_RegFile/U379/Y (DLY1X1M)                              1.09      21.57 r
  U_RegFile/regArr_reg[1][2]/SE (SDFFRQX2M)               0.00      21.57 r
  data arrival time                                                 21.57

  clock DFTCLK (rise edge)                              100.00     100.00
  clock network delay (ideal)                             0.00     100.00
  clock uncertainty                                      -0.03      99.97
  U_RegFile/regArr_reg[1][2]/CK (SDFFRQX2M)               0.00      99.97 r
  library setup time                                     -0.61      99.36
  data required time                                                99.36
  --------------------------------------------------------------------------
  data required time                                                99.36
  data arrival time                                                -21.57
  --------------------------------------------------------------------------
  slack (MET)                                                       77.79


  Startpoint: U_SYS_CTRL/current_state_reg[3]
              (rising edge-triggered flip-flop clocked by DFTCLK)
  Endpoint: SO[0] (output port clocked by DFTCLK)
  Path Group: REGOUT
  Path Type: max

  Point                                                   Incr       Path
  --------------------------------------------------------------------------
  clock DFTCLK (rise edge)                                0.00       0.00
  clock network delay (ideal)                             0.00       0.00
  U_SYS_CTRL/current_state_reg[3]/CK (SDFFRQX2M)          0.00       0.00 r
  U_SYS_CTRL/current_state_reg[3]/Q (SDFFRQX2M)           0.95       0.95 r
  U_SYS_CTRL/test_so (SYS_CTRL_test_1)                    0.00       0.95 r
  SO[0] (out)                                             0.00       0.95 r
  data arrival time                                                  0.95

  clock DFTCLK (rise edge)                              100.00     100.00
  clock network delay (ideal)                             0.00     100.00
  clock uncertainty                                      -0.03      99.97
  output external delay                                 -20.00      79.97
  data required time                                                79.97
  --------------------------------------------------------------------------
  data required time                                                79.97
  data arrival time                                                 -0.95
  --------------------------------------------------------------------------
  slack (MET)                                                       79.02


  Startpoint: UART/U_UART_TX/U4/TX_OUT_reg
              (rising edge-triggered flip-flop clocked by DFTCLK)
  Endpoint: SO[3] (output port clocked by DFTCLK)
  Path Group: REGOUT
  Path Type: max

  Point                                                   Incr       Path
  --------------------------------------------------------------------------
  clock DFTCLK (rise edge)                                0.00       0.00
  clock network delay (ideal)                             0.00       0.00
  UART/U_UART_TX/U4/TX_OUT_reg/CK (SDFFSQX2M)             0.00       0.00 r
  UART/U_UART_TX/U4/TX_OUT_reg/Q (SDFFSQX2M)              0.91       0.91 r
  UART/U_UART_TX/U4/TX_OUT (MUX_MUX_WIDTH2_test_1)        0.00       0.91 r
  UART/U_UART_TX/TX_OUT (UART_TX_DATA_WIDTH8_test_1)      0.00       0.91 r
  UART/TX_OUT_S (UART_TOP_test_1)                         0.00       0.91 r
  SO[3] (out)                                             0.00       0.91 r
  data arrival time                                                  0.91

  clock DFTCLK (rise edge)                              100.00     100.00
  clock network delay (ideal)                             0.00     100.00
  clock uncertainty                                      -0.03      99.97
  output external delay                                 -20.00      79.97
  data required time                                                79.97
  --------------------------------------------------------------------------
  data required time                                                79.97
  data arrival time                                                 -0.91
  --------------------------------------------------------------------------
  slack (MET)                                                       79.07


  Startpoint: U_FIFO/MEMORY_MODULE/MEMORY_reg[7][4]
              (rising edge-triggered flip-flop clocked by DFTCLK)
  Endpoint: SO[2] (output port clocked by DFTCLK)
  Path Group: REGOUT
  Path Type: max

  Point                                                   Incr       Path
  --------------------------------------------------------------------------
  clock DFTCLK (rise edge)                                0.00       0.00
  clock network delay (ideal)                             0.00       0.00
  U_FIFO/MEMORY_MODULE/MEMORY_reg[7][4]/CK (SDFFRQX2M)
                                                          0.00       0.00 r
  U_FIFO/MEMORY_MODULE/MEMORY_reg[7][4]/Q (SDFFRQX2M)     0.89       0.89 r
  U_FIFO/MEMORY_MODULE/test_so1 (FIFO_MEM_CNTRL_ADDRES_WIDTH4_DATA_WIDTH8_FIFO_DEPTH8_test_1)
                                                          0.00       0.89 r
  U_FIFO/test_so1 (ASYNC_FIFO_ADDRES_WIDTH4_DATA_WIDTH8_FIFO_DEPTH8_test_1)
                                                          0.00       0.89 r
  SO[2] (out)                                             0.00       0.89 r
  data arrival time                                                  0.89

  clock DFTCLK (rise edge)                              100.00     100.00
  clock network delay (ideal)                             0.00     100.00
  clock uncertainty                                      -0.03      99.97
  output external delay                                 -20.00      79.97
  data required time                                                79.97
  --------------------------------------------------------------------------
  data required time                                                79.97
  data arrival time                                                 -0.89
  --------------------------------------------------------------------------
  slack (MET)                                                       79.08


  Startpoint: U_RegFile/regArr_reg[7][0]
              (rising edge-triggered flip-flop clocked by DFTCLK)
  Endpoint: SO[1] (output port clocked by DFTCLK)
  Path Group: REGOUT
  Path Type: max

  Point                                                   Incr       Path
  --------------------------------------------------------------------------
  clock DFTCLK (rise edge)                                0.00       0.00
  clock network delay (ideal)                             0.00       0.00
  U_RegFile/regArr_reg[7][0]/CK (SDFFRQX2M)               0.00       0.00 r
  U_RegFile/regArr_reg[7][0]/Q (SDFFRQX2M)                0.89       0.89 r
  U_RegFile/test_so1 (RegFile_test_1)                     0.00       0.89 r
  SO[1] (out)                                             0.00       0.89 r
  data arrival time                                                  0.89

  clock DFTCLK (rise edge)                              100.00     100.00
  clock network delay (ideal)                             0.00     100.00
  clock uncertainty                                      -0.03      99.97
  output external delay                                 -20.00      79.97
  data required time                                                79.97
  --------------------------------------------------------------------------
  data required time                                                79.97
  data arrival time                                                 -0.89
  --------------------------------------------------------------------------
  slack (MET)                                                       79.08


1
