                                        
                           Design Compiler Graphical 
                                 DC Ultra (TM)
                                  DFTMAX (TM)
                              Power Compiler (TM)
                                 DesignWare (R)
                                 DC Expert (TM)
                               Design Vision (TM)
                               HDL Compiler (TM)
                               VHDL Compiler (TM)
                                  DFT Compiler
                               Design Compiler(R)
                                        
                 Version K-2015.06 for linux64 - May 28, 2015 
                                        
                    Copyright (c) 1988 - 2015 Synopsys, Inc.
   This software and the associated documentation are proprietary to Synopsys,
 Inc. This software may only be used in accordance with the terms and conditions
 of a written license agreement with Synopsys, Inc. All other use, reproduction,
            or distribution of this software is strictly prohibited.
Initializing...
Initializing gui preferences from file  /home/IC/.synopsys_dv_prefs.tcl
########################### Define Top Module ############################
set top_module SYS_TOP
SYS_TOP
##################### Define Working Library Directory ######################
define_design_lib work -path ./work
1
############################# Formality Setup File ##########################
set_svf $top_module.svf
1
################## Design Compiler Library Files #setup ######################
puts "###########################################"
###########################################
puts "#      #setting Design Libraries          #"
#      #setting Design Libraries          #
puts "###########################################"
###########################################
#Add the path of the libraries to the search_path variable
lappend search_path /home/IC/tsmc_fb_cl013g_sc/aci/sc-m/synopsys
. /opt/Synopsys/Synplify2015/libraries/syn /opt/Synopsys/Synplify2015/minpower/syn /opt/Synopsys/Synplify2015/dw/syn_ver /opt/Synopsys/Synplify2015/dw/sim_ver /home/IC/tsmc_fb_cl013g_sc/aci/sc-m/synopsys
set SSLIB "scmetro_tsmc_cl013g_rvt_ss_1p08v_125c.db"
scmetro_tsmc_cl013g_rvt_ss_1p08v_125c.db
set TTLIB "scmetro_tsmc_cl013g_rvt_tt_1p2v_25c.db"
scmetro_tsmc_cl013g_rvt_tt_1p2v_25c.db
set FFLIB "scmetro_tsmc_cl013g_rvt_ff_1p32v_m40c.db"
scmetro_tsmc_cl013g_rvt_ff_1p32v_m40c.db
## Standard Cell libraries 
set target_library [list $SSLIB $TTLIB $FFLIB]
scmetro_tsmc_cl013g_rvt_ss_1p08v_125c.db scmetro_tsmc_cl013g_rvt_tt_1p2v_25c.db scmetro_tsmc_cl013g_rvt_ff_1p32v_m40c.db
## Standard Cell & Hard Macros libraries 
set link_library [list * $SSLIB $TTLIB $FFLIB]  
* scmetro_tsmc_cl013g_rvt_ss_1p08v_125c.db scmetro_tsmc_cl013g_rvt_tt_1p2v_25c.db scmetro_tsmc_cl013g_rvt_ff_1p32v_m40c.db
######################## Reading RTL Files #################################
puts "###########################################"
###########################################
puts "#             Reading RTL Files           #"
#             Reading RTL Files           #
puts "###########################################"
###########################################
set file_format verilog
verilog
set fh [open system.lst r+]
file11
set rtl [read $fh]
/home/IC/FINAL_PROJECT/rtl_dft/DFT_MUX/mux2X1.v
/home/IC/FINAL_PROJECT/rtl_dft/RST_SYNC/RST_SYNC.v
/home/IC/FINAL_PROJECT/rtl_dft/CLOCK_DIV/ClkDiv.v
/home/IC/FINAL_PROJECT/rtl_dft/SYS_CONTROL/SYS_CTRL.v
/home/IC/FINAL_PROJECT/rtl_dft/CLKDIV_MUX/CLKDIV_MUX.v
/home/IC/FINAL_PROJECT/rtl_dft/SYS_TOP/SYS_TOP_dft.v
/home/IC/FINAL_PROJECT/rtl_dft/CLK_GATING/CLK_GATE.v
/home/IC/FINAL_PROJECT/rtl_dft/UART/UART_TX/FSM_tx.v
/home/IC/FINAL_PROJECT/rtl_dft/UART/UART_TX/SERIALIZER.v
/home/IC/FINAL_PROJECT/rtl_dft/UART/UART_TX/MUX.v
/home/IC/FINAL_PROJECT/rtl_dft/UART/UART_TX/UART_TX.v
/home/IC/FINAL_PROJECT/rtl_dft/UART/UART_TX/PARITY_CALC.v
/home/IC/FINAL_PROJECT/rtl_dft/UART/UART_RX/FSM.v
/home/IC/FINAL_PROJECT/rtl_dft/UART/UART_RX/EDGE_BIT_COUNTER.v
/home/IC/FINAL_PROJECT/rtl_dft/UART/UART_RX/DATA_SAMPLING.v
/home/IC/FINAL_PROJECT/rtl_dft/UART/UART_RX/UART_RX.v
/home/IC/FINAL_PROJECT/rtl_dft/UART/UART_RX/PAR_CHECK.v
/home/IC/FINAL_PROJECT/rtl_dft/UART/UART_RX/DESERIALIZER.v
/home/IC/FINAL_PROJECT/rtl_dft/UART/UART_RX/STOP_CHECK.v
/home/IC/FINAL_PROJECT/rtl_dft/UART/UART_RX/START_CHECK.v
/home/IC/FINAL_PROJECT/rtl_dft/UART/UART_TOP/UART_TOP.v
/home/IC/FINAL_PROJECT/rtl_dft/ASYNC_FIFO/bit_sync.v
/home/IC/FINAL_PROJECT/rtl_dft/ASYNC_FIFO/FIFO_WR.v
/home/IC/FINAL_PROJECT/rtl_dft/ASYNC_FIFO/FIFO_MEM_CNTRL.v
/home/IC/FINAL_PROJECT/rtl_dft/ASYNC_FIFO/ASYNC_FIFO.v
/home/IC/FINAL_PROJECT/rtl_dft/ASYNC_FIFO/FIFO_RD.v
/home/IC/FINAL_PROJECT/rtl_dft/RegFile/RegFile.v
/home/IC/FINAL_PROJECT/rtl_dft/ALU/ALU.v
/home/IC/FINAL_PROJECT/rtl_dft/DATA_SYNC/DATA_SYNC.v
/home/IC/FINAL_PROJECT/rtl_dft/PULSE_GEN/PULSE_GEN.v

set designs ""
regsub -all "\n" $rtl " " designs
30
analyze -format $file_format $designs
Running PRESTO HDLC
Compiling source file /home/IC/FINAL_PROJECT/rtl_dft/DFT_MUX/mux2X1.v
Compiling source file /home/IC/FINAL_PROJECT/rtl_dft/RST_SYNC/RST_SYNC.v
Compiling source file /home/IC/FINAL_PROJECT/rtl_dft/CLOCK_DIV/ClkDiv.v
Compiling source file /home/IC/FINAL_PROJECT/rtl_dft/SYS_CONTROL/SYS_CTRL.v
Compiling source file /home/IC/FINAL_PROJECT/rtl_dft/CLKDIV_MUX/CLKDIV_MUX.v
Compiling source file /home/IC/FINAL_PROJECT/rtl_dft/SYS_TOP/SYS_TOP_dft.v
Compiling source file /home/IC/FINAL_PROJECT/rtl_dft/CLK_GATING/CLK_GATE.v
Compiling source file /home/IC/FINAL_PROJECT/rtl_dft/UART/UART_TX/FSM_tx.v
Compiling source file /home/IC/FINAL_PROJECT/rtl_dft/UART/UART_TX/SERIALIZER.v
Compiling source file /home/IC/FINAL_PROJECT/rtl_dft/UART/UART_TX/MUX.v
Compiling source file /home/IC/FINAL_PROJECT/rtl_dft/UART/UART_TX/UART_TX.v
Compiling source file /home/IC/FINAL_PROJECT/rtl_dft/UART/UART_TX/PARITY_CALC.v
Compiling source file /home/IC/FINAL_PROJECT/rtl_dft/UART/UART_RX/FSM.v
Compiling source file /home/IC/FINAL_PROJECT/rtl_dft/UART/UART_RX/EDGE_BIT_COUNTER.v
Compiling source file /home/IC/FINAL_PROJECT/rtl_dft/UART/UART_RX/DATA_SAMPLING.v
Compiling source file /home/IC/FINAL_PROJECT/rtl_dft/UART/UART_RX/UART_RX.v
Compiling source file /home/IC/FINAL_PROJECT/rtl_dft/UART/UART_RX/PAR_CHECK.v
Compiling source file /home/IC/FINAL_PROJECT/rtl_dft/UART/UART_RX/DESERIALIZER.v
Compiling source file /home/IC/FINAL_PROJECT/rtl_dft/UART/UART_RX/STOP_CHECK.v
Compiling source file /home/IC/FINAL_PROJECT/rtl_dft/UART/UART_RX/START_CHECK.v
Compiling source file /home/IC/FINAL_PROJECT/rtl_dft/UART/UART_TOP/UART_TOP.v
Compiling source file /home/IC/FINAL_PROJECT/rtl_dft/ASYNC_FIFO/bit_sync.v
Compiling source file /home/IC/FINAL_PROJECT/rtl_dft/ASYNC_FIFO/FIFO_WR.v
Compiling source file /home/IC/FINAL_PROJECT/rtl_dft/ASYNC_FIFO/FIFO_MEM_CNTRL.v
Compiling source file /home/IC/FINAL_PROJECT/rtl_dft/ASYNC_FIFO/ASYNC_FIFO.v
Compiling source file /home/IC/FINAL_PROJECT/rtl_dft/ASYNC_FIFO/FIFO_RD.v
Compiling source file /home/IC/FINAL_PROJECT/rtl_dft/RegFile/RegFile.v
Compiling source file /home/IC/FINAL_PROJECT/rtl_dft/ALU/ALU.v
Compiling source file /home/IC/FINAL_PROJECT/rtl_dft/DATA_SYNC/DATA_SYNC.v
Compiling source file /home/IC/FINAL_PROJECT/rtl_dft/PULSE_GEN/PULSE_GEN.v
Presto compilation completed successfully.
Loading db file '/home/IC/tsmc_fb_cl013g_sc/aci/sc-m/synopsys/scmetro_tsmc_cl013g_rvt_ss_1p08v_125c.db'
Loading db file '/home/IC/tsmc_fb_cl013g_sc/aci/sc-m/synopsys/scmetro_tsmc_cl013g_rvt_tt_1p2v_25c.db'
Loading db file '/home/IC/tsmc_fb_cl013g_sc/aci/sc-m/synopsys/scmetro_tsmc_cl013g_rvt_ff_1p32v_m40c.db'
1
elaborate -lib work $top_module
Loading db file '/opt/Synopsys/Synplify2015/libraries/syn/gtech.db'
Loading db file '/opt/Synopsys/Synplify2015/libraries/syn/standard.sldb'
  Loading link library 'scmetro_tsmc_cl013g_rvt_ss_1p08v_125c'
  Loading link library 'scmetro_tsmc_cl013g_rvt_tt_1p2v_25c'
  Loading link library 'scmetro_tsmc_cl013g_rvt_ff_1p32v_m40c'
  Loading link library 'gtech'
Running PRESTO HDLC
Presto compilation completed successfully.
Elaborated 1 design.
Current design is now 'SYS_TOP'.
Information: Building the design 'mux2X1'. (HDL-193)
Presto compilation completed successfully.
Information: Building the design 'RST_SYNC' instantiated from design 'SYS_TOP' with
	the parameters "NUM_STAGES=2". (HDL-193)

Inferred memory devices in process
	in routine RST_SYNC_NUM_STAGES2 line 13 in file
		'/home/IC/FINAL_PROJECT/rtl_dft/RST_SYNC/RST_SYNC.v'.
===============================================================================
|    Register Name    |   Type    | Width | Bus | MB | AR | AS | SR | SS | ST |
===============================================================================
|    sync_reg_reg     | Flip-flop |   2   |  Y  | N  | Y  | N  | N  | N  | N  |
===============================================================================
Presto compilation completed successfully.
Information: Building the design 'DATA_SYNC' instantiated from design 'SYS_TOP' with
	the parameters "NUM_STAGES=2,DATA_WIDTH=8". (HDL-193)

Inferred memory devices in process
	in routine DATA_SYNC_NUM_STAGES2_DATA_WIDTH8 line 26 in file
		'/home/IC/FINAL_PROJECT/rtl_dft/DATA_SYNC/DATA_SYNC.v'.
===============================================================================
|    Register Name    |   Type    | Width | Bus | MB | AR | AS | SR | SS | ST |
===============================================================================
|  bit_sync_reg_reg   | Flip-flop |   2   |  Y  | N  | Y  | N  | N  | N  | N  |
===============================================================================

Inferred memory devices in process
	in routine DATA_SYNC_NUM_STAGES2_DATA_WIDTH8 line 39 in file
		'/home/IC/FINAL_PROJECT/rtl_dft/DATA_SYNC/DATA_SYNC.v'.
===============================================================================
|    Register Name    |   Type    | Width | Bus | MB | AR | AS | SR | SS | ST |
===============================================================================
|    sync_bus_reg     | Flip-flop |   8   |  Y  | N  | Y  | N  | N  | N  | N  |
===============================================================================

Inferred memory devices in process
	in routine DATA_SYNC_NUM_STAGES2_DATA_WIDTH8 line 51 in file
		'/home/IC/FINAL_PROJECT/rtl_dft/DATA_SYNC/DATA_SYNC.v'.
===============================================================================
|    Register Name    |   Type    | Width | Bus | MB | AR | AS | SR | SS | ST |
===============================================================================
|  pulse_gen_reg_reg  | Flip-flop |   1   |  N  | N  | Y  | N  | N  | N  | N  |
===============================================================================

Inferred memory devices in process
	in routine DATA_SYNC_NUM_STAGES2_DATA_WIDTH8 line 62 in file
		'/home/IC/FINAL_PROJECT/rtl_dft/DATA_SYNC/DATA_SYNC.v'.
===============================================================================
|    Register Name    |   Type    | Width | Bus | MB | AR | AS | SR | SS | ST |
===============================================================================
|  enable_pulse_reg   | Flip-flop |   1   |  N  | N  | Y  | N  | N  | N  | N  |
===============================================================================
Presto compilation completed successfully.
Information: Building the design 'ASYNC_FIFO' instantiated from design 'SYS_TOP' with
	the parameters "DATA_WIDTH=8,ADDRES_WIDTH=4,FIFO_DEPTH=8". (HDL-193)
Presto compilation completed successfully.
Information: Building the design 'PULSE_GEN'. (HDL-193)

Inferred memory devices in process
	in routine PULSE_GEN line 14 in file
		'/home/IC/FINAL_PROJECT/rtl_dft/PULSE_GEN/PULSE_GEN.v'.
===============================================================================
|    Register Name    |   Type    | Width | Bus | MB | AR | AS | SR | SS | ST |
===============================================================================
|    rcv_flop_reg     | Flip-flop |   1   |  N  | N  | Y  | N  | N  | N  | N  |
|   pulse_flop_reg    | Flip-flop |   1   |  N  | N  | Y  | N  | N  | N  | N  |
===============================================================================
Presto compilation completed successfully.
Information: Building the design 'ClkDiv'. (HDL-193)

Inferred memory devices in process
	in routine ClkDiv line 28 in file
		'/home/IC/FINAL_PROJECT/rtl_dft/CLOCK_DIV/ClkDiv.v'.
===============================================================================
|    Register Name    |   Type    | Width | Bus | MB | AR | AS | SR | SS | ST |
===============================================================================
|  odd_edge_tog_reg   | Flip-flop |   1   |  N  | N  | N  | Y  | N  | N  | N  |
|     div_clk_reg     | Flip-flop |   1   |  N  | N  | Y  | N  | N  | N  | N  |
|      count_reg      | Flip-flop |   7   |  Y  | N  | Y  | N  | N  | N  | N  |
===============================================================================
Presto compilation completed successfully.
Information: Building the design 'CLKDIV_MUX'. (HDL-193)

Statistics for case statements in always block at line 8 in file
	'/home/IC/FINAL_PROJECT/rtl_dft/CLKDIV_MUX/CLKDIV_MUX.v'
===============================================
|           Line           |  full/ parallel  |
===============================================
|            11            |    auto/auto     |
===============================================
Presto compilation completed successfully.
Information: Building the design 'UART_TOP'. (HDL-193)
Presto compilation completed successfully.
Information: Building the design 'SYS_CTRL'. (HDL-193)

Statistics for case statements in always block at line 80 in file
	'/home/IC/FINAL_PROJECT/rtl_dft/SYS_CONTROL/SYS_CTRL.v'
===============================================
|           Line           |  full/ parallel  |
===============================================
|            83            |    auto/auto     |
|            88            |    auto/auto     |
===============================================

Statistics for case statements in always block at line 165 in file
	'/home/IC/FINAL_PROJECT/rtl_dft/SYS_CONTROL/SYS_CTRL.v'
===============================================
|           Line           |  full/ parallel  |
===============================================
|           179            |    auto/auto     |
===============================================

Inferred memory devices in process
	in routine SYS_CTRL line 71 in file
		'/home/IC/FINAL_PROJECT/rtl_dft/SYS_CONTROL/SYS_CTRL.v'.
===============================================================================
|    Register Name    |   Type    | Width | Bus | MB | AR | AS | SR | SS | ST |
===============================================================================
|  current_state_reg  | Flip-flop |   4   |  Y  | N  | Y  | N  | N  | N  | N  |
===============================================================================

Inferred memory devices in process
	in routine SYS_CTRL line 317 in file
		'/home/IC/FINAL_PROJECT/rtl_dft/SYS_CONTROL/SYS_CTRL.v'.
==================================================================================
|     Register Name      |   Type    | Width | Bus | MB | AR | AS | SR | SS | ST |
==================================================================================
| STORE_ADDRESS_DATA_reg | Flip-flop |   4   |  Y  | N  | Y  | N  | N  | N  | N  |
==================================================================================

Inferred memory devices in process
	in routine SYS_CTRL line 326 in file
		'/home/IC/FINAL_PROJECT/rtl_dft/SYS_CONTROL/SYS_CTRL.v'.
=========================================================================================
|         Register Name         |   Type    | Width | Bus | MB | AR | AS | SR | SS | ST |
=========================================================================================
| STORE_2ND_BYTE_OF_ALU_OUT_reg | Flip-flop |   8   |  Y  | N  | Y  | N  | N  | N  | N  |
=========================================================================================
Presto compilation completed successfully.
Information: Building the design 'RegFile'. (HDL-193)

Inferred memory devices in process
	in routine RegFile line 25 in file
		'/home/IC/FINAL_PROJECT/rtl_dft/RegFile/RegFile.v'.
===============================================================================
|    Register Name    |   Type    | Width | Bus | MB | AR | AS | SR | SS | ST |
===============================================================================
|     regArr_reg      | Flip-flop |  125  |  Y  | N  | Y  | N  | N  | N  | N  |
|     regArr_reg      | Flip-flop |   3   |  Y  | N  | N  | Y  | N  | N  | N  |
|   RdData_VLD_reg    | Flip-flop |   1   |  N  | N  | Y  | N  | N  | N  | N  |
|     RdData_reg      | Flip-flop |   8   |  Y  | N  | Y  | N  | N  | N  | N  |
===============================================================================
Statistics for MUX_OPs
===========================================================
| block name/line  | Inputs | Outputs | # sel inputs | MB |
===========================================================
|    RegFile/47    |   16   |    8    |      4       | N  |
===========================================================
Presto compilation completed successfully.
Information: Building the design 'ALU'. (HDL-193)

Statistics for case statements in always block at line 36 in file
	'/home/IC/FINAL_PROJECT/rtl_dft/ALU/ALU.v'
===============================================
|           Line           |  full/ parallel  |
===============================================
|            43            |    auto/auto     |
===============================================

Inferred memory devices in process
	in routine ALU line 21 in file
		'/home/IC/FINAL_PROJECT/rtl_dft/ALU/ALU.v'.
===============================================================================
|    Register Name    |   Type    | Width | Bus | MB | AR | AS | SR | SS | ST |
===============================================================================
|     ALU_OUT_reg     | Flip-flop |  16   |  Y  | N  | Y  | N  | N  | N  | N  |
|    OUT_VALID_reg    | Flip-flop |   1   |  N  | N  | Y  | N  | N  | N  | N  |
===============================================================================
Presto compilation completed successfully.
Information: Building the design 'CLK_GATE'. (HDL-193)
Presto compilation completed successfully.
Information: Building the design 'FIFO_WR' instantiated from design 'ASYNC_FIFO_ADDRES_WIDTH4_DATA_WIDTH8_FIFO_DEPTH8' with
	the parameters "ADDRES_WIDTH=4". (HDL-193)

Inferred memory devices in process
	in routine FIFO_WR_ADDRES_WIDTH4 line 25 in file
		'/home/IC/FINAL_PROJECT/rtl_dft/ASYNC_FIFO/FIFO_WR.v'.
===============================================================================
|    Register Name    |   Type    | Width | Bus | MB | AR | AS | SR | SS | ST |
===============================================================================
|   ADD_COUNTER_reg   | Flip-flop |   4   |  Y  | N  | Y  | N  | N  | N  | N  |
===============================================================================

Inferred memory devices in process
	in routine FIFO_WR_ADDRES_WIDTH4 line 34 in file
		'/home/IC/FINAL_PROJECT/rtl_dft/ASYNC_FIFO/FIFO_WR.v'.
===============================================================================
|    Register Name    |   Type    | Width | Bus | MB | AR | AS | SR | SS | ST |
===============================================================================
|   GRAY_W_ADD_reg    | Flip-flop |   4   |  Y  | N  | Y  | N  | N  | N  | N  |
===============================================================================
Presto compilation completed successfully.
Information: Building the design 'FIFO_RD' instantiated from design 'ASYNC_FIFO_ADDRES_WIDTH4_DATA_WIDTH8_FIFO_DEPTH8' with
	the parameters "ADDRES_WIDTH=4". (HDL-193)

Inferred memory devices in process
	in routine FIFO_RD_ADDRES_WIDTH4 line 20 in file
		'/home/IC/FINAL_PROJECT/rtl_dft/ASYNC_FIFO/FIFO_RD.v'.
===============================================================================
|    Register Name    |   Type    | Width | Bus | MB | AR | AS | SR | SS | ST |
===============================================================================
|  R_ADD_COUNTER_reg  | Flip-flop |   4   |  Y  | N  | Y  | N  | N  | N  | N  |
===============================================================================

Inferred memory devices in process
	in routine FIFO_RD_ADDRES_WIDTH4 line 32 in file
		'/home/IC/FINAL_PROJECT/rtl_dft/ASYNC_FIFO/FIFO_RD.v'.
===============================================================================
|    Register Name    |   Type    | Width | Bus | MB | AR | AS | SR | SS | ST |
===============================================================================
|   GRAY_R_ADD_reg    | Flip-flop |   4   |  Y  | N  | Y  | N  | N  | N  | N  |
===============================================================================
Presto compilation completed successfully.
Information: Building the design 'FIFO_MEM_CNTRL' instantiated from design 'ASYNC_FIFO_ADDRES_WIDTH4_DATA_WIDTH8_FIFO_DEPTH8' with
	the parameters "ADDRES_WIDTH=4,DATA_WIDTH=8,FIFO_DEPTH=8". (HDL-193)

Inferred memory devices in process
	in routine FIFO_MEM_CNTRL_ADDRES_WIDTH4_DATA_WIDTH8_FIFO_DEPTH8 line 27 in file
		'/home/IC/FINAL_PROJECT/rtl_dft/ASYNC_FIFO/FIFO_MEM_CNTRL.v'.
===============================================================================
|    Register Name    |   Type    | Width | Bus | MB | AR | AS | SR | SS | ST |
===============================================================================
|     MEMORY_reg      | Flip-flop |  64   |  Y  | N  | Y  | N  | N  | N  | N  |
===============================================================================
Statistics for MUX_OPs
==================================================================================================
|                    block name/line                      | Inputs | Outputs | # sel inputs | MB |
==================================================================================================
| FIFO_MEM_CNTRL_ADDRES_WIDTH4_DATA_WIDTH8_FIFO_DEPTH8/42 |   8    |    8    |      3       | N  |
==================================================================================================
Presto compilation completed successfully.
Information: Building the design 'BIT_SYNC' instantiated from design 'ASYNC_FIFO_ADDRES_WIDTH4_DATA_WIDTH8_FIFO_DEPTH8' with
	the parameters "NUM_STAGES=2,BUS_WIDTH=4". (HDL-193)

Inferred memory devices in process
	in routine BIT_SYNC_NUM_STAGES2_BUS_WIDTH4 line 20 in file
		'/home/IC/FINAL_PROJECT/rtl_dft/ASYNC_FIFO/bit_sync.v'.
===============================================================================
|    Register Name    |   Type    | Width | Bus | MB | AR | AS | SR | SS | ST |
===============================================================================
|    sync_reg_reg     | Flip-flop |   8   |  Y  | N  | Y  | N  | N  | N  | N  |
===============================================================================
Presto compilation completed successfully.
Information: Building the design 'UART_TX' instantiated from design 'UART_TOP' with
	the parameters "DATA_WIDTH=8". (HDL-193)
Presto compilation completed successfully.
Information: Building the design 'UART_RX' instantiated from design 'UART_TOP' with
	the parameters "DATA_WIDTH=8". (HDL-193)
Presto compilation completed successfully.
Information: Building the design 'SERIALIZER' instantiated from design 'UART_TX_DATA_WIDTH8' with
	the parameters "DATA_WIDTH=8,COUNT=3". (HDL-193)
Warning:  /home/IC/FINAL_PROJECT/rtl_dft/UART/UART_TX/SERIALIZER.v:41: signed to unsigned conversion occurs. (VER-318)

Inferred memory devices in process
	in routine SERIALIZER_DATA_WIDTH8_COUNT3 line 21 in file
		'/home/IC/FINAL_PROJECT/rtl_dft/UART/UART_TX/SERIALIZER.v'.
===============================================================================
|    Register Name    |   Type    | Width | Bus | MB | AR | AS | SR | SS | ST |
===============================================================================
|    SER_DONE_reg     | Flip-flop |   1   |  N  | N  | Y  | N  | N  | N  | N  |
|    register_reg     | Flip-flop |   8   |  Y  | N  | Y  | N  | N  | N  | N  |
|     counter_reg     | Flip-flop |   3   |  Y  | N  | Y  | N  | N  | N  | N  |
|    ser_data_reg     | Flip-flop |   1   |  N  | N  | Y  | N  | N  | N  | N  |
===============================================================================
Presto compilation completed successfully.
Information: Building the design 'FSM_tx' instantiated from design 'UART_TX_DATA_WIDTH8' with
	the parameters "MUX_WIDTH=2". (HDL-193)

Statistics for case statements in always block at line 46 in file
	'/home/IC/FINAL_PROJECT/rtl_dft/UART/UART_TX/FSM_tx.v'
===============================================
|           Line           |  full/ parallel  |
===============================================
|            47            |    auto/auto     |
===============================================

Statistics for case statements in always block at line 77 in file
	'/home/IC/FINAL_PROJECT/rtl_dft/UART/UART_TX/FSM_tx.v'
===============================================
|           Line           |  full/ parallel  |
===============================================
|            83            |    auto/auto     |
===============================================

Inferred memory devices in process
	in routine FSM_tx_MUX_WIDTH2 line 36 in file
		'/home/IC/FINAL_PROJECT/rtl_dft/UART/UART_TX/FSM_tx.v'.
===============================================================================
|    Register Name    |   Type    | Width | Bus | MB | AR | AS | SR | SS | ST |
===============================================================================
|  current_state_reg  | Flip-flop |   3   |  Y  | N  | Y  | N  | N  | N  | N  |
===============================================================================

Inferred memory devices in process
	in routine FSM_tx_MUX_WIDTH2 line 123 in file
		'/home/IC/FINAL_PROJECT/rtl_dft/UART/UART_TX/FSM_tx.v'.
===============================================================================
|    Register Name    |   Type    | Width | Bus | MB | AR | AS | SR | SS | ST |
===============================================================================
|      BUSY_reg       | Flip-flop |   1   |  N  | N  | Y  | N  | N  | N  | N  |
===============================================================================
Presto compilation completed successfully.
Information: Building the design 'PARITY_CALC' instantiated from design 'UART_TX_DATA_WIDTH8' with
	the parameters "DATA_WIDTH=8". (HDL-193)

Inferred memory devices in process
	in routine PARITY_CALC_DATA_WIDTH8 line 17 in file
		'/home/IC/FINAL_PROJECT/rtl_dft/UART/UART_TX/PARITY_CALC.v'.
===============================================================================
|    Register Name    |   Type    | Width | Bus | MB | AR | AS | SR | SS | ST |
===============================================================================
|     par_bit_reg     | Flip-flop |   1   |  N  | N  | Y  | N  | N  | N  | N  |
===============================================================================
Presto compilation completed successfully.
Information: Building the design 'MUX' instantiated from design 'UART_TX_DATA_WIDTH8' with
	the parameters "MUX_WIDTH=2". (HDL-193)
Warning:  /home/IC/FINAL_PROJECT/rtl_dft/UART/UART_TX/MUX.v:25: DEFAULT branch of CASE statement cannot be reached. (ELAB-311)

Statistics for case statements in always block at line 19 in file
	'/home/IC/FINAL_PROJECT/rtl_dft/UART/UART_TX/MUX.v'
===============================================
|           Line           |  full/ parallel  |
===============================================
|            25            |    auto/auto     |
===============================================

Inferred memory devices in process
	in routine MUX_MUX_WIDTH2 line 19 in file
		'/home/IC/FINAL_PROJECT/rtl_dft/UART/UART_TX/MUX.v'.
===============================================================================
|    Register Name    |   Type    | Width | Bus | MB | AR | AS | SR | SS | ST |
===============================================================================
|     TX_OUT_reg      | Flip-flop |   1   |  N  | N  | N  | Y  | N  | N  | N  |
===============================================================================
Presto compilation completed successfully.
Information: Building the design 'EDGE_BIT_COUNTER'. (HDL-193)

Inferred memory devices in process
	in routine EDGE_BIT_COUNTER line 12 in file
		'/home/IC/FINAL_PROJECT/rtl_dft/UART/UART_RX/EDGE_BIT_COUNTER.v'.
===============================================================================
|    Register Name    |   Type    | Width | Bus | MB | AR | AS | SR | SS | ST |
===============================================================================
|     bit_cnt_reg     | Flip-flop |   4   |  Y  | N  | Y  | N  | N  | N  | N  |
|    edge_cnt_reg     | Flip-flop |   6   |  Y  | N  | Y  | N  | N  | N  | N  |
===============================================================================
Presto compilation completed successfully.
Information: Building the design 'DESERIALIZER' instantiated from design 'UART_RX_DATA_WIDTH8' with
	the parameters "DATA_WIDTH=8". (HDL-193)

Inferred memory devices in process
	in routine DESERIALIZER_DATA_WIDTH8 line 16 in file
		'/home/IC/FINAL_PROJECT/rtl_dft/UART/UART_RX/DESERIALIZER.v'.
===============================================================================
|    Register Name    |   Type    | Width | Bus | MB | AR | AS | SR | SS | ST |
===============================================================================
|     P_DATA_reg      | Flip-flop |   8   |  Y  | N  | Y  | N  | N  | N  | N  |
===============================================================================
Presto compilation completed successfully.
Information: Building the design 'START_CHECK'. (HDL-193)

Inferred memory devices in process
	in routine START_CHECK line 12 in file
		'/home/IC/FINAL_PROJECT/rtl_dft/UART/UART_RX/START_CHECK.v'.
===============================================================================
|    Register Name    |   Type    | Width | Bus | MB | AR | AS | SR | SS | ST |
===============================================================================
|  start_glitch_reg   | Flip-flop |   1   |  N  | N  | Y  | N  | N  | N  | N  |
===============================================================================
Presto compilation completed successfully.
Information: Building the design 'STOP_CHECK'. (HDL-193)

Inferred memory devices in process
	in routine STOP_CHECK line 12 in file
		'/home/IC/FINAL_PROJECT/rtl_dft/UART/UART_RX/STOP_CHECK.v'.
===============================================================================
|    Register Name    |   Type    | Width | Bus | MB | AR | AS | SR | SS | ST |
===============================================================================
|    stop_err_reg     | Flip-flop |   1   |  N  | N  | Y  | N  | N  | N  | N  |
===============================================================================
Presto compilation completed successfully.
Information: Building the design 'PAR_CHECK' instantiated from design 'UART_RX_DATA_WIDTH8' with
	the parameters "DATA_WIDTH=8". (HDL-193)

Inferred memory devices in process
	in routine PAR_CHECK_DATA_WIDTH8 line 23 in file
		'/home/IC/FINAL_PROJECT/rtl_dft/UART/UART_RX/PAR_CHECK.v'.
===============================================================================
|    Register Name    |   Type    | Width | Bus | MB | AR | AS | SR | SS | ST |
===============================================================================
|     par_err_reg     | Flip-flop |   1   |  N  | N  | Y  | N  | N  | N  | N  |
===============================================================================
Presto compilation completed successfully.
Information: Building the design 'DATA_SAMPLING'. (HDL-193)

Inferred memory devices in process
	in routine DATA_SAMPLING line 17 in file
		'/home/IC/FINAL_PROJECT/rtl_dft/UART/UART_RX/DATA_SAMPLING.v'.
=================================================================================
|     Register Name     |   Type    | Width | Bus | MB | AR | AS | SR | SS | ST |
=================================================================================
|     sample_2_reg      | Flip-flop |   1   |  N  | N  | Y  | N  | N  | N  | N  |
|    sampled_bit_reg    | Flip-flop |   1   |  N  | N  | Y  | N  | N  | N  | N  |
|     sample_3_reg      | Flip-flop |   1   |  N  | N  | Y  | N  | N  | N  | N  |
| sampled_bit_valid_reg | Flip-flop |   1   |  N  | N  | Y  | N  | N  | N  | N  |
|     sample_1_reg      | Flip-flop |   1   |  N  | N  | Y  | N  | N  | N  | N  |
=================================================================================
Presto compilation completed successfully.
Information: Building the design 'FSM'. (HDL-193)

Statistics for case statements in always block at line 43 in file
	'/home/IC/FINAL_PROJECT/rtl_dft/UART/UART_RX/FSM.v'
===============================================
|           Line           |  full/ parallel  |
===============================================
|            45            |    auto/auto     |
===============================================

Statistics for case statements in always block at line 109 in file
	'/home/IC/FINAL_PROJECT/rtl_dft/UART/UART_RX/FSM.v'
===============================================
|           Line           |  full/ parallel  |
===============================================
|           118            |    auto/auto     |
===============================================

Inferred memory devices in process
	in routine FSM line 35 in file
		'/home/IC/FINAL_PROJECT/rtl_dft/UART/UART_RX/FSM.v'.
===============================================================================
|    Register Name    |   Type    | Width | Bus | MB | AR | AS | SR | SS | ST |
===============================================================================
|  current_state_reg  | Flip-flop |   3   |  Y  | N  | Y  | N  | N  | N  | N  |
===============================================================================
Presto compilation completed successfully.
1
###################### Defining toplevel ###################################
current_design $top_module
Current design is 'SYS_TOP'.
{SYS_TOP}
#################### Liniking All The Design Parts #########################
puts "###############################################"
###############################################
puts "######## Liniking All The Design Parts ########"
######## Liniking All The Design Parts ########
puts "###############################################"
###############################################
link 

  Linking design 'SYS_TOP'
  Using the following designs and libraries:
  --------------------------------------------------------------------------
  * (30 designs)              /home/IC/FINAL_PROJECT/syn_dft/SYS_TOP.db, etc
  scmetro_tsmc_cl013g_rvt_ss_1p08v_125c (library) /home/IC/tsmc_fb_cl013g_sc/aci/sc-m/synopsys/scmetro_tsmc_cl013g_rvt_ss_1p08v_125c.db
  scmetro_tsmc_cl013g_rvt_tt_1p2v_25c (library) /home/IC/tsmc_fb_cl013g_sc/aci/sc-m/synopsys/scmetro_tsmc_cl013g_rvt_tt_1p2v_25c.db
  scmetro_tsmc_cl013g_rvt_ff_1p32v_m40c (library) /home/IC/tsmc_fb_cl013g_sc/aci/sc-m/synopsys/scmetro_tsmc_cl013g_rvt_ff_1p32v_m40c.db

1
#################### Liniking All The Design Parts #########################
puts "###############################################"
###############################################
puts "######## checking design consistency ##########"
######## checking design consistency ##########
puts "###############################################"
###############################################
check_design >> reports/check_design.rpt
############################### Path groups ################################
puts "###############################################"
###############################################
puts "################ Path groups ##################"
################ Path groups ##################
puts "###############################################"
###############################################
group_path -name INREG -from [all_inputs]
1
group_path -name REGOUT -to [all_outputs]
1
group_path -name INOUT -from [all_inputs] -to [all_outputs]
1
#################### Define Design Constraints #########################
puts "###############################################"
###############################################
puts "############ Design Constraints #### ##########"
############ Design Constraints #### ##########
puts "###############################################"
###############################################
source -echo ./cons.tcl
####################################################################################
# Constraints
# ----------------------------------------------------------------------------
#
# 0. Design Compiler variables
#
# 1. Master Clock Definitions
#
# 2. Generated Clock Definitions
#
# 3. Clock Uncertainties
#
# 4. Clock Latencies 
#
# 5. Clock Relationships
#
# 6. #set input/output delay on ports
#
# 7. Driving cells
#
# 8. Output load
####################################################################################
#########################################################
#### Section 0 : DC Variables ####
#########################################################
#################################################################################### 
# Prevent assign statements in the generated netlist (must be applied before compile command)
set_fix_multiple_port_nets -all -buffer_constants -feedthroughs
####################################################################################
#########################################################
#### Section 1 : Clock Definition ####
#########################################################
#################################################################################### 
# 1. Master Clock Definitions 
# 2. Generated Clock Definitions
# 3. Clock Latencies
# 4. Clock Uncertainties
# 4. Clock Transitions
####################################################################################
# REF CLK = 50 MHz
set CLK_REF_NAME REF_CLK
set CLK_PER 20
# UART CLK = 3.686 MHz
set CLK_UART_NAME UART_CLK
set CLK_UART_PER 271.267
# uncertainty
set CLK_SETUP_SKEW 0.2
set CLK_HOLD_SKEW 0.1
# transition
set CLK_RISE 0.05
set CLK_FALL 0.05
#1. Master Clocks
create_clock -name $CLK_REF_NAME -period $CLK_PER [get_ports REF_CLK]
set_clock_uncertainty -setup $CLK_SETUP_SKEW [get_clocks $CLK_REF_NAME]
set_clock_uncertainty -hold $CLK_HOLD_SKEW  [get_clocks $CLK_REF_NAME]
set_clock_transition -rise $CLK_RISE  [get_clocks $CLK_REF_NAME]
set_clock_transition -fall $CLK_FALL  [get_clocks $CLK_REF_NAME]
create_clock -name $CLK_UART_NAME -period $CLK_UART_PER [get_ports UART_CLK]
set_clock_uncertainty -setup $CLK_SETUP_SKEW [get_clocks $CLK_UART_NAME]
set_clock_uncertainty -hold $CLK_HOLD_SKEW  [get_clocks $CLK_UART_NAME]
set_clock_transition -rise $CLK_RISE  [get_clocks $CLK_UART_NAME]
set_clock_transition -fall $CLK_FALL  [get_clocks $CLK_UART_NAME]
#For DFT
set DFT_CLK_NAME DFTCLK
set DFT_CLK_PER 100
set DFT_CLK_SETUP_SKEW 0.025
set DFT_CLK_HOLD_SKEW 0.01
set DFT_CLK_RISE 0.05
set DFT_CLK_FALL 0.05
create_clock -name $DFT_CLK_NAME -period $DFT_CLK_PER [get_ports scan_clk]
set_clock_uncertainty -setup $DFT_CLK_SETUP_SKEW [get_clocks $DFT_CLK_NAME]
set_clock_uncertainty -hold $DFT_CLK_HOLD_SKEW  [get_clocks $DFT_CLK_NAME]
set_clock_transition -rise $DFT_CLK_RISE  [get_clocks $DFT_CLK_NAME]
set_clock_transition -fall $DFT_CLK_FALL  [get_clocks $DFT_CLK_NAME]
#2. Generated clocks
create_generated_clock -master_clock $CLK_UART_NAME -source [get_ports UART_CLK]                        -name "UART_RX_CLK" [get_ports Clk_Div_RX_Prescale/o_div_clk] -divide_by 1
set_clock_uncertainty -setup $CLK_SETUP_SKEW [get_clocks "UART_RX_CLK"]
set_clock_uncertainty -hold $CLK_HOLD_SKEW   [get_clocks "UART_RX_CLK"]
create_generated_clock -master_clock $CLK_UART_NAME -source [get_ports UART_CLK]                        -name "UART_TX_CLK" [get_ports Clk_Div_TX_CONS/o_div_clk] -divide_by 32
set_clock_uncertainty -setup $CLK_SETUP_SKEW [get_clocks "UART_TX_CLK"]
set_clock_uncertainty -hold $CLK_HOLD_SKEW   [get_clocks "UART_TX_CLK"]
create_generated_clock -master_clock $CLK_REF_NAME -source [get_ports REF_CLK]                        -name "ALU_CLK" [get_ports U_CLK_GATE/GATED_CLK] -divide_by 1
set_clock_uncertainty -setup $CLK_SETUP_SKEW [get_clocks "ALU_CLK"]
set_clock_uncertainty -hold $CLK_HOLD_SKEW   [get_clocks "ALU_CLK"]
set_dont_touch_network [get_clocks "$CLK_REF_NAME $CLK_UART_NAME ALU_CLK UART_RX_CLK UART_TX_CLK $DFT_CLK_NAME"]
####################################################################################
#########################################################
#### Section 2 : Clocks Relationship ####
#########################################################
####################################################################################
set_clock_groups -asynchronous -group [get_clocks "$CLK_REF_NAME ALU_CLK"]                                 -group [get_clocks "$CLK_UART_NAME UART_TX_CLK UART_RX_CLK"] 			       -group [get_clocks "$DFT_CLK_NAME"]	
####################################################################################
#########################################################
#### Section 3 : set input/output delay on ports ####
#########################################################
####################################################################################
set in_delay_tx  [expr 0.2*$CLK_UART_PER*32]
set out_delay_tx [expr 0.2*$CLK_UART_PER*32]
set in_delay_rx  [expr 0.2*$CLK_UART_PER]
set out_delay_rx [expr 0.2*$CLK_UART_PER]
set in_delay_dft  [expr 0.2*$DFT_CLK_PER]
set out_delay_dft [expr 0.2*$DFT_CLK_PER]
#Constrain Input Paths
set_input_delay $in_delay_rx -clock UART_RX_CLK [get_ports UART_RX_IN]
#Constrain Output Paths
set_output_delay $out_delay_tx -clock UART_TX_CLK [get_ports UART_TX_O]
set_output_delay $out_delay_rx -clock UART_RX_CLK [get_ports parity_error]
set_output_delay $out_delay_rx -clock UART_RX_CLK [get_ports framing_error]
# DFT
set_input_delay $in_delay_dft -clock $DFT_CLK_NAME [get_ports test_mode]
set_input_delay $in_delay_dft -clock $DFT_CLK_NAME [get_ports SI]
set_input_delay $in_delay_dft -clock $DFT_CLK_NAME [get_ports SE]
set_output_delay $out_delay_dft -clock $DFT_CLK_NAME [get_ports SO]
####################################################################################
#########################################################
#### Section 4 : Driving cells ####
#########################################################
####################################################################################
set_driving_cell -library scmetro_tsmc_cl013g_rvt_ss_1p08v_125c -lib_cell BUFX2M -pin Y [get_ports UART_RX_IN]
Warning: Design rule attributes from the driving cell will be
	set on the port. (UID-401)
# DFT
set_driving_cell -library scmetro_tsmc_cl013g_rvt_ss_1p08v_125c -lib_cell BUFX2M -pin Y [get_ports test_mode]
Warning: Design rule attributes from the driving cell will be
	set on the port. (UID-401)
set_driving_cell -library scmetro_tsmc_cl013g_rvt_ss_1p08v_125c -lib_cell BUFX2M -pin Y [get_ports SI]
Warning: Design rule attributes from the driving cell will be
	set on the port. (UID-401)
Warning: Design rule attributes from the driving cell will be
	set on the port. (UID-401)
Warning: Design rule attributes from the driving cell will be
	set on the port. (UID-401)
Warning: Design rule attributes from the driving cell will be
	set on the port. (UID-401)
set_driving_cell -library scmetro_tsmc_cl013g_rvt_ss_1p08v_125c -lib_cell BUFX2M -pin Y [get_ports SE]
Warning: Design rule attributes from the driving cell will be
	set on the port. (UID-401)
####################################################################################
#########################################################
#### Section 5 : Output load ####
#########################################################
####################################################################################
set_load 0.1 [get_ports UART_TX_O]
set_load 0.1 [get_ports parity_error]
set_load 0.1 [get_ports framing_error]
# DFT
set_load 0.1 [get_ports SO]
####################################################################################
#########################################################
#### Section 6 : Operating Condition ####
#########################################################
####################################################################################
# Define the Worst Library for Max(#setup) analysis
# Define the Best Library for Min(hold) analysis
set_operating_conditions -min_library "scmetro_tsmc_cl013g_rvt_ff_1p32v_m40c" -min "scmetro_tsmc_cl013g_rvt_ff_1p32v_m40c" -max_library "scmetro_tsmc_cl013g_rvt_ss_1p08v_125c" -max "scmetro_tsmc_cl013g_rvt_ss_1p08v_125c"
Using operating conditions 'scmetro_tsmc_cl013g_rvt_ss_1p08v_125c' found in library 'scmetro_tsmc_cl013g_rvt_ss_1p08v_125c'.
Using operating conditions 'scmetro_tsmc_cl013g_rvt_ff_1p32v_m40c' found in library 'scmetro_tsmc_cl013g_rvt_ff_1p32v_m40c'.
####################################################################################
#########################################################
#### Section 7 : wireload Model ####
#########################################################
####################################################################################
#set_wire_load_model -name tsmc13_wl20 -library scmetro_tsmc_cl013g_rvt_ss_1p08v_125c
####################################################################################
#########################################################
#### Section 8 : set_case_analysis ####
#########################################################
####################################################################################
set_case_analysis 1 [get_port test_mode]
####################################################################################
#################### Archirecture Scan Chains #########################
puts "###############################################"
###############################################
puts "############ Configure scan chains ############"
############ Configure scan chains ############
puts "###############################################"
###############################################
set_scan_configuration -clock_mixing no_mix  -style multiplexed_flip_flop -replace true -max_length 100
Accepted scan configuration for modes: all_dft
1
###################### Mapping and optimization ########################
puts "###############################################"
###############################################
puts "########## Mapping & Optimization #############"
########## Mapping & Optimization #############
puts "###############################################"
###############################################
compile -scan
Information: Choosing a test methodology will restrict the optimization of sequential cells. (UIO-12)
Information: Evaluating DesignWare library utilization. (UISN-27)

============================================================================
| DesignWare Building Block Library  |         Version         | Available |
============================================================================
| Basic DW Building Blocks           | K-2015.06-DWBB_201506.0 |     *     |
| Licensed DW Building Blocks        |                         |           |
============================================================================


Information: There are 39 potential problems in your design. Please run 'check_design' for more information. (LINT-99)


Warning: Operating condition scmetro_tsmc_cl013g_rvt_ss_1p08v_125c set on design SYS_TOP has different process,
voltage and temperatures parameters than the parameters at which target library 
scmetro_tsmc_cl013g_rvt_tt_1p2v_25c is characterized. Delays may be inaccurate as a result. (OPT-998)

  Beginning Pass 1 Mapping
  ------------------------
  Processing 'CLK_GATE'
  Processing 'ALU'
  Processing 'RegFile'
  Processing 'SYS_CTRL'
  Processing 'FSM'
  Processing 'DATA_SAMPLING'
  Processing 'PAR_CHECK_DATA_WIDTH8'
  Processing 'STOP_CHECK'
  Processing 'START_CHECK'
  Processing 'DESERIALIZER_DATA_WIDTH8'
  Processing 'EDGE_BIT_COUNTER'
  Processing 'UART_RX_DATA_WIDTH8'
  Processing 'MUX_MUX_WIDTH2'
  Processing 'PARITY_CALC_DATA_WIDTH8'
  Processing 'FSM_tx_MUX_WIDTH2'
  Processing 'SERIALIZER_DATA_WIDTH8_COUNT3'
Information: The register 'register_reg[7]' is a constant and will be removed. (OPT-1206)
  Processing 'UART_TX_DATA_WIDTH8'
  Processing 'UART_TOP'
  Processing 'ClkDiv_0'
  Processing 'CLKDIV_MUX'
  Processing 'PULSE_GEN'
  Processing 'BIT_SYNC_NUM_STAGES2_BUS_WIDTH4_0'
  Processing 'FIFO_MEM_CNTRL_ADDRES_WIDTH4_DATA_WIDTH8_FIFO_DEPTH8'
  Processing 'FIFO_RD_ADDRES_WIDTH4'
  Processing 'FIFO_WR_ADDRES_WIDTH4'
  Processing 'ASYNC_FIFO_ADDRES_WIDTH4_DATA_WIDTH8_FIFO_DEPTH8'
  Processing 'DATA_SYNC_NUM_STAGES2_DATA_WIDTH8'
  Processing 'RST_SYNC_NUM_STAGES2_0'
  Processing 'mux2X1_0'
  Processing 'mux2X1_1'
  Processing 'SYS_TOP'

  Updating timing information
Information: Updating design information... (UID-85)

  Beginning Implementation Selection
  ----------------------------------
  Processing 'ALU_DW_div_uns_0'
  Processing 'ALU_DW01_sub_0'
  Processing 'ALU_DW01_add_0'
  Processing 'ALU_DW01_cmp6_0'
  Processing 'FSM_DW01_cmp6_0'
  Processing 'FSM_DW01_sub_0'
  Processing 'FSM_DW01_cmp6_1'
  Processing 'FSM_DW01_dec_0'
  Processing 'DATA_SAMPLING_DW01_cmp6_0'
  Processing 'DATA_SAMPLING_DW01_inc_0'
  Processing 'DATA_SAMPLING_DW01_cmp6_1'
  Processing 'DATA_SAMPLING_DW01_cmp6_2'
  Processing 'DATA_SAMPLING_DW01_dec_0'
  Processing 'DATA_SAMPLING_DW01_cmp6_3'
  Processing 'DATA_SAMPLING_DW01_sub_0'
  Processing 'EDGE_BIT_COUNTER_DW01_inc_0'
  Processing 'EDGE_BIT_COUNTER_DW01_cmp6_0'
  Processing 'EDGE_BIT_COUNTER_DW01_dec_0'
  Processing 'ClkDiv_1_DW01_inc_0'
  Processing 'ClkDiv_1_DW01_cmp6_0'
  Processing 'ClkDiv_1_DW01_cmp6_1'
  Processing 'ClkDiv_1_DW01_dec_0'
  Processing 'ClkDiv_0_DW01_inc_0'
  Processing 'ClkDiv_0_DW01_cmp6_0'
  Processing 'ClkDiv_0_DW01_cmp6_1'
  Processing 'ClkDiv_0_DW01_dec_0'
  Processing 'ALU_DW02_mult_0'
  Processing 'ALU_DW01_add_1'

  Beginning Mapping Optimizations  (Medium effort)
  -------------------------------
  Mapping Optimization (Phase 1)

                                  TOTAL                                      
   ELAPSED            WORST NEG   SETUP    DESIGN                            
    TIME      AREA      SLACK     COST    RULE COST         ENDPOINT         
  --------- --------- --------- --------- --------- -------------------------
    0:00:18   46635.0      0.00       0.0       0.2                          
    0:00:19   46635.0      0.00       0.0       0.2                          
    0:00:19   46635.0      0.00       0.0       0.2                          
    0:00:19   46635.0      0.00       0.0       0.2                          
    0:00:19   46635.0      0.00       0.0       0.2                          
    0:00:22   25132.0      0.00       0.0       0.0                          
    0:00:22   25088.4      0.00       0.0       0.0                          
    0:00:23   25088.4      0.00       0.0       0.0                          
    0:00:23   25088.4      0.00       0.0       0.0                          
    0:00:23   25088.4      0.00       0.0       0.0                          
    0:00:23   25088.4      0.00       0.0       0.0                          
    0:00:23   25088.4      0.00       0.0       0.0                          
    0:00:23   25088.4      0.00       0.0       0.0                          
    0:00:23   25088.4      0.00       0.0       0.0                          



  Beginning Delay Optimization Phase
  ----------------------------------

                                  TOTAL                                      
   ELAPSED            WORST NEG   SETUP    DESIGN                            
    TIME      AREA      SLACK     COST    RULE COST         ENDPOINT         
  --------- --------- --------- --------- --------- -------------------------
    0:00:23   25088.4      0.00       0.0       0.0                          
    0:00:23   25088.4      0.00       0.0       0.0                          
    0:00:25   25088.4      0.00       0.0       0.0                          


  Beginning Area-Recovery Phase  (cleanup)
  -----------------------------

                                  TOTAL                                      
   ELAPSED            WORST NEG   SETUP    DESIGN                            
    TIME      AREA      SLACK     COST    RULE COST         ENDPOINT         
  --------- --------- --------- --------- --------- -------------------------
    0:00:25   25088.4      0.00       0.0       0.0                          
    0:00:25   25088.4      0.00       0.0       0.0                          
    0:00:25   25011.9      0.00       0.0       0.0                          
    0:00:25   24997.8      0.00       0.0       0.0                          
    0:00:25   24987.2      0.00       0.0       0.0                          
    0:00:25   24971.9      0.00       0.0       0.0                          
    0:00:25   24968.4      0.00       0.0       0.0                          
    0:00:25   24968.4      0.00       0.0       0.0                          
    0:00:25   24968.4      0.00       0.0       0.0                          
    0:00:25   24968.4      0.00       0.0       0.0                          
    0:00:25   24968.4      0.00       0.0       0.0                          
    0:00:25   24968.4      0.00       0.0       0.0                          
    0:00:25   24968.4      0.00       0.0       0.0                          
    0:00:25   24968.4      0.00       0.0       0.0                          
    0:00:25   24986.0      0.00       0.0       0.0                          
Loading db file '/home/IC/tsmc_fb_cl013g_sc/aci/sc-m/synopsys/scmetro_tsmc_cl013g_rvt_ss_1p08v_125c.db'
Loading db file '/home/IC/tsmc_fb_cl013g_sc/aci/sc-m/synopsys/scmetro_tsmc_cl013g_rvt_tt_1p2v_25c.db'
Loading db file '/home/IC/tsmc_fb_cl013g_sc/aci/sc-m/synopsys/scmetro_tsmc_cl013g_rvt_ff_1p32v_m40c.db'


Note: Symbol # after min delay cost means estimated hold TNS across all active scenarios 


  Optimization Complete
  ---------------------
1
################################################################### 
# Setting Test Timing Variables
################################################################### 
# Preclock Measure Protocol (default protocol)
set test_default_period 100
100
set test_default_delay 0
0
set test_default_bidir_delay 0
0
set test_default_strobe 20
20
set test_default_strobe_width 0
0
########################## Define DFT Signals ##########################
set_dft_signal -port [get_ports scan_clk]  -type ScanClock   -view existing_dft  -timing {30 60}
Accepted dft signal specification for modes: all_dft
1
set_dft_signal -port [get_ports scan_rst]  -type Reset       -view existing_dft  -active_state 0
Accepted dft signal specification for modes: all_dft
1
set_dft_signal -port [get_ports test_mode] -type Constant    -view existing_dft  -active_state 1 
Accepted dft signal specification for modes: all_dft
1
set_dft_signal -port [get_ports test_mode] -type TestMode    -view spec          -active_state 1 
Accepted dft signal specification for modes: all_dft
1
set_dft_signal -port [get_ports SE]        -type ScanEnable  -view spec          -active_state 1   -usage scan
Accepted dft signal specification for modes: all_dft
1
set_dft_signal -port [get_ports SI]        -type ScanDataIn  -view spec 
Accepted dft signal specification for modes: all_dft
1
set_dft_signal -port [get_ports SO]        -type ScanDataOut -view spec  
Accepted dft signal specification for modes: all_dft
1
############################# Create Test Protocol #######################
create_test_protocol
In mode: all_dft...

Information: Starting test protocol creation. (TEST-219)
  ...reading user specified clock signals...
Information: Identified system/test clock port scan_clk (30.0,60.0). (TEST-265)
  ...reading user specified asynchronous signals...
Information: Identified active low asynchronous control port scan_rst. (TEST-266)
1
###################### Pre-DFT Design Rule Checking #######################
dft_drc -verbose
In mode: all_dft...
  Pre-DFT DRC enabled

Information: Starting test design rule checking. (TEST-222)
  Loading test protocol
  ...basic checks...
  ...basic sequential cell checks...
  	...checking for scan equivalents...
  ...checking vector rules...
  ...checking pre-dft rules...

-----------------------------------------------------------------
Begin Other violations...

Warning: Cell U_CLK_GATE/U0_TLATNCAX12M has constant 1 value. (TEST-505)

Other violations completed...
-----------------------------------------------------------------

-----------------------------------------------------------------
  DRC Report

  Total violations: 1

-----------------------------------------------------------------

1 OTHER VIOLATION
     1 Cell is constant 1 violation (TEST-505)


Warning: Violations occurred during test design rule checking. (TEST-124)

-----------------------------------------------------------------
  Sequential Cell Report

  1 out of 350 sequential cells have violations

-----------------------------------------------------------------

SEQUENTIAL CELLS WITH VIOLATIONS
      *   1 cell has constant 1 value
         U_CLK_GATE/U0_TLATNCAX12M
SEQUENTIAL CELLS WITHOUT VIOLATIONS
      * 349 cells are valid scan cells
         REF_RST_SYNC/sync_reg_reg[1]
         REF_RST_SYNC/sync_reg_reg[0]
         DATA_sync_ref/pulse_gen_reg_reg
         DATA_sync_ref/bit_sync_reg_reg[1]
         DATA_sync_ref/sync_bus_reg[7]
         DATA_sync_ref/sync_bus_reg[4]
         DATA_sync_ref/sync_bus_reg[6]
         DATA_sync_ref/sync_bus_reg[5]
         DATA_sync_ref/sync_bus_reg[3]
         DATA_sync_ref/sync_bus_reg[0]
         DATA_sync_ref/sync_bus_reg[2]
         DATA_sync_ref/sync_bus_reg[1]
         DATA_sync_ref/bit_sync_reg_reg[0]
         DATA_sync_ref/enable_pulse_reg
         U_PULSE_GEN/rcv_flop_reg
         U_PULSE_GEN/pulse_flop_reg
         Clk_Div_TX_CONS/div_clk_reg
         Clk_Div_TX_CONS/odd_edge_tog_reg
         Clk_Div_TX_CONS/count_reg[6]
         Clk_Div_TX_CONS/count_reg[0]
         Clk_Div_TX_CONS/count_reg[5]
         Clk_Div_TX_CONS/count_reg[4]
         Clk_Div_TX_CONS/count_reg[3]
         Clk_Div_TX_CONS/count_reg[2]
         Clk_Div_TX_CONS/count_reg[1]
         U_SYS_CTRL/STORE_2ND_BYTE_OF_ALU_OUT_reg[7]
         U_SYS_CTRL/STORE_2ND_BYTE_OF_ALU_OUT_reg[6]
         U_SYS_CTRL/STORE_2ND_BYTE_OF_ALU_OUT_reg[5]
         U_SYS_CTRL/STORE_2ND_BYTE_OF_ALU_OUT_reg[4]
         U_SYS_CTRL/STORE_2ND_BYTE_OF_ALU_OUT_reg[3]
         U_SYS_CTRL/STORE_2ND_BYTE_OF_ALU_OUT_reg[2]
         U_SYS_CTRL/STORE_2ND_BYTE_OF_ALU_OUT_reg[1]
         U_SYS_CTRL/STORE_2ND_BYTE_OF_ALU_OUT_reg[0]
         U_SYS_CTRL/STORE_ADDRESS_DATA_reg[2]
         U_SYS_CTRL/STORE_ADDRESS_DATA_reg[0]
         U_SYS_CTRL/STORE_ADDRESS_DATA_reg[1]
         U_SYS_CTRL/current_state_reg[0]
         U_SYS_CTRL/current_state_reg[2]
         U_SYS_CTRL/current_state_reg[1]
         U_SYS_CTRL/current_state_reg[3]
         U_SYS_CTRL/STORE_ADDRESS_DATA_reg[3]
         U_RegFile/regArr_reg[13][7]
         U_RegFile/regArr_reg[13][6]
         U_RegFile/regArr_reg[13][5]
         U_RegFile/regArr_reg[13][4]
         U_RegFile/regArr_reg[13][3]
         U_RegFile/regArr_reg[13][2]
         U_RegFile/regArr_reg[13][1]
         U_RegFile/regArr_reg[13][0]
         U_RegFile/regArr_reg[9][7]
         U_RegFile/regArr_reg[9][6]
         U_RegFile/regArr_reg[9][5]
         U_RegFile/regArr_reg[9][4]
         U_RegFile/regArr_reg[9][3]
         U_RegFile/regArr_reg[9][2]
         U_RegFile/regArr_reg[9][1]
         U_RegFile/regArr_reg[9][0]
         U_RegFile/regArr_reg[5][7]
         U_RegFile/regArr_reg[5][6]
         U_RegFile/regArr_reg[5][5]
         U_RegFile/regArr_reg[5][4]
         U_RegFile/regArr_reg[5][3]
         U_RegFile/regArr_reg[5][2]
         U_RegFile/regArr_reg[5][1]
         U_RegFile/regArr_reg[5][0]
         U_RegFile/regArr_reg[15][7]
         U_RegFile/regArr_reg[15][6]
         U_RegFile/regArr_reg[15][5]
         U_RegFile/regArr_reg[15][4]
         U_RegFile/regArr_reg[15][3]
         U_RegFile/regArr_reg[15][2]
         U_RegFile/regArr_reg[15][1]
         U_RegFile/regArr_reg[15][0]
         U_RegFile/regArr_reg[11][7]
         U_RegFile/regArr_reg[11][6]
         U_RegFile/regArr_reg[11][5]
         U_RegFile/regArr_reg[11][4]
         U_RegFile/regArr_reg[11][3]
         U_RegFile/regArr_reg[11][2]
         U_RegFile/regArr_reg[11][1]
         U_RegFile/regArr_reg[11][0]
         U_RegFile/regArr_reg[7][7]
         U_RegFile/regArr_reg[7][6]
         U_RegFile/regArr_reg[7][5]
         U_RegFile/regArr_reg[7][4]
         U_RegFile/regArr_reg[7][3]
         U_RegFile/regArr_reg[7][2]
         U_RegFile/regArr_reg[7][1]
         U_RegFile/regArr_reg[7][0]
         U_RegFile/regArr_reg[14][7]
         U_RegFile/regArr_reg[14][6]
         U_RegFile/regArr_reg[14][5]
         U_RegFile/regArr_reg[14][4]
         U_RegFile/regArr_reg[14][3]
         U_RegFile/regArr_reg[14][2]
         U_RegFile/regArr_reg[14][1]
         U_RegFile/regArr_reg[14][0]
         U_RegFile/regArr_reg[10][7]
         U_RegFile/regArr_reg[10][6]
         U_RegFile/regArr_reg[10][5]
         U_RegFile/regArr_reg[10][4]
         U_RegFile/regArr_reg[10][3]
         U_RegFile/regArr_reg[10][2]
         U_RegFile/regArr_reg[10][1]
         U_RegFile/regArr_reg[10][0]
         U_RegFile/regArr_reg[6][7]
         U_RegFile/regArr_reg[6][6]
         U_RegFile/regArr_reg[6][5]
         U_RegFile/regArr_reg[6][4]
         U_RegFile/regArr_reg[6][3]
         U_RegFile/regArr_reg[6][2]
         U_RegFile/regArr_reg[6][1]
         U_RegFile/regArr_reg[6][0]
         U_RegFile/regArr_reg[12][7]
         U_RegFile/regArr_reg[12][6]
         U_RegFile/regArr_reg[12][5]
         U_RegFile/regArr_reg[12][4]
         U_RegFile/regArr_reg[12][3]
         U_RegFile/regArr_reg[12][2]
         U_RegFile/regArr_reg[12][1]
         U_RegFile/regArr_reg[12][0]
         U_RegFile/regArr_reg[8][7]
         U_RegFile/regArr_reg[8][6]
         U_RegFile/regArr_reg[8][5]
         U_RegFile/regArr_reg[8][4]
         U_RegFile/regArr_reg[8][3]
         U_RegFile/regArr_reg[8][2]
         U_RegFile/regArr_reg[8][1]
         U_RegFile/regArr_reg[8][0]
         U_RegFile/regArr_reg[4][7]
         U_RegFile/regArr_reg[4][6]
         U_RegFile/regArr_reg[4][5]
         U_RegFile/regArr_reg[4][4]
         U_RegFile/regArr_reg[4][3]
         U_RegFile/regArr_reg[4][2]
         U_RegFile/regArr_reg[4][1]
         U_RegFile/regArr_reg[4][0]
         U_RegFile/RdData_reg[7]
         U_RegFile/RdData_reg[6]
         U_RegFile/RdData_reg[5]
         U_RegFile/RdData_reg[4]
         U_RegFile/RdData_reg[3]
         U_RegFile/RdData_reg[2]
         U_RegFile/RdData_reg[1]
         U_RegFile/RdData_reg[0]
         U_RegFile/regArr_reg[3][0]
         U_RegFile/regArr_reg[1][7]
         U_RegFile/regArr_reg[1][6]
         U_RegFile/regArr_reg[1][1]
         U_RegFile/regArr_reg[0][7]
         U_RegFile/regArr_reg[0][6]
         U_RegFile/regArr_reg[0][5]
         U_RegFile/regArr_reg[0][4]
         U_RegFile/regArr_reg[0][3]
         U_RegFile/regArr_reg[0][2]
         U_RegFile/regArr_reg[0][1]
         U_RegFile/regArr_reg[0][0]
         U_RegFile/regArr_reg[2][1]
         U_RegFile/regArr_reg[2][0]
         U_RegFile/regArr_reg[1][4]
         U_RegFile/regArr_reg[1][5]
         U_RegFile/regArr_reg[3][4]
         U_RegFile/regArr_reg[3][6]
         U_RegFile/regArr_reg[3][7]
         U_RegFile/regArr_reg[3][5]
         U_RegFile/RdData_VLD_reg
         U_RegFile/regArr_reg[3][2]
         U_RegFile/regArr_reg[3][3]
         U_RegFile/regArr_reg[3][1]
         U_RegFile/regArr_reg[2][2]
         U_RegFile/regArr_reg[2][7]
         U_RegFile/regArr_reg[2][5]
         U_RegFile/regArr_reg[2][6]
         U_RegFile/regArr_reg[2][3]
         U_RegFile/regArr_reg[2][4]
         U_RegFile/regArr_reg[1][2]
         U_RegFile/regArr_reg[1][3]
         U_RegFile/regArr_reg[1][0]
         U_ALU/ALU_OUT_reg[7]
         U_ALU/ALU_OUT_reg[6]
         U_ALU/ALU_OUT_reg[5]
         U_ALU/ALU_OUT_reg[4]
         U_ALU/ALU_OUT_reg[3]
         U_ALU/ALU_OUT_reg[2]
         U_ALU/ALU_OUT_reg[1]
         U_ALU/ALU_OUT_reg[0]
         U_ALU/ALU_OUT_reg[15]
         U_ALU/ALU_OUT_reg[14]
         U_ALU/ALU_OUT_reg[13]
         U_ALU/ALU_OUT_reg[12]
         U_ALU/ALU_OUT_reg[11]
         U_ALU/ALU_OUT_reg[10]
         U_ALU/ALU_OUT_reg[9]
         U_ALU/ALU_OUT_reg[8]
         U_ALU/OUT_VALID_reg
         U_FIFO/WRITE_MODULE/ADD_COUNTER_reg[3]
         U_FIFO/WRITE_MODULE/ADD_COUNTER_reg[2]
         U_FIFO/WRITE_MODULE/GRAY_W_ADD_reg[3]
         U_FIFO/WRITE_MODULE/GRAY_W_ADD_reg[2]
         U_FIFO/WRITE_MODULE/GRAY_W_ADD_reg[1]
         U_FIFO/WRITE_MODULE/GRAY_W_ADD_reg[0]
         U_FIFO/WRITE_MODULE/ADD_COUNTER_reg[0]
         U_FIFO/WRITE_MODULE/ADD_COUNTER_reg[1]
         U_FIFO/READ_MODULE/R_ADD_COUNTER_reg[3]
         U_FIFO/READ_MODULE/R_ADD_COUNTER_reg[2]
         U_FIFO/READ_MODULE/GRAY_R_ADD_reg[3]
         U_FIFO/READ_MODULE/GRAY_R_ADD_reg[2]
         U_FIFO/READ_MODULE/GRAY_R_ADD_reg[1]
         U_FIFO/READ_MODULE/GRAY_R_ADD_reg[0]
         U_FIFO/READ_MODULE/R_ADD_COUNTER_reg[1]
         U_FIFO/READ_MODULE/R_ADD_COUNTER_reg[0]
         U_FIFO/MEMORY_MODULE/MEMORY_reg[5][3]
         U_FIFO/MEMORY_MODULE/MEMORY_reg[5][2]
         U_FIFO/MEMORY_MODULE/MEMORY_reg[5][1]
         U_FIFO/MEMORY_MODULE/MEMORY_reg[5][0]
         U_FIFO/MEMORY_MODULE/MEMORY_reg[1][3]
         U_FIFO/MEMORY_MODULE/MEMORY_reg[1][2]
         U_FIFO/MEMORY_MODULE/MEMORY_reg[1][1]
         U_FIFO/MEMORY_MODULE/MEMORY_reg[1][0]
         U_FIFO/MEMORY_MODULE/MEMORY_reg[7][3]
         U_FIFO/MEMORY_MODULE/MEMORY_reg[7][2]
         U_FIFO/MEMORY_MODULE/MEMORY_reg[7][1]
         U_FIFO/MEMORY_MODULE/MEMORY_reg[7][0]
         U_FIFO/MEMORY_MODULE/MEMORY_reg[3][3]
         U_FIFO/MEMORY_MODULE/MEMORY_reg[3][2]
         U_FIFO/MEMORY_MODULE/MEMORY_reg[3][1]
         U_FIFO/MEMORY_MODULE/MEMORY_reg[3][0]
         U_FIFO/MEMORY_MODULE/MEMORY_reg[6][3]
         U_FIFO/MEMORY_MODULE/MEMORY_reg[6][2]
         U_FIFO/MEMORY_MODULE/MEMORY_reg[6][1]
         U_FIFO/MEMORY_MODULE/MEMORY_reg[6][0]
         U_FIFO/MEMORY_MODULE/MEMORY_reg[2][3]
         U_FIFO/MEMORY_MODULE/MEMORY_reg[2][2]
         U_FIFO/MEMORY_MODULE/MEMORY_reg[2][1]
         U_FIFO/MEMORY_MODULE/MEMORY_reg[2][0]
         U_FIFO/MEMORY_MODULE/MEMORY_reg[4][3]
         U_FIFO/MEMORY_MODULE/MEMORY_reg[4][2]
         U_FIFO/MEMORY_MODULE/MEMORY_reg[4][1]
         U_FIFO/MEMORY_MODULE/MEMORY_reg[4][0]
         U_FIFO/MEMORY_MODULE/MEMORY_reg[0][3]
         U_FIFO/MEMORY_MODULE/MEMORY_reg[0][2]
         U_FIFO/MEMORY_MODULE/MEMORY_reg[0][1]
         U_FIFO/MEMORY_MODULE/MEMORY_reg[0][0]
         U_FIFO/MEMORY_MODULE/MEMORY_reg[5][7]
         U_FIFO/MEMORY_MODULE/MEMORY_reg[5][6]
         U_FIFO/MEMORY_MODULE/MEMORY_reg[5][5]
         U_FIFO/MEMORY_MODULE/MEMORY_reg[5][4]
         U_FIFO/MEMORY_MODULE/MEMORY_reg[1][7]
         U_FIFO/MEMORY_MODULE/MEMORY_reg[1][6]
         U_FIFO/MEMORY_MODULE/MEMORY_reg[1][5]
         U_FIFO/MEMORY_MODULE/MEMORY_reg[1][4]
         U_FIFO/MEMORY_MODULE/MEMORY_reg[7][7]
         U_FIFO/MEMORY_MODULE/MEMORY_reg[7][6]
         U_FIFO/MEMORY_MODULE/MEMORY_reg[7][5]
         U_FIFO/MEMORY_MODULE/MEMORY_reg[7][4]
         U_FIFO/MEMORY_MODULE/MEMORY_reg[3][7]
         U_FIFO/MEMORY_MODULE/MEMORY_reg[3][6]
         U_FIFO/MEMORY_MODULE/MEMORY_reg[3][5]
         U_FIFO/MEMORY_MODULE/MEMORY_reg[3][4]
         U_FIFO/MEMORY_MODULE/MEMORY_reg[6][7]
         U_FIFO/MEMORY_MODULE/MEMORY_reg[6][6]
         U_FIFO/MEMORY_MODULE/MEMORY_reg[6][5]
         U_FIFO/MEMORY_MODULE/MEMORY_reg[6][4]
         U_FIFO/MEMORY_MODULE/MEMORY_reg[2][7]
         U_FIFO/MEMORY_MODULE/MEMORY_reg[2][6]
         U_FIFO/MEMORY_MODULE/MEMORY_reg[2][5]
         U_FIFO/MEMORY_MODULE/MEMORY_reg[2][4]
         U_FIFO/MEMORY_MODULE/MEMORY_reg[4][7]
         U_FIFO/MEMORY_MODULE/MEMORY_reg[4][6]
         U_FIFO/MEMORY_MODULE/MEMORY_reg[4][5]
         U_FIFO/MEMORY_MODULE/MEMORY_reg[4][4]
         U_FIFO/MEMORY_MODULE/MEMORY_reg[0][7]
         U_FIFO/MEMORY_MODULE/MEMORY_reg[0][6]
         U_FIFO/MEMORY_MODULE/MEMORY_reg[0][5]
         U_FIFO/MEMORY_MODULE/MEMORY_reg[0][4]
         U_FIFO/BIT_SYNC_R_TO_W/sync_reg_reg[1][1]
         U_FIFO/BIT_SYNC_R_TO_W/sync_reg_reg[0][1]
         U_FIFO/BIT_SYNC_R_TO_W/sync_reg_reg[2][1]
         U_FIFO/BIT_SYNC_R_TO_W/sync_reg_reg[3][0]
         U_FIFO/BIT_SYNC_R_TO_W/sync_reg_reg[2][0]
         U_FIFO/BIT_SYNC_R_TO_W/sync_reg_reg[1][0]
         U_FIFO/BIT_SYNC_R_TO_W/sync_reg_reg[0][0]
         U_FIFO/BIT_SYNC_R_TO_W/sync_reg_reg[3][1]
         UART/U_UART_TX/U1/register_reg[6]
         UART/U_UART_TX/U1/register_reg[5]
         UART/U_UART_TX/U1/register_reg[4]
         UART/U_UART_TX/U1/register_reg[3]
         UART/U_UART_TX/U1/register_reg[2]
         UART/U_UART_TX/U1/register_reg[1]
         UART/U_UART_TX/U1/register_reg[0]
         UART/U_UART_TX/U1/ser_data_reg
         UART/U_UART_TX/U1/counter_reg[2]
         UART/U_UART_TX/U1/counter_reg[1]
         UART/U_UART_TX/U1/counter_reg[0]
         UART/U_UART_TX/U1/SER_DONE_reg
         UART/U_UART_TX/U2/BUSY_reg
         UART/U_UART_TX/U2/current_state_reg[1]
         UART/U_UART_TX/U2/current_state_reg[2]
         UART/U_UART_TX/U2/current_state_reg[0]
         UART/U_UART_TX/U3/par_bit_reg
         UART/U_UART_TX/U4/TX_OUT_reg
         UART/U_UART_RX/U1/bit_cnt_reg[2]
         UART/U_UART_RX/U1/bit_cnt_reg[1]
         UART/U_UART_RX/U1/bit_cnt_reg[0]
         UART/U_UART_RX/U1/bit_cnt_reg[3]
         UART/U_UART_RX/U1/edge_cnt_reg[5]
         UART/U_UART_RX/U1/edge_cnt_reg[0]
         UART/U_UART_RX/U1/edge_cnt_reg[3]
         UART/U_UART_RX/U1/edge_cnt_reg[2]
         UART/U_UART_RX/U1/edge_cnt_reg[4]
         UART/U_UART_RX/U1/edge_cnt_reg[1]
         UART/U_UART_RX/U2/P_DATA_reg[0]
         UART/U_UART_RX/U2/P_DATA_reg[5]
         UART/U_UART_RX/U2/P_DATA_reg[1]
         UART/U_UART_RX/U2/P_DATA_reg[4]
         UART/U_UART_RX/U2/P_DATA_reg[7]
         UART/U_UART_RX/U2/P_DATA_reg[3]
         UART/U_UART_RX/U2/P_DATA_reg[6]
         UART/U_UART_RX/U2/P_DATA_reg[2]
         UART/U_UART_RX/U3/start_glitch_reg
         UART/U_UART_RX/U4/stop_err_reg
         UART/U_UART_RX/U5/par_err_reg
         UART/U_UART_RX/U6/sample_3_reg
         UART/U_UART_RX/U6/sample_1_reg
         UART/U_UART_RX/U6/sample_2_reg
         UART/U_UART_RX/U6/sampled_bit_reg
         UART/U_UART_RX/U6/sampled_bit_valid_reg
         UART/U_UART_RX/U7/current_state_reg[0]
         UART/U_UART_RX/U7/current_state_reg[1]
         UART/U_UART_RX/U7/current_state_reg[2]
         UART_RST_SYNC/sync_reg_reg[1]
         UART_RST_SYNC/sync_reg_reg[0]
         Clk_Div_RX_Prescale/div_clk_reg
         Clk_Div_RX_Prescale/count_reg[6]
         Clk_Div_RX_Prescale/count_reg[0]
         Clk_Div_RX_Prescale/count_reg[5]
         Clk_Div_RX_Prescale/count_reg[4]
         Clk_Div_RX_Prescale/count_reg[3]
         Clk_Div_RX_Prescale/count_reg[2]
         Clk_Div_RX_Prescale/count_reg[1]
         Clk_Div_RX_Prescale/odd_edge_tog_reg
         U_FIFO/BIT_SYNC_W_TO_R/sync_reg_reg[2][1]
         U_FIFO/BIT_SYNC_W_TO_R/sync_reg_reg[1][1]
         U_FIFO/BIT_SYNC_W_TO_R/sync_reg_reg[0][1]
         U_FIFO/BIT_SYNC_W_TO_R/sync_reg_reg[3][0]
         U_FIFO/BIT_SYNC_W_TO_R/sync_reg_reg[2][0]
         U_FIFO/BIT_SYNC_W_TO_R/sync_reg_reg[1][0]
         U_FIFO/BIT_SYNC_W_TO_R/sync_reg_reg[0][0]
         U_FIFO/BIT_SYNC_W_TO_R/sync_reg_reg[3][1]

Information: Test design rule checking completed. (TEST-123)
1
############################# Preview DFT ##############################
preview_dft -show scan_summary
  Information: Using test design rule information from previous dft_drc run.
  Architecting Scan Chains

****************************************
Preview_dft report
For    : 'Insert_dft' command
Design : SYS_TOP
Version: K-2015.06
Date   : Sun Sep 28 21:41:17 2025
****************************************

Number of chains: 4
Scan methodology: full_scan
Scan style: multiplexed_flip_flop
Clock domain: no_mix

Chain      Scan Ports (si --> so)        # of Cells   Inst/Chain               Clock (port, time, edge)
-----      ----------------------        ----------   ----------               ------------------------
S 1        SI[3] -->  SO[3]                      88   Clk_Div_RX_Prescale/count_reg[0]
                            (scan_clk, 30.0, rising) 
S 2        SI[2] -->  SO[2]                      87   U_ALU/ALU_OUT_reg[7]     (scan_clk, 30.0, rising) 
S 3        SI[1] -->  SO[1]                      87   U_FIFO/MEMORY_MODULE/MEMORY_reg[7][5]
                            (scan_clk, 30.0, rising) 
S 4        SI[0] -->  SO[0]                      87   U_RegFile/regArr_reg[7][1]
                            (scan_clk, 30.0, rising) 
1
############################# Insert DFT ##############################
insert_dft
Loading db file '/home/IC/tsmc_fb_cl013g_sc/aci/sc-m/synopsys/scmetro_tsmc_cl013g_rvt_ss_1p08v_125c.db'
Loading db file '/home/IC/tsmc_fb_cl013g_sc/aci/sc-m/synopsys/scmetro_tsmc_cl013g_rvt_tt_1p2v_25c.db'
Loading db file '/home/IC/tsmc_fb_cl013g_sc/aci/sc-m/synopsys/scmetro_tsmc_cl013g_rvt_ff_1p32v_m40c.db'
  Information: Using test design rule information from previous dft_drc run.
  Architecting Scan Chains
  Routing Scan Chains
  Routing Global Signals
  Mapping New Logic
Resetting current test mode
  Beginning Mapping Optimizations
  -------------------------------

                                  TOTAL                                      
   ELAPSED            WORST NEG   SETUP    DESIGN                            
    TIME      AREA      SLACK     COST    RULE COST         ENDPOINT         
  --------- --------- --------- --------- --------- -------------------------


  Beginning Phase 1 Design Rule Fixing  (max_transition)  (max_capacitance)
  ------------------------------------

                                  TOTAL                                      
   ELAPSED            WORST NEG   SETUP    DESIGN                            
    TIME      AREA      SLACK     COST    RULE COST         ENDPOINT         
  --------- --------- --------- --------- --------- -------------------------
    0:00:53   25003.7      0.00       0.0      15.4 SE                       
    0:00:53   25003.7      0.00       0.0      15.4 SE                       
    0:00:53   25003.7      0.00       0.0      15.4 SE                       
    0:00:53   25003.7      0.00       0.0      15.4 SE                       
    0:00:53   25014.3      0.00       0.0      14.3 net11335                 
    0:00:53   25014.3      0.00       0.0      14.3 net11335                 
    0:00:53   25014.3      0.00       0.0      14.3 net11335                 
    0:00:53   25023.7      0.00       0.0      12.2 net11342                 
    0:00:53   25030.8      0.00       0.0      12.2 net11332                 
    0:00:53   25040.2      0.00       0.0      10.6 net11350                 
    0:00:53   25050.8      0.00       0.0       9.8 net11333                 
    0:00:53   25050.8      0.00       0.0       9.8 net11333                 
    0:00:53   25050.8      0.00       0.0       9.8 net11333                 
    0:00:53   25050.8      0.00       0.0       9.8 net11333                 
    0:00:53   25047.2      0.00       0.0       8.5 net11356                 
    0:00:53   25047.2      0.00       0.0       7.7 net11334                 
    0:00:53   25034.3      0.00       0.0       6.3 net11347                 
    0:00:53   25043.7      0.00       0.0       5.6 SE                       
    0:00:53   25047.2      0.00       0.0       5.6 SE                       
    0:00:53   25030.8      0.00       0.0       5.4 net11353                 
    0:00:53   25068.4      0.00       0.0       1.9 U_RegFile/test_se        
    0:00:53   25068.4      0.00       0.0       1.9 U_RegFile/test_se        
    0:00:53   25068.4      0.00       0.0       1.9 U_RegFile/test_se        
    0:00:53   25086.1      0.00       0.0       0.9 U_FIFO/MEMORY_MODULE/test_se
    0:00:53   25086.1      0.00       0.0       0.9 U_FIFO/MEMORY_MODULE/test_se
    0:00:53   25086.1      0.00       0.0       0.9 U_FIFO/MEMORY_MODULE/test_se
    0:00:53   25093.1      0.00       0.0       0.4 UART/U_UART_TX/U1/test_se
    0:00:53   25102.5      0.00       0.0       0.3 UART_TX_O                
    0:00:53   25109.6      0.00       0.0       0.2 UART/U_UART_RX/U1/test_se
    0:00:53   25109.6      0.00       0.0       0.2 U_RegFile/net11366       


  Beginning Phase 2 Design Rule Fixing  (max_transition)  (max_capacitance)
  ------------------------------------

                                  TOTAL                                      
   ELAPSED            WORST NEG   SETUP    DESIGN                            
    TIME      AREA      SLACK     COST    RULE COST         ENDPOINT         
  --------- --------- --------- --------- --------- -------------------------

1
######################## Optimize Logic post DFT #######################
compile -scan -incremental
Information: Choosing a test methodology will restrict the optimization of sequential cells. (UIO-12)

Information: There are 58 potential problems in your design. Please run 'check_design' for more information. (LINT-99)


Warning: Operating condition scmetro_tsmc_cl013g_rvt_ss_1p08v_125c set on design SYS_TOP has different process,
voltage and temperatures parameters than the parameters at which target library 
scmetro_tsmc_cl013g_rvt_tt_1p2v_25c is characterized. Delays may be inaccurate as a result. (OPT-998)

  Beginning Pass 1 Mapping  (Incremental)
  ------------------------

  Updating timing information
Information: Updating design information... (UID-85)

  Beginning Mapping Optimizations  (Medium effort)  (Incremental)
  -------------------------------

  Beginning Incremental Implementation Selection
  ----------------------------------------------
  Selecting implementations
  Selecting implementations
  Selecting implementations

  Beginning Delay Optimization Phase
  ----------------------------------

                                  TOTAL                                      
   ELAPSED            WORST NEG   SETUP    DESIGN                            
    TIME      AREA      SLACK     COST    RULE COST         ENDPOINT         
  --------- --------- --------- --------- --------- -------------------------
    0:00:07   25092.0      0.00       0.0       0.2                          
    0:00:09   25092.0      0.00       0.0       0.2                          
    0:00:12   25092.0      0.00       0.0       0.2                          


  Beginning Design Rule Fixing  (max_transition)  (max_capacitance)
  ----------------------------

                                  TOTAL                                      
   ELAPSED            WORST NEG   SETUP    DESIGN                            
    TIME      AREA      SLACK     COST    RULE COST         ENDPOINT         
  --------- --------- --------- --------- --------- -------------------------
    0:00:12   25092.0      0.00       0.0       0.2                          
    0:00:12   25104.9      0.00       0.0       0.0                          
Loading db file '/home/IC/tsmc_fb_cl013g_sc/aci/sc-m/synopsys/scmetro_tsmc_cl013g_rvt_ss_1p08v_125c.db'
Loading db file '/home/IC/tsmc_fb_cl013g_sc/aci/sc-m/synopsys/scmetro_tsmc_cl013g_rvt_tt_1p2v_25c.db'
Loading db file '/home/IC/tsmc_fb_cl013g_sc/aci/sc-m/synopsys/scmetro_tsmc_cl013g_rvt_ff_1p32v_m40c.db'


Note: Symbol # after min delay cost means estimated hold TNS across all active scenarios 


  Optimization Complete
  ---------------------
1
###################### Design Rule Checking #######################
dft_drc -verbose -coverage_estimate
In mode: Internal_scan...
  Design has scan chains in this mode
  Design is scan routed
  Post-DFT DRC enabled

Information: Starting test design rule checking. (TEST-222)
  Loading test protocol
  ...basic checks...
  ...basic sequential cell checks...
  ...checking vector rules...
  ...checking clock rules...
  ...checking scan chain rules...
  ...checking scan compression rules...
  ...checking X-state rules...
  ...checking tristate rules...
  ...extracting scan details...

-----------------------------------------------------------------
Begin Other violations...

Warning: Cell U_CLK_GATE/U0_TLATNCAX12M has constant 1 value. (TEST-505)

Other violations completed...
-----------------------------------------------------------------

-----------------------------------------------------------------
  DRC Report

  Total violations: 1

-----------------------------------------------------------------

1 OTHER VIOLATION
     1 Cell is constant 1 violation (TEST-505)


Warning: Violations occurred during test design rule checking. (TEST-124)

-----------------------------------------------------------------
  Sequential Cell Report

  1 out of 350 sequential cells have violations

-----------------------------------------------------------------

SEQUENTIAL CELLS WITH VIOLATIONS
      *   1 cell has constant 1 value
         U_CLK_GATE/U0_TLATNCAX12M
SEQUENTIAL CELLS WITHOUT VIOLATIONS
      * 349 cells are valid scan cells
         REF_RST_SYNC/sync_reg_reg[1]
         REF_RST_SYNC/sync_reg_reg[0]
         DATA_sync_ref/pulse_gen_reg_reg
         DATA_sync_ref/bit_sync_reg_reg[1]
         DATA_sync_ref/sync_bus_reg[7]
         DATA_sync_ref/sync_bus_reg[4]
         DATA_sync_ref/sync_bus_reg[6]
         DATA_sync_ref/sync_bus_reg[5]
         DATA_sync_ref/sync_bus_reg[3]
         DATA_sync_ref/sync_bus_reg[0]
         DATA_sync_ref/sync_bus_reg[2]
         DATA_sync_ref/sync_bus_reg[1]
         DATA_sync_ref/bit_sync_reg_reg[0]
         DATA_sync_ref/enable_pulse_reg
         U_PULSE_GEN/rcv_flop_reg
         U_PULSE_GEN/pulse_flop_reg
         Clk_Div_TX_CONS/div_clk_reg
         Clk_Div_TX_CONS/odd_edge_tog_reg
         Clk_Div_TX_CONS/count_reg[6]
         Clk_Div_TX_CONS/count_reg[0]
         Clk_Div_TX_CONS/count_reg[5]
         Clk_Div_TX_CONS/count_reg[4]
         Clk_Div_TX_CONS/count_reg[3]
         Clk_Div_TX_CONS/count_reg[2]
         Clk_Div_TX_CONS/count_reg[1]
         Clk_Div_RX_Prescale/div_clk_reg
         Clk_Div_RX_Prescale/count_reg[6]
         Clk_Div_RX_Prescale/count_reg[0]
         Clk_Div_RX_Prescale/count_reg[5]
         Clk_Div_RX_Prescale/count_reg[4]
         Clk_Div_RX_Prescale/count_reg[3]
         Clk_Div_RX_Prescale/count_reg[2]
         Clk_Div_RX_Prescale/count_reg[1]
         Clk_Div_RX_Prescale/odd_edge_tog_reg
         U_SYS_CTRL/STORE_2ND_BYTE_OF_ALU_OUT_reg[7]
         U_SYS_CTRL/STORE_2ND_BYTE_OF_ALU_OUT_reg[6]
         U_SYS_CTRL/STORE_2ND_BYTE_OF_ALU_OUT_reg[5]
         U_SYS_CTRL/STORE_2ND_BYTE_OF_ALU_OUT_reg[4]
         U_SYS_CTRL/STORE_2ND_BYTE_OF_ALU_OUT_reg[3]
         U_SYS_CTRL/STORE_2ND_BYTE_OF_ALU_OUT_reg[2]
         U_SYS_CTRL/STORE_2ND_BYTE_OF_ALU_OUT_reg[1]
         U_SYS_CTRL/STORE_2ND_BYTE_OF_ALU_OUT_reg[0]
         U_SYS_CTRL/STORE_ADDRESS_DATA_reg[2]
         U_SYS_CTRL/STORE_ADDRESS_DATA_reg[0]
         U_SYS_CTRL/STORE_ADDRESS_DATA_reg[1]
         U_SYS_CTRL/current_state_reg[0]
         U_SYS_CTRL/current_state_reg[2]
         U_SYS_CTRL/current_state_reg[1]
         U_SYS_CTRL/current_state_reg[3]
         U_SYS_CTRL/STORE_ADDRESS_DATA_reg[3]
         U_RegFile/regArr_reg[13][7]
         U_RegFile/regArr_reg[13][6]
         U_RegFile/regArr_reg[13][5]
         U_RegFile/regArr_reg[13][4]
         U_RegFile/regArr_reg[13][3]
         U_RegFile/regArr_reg[13][2]
         U_RegFile/regArr_reg[13][1]
         U_RegFile/regArr_reg[13][0]
         U_RegFile/regArr_reg[9][7]
         U_RegFile/regArr_reg[9][6]
         U_RegFile/regArr_reg[9][5]
         U_RegFile/regArr_reg[9][4]
         U_RegFile/regArr_reg[9][3]
         U_RegFile/regArr_reg[9][2]
         U_RegFile/regArr_reg[9][1]
         U_RegFile/regArr_reg[9][0]
         U_RegFile/regArr_reg[5][7]
         U_RegFile/regArr_reg[5][6]
         U_RegFile/regArr_reg[5][5]
         U_RegFile/regArr_reg[5][4]
         U_RegFile/regArr_reg[5][3]
         U_RegFile/regArr_reg[5][2]
         U_RegFile/regArr_reg[5][1]
         U_RegFile/regArr_reg[5][0]
         U_RegFile/regArr_reg[15][7]
         U_RegFile/regArr_reg[15][6]
         U_RegFile/regArr_reg[15][5]
         U_RegFile/regArr_reg[15][4]
         U_RegFile/regArr_reg[15][3]
         U_RegFile/regArr_reg[15][2]
         U_RegFile/regArr_reg[15][1]
         U_RegFile/regArr_reg[15][0]
         U_RegFile/regArr_reg[11][7]
         U_RegFile/regArr_reg[11][6]
         U_RegFile/regArr_reg[11][5]
         U_RegFile/regArr_reg[11][4]
         U_RegFile/regArr_reg[11][3]
         U_RegFile/regArr_reg[11][2]
         U_RegFile/regArr_reg[11][1]
         U_RegFile/regArr_reg[11][0]
         U_RegFile/regArr_reg[7][7]
         U_RegFile/regArr_reg[7][6]
         U_RegFile/regArr_reg[7][5]
         U_RegFile/regArr_reg[7][4]
         U_RegFile/regArr_reg[7][3]
         U_RegFile/regArr_reg[7][2]
         U_RegFile/regArr_reg[7][1]
         U_RegFile/regArr_reg[7][0]
         U_RegFile/regArr_reg[14][7]
         U_RegFile/regArr_reg[14][6]
         U_RegFile/regArr_reg[14][5]
         U_RegFile/regArr_reg[14][4]
         U_RegFile/regArr_reg[14][3]
         U_RegFile/regArr_reg[14][2]
         U_RegFile/regArr_reg[14][1]
         U_RegFile/regArr_reg[14][0]
         U_RegFile/regArr_reg[10][7]
         U_RegFile/regArr_reg[10][6]
         U_RegFile/regArr_reg[10][5]
         U_RegFile/regArr_reg[10][4]
         U_RegFile/regArr_reg[10][3]
         U_RegFile/regArr_reg[10][2]
         U_RegFile/regArr_reg[10][1]
         U_RegFile/regArr_reg[10][0]
         U_RegFile/regArr_reg[6][7]
         U_RegFile/regArr_reg[6][6]
         U_RegFile/regArr_reg[6][5]
         U_RegFile/regArr_reg[6][4]
         U_RegFile/regArr_reg[6][3]
         U_RegFile/regArr_reg[6][2]
         U_RegFile/regArr_reg[6][1]
         U_RegFile/regArr_reg[6][0]
         U_RegFile/regArr_reg[12][7]
         U_RegFile/regArr_reg[12][6]
         U_RegFile/regArr_reg[12][5]
         U_RegFile/regArr_reg[12][4]
         U_RegFile/regArr_reg[12][3]
         U_RegFile/regArr_reg[12][2]
         U_RegFile/regArr_reg[12][1]
         U_RegFile/regArr_reg[12][0]
         U_RegFile/regArr_reg[8][7]
         U_RegFile/regArr_reg[8][6]
         U_RegFile/regArr_reg[8][5]
         U_RegFile/regArr_reg[8][4]
         U_RegFile/regArr_reg[8][3]
         U_RegFile/regArr_reg[8][2]
         U_RegFile/regArr_reg[8][1]
         U_RegFile/regArr_reg[8][0]
         U_RegFile/regArr_reg[4][7]
         U_RegFile/regArr_reg[4][6]
         U_RegFile/regArr_reg[4][5]
         U_RegFile/regArr_reg[4][4]
         U_RegFile/regArr_reg[4][3]
         U_RegFile/regArr_reg[4][2]
         U_RegFile/regArr_reg[4][1]
         U_RegFile/regArr_reg[4][0]
         U_RegFile/RdData_reg[7]
         U_RegFile/RdData_reg[6]
         U_RegFile/RdData_reg[5]
         U_RegFile/RdData_reg[4]
         U_RegFile/RdData_reg[3]
         U_RegFile/RdData_reg[2]
         U_RegFile/RdData_reg[1]
         U_RegFile/RdData_reg[0]
         U_RegFile/regArr_reg[3][0]
         U_RegFile/regArr_reg[1][7]
         U_RegFile/regArr_reg[1][6]
         U_RegFile/regArr_reg[1][1]
         U_RegFile/regArr_reg[0][7]
         U_RegFile/regArr_reg[0][6]
         U_RegFile/regArr_reg[0][5]
         U_RegFile/regArr_reg[0][4]
         U_RegFile/regArr_reg[0][3]
         U_RegFile/regArr_reg[0][2]
         U_RegFile/regArr_reg[0][1]
         U_RegFile/regArr_reg[0][0]
         U_RegFile/regArr_reg[2][1]
         U_RegFile/regArr_reg[2][0]
         U_RegFile/regArr_reg[1][4]
         U_RegFile/regArr_reg[1][5]
         U_RegFile/regArr_reg[3][4]
         U_RegFile/regArr_reg[3][6]
         U_RegFile/regArr_reg[3][7]
         U_RegFile/regArr_reg[3][5]
         U_RegFile/RdData_VLD_reg
         U_RegFile/regArr_reg[3][2]
         U_RegFile/regArr_reg[3][3]
         U_RegFile/regArr_reg[3][1]
         U_RegFile/regArr_reg[2][2]
         U_RegFile/regArr_reg[2][7]
         U_RegFile/regArr_reg[2][5]
         U_RegFile/regArr_reg[2][6]
         U_RegFile/regArr_reg[2][3]
         U_RegFile/regArr_reg[2][4]
         U_RegFile/regArr_reg[1][2]
         U_RegFile/regArr_reg[1][3]
         U_RegFile/regArr_reg[1][0]
         U_ALU/ALU_OUT_reg[7]
         U_ALU/ALU_OUT_reg[6]
         U_ALU/ALU_OUT_reg[5]
         U_ALU/ALU_OUT_reg[4]
         U_ALU/ALU_OUT_reg[3]
         U_ALU/ALU_OUT_reg[2]
         U_ALU/ALU_OUT_reg[1]
         U_ALU/ALU_OUT_reg[0]
         U_ALU/ALU_OUT_reg[15]
         U_ALU/ALU_OUT_reg[14]
         U_ALU/ALU_OUT_reg[13]
         U_ALU/ALU_OUT_reg[12]
         U_ALU/ALU_OUT_reg[11]
         U_ALU/ALU_OUT_reg[10]
         U_ALU/ALU_OUT_reg[9]
         U_ALU/ALU_OUT_reg[8]
         U_ALU/OUT_VALID_reg
         U_FIFO/WRITE_MODULE/ADD_COUNTER_reg[3]
         U_FIFO/WRITE_MODULE/ADD_COUNTER_reg[2]
         U_FIFO/WRITE_MODULE/GRAY_W_ADD_reg[3]
         U_FIFO/WRITE_MODULE/GRAY_W_ADD_reg[2]
         U_FIFO/WRITE_MODULE/GRAY_W_ADD_reg[1]
         U_FIFO/WRITE_MODULE/GRAY_W_ADD_reg[0]
         U_FIFO/WRITE_MODULE/ADD_COUNTER_reg[0]
         U_FIFO/WRITE_MODULE/ADD_COUNTER_reg[1]
         U_FIFO/READ_MODULE/R_ADD_COUNTER_reg[3]
         U_FIFO/READ_MODULE/R_ADD_COUNTER_reg[2]
         U_FIFO/READ_MODULE/GRAY_R_ADD_reg[3]
         U_FIFO/READ_MODULE/GRAY_R_ADD_reg[2]
         U_FIFO/READ_MODULE/GRAY_R_ADD_reg[1]
         U_FIFO/READ_MODULE/GRAY_R_ADD_reg[0]
         U_FIFO/READ_MODULE/R_ADD_COUNTER_reg[1]
         U_FIFO/READ_MODULE/R_ADD_COUNTER_reg[0]
         U_FIFO/MEMORY_MODULE/MEMORY_reg[5][3]
         U_FIFO/MEMORY_MODULE/MEMORY_reg[5][2]
         U_FIFO/MEMORY_MODULE/MEMORY_reg[5][1]
         U_FIFO/MEMORY_MODULE/MEMORY_reg[5][0]
         U_FIFO/MEMORY_MODULE/MEMORY_reg[1][3]
         U_FIFO/MEMORY_MODULE/MEMORY_reg[1][2]
         U_FIFO/MEMORY_MODULE/MEMORY_reg[1][1]
         U_FIFO/MEMORY_MODULE/MEMORY_reg[1][0]
         U_FIFO/MEMORY_MODULE/MEMORY_reg[7][3]
         U_FIFO/MEMORY_MODULE/MEMORY_reg[7][2]
         U_FIFO/MEMORY_MODULE/MEMORY_reg[7][1]
         U_FIFO/MEMORY_MODULE/MEMORY_reg[7][0]
         U_FIFO/MEMORY_MODULE/MEMORY_reg[3][3]
         U_FIFO/MEMORY_MODULE/MEMORY_reg[3][2]
         U_FIFO/MEMORY_MODULE/MEMORY_reg[3][1]
         U_FIFO/MEMORY_MODULE/MEMORY_reg[3][0]
         U_FIFO/MEMORY_MODULE/MEMORY_reg[6][3]
         U_FIFO/MEMORY_MODULE/MEMORY_reg[6][2]
         U_FIFO/MEMORY_MODULE/MEMORY_reg[6][1]
         U_FIFO/MEMORY_MODULE/MEMORY_reg[6][0]
         U_FIFO/MEMORY_MODULE/MEMORY_reg[2][3]
         U_FIFO/MEMORY_MODULE/MEMORY_reg[2][2]
         U_FIFO/MEMORY_MODULE/MEMORY_reg[2][1]
         U_FIFO/MEMORY_MODULE/MEMORY_reg[2][0]
         U_FIFO/MEMORY_MODULE/MEMORY_reg[4][3]
         U_FIFO/MEMORY_MODULE/MEMORY_reg[4][2]
         U_FIFO/MEMORY_MODULE/MEMORY_reg[4][1]
         U_FIFO/MEMORY_MODULE/MEMORY_reg[4][0]
         U_FIFO/MEMORY_MODULE/MEMORY_reg[0][3]
         U_FIFO/MEMORY_MODULE/MEMORY_reg[0][2]
         U_FIFO/MEMORY_MODULE/MEMORY_reg[0][1]
         U_FIFO/MEMORY_MODULE/MEMORY_reg[0][0]
         U_FIFO/MEMORY_MODULE/MEMORY_reg[5][7]
         U_FIFO/MEMORY_MODULE/MEMORY_reg[5][6]
         U_FIFO/MEMORY_MODULE/MEMORY_reg[5][5]
         U_FIFO/MEMORY_MODULE/MEMORY_reg[5][4]
         U_FIFO/MEMORY_MODULE/MEMORY_reg[1][7]
         U_FIFO/MEMORY_MODULE/MEMORY_reg[1][6]
         U_FIFO/MEMORY_MODULE/MEMORY_reg[1][5]
         U_FIFO/MEMORY_MODULE/MEMORY_reg[1][4]
         U_FIFO/MEMORY_MODULE/MEMORY_reg[7][7]
         U_FIFO/MEMORY_MODULE/MEMORY_reg[7][6]
         U_FIFO/MEMORY_MODULE/MEMORY_reg[7][5]
         U_FIFO/MEMORY_MODULE/MEMORY_reg[7][4]
         U_FIFO/MEMORY_MODULE/MEMORY_reg[3][7]
         U_FIFO/MEMORY_MODULE/MEMORY_reg[3][6]
         U_FIFO/MEMORY_MODULE/MEMORY_reg[3][5]
         U_FIFO/MEMORY_MODULE/MEMORY_reg[3][4]
         U_FIFO/MEMORY_MODULE/MEMORY_reg[6][7]
         U_FIFO/MEMORY_MODULE/MEMORY_reg[6][6]
         U_FIFO/MEMORY_MODULE/MEMORY_reg[6][5]
         U_FIFO/MEMORY_MODULE/MEMORY_reg[6][4]
         U_FIFO/MEMORY_MODULE/MEMORY_reg[2][7]
         U_FIFO/MEMORY_MODULE/MEMORY_reg[2][6]
         U_FIFO/MEMORY_MODULE/MEMORY_reg[2][5]
         U_FIFO/MEMORY_MODULE/MEMORY_reg[2][4]
         U_FIFO/MEMORY_MODULE/MEMORY_reg[4][7]
         U_FIFO/MEMORY_MODULE/MEMORY_reg[4][6]
         U_FIFO/MEMORY_MODULE/MEMORY_reg[4][5]
         U_FIFO/MEMORY_MODULE/MEMORY_reg[4][4]
         U_FIFO/MEMORY_MODULE/MEMORY_reg[0][7]
         U_FIFO/MEMORY_MODULE/MEMORY_reg[0][6]
         U_FIFO/MEMORY_MODULE/MEMORY_reg[0][5]
         U_FIFO/MEMORY_MODULE/MEMORY_reg[0][4]
         U_FIFO/BIT_SYNC_R_TO_W/sync_reg_reg[1][1]
         U_FIFO/BIT_SYNC_R_TO_W/sync_reg_reg[0][1]
         U_FIFO/BIT_SYNC_R_TO_W/sync_reg_reg[2][1]
         U_FIFO/BIT_SYNC_R_TO_W/sync_reg_reg[3][0]
         U_FIFO/BIT_SYNC_R_TO_W/sync_reg_reg[2][0]
         U_FIFO/BIT_SYNC_R_TO_W/sync_reg_reg[1][0]
         U_FIFO/BIT_SYNC_R_TO_W/sync_reg_reg[0][0]
         U_FIFO/BIT_SYNC_R_TO_W/sync_reg_reg[3][1]
         U_FIFO/BIT_SYNC_W_TO_R/sync_reg_reg[2][1]
         U_FIFO/BIT_SYNC_W_TO_R/sync_reg_reg[1][1]
         U_FIFO/BIT_SYNC_W_TO_R/sync_reg_reg[0][1]
         U_FIFO/BIT_SYNC_W_TO_R/sync_reg_reg[3][0]
         U_FIFO/BIT_SYNC_W_TO_R/sync_reg_reg[2][0]
         U_FIFO/BIT_SYNC_W_TO_R/sync_reg_reg[1][0]
         U_FIFO/BIT_SYNC_W_TO_R/sync_reg_reg[0][0]
         U_FIFO/BIT_SYNC_W_TO_R/sync_reg_reg[3][1]
         UART/U_UART_TX/U1/register_reg[6]
         UART/U_UART_TX/U1/register_reg[5]
         UART/U_UART_TX/U1/register_reg[4]
         UART/U_UART_TX/U1/register_reg[3]
         UART/U_UART_TX/U1/register_reg[2]
         UART/U_UART_TX/U1/register_reg[1]
         UART/U_UART_TX/U1/register_reg[0]
         UART/U_UART_TX/U1/ser_data_reg
         UART/U_UART_TX/U1/counter_reg[2]
         UART/U_UART_TX/U1/counter_reg[1]
         UART/U_UART_TX/U1/counter_reg[0]
         UART/U_UART_TX/U1/SER_DONE_reg
         UART/U_UART_TX/U2/BUSY_reg
         UART/U_UART_TX/U2/current_state_reg[1]
         UART/U_UART_TX/U2/current_state_reg[2]
         UART/U_UART_TX/U2/current_state_reg[0]
         UART/U_UART_TX/U3/par_bit_reg
         UART/U_UART_TX/U4/TX_OUT_reg
         UART/U_UART_RX/U1/bit_cnt_reg[2]
         UART/U_UART_RX/U1/bit_cnt_reg[1]
         UART/U_UART_RX/U1/bit_cnt_reg[0]
         UART/U_UART_RX/U1/bit_cnt_reg[3]
         UART/U_UART_RX/U1/edge_cnt_reg[5]
         UART/U_UART_RX/U1/edge_cnt_reg[0]
         UART/U_UART_RX/U1/edge_cnt_reg[3]
         UART/U_UART_RX/U1/edge_cnt_reg[2]
         UART/U_UART_RX/U1/edge_cnt_reg[4]
         UART/U_UART_RX/U1/edge_cnt_reg[1]
         UART/U_UART_RX/U2/P_DATA_reg[0]
         UART/U_UART_RX/U2/P_DATA_reg[5]
         UART/U_UART_RX/U2/P_DATA_reg[1]
         UART/U_UART_RX/U2/P_DATA_reg[4]
         UART/U_UART_RX/U2/P_DATA_reg[7]
         UART/U_UART_RX/U2/P_DATA_reg[3]
         UART/U_UART_RX/U2/P_DATA_reg[6]
         UART/U_UART_RX/U2/P_DATA_reg[2]
         UART/U_UART_RX/U3/start_glitch_reg
         UART/U_UART_RX/U4/stop_err_reg
         UART/U_UART_RX/U5/par_err_reg
         UART/U_UART_RX/U6/sample_3_reg
         UART/U_UART_RX/U6/sample_1_reg
         UART/U_UART_RX/U6/sample_2_reg
         UART/U_UART_RX/U6/sampled_bit_reg
         UART/U_UART_RX/U6/sampled_bit_valid_reg
         UART/U_UART_RX/U7/current_state_reg[0]
         UART/U_UART_RX/U7/current_state_reg[1]
         UART/U_UART_RX/U7/current_state_reg[2]
         UART_RST_SYNC/sync_reg_reg[1]
         UART_RST_SYNC/sync_reg_reg[0]

....Inferring feed-through connections....
Information: Test design rule checking completed. (TEST-123)
  Running test coverage estimation...
 15354 faults were added to fault list.
 ATPG performed for stuck fault model using internal pattern source.
 ----------------------------------------------------------
 #patterns     #faults     #ATPG faults  test      process
 stored     detect/active  red/au/abort  coverage  CPU time
 ---------  -------------  ------------  --------  --------
 Begin deterministic ATPG: #uncollapsed_faults=12224, abort_limit=10...
 0            7048   5176         0/0/0    65.81%      0.01
 0            1295   3881         0/0/0    74.27%      0.02
 0             811   3066         4/0/0    79.58%      0.04
 0             660   2405         5/0/0    83.90%      0.05
 0             387   2017         6/0/1    86.43%      0.06
 0             407   1606         9/0/1    89.12%      0.06
 0             297   1305        12/0/1    91.08%      0.07
 0             268   1029        17/0/1    92.88%      0.07
 0             130    894        20/0/1    93.76%      0.08
 0             149    722        26/0/1    94.88%      0.09
 0             166    549        31/0/3    96.01%      0.10
 0             101    441        37/0/4    96.72%      0.10
 0              81    345        50/0/4    97.35%      0.11
 0              65    266        61/0/5    97.86%      0.12
 0              54    195        72/0/8    98.33%      0.13
 0              53    123       84/1/10    98.79%      0.14
 0              81     21       98/1/11    99.47%      0.14
 0               4     16       99/1/11    99.50%      0.15
 
            Pattern Summary Report
 -----------------------------------------------
 #internal patterns                           0
 -----------------------------------------------
 

     Uncollapsed Stuck Fault Summary Report
 -----------------------------------------------
 fault class                     code   #faults
 ------------------------------  ----  ---------
 Detected                         DT      15082
 Possibly detected                PT          0
 Undetectable                     UD        196
 ATPG untestable                  AU         60
 Not detected                     ND         16
 -----------------------------------------------
 total faults                             15354
 test coverage                            99.50%
 -----------------------------------------------
  Information: The test coverage above may be inferior
               than the real test coverage with customized
               protocol and test simulation library.
1
##################### Close Formality Setup file ###########################
set_svf -off
1
#############################################################################
# Write out files
#############################################################################
write_file -format verilog -hierarchy -output netlists/$top_module.ddc
Writing verilog file '/home/IC/FINAL_PROJECT/syn_dft/netlists/SYS_TOP.ddc'.
Warning: Verilog 'assign' or 'tran' statements are written out. (VO-4)
Warning: Verilog writer has added 4 nets to module SYS_TOP using SYNOPSYS_UNCONNECTED_ as prefix.  Please use the change_names command to make the correct changes before invoking the verilog writer.  (VO-11)
1
write_file -format verilog -hierarchy -output netlists/$top_module.v
Writing verilog file '/home/IC/FINAL_PROJECT/syn_dft/netlists/SYS_TOP.v'.
Warning: Verilog 'assign' or 'tran' statements are written out. (VO-4)
Warning: Verilog writer has added 4 nets to module SYS_TOP using SYNOPSYS_UNCONNECTED_ as prefix.  Please use the change_names command to make the correct changes before invoking the verilog writer.  (VO-11)
1
write_sdf  sdf/$top_module.sdf
Information: Annotated 'cell' delays are assumed to include load delay. (UID-282)
Information: Writing timing information to file '/home/IC/FINAL_PROJECT/syn_dft/sdf/SYS_TOP.sdf'. (WT-3)
Information: Updating design information... (UID-85)
1
write_sdc  -nosplit sdc/$top_module.sdc
1
####################### reporting ##########################################
report_area -hierarchy > reports/area.rpt
report_power -hierarchy > reports/power.rpt
report_timing -delay_type min -max_paths 100 > reports/hold.rpt
report_timing -delay_type max -max_paths 100 > reports/setup.rpt
report_clock -attributes > reports/clocks.rpt
report_constraint -all_violators -nosplit > reports/constraints.rpt
report_port > ports.rpt
dft_drc -coverage > dft_drc_post_dft.rpt
################# starting graphical user interface #######################
#gui_start
#exit
dc_shell> gui_start
dc_shell> Current design is 'SYS_TOP'.
Current design is 'SYS_TOP'.
dc_shell> Loading db file '/opt/Synopsys/Synplify2015/libraries/syn/generic.sdb'
dc_shell> exit

Memory usage for main task 321 Mbytes.
Memory usage for this session 321 Mbytes.
CPU usage for this session 78 seconds ( 0.02 hours ).

Thank you...
