 
****************************************
Report : timing
        -path full
        -delay min
        -max_paths 100
Design : SYS_TOP
Version: K-2015.06
Date   : Tue Sep 30 08:46:16 2025
****************************************

Operating Conditions: scmetro_tsmc_cl013g_rvt_ff_1p32v_m40c   Library: scmetro_tsmc_cl013g_rvt_ff_1p32v_m40c
Wire Load Model Mode: top

  Startpoint: DATA_sync_ref/enable_pulse_reg
              (rising edge-triggered flip-flop clocked by REF_CLK)
  Endpoint: U_ALU/OUT_VALID_reg
            (rising edge-triggered flip-flop clocked by ALU_CLK)
  Path Group: ALU_CLK
  Path Type: min

  Point                                                   Incr       Path
  --------------------------------------------------------------------------
  clock REF_CLK (rise edge)                               0.00       0.00
  clock network delay (ideal)                             0.00       0.00
  DATA_sync_ref/enable_pulse_reg/CK (DFFRQX2M)            0.00       0.00 r
  DATA_sync_ref/enable_pulse_reg/Q (DFFRQX2M)             0.56       0.56 f
  DATA_sync_ref/enable_pulse (DATA_SYNC_NUM_STAGES2_DATA_WIDTH8)
                                                          0.00       0.56 f
  U_SYS_CTRL/UART_IN_VALID (SYS_CTRL)                     0.00       0.56 f
  U_SYS_CTRL/U67/Y (INVX2M)                               0.15       0.71 r
  U_SYS_CTRL/U29/Y (NOR2X2M)                              0.09       0.80 f
  U_SYS_CTRL/ALU_EN (SYS_CTRL)                            0.00       0.80 f
  U_ALU/EN (ALU)                                          0.00       0.80 f
  U_ALU/OUT_VALID_reg/D (DFFRQX2M)                        0.00       0.80 f
  data arrival time                                                  0.80

  clock ALU_CLK (rise edge)                               0.00       0.00
  clock network delay (ideal)                             0.00       0.00
  clock uncertainty                                       0.10       0.10
  U_ALU/OUT_VALID_reg/CK (DFFRQX2M)                       0.00       0.10 r
  library hold time                                      -0.03       0.07
  data required time                                                 0.07
  --------------------------------------------------------------------------
  data required time                                                 0.07
  data arrival time                                                 -0.80
  --------------------------------------------------------------------------
  slack (MET)                                                        0.73


  Startpoint: U_RegFile/regArr_reg[1][0]
              (rising edge-triggered flip-flop clocked by REF_CLK)
  Endpoint: U_ALU/ALU_OUT_reg[0]
            (rising edge-triggered flip-flop clocked by ALU_CLK)
  Path Group: ALU_CLK
  Path Type: min

  Point                                                   Incr       Path
  --------------------------------------------------------------------------
  clock REF_CLK (rise edge)                               0.00       0.00
  clock network delay (ideal)                             0.00       0.00
  U_RegFile/regArr_reg[1][0]/CK (DFFRQX2M)                0.00       0.00 r
  U_RegFile/regArr_reg[1][0]/Q (DFFRQX2M)                 0.58       0.58 f
  U_RegFile/OP_B[0] (RegFile)                             0.00       0.58 f
  U_ALU/B[0] (ALU)                                        0.00       0.58 f
  U_ALU/sub_48/B[0] (ALU_DW01_sub_0)                      0.00       0.58 f
  U_ALU/sub_48/U7/Y (INVX2M)                              0.09       0.67 r
  U_ALU/sub_48/U6/Y (XNOR2X2M)                            0.05       0.72 f
  U_ALU/sub_48/DIFF[0] (ALU_DW01_sub_0)                   0.00       0.72 f
  U_ALU/U46/Y (AOI22X1M)                                  0.10       0.82 r
  U_ALU/U45/Y (AOI31X2M)                                  0.09       0.91 f
  U_ALU/ALU_OUT_reg[0]/D (DFFRQX2M)                       0.00       0.91 f
  data arrival time                                                  0.91

  clock ALU_CLK (rise edge)                               0.00       0.00
  clock network delay (ideal)                             0.00       0.00
  clock uncertainty                                       0.10       0.10
  U_ALU/ALU_OUT_reg[0]/CK (DFFRQX2M)                      0.00       0.10 r
  library hold time                                      -0.03       0.07
  data required time                                                 0.07
  --------------------------------------------------------------------------
  data required time                                                 0.07
  data arrival time                                                 -0.91
  --------------------------------------------------------------------------
  slack (MET)                                                        0.83


  Startpoint: U_RegFile/regArr_reg[0][7]
              (rising edge-triggered flip-flop clocked by REF_CLK)
  Endpoint: U_ALU/ALU_OUT_reg[8]
            (rising edge-triggered flip-flop clocked by ALU_CLK)
  Path Group: ALU_CLK
  Path Type: min

  Point                                                   Incr       Path
  --------------------------------------------------------------------------
  clock REF_CLK (rise edge)                               0.00       0.00
  clock network delay (ideal)                             0.00       0.00
  U_RegFile/regArr_reg[0][7]/CK (DFFRQX2M)                0.00       0.00 r
  U_RegFile/regArr_reg[0][7]/Q (DFFRQX2M)                 0.48       0.48 f
  U_RegFile/OP_A[7] (RegFile)                             0.00       0.48 f
  U_ALU/A[7] (ALU)                                        0.00       0.48 f
  U_ALU/U3/Y (BUFX2M)                                     0.22       0.71 f
  U_ALU/U85/Y (AOI22X1M)                                  0.13       0.84 r
  U_ALU/U83/Y (AOI21X2M)                                  0.08       0.91 f
  U_ALU/ALU_OUT_reg[8]/D (DFFRQX2M)                       0.00       0.91 f
  data arrival time                                                  0.91

  clock ALU_CLK (rise edge)                               0.00       0.00
  clock network delay (ideal)                             0.00       0.00
  clock uncertainty                                       0.10       0.10
  U_ALU/ALU_OUT_reg[8]/CK (DFFRQX2M)                      0.00       0.10 r
  library hold time                                      -0.03       0.07
  data required time                                                 0.07
  --------------------------------------------------------------------------
  data required time                                                 0.07
  data arrival time                                                 -0.91
  --------------------------------------------------------------------------
  slack (MET)                                                        0.84


  Startpoint: U_RegFile/regArr_reg[0][6]
              (rising edge-triggered flip-flop clocked by REF_CLK)
  Endpoint: U_ALU/ALU_OUT_reg[7]
            (rising edge-triggered flip-flop clocked by ALU_CLK)
  Path Group: ALU_CLK
  Path Type: min

  Point                                                   Incr       Path
  --------------------------------------------------------------------------
  clock REF_CLK (rise edge)                               0.00       0.00
  clock network delay (ideal)                             0.00       0.00
  U_RegFile/regArr_reg[0][6]/CK (DFFRQX2M)                0.00       0.00 r
  U_RegFile/regArr_reg[0][6]/Q (DFFRQX2M)                 0.48       0.48 f
  U_RegFile/OP_A[6] (RegFile)                             0.00       0.48 f
  U_ALU/A[6] (ALU)                                        0.00       0.48 f
  U_ALU/U4/Y (BUFX2M)                                     0.25       0.73 f
  U_ALU/U80/Y (AOI22X1M)                                  0.14       0.87 r
  U_ALU/U79/Y (AOI31X2M)                                  0.09       0.96 f
  U_ALU/ALU_OUT_reg[7]/D (DFFRQX2M)                       0.00       0.96 f
  data arrival time                                                  0.96

  clock ALU_CLK (rise edge)                               0.00       0.00
  clock network delay (ideal)                             0.00       0.00
  clock uncertainty                                       0.10       0.10
  U_ALU/ALU_OUT_reg[7]/CK (DFFRQX2M)                      0.00       0.10 r
  library hold time                                      -0.03       0.07
  data required time                                                 0.07
  --------------------------------------------------------------------------
  data required time                                                 0.07
  data arrival time                                                 -0.96
  --------------------------------------------------------------------------
  slack (MET)                                                        0.89


  Startpoint: U_RegFile/regArr_reg[0][1]
              (rising edge-triggered flip-flop clocked by REF_CLK)
  Endpoint: U_ALU/ALU_OUT_reg[1]
            (rising edge-triggered flip-flop clocked by ALU_CLK)
  Path Group: ALU_CLK
  Path Type: min

  Point                                                   Incr       Path
  --------------------------------------------------------------------------
  clock REF_CLK (rise edge)                               0.00       0.00
  clock network delay (ideal)                             0.00       0.00
  U_RegFile/regArr_reg[0][1]/CK (DFFRQX2M)                0.00       0.00 r
  U_RegFile/regArr_reg[0][1]/Q (DFFRQX2M)                 0.48       0.48 f
  U_RegFile/OP_A[1] (RegFile)                             0.00       0.48 f
  U_ALU/A[1] (ALU)                                        0.00       0.48 f
  U_ALU/U5/Y (BUFX2M)                                     0.24       0.72 f
  U_ALU/U54/Y (AOI222X1M)                                 0.17       0.90 r
  U_ALU/U52/Y (AOI31X2M)                                  0.11       1.01 f
  U_ALU/ALU_OUT_reg[1]/D (DFFRQX2M)                       0.00       1.01 f
  data arrival time                                                  1.01

  clock ALU_CLK (rise edge)                               0.00       0.00
  clock network delay (ideal)                             0.00       0.00
  clock uncertainty                                       0.10       0.10
  U_ALU/ALU_OUT_reg[1]/CK (DFFRQX2M)                      0.00       0.10 r
  library hold time                                      -0.03       0.07
  data required time                                                 0.07
  --------------------------------------------------------------------------
  data required time                                                 0.07
  data arrival time                                                 -1.01
  --------------------------------------------------------------------------
  slack (MET)                                                        0.94


  Startpoint: DATA_sync_ref/enable_pulse_reg
              (rising edge-triggered flip-flop clocked by REF_CLK)
  Endpoint: U_ALU/ALU_OUT_reg[15]
            (rising edge-triggered flip-flop clocked by ALU_CLK)
  Path Group: ALU_CLK
  Path Type: min

  Point                                                   Incr       Path
  --------------------------------------------------------------------------
  clock REF_CLK (rise edge)                               0.00       0.00
  clock network delay (ideal)                             0.00       0.00
  DATA_sync_ref/enable_pulse_reg/CK (DFFRQX2M)            0.00       0.00 r
  DATA_sync_ref/enable_pulse_reg/Q (DFFRQX2M)             0.56       0.56 f
  DATA_sync_ref/enable_pulse (DATA_SYNC_NUM_STAGES2_DATA_WIDTH8)
                                                          0.00       0.56 f
  U_SYS_CTRL/UART_IN_VALID (SYS_CTRL)                     0.00       0.56 f
  U_SYS_CTRL/U67/Y (INVX2M)                               0.15       0.71 r
  U_SYS_CTRL/U29/Y (NOR2X2M)                              0.09       0.80 f
  U_SYS_CTRL/ALU_EN (SYS_CTRL)                            0.00       0.80 f
  U_ALU/EN (ALU)                                          0.00       0.80 f
  U_ALU/U37/Y (NAND2X2M)                                  0.15       0.95 r
  U_ALU/U13/Y (OAI2BB1X2M)                                0.07       1.02 f
  U_ALU/ALU_OUT_reg[15]/D (DFFRQX2M)                      0.00       1.02 f
  data arrival time                                                  1.02

  clock ALU_CLK (rise edge)                               0.00       0.00
  clock network delay (ideal)                             0.00       0.00
  clock uncertainty                                       0.10       0.10
  U_ALU/ALU_OUT_reg[15]/CK (DFFRQX2M)                     0.00       0.10 r
  library hold time                                      -0.03       0.07
  data required time                                                 0.07
  --------------------------------------------------------------------------
  data required time                                                 0.07
  data arrival time                                                 -1.02
  --------------------------------------------------------------------------
  slack (MET)                                                        0.95


  Startpoint: DATA_sync_ref/enable_pulse_reg
              (rising edge-triggered flip-flop clocked by REF_CLK)
  Endpoint: U_ALU/ALU_OUT_reg[14]
            (rising edge-triggered flip-flop clocked by ALU_CLK)
  Path Group: ALU_CLK
  Path Type: min

  Point                                                   Incr       Path
  --------------------------------------------------------------------------
  clock REF_CLK (rise edge)                               0.00       0.00
  clock network delay (ideal)                             0.00       0.00
  DATA_sync_ref/enable_pulse_reg/CK (DFFRQX2M)            0.00       0.00 r
  DATA_sync_ref/enable_pulse_reg/Q (DFFRQX2M)             0.56       0.56 f
  DATA_sync_ref/enable_pulse (DATA_SYNC_NUM_STAGES2_DATA_WIDTH8)
                                                          0.00       0.56 f
  U_SYS_CTRL/UART_IN_VALID (SYS_CTRL)                     0.00       0.56 f
  U_SYS_CTRL/U67/Y (INVX2M)                               0.15       0.71 r
  U_SYS_CTRL/U29/Y (NOR2X2M)                              0.09       0.80 f
  U_SYS_CTRL/ALU_EN (SYS_CTRL)                            0.00       0.80 f
  U_ALU/EN (ALU)                                          0.00       0.80 f
  U_ALU/U37/Y (NAND2X2M)                                  0.15       0.95 r
  U_ALU/U12/Y (OAI2BB1X2M)                                0.07       1.02 f
  U_ALU/ALU_OUT_reg[14]/D (DFFRQX2M)                      0.00       1.02 f
  data arrival time                                                  1.02

  clock ALU_CLK (rise edge)                               0.00       0.00
  clock network delay (ideal)                             0.00       0.00
  clock uncertainty                                       0.10       0.10
  U_ALU/ALU_OUT_reg[14]/CK (DFFRQX2M)                     0.00       0.10 r
  library hold time                                      -0.03       0.07
  data required time                                                 0.07
  --------------------------------------------------------------------------
  data required time                                                 0.07
  data arrival time                                                 -1.02
  --------------------------------------------------------------------------
  slack (MET)                                                        0.95


  Startpoint: DATA_sync_ref/enable_pulse_reg
              (rising edge-triggered flip-flop clocked by REF_CLK)
  Endpoint: U_ALU/ALU_OUT_reg[13]
            (rising edge-triggered flip-flop clocked by ALU_CLK)
  Path Group: ALU_CLK
  Path Type: min

  Point                                                   Incr       Path
  --------------------------------------------------------------------------
  clock REF_CLK (rise edge)                               0.00       0.00
  clock network delay (ideal)                             0.00       0.00
  DATA_sync_ref/enable_pulse_reg/CK (DFFRQX2M)            0.00       0.00 r
  DATA_sync_ref/enable_pulse_reg/Q (DFFRQX2M)             0.56       0.56 f
  DATA_sync_ref/enable_pulse (DATA_SYNC_NUM_STAGES2_DATA_WIDTH8)
                                                          0.00       0.56 f
  U_SYS_CTRL/UART_IN_VALID (SYS_CTRL)                     0.00       0.56 f
  U_SYS_CTRL/U67/Y (INVX2M)                               0.15       0.71 r
  U_SYS_CTRL/U29/Y (NOR2X2M)                              0.09       0.80 f
  U_SYS_CTRL/ALU_EN (SYS_CTRL)                            0.00       0.80 f
  U_ALU/EN (ALU)                                          0.00       0.80 f
  U_ALU/U37/Y (NAND2X2M)                                  0.15       0.95 r
  U_ALU/U16/Y (OAI2BB1X2M)                                0.07       1.02 f
  U_ALU/ALU_OUT_reg[13]/D (DFFRQX2M)                      0.00       1.02 f
  data arrival time                                                  1.02

  clock ALU_CLK (rise edge)                               0.00       0.00
  clock network delay (ideal)                             0.00       0.00
  clock uncertainty                                       0.10       0.10
  U_ALU/ALU_OUT_reg[13]/CK (DFFRQX2M)                     0.00       0.10 r
  library hold time                                      -0.03       0.07
  data required time                                                 0.07
  --------------------------------------------------------------------------
  data required time                                                 0.07
  data arrival time                                                 -1.02
  --------------------------------------------------------------------------
  slack (MET)                                                        0.95


  Startpoint: DATA_sync_ref/enable_pulse_reg
              (rising edge-triggered flip-flop clocked by REF_CLK)
  Endpoint: U_ALU/ALU_OUT_reg[12]
            (rising edge-triggered flip-flop clocked by ALU_CLK)
  Path Group: ALU_CLK
  Path Type: min

  Point                                                   Incr       Path
  --------------------------------------------------------------------------
  clock REF_CLK (rise edge)                               0.00       0.00
  clock network delay (ideal)                             0.00       0.00
  DATA_sync_ref/enable_pulse_reg/CK (DFFRQX2M)            0.00       0.00 r
  DATA_sync_ref/enable_pulse_reg/Q (DFFRQX2M)             0.56       0.56 f
  DATA_sync_ref/enable_pulse (DATA_SYNC_NUM_STAGES2_DATA_WIDTH8)
                                                          0.00       0.56 f
  U_SYS_CTRL/UART_IN_VALID (SYS_CTRL)                     0.00       0.56 f
  U_SYS_CTRL/U67/Y (INVX2M)                               0.15       0.71 r
  U_SYS_CTRL/U29/Y (NOR2X2M)                              0.09       0.80 f
  U_SYS_CTRL/ALU_EN (SYS_CTRL)                            0.00       0.80 f
  U_ALU/EN (ALU)                                          0.00       0.80 f
  U_ALU/U37/Y (NAND2X2M)                                  0.15       0.95 r
  U_ALU/U15/Y (OAI2BB1X2M)                                0.07       1.02 f
  U_ALU/ALU_OUT_reg[12]/D (DFFRQX2M)                      0.00       1.02 f
  data arrival time                                                  1.02

  clock ALU_CLK (rise edge)                               0.00       0.00
  clock network delay (ideal)                             0.00       0.00
  clock uncertainty                                       0.10       0.10
  U_ALU/ALU_OUT_reg[12]/CK (DFFRQX2M)                     0.00       0.10 r
  library hold time                                      -0.03       0.07
  data required time                                                 0.07
  --------------------------------------------------------------------------
  data required time                                                 0.07
  data arrival time                                                 -1.02
  --------------------------------------------------------------------------
  slack (MET)                                                        0.95


  Startpoint: DATA_sync_ref/enable_pulse_reg
              (rising edge-triggered flip-flop clocked by REF_CLK)
  Endpoint: U_ALU/ALU_OUT_reg[11]
            (rising edge-triggered flip-flop clocked by ALU_CLK)
  Path Group: ALU_CLK
  Path Type: min

  Point                                                   Incr       Path
  --------------------------------------------------------------------------
  clock REF_CLK (rise edge)                               0.00       0.00
  clock network delay (ideal)                             0.00       0.00
  DATA_sync_ref/enable_pulse_reg/CK (DFFRQX2M)            0.00       0.00 r
  DATA_sync_ref/enable_pulse_reg/Q (DFFRQX2M)             0.56       0.56 f
  DATA_sync_ref/enable_pulse (DATA_SYNC_NUM_STAGES2_DATA_WIDTH8)
                                                          0.00       0.56 f
  U_SYS_CTRL/UART_IN_VALID (SYS_CTRL)                     0.00       0.56 f
  U_SYS_CTRL/U67/Y (INVX2M)                               0.15       0.71 r
  U_SYS_CTRL/U29/Y (NOR2X2M)                              0.09       0.80 f
  U_SYS_CTRL/ALU_EN (SYS_CTRL)                            0.00       0.80 f
  U_ALU/EN (ALU)                                          0.00       0.80 f
  U_ALU/U37/Y (NAND2X2M)                                  0.15       0.95 r
  U_ALU/U14/Y (OAI2BB1X2M)                                0.07       1.02 f
  U_ALU/ALU_OUT_reg[11]/D (DFFRQX2M)                      0.00       1.02 f
  data arrival time                                                  1.02

  clock ALU_CLK (rise edge)                               0.00       0.00
  clock network delay (ideal)                             0.00       0.00
  clock uncertainty                                       0.10       0.10
  U_ALU/ALU_OUT_reg[11]/CK (DFFRQX2M)                     0.00       0.10 r
  library hold time                                      -0.03       0.07
  data required time                                                 0.07
  --------------------------------------------------------------------------
  data required time                                                 0.07
  data arrival time                                                 -1.02
  --------------------------------------------------------------------------
  slack (MET)                                                        0.95


  Startpoint: DATA_sync_ref/enable_pulse_reg
              (rising edge-triggered flip-flop clocked by REF_CLK)
  Endpoint: U_ALU/ALU_OUT_reg[10]
            (rising edge-triggered flip-flop clocked by ALU_CLK)
  Path Group: ALU_CLK
  Path Type: min

  Point                                                   Incr       Path
  --------------------------------------------------------------------------
  clock REF_CLK (rise edge)                               0.00       0.00
  clock network delay (ideal)                             0.00       0.00
  DATA_sync_ref/enable_pulse_reg/CK (DFFRQX2M)            0.00       0.00 r
  DATA_sync_ref/enable_pulse_reg/Q (DFFRQX2M)             0.56       0.56 f
  DATA_sync_ref/enable_pulse (DATA_SYNC_NUM_STAGES2_DATA_WIDTH8)
                                                          0.00       0.56 f
  U_SYS_CTRL/UART_IN_VALID (SYS_CTRL)                     0.00       0.56 f
  U_SYS_CTRL/U67/Y (INVX2M)                               0.15       0.71 r
  U_SYS_CTRL/U29/Y (NOR2X2M)                              0.09       0.80 f
  U_SYS_CTRL/ALU_EN (SYS_CTRL)                            0.00       0.80 f
  U_ALU/EN (ALU)                                          0.00       0.80 f
  U_ALU/U37/Y (NAND2X2M)                                  0.15       0.95 r
  U_ALU/U18/Y (OAI2BB1X2M)                                0.07       1.02 f
  U_ALU/ALU_OUT_reg[10]/D (DFFRQX2M)                      0.00       1.02 f
  data arrival time                                                  1.02

  clock ALU_CLK (rise edge)                               0.00       0.00
  clock network delay (ideal)                             0.00       0.00
  clock uncertainty                                       0.10       0.10
  U_ALU/ALU_OUT_reg[10]/CK (DFFRQX2M)                     0.00       0.10 r
  library hold time                                      -0.03       0.07
  data required time                                                 0.07
  --------------------------------------------------------------------------
  data required time                                                 0.07
  data arrival time                                                 -1.02
  --------------------------------------------------------------------------
  slack (MET)                                                        0.95


  Startpoint: DATA_sync_ref/enable_pulse_reg
              (rising edge-triggered flip-flop clocked by REF_CLK)
  Endpoint: U_ALU/ALU_OUT_reg[9]
            (rising edge-triggered flip-flop clocked by ALU_CLK)
  Path Group: ALU_CLK
  Path Type: min

  Point                                                   Incr       Path
  --------------------------------------------------------------------------
  clock REF_CLK (rise edge)                               0.00       0.00
  clock network delay (ideal)                             0.00       0.00
  DATA_sync_ref/enable_pulse_reg/CK (DFFRQX2M)            0.00       0.00 r
  DATA_sync_ref/enable_pulse_reg/Q (DFFRQX2M)             0.56       0.56 f
  DATA_sync_ref/enable_pulse (DATA_SYNC_NUM_STAGES2_DATA_WIDTH8)
                                                          0.00       0.56 f
  U_SYS_CTRL/UART_IN_VALID (SYS_CTRL)                     0.00       0.56 f
  U_SYS_CTRL/U67/Y (INVX2M)                               0.15       0.71 r
  U_SYS_CTRL/U29/Y (NOR2X2M)                              0.09       0.80 f
  U_SYS_CTRL/ALU_EN (SYS_CTRL)                            0.00       0.80 f
  U_ALU/EN (ALU)                                          0.00       0.80 f
  U_ALU/U37/Y (NAND2X2M)                                  0.15       0.95 r
  U_ALU/U17/Y (OAI2BB1X2M)                                0.07       1.02 f
  U_ALU/ALU_OUT_reg[9]/D (DFFRQX2M)                       0.00       1.02 f
  data arrival time                                                  1.02

  clock ALU_CLK (rise edge)                               0.00       0.00
  clock network delay (ideal)                             0.00       0.00
  clock uncertainty                                       0.10       0.10
  U_ALU/ALU_OUT_reg[9]/CK (DFFRQX2M)                      0.00       0.10 r
  library hold time                                      -0.03       0.07
  data required time                                                 0.07
  --------------------------------------------------------------------------
  data required time                                                 0.07
  data arrival time                                                 -1.02
  --------------------------------------------------------------------------
  slack (MET)                                                        0.95


  Startpoint: U_RegFile/regArr_reg[1][4]
              (rising edge-triggered flip-flop clocked by REF_CLK)
  Endpoint: U_ALU/ALU_OUT_reg[4]
            (rising edge-triggered flip-flop clocked by ALU_CLK)
  Path Group: ALU_CLK
  Path Type: min

  Point                                                   Incr       Path
  --------------------------------------------------------------------------
  clock REF_CLK (rise edge)                               0.00       0.00
  clock network delay (ideal)                             0.00       0.00
  U_RegFile/regArr_reg[1][4]/CK (DFFRQX2M)                0.00       0.00 r
  U_RegFile/regArr_reg[1][4]/Q (DFFRQX2M)                 0.56       0.56 f
  U_RegFile/OP_B[4] (RegFile)                             0.00       0.56 f
  U_ALU/B[4] (ALU)                                        0.00       0.56 f
  U_ALU/U129/Y (INVX2M)                                   0.10       0.66 r
  U_ALU/U126/Y (OAI21X2M)                                 0.07       0.73 f
  U_ALU/U70/Y (AOI221XLM)                                 0.18       0.92 r
  U_ALU/U67/Y (AOI31X2M)                                  0.12       1.04 f
  U_ALU/ALU_OUT_reg[4]/D (DFFRQX2M)                       0.00       1.04 f
  data arrival time                                                  1.04

  clock ALU_CLK (rise edge)                               0.00       0.00
  clock network delay (ideal)                             0.00       0.00
  clock uncertainty                                       0.10       0.10
  U_ALU/ALU_OUT_reg[4]/CK (DFFRQX2M)                      0.00       0.10 r
  library hold time                                      -0.03       0.07
  data required time                                                 0.07
  --------------------------------------------------------------------------
  data required time                                                 0.07
  data arrival time                                                 -1.04
  --------------------------------------------------------------------------
  slack (MET)                                                        0.97


  Startpoint: U_RegFile/regArr_reg[1][5]
              (rising edge-triggered flip-flop clocked by REF_CLK)
  Endpoint: U_ALU/ALU_OUT_reg[5]
            (rising edge-triggered flip-flop clocked by ALU_CLK)
  Path Group: ALU_CLK
  Path Type: min

  Point                                                   Incr       Path
  --------------------------------------------------------------------------
  clock REF_CLK (rise edge)                               0.00       0.00
  clock network delay (ideal)                             0.00       0.00
  U_RegFile/regArr_reg[1][5]/CK (DFFRQX2M)                0.00       0.00 r
  U_RegFile/regArr_reg[1][5]/Q (DFFRQX2M)                 0.56       0.56 f
  U_RegFile/OP_B[5] (RegFile)                             0.00       0.56 f
  U_ALU/B[5] (ALU)                                        0.00       0.56 f
  U_ALU/U134/Y (INVX2M)                                   0.10       0.66 r
  U_ALU/U131/Y (OAI21X2M)                                 0.07       0.73 f
  U_ALU/U74/Y (AOI221XLM)                                 0.18       0.92 r
  U_ALU/U71/Y (AOI31X2M)                                  0.12       1.04 f
  U_ALU/ALU_OUT_reg[5]/D (DFFRQX2M)                       0.00       1.04 f
  data arrival time                                                  1.04

  clock ALU_CLK (rise edge)                               0.00       0.00
  clock network delay (ideal)                             0.00       0.00
  clock uncertainty                                       0.10       0.10
  U_ALU/ALU_OUT_reg[5]/CK (DFFRQX2M)                      0.00       0.10 r
  library hold time                                      -0.03       0.07
  data required time                                                 0.07
  --------------------------------------------------------------------------
  data required time                                                 0.07
  data arrival time                                                 -1.04
  --------------------------------------------------------------------------
  slack (MET)                                                        0.97


  Startpoint: U_RegFile/regArr_reg[1][2]
              (rising edge-triggered flip-flop clocked by REF_CLK)
  Endpoint: U_ALU/ALU_OUT_reg[2]
            (rising edge-triggered flip-flop clocked by ALU_CLK)
  Path Group: ALU_CLK
  Path Type: min

  Point                                                   Incr       Path
  --------------------------------------------------------------------------
  clock REF_CLK (rise edge)                               0.00       0.00
  clock network delay (ideal)                             0.00       0.00
  U_RegFile/regArr_reg[1][2]/CK (DFFRQX2M)                0.00       0.00 r
  U_RegFile/regArr_reg[1][2]/Q (DFFRQX2M)                 0.55       0.55 f
  U_RegFile/OP_B[2] (RegFile)                             0.00       0.55 f
  U_ALU/B[2] (ALU)                                        0.00       0.55 f
  U_ALU/U139/Y (INVX2M)                                   0.12       0.67 r
  U_ALU/U117/Y (OAI21X2M)                                 0.08       0.75 f
  U_ALU/U62/Y (AOI221XLM)                                 0.18       0.94 r
  U_ALU/U59/Y (AOI31X2M)                                  0.12       1.06 f
  U_ALU/ALU_OUT_reg[2]/D (DFFRQX2M)                       0.00       1.06 f
  data arrival time                                                  1.06

  clock ALU_CLK (rise edge)                               0.00       0.00
  clock network delay (ideal)                             0.00       0.00
  clock uncertainty                                       0.10       0.10
  U_ALU/ALU_OUT_reg[2]/CK (DFFRQX2M)                      0.00       0.10 r
  library hold time                                      -0.03       0.07
  data required time                                                 0.07
  --------------------------------------------------------------------------
  data required time                                                 0.07
  data arrival time                                                 -1.06
  --------------------------------------------------------------------------
  slack (MET)                                                        0.99


  Startpoint: U_RegFile/regArr_reg[1][3]
              (rising edge-triggered flip-flop clocked by REF_CLK)
  Endpoint: U_ALU/ALU_OUT_reg[3]
            (rising edge-triggered flip-flop clocked by ALU_CLK)
  Path Group: ALU_CLK
  Path Type: min

  Point                                                   Incr       Path
  --------------------------------------------------------------------------
  clock REF_CLK (rise edge)                               0.00       0.00
  clock network delay (ideal)                             0.00       0.00
  U_RegFile/regArr_reg[1][3]/CK (DFFRQX2M)                0.00       0.00 r
  U_RegFile/regArr_reg[1][3]/Q (DFFRQX2M)                 0.55       0.55 f
  U_RegFile/OP_B[3] (RegFile)                             0.00       0.55 f
  U_ALU/B[3] (ALU)                                        0.00       0.55 f
  U_ALU/U144/Y (INVX2M)                                   0.12       0.67 r
  U_ALU/U122/Y (OAI21X2M)                                 0.08       0.75 f
  U_ALU/U66/Y (AOI221XLM)                                 0.18       0.94 r
  U_ALU/U63/Y (AOI31X2M)                                  0.12       1.06 f
  U_ALU/ALU_OUT_reg[3]/D (DFFRQX2M)                       0.00       1.06 f
  data arrival time                                                  1.06

  clock ALU_CLK (rise edge)                               0.00       0.00
  clock network delay (ideal)                             0.00       0.00
  clock uncertainty                                       0.10       0.10
  U_ALU/ALU_OUT_reg[3]/CK (DFFRQX2M)                      0.00       0.10 r
  library hold time                                      -0.03       0.07
  data required time                                                 0.07
  --------------------------------------------------------------------------
  data required time                                                 0.07
  data arrival time                                                 -1.06
  --------------------------------------------------------------------------
  slack (MET)                                                        0.99


  Startpoint: DATA_sync_ref/enable_pulse_reg
              (rising edge-triggered flip-flop clocked by REF_CLK)
  Endpoint: U_ALU/ALU_OUT_reg[6]
            (rising edge-triggered flip-flop clocked by ALU_CLK)
  Path Group: ALU_CLK
  Path Type: min

  Point                                                   Incr       Path
  --------------------------------------------------------------------------
  clock REF_CLK (rise edge)                               0.00       0.00
  clock network delay (ideal)                             0.00       0.00
  DATA_sync_ref/enable_pulse_reg/CK (DFFRQX2M)            0.00       0.00 r
  DATA_sync_ref/enable_pulse_reg/Q (DFFRQX2M)             0.56       0.56 f
  DATA_sync_ref/enable_pulse (DATA_SYNC_NUM_STAGES2_DATA_WIDTH8)
                                                          0.00       0.56 f
  U_SYS_CTRL/UART_IN_VALID (SYS_CTRL)                     0.00       0.56 f
  U_SYS_CTRL/U67/Y (INVX2M)                               0.15       0.71 r
  U_SYS_CTRL/U29/Y (NOR2X2M)                              0.09       0.80 f
  U_SYS_CTRL/ALU_EN (SYS_CTRL)                            0.00       0.80 f
  U_ALU/EN (ALU)                                          0.00       0.80 f
  U_ALU/U43/Y (INVX2M)                                    0.22       1.01 r
  U_ALU/U75/Y (AOI31X2M)                                  0.06       1.07 f
  U_ALU/ALU_OUT_reg[6]/D (DFFRQX2M)                       0.00       1.07 f
  data arrival time                                                  1.07

  clock ALU_CLK (rise edge)                               0.00       0.00
  clock network delay (ideal)                             0.00       0.00
  clock uncertainty                                       0.10       0.10
  U_ALU/ALU_OUT_reg[6]/CK (DFFRQX2M)                      0.00       0.10 r
  library hold time                                      -0.03       0.07
  data required time                                                 0.07
  --------------------------------------------------------------------------
  data required time                                                 0.07
  data arrival time                                                 -1.07
  --------------------------------------------------------------------------
  slack (MET)                                                        1.00


  Startpoint: UART_RX_IN (input port clocked by UART_RX_CLK)
  Endpoint: UART/U_UART_RX/U7/current_state_reg[0]
            (rising edge-triggered flip-flop clocked by UART_RX_CLK)
  Path Group: INREG
  Path Type: min

  Point                                                   Incr       Path
  --------------------------------------------------------------------------
  clock UART_RX_CLK (rise edge)                           0.00       0.00
  clock network delay (ideal)                             0.00       0.00
  input external delay                                   54.25      54.25 r
  UART_RX_IN (in)                                         0.03      54.29 r
  UART/RX_IN_S (UART_TOP)                                 0.00      54.29 r
  UART/U_UART_RX/RX_IN (UART_RX_DATA_WIDTH8)              0.00      54.29 r
  UART/U_UART_RX/U7/RX_IN (FSM)                           0.00      54.29 r
  UART/U_UART_RX/U7/U9/Y (OAI211X2M)                      0.09      54.38 f
  UART/U_UART_RX/U7/current_state_reg[0]/D (DFFRX1M)      0.00      54.38 f
  data arrival time                                                 54.38

  clock UART_RX_CLK (rise edge)                           0.00       0.00
  clock network delay (ideal)                             0.00       0.00
  clock uncertainty                                       0.10       0.10
  UART/U_UART_RX/U7/current_state_reg[0]/CK (DFFRX1M)     0.00       0.10 r
  library hold time                                      -0.02       0.08
  data required time                                                 0.08
  --------------------------------------------------------------------------
  data required time                                                 0.08
  data arrival time                                                -54.38
  --------------------------------------------------------------------------
  slack (MET)                                                       54.31


  Startpoint: UART_RX_IN (input port clocked by UART_RX_CLK)
  Endpoint: UART/U_UART_RX/U6/sample_1_reg
            (rising edge-triggered flip-flop clocked by UART_RX_CLK)
  Path Group: INREG
  Path Type: min

  Point                                                   Incr       Path
  --------------------------------------------------------------------------
  clock UART_RX_CLK (rise edge)                           0.00       0.00
  clock network delay (ideal)                             0.00       0.00
  input external delay                                   54.25      54.25 f
  UART_RX_IN (in)                                         0.03      54.28 f
  UART/RX_IN_S (UART_TOP)                                 0.00      54.28 f
  UART/U_UART_RX/RX_IN (UART_RX_DATA_WIDTH8)              0.00      54.28 f
  UART/U_UART_RX/U6/RX_IN (DATA_SAMPLING)                 0.00      54.28 f
  UART/U_UART_RX/U6/U53/Y (CLKNAND2X2M)                   0.08      54.36 r
  UART/U_UART_RX/U6/U52/Y (MXI2X1M)                       0.08      54.44 f
  UART/U_UART_RX/U6/sample_1_reg/D (DFFRQX2M)             0.00      54.44 f
  data arrival time                                                 54.44

  clock UART_RX_CLK (rise edge)                           0.00       0.00
  clock network delay (ideal)                             0.00       0.00
  clock uncertainty                                       0.10       0.10
  UART/U_UART_RX/U6/sample_1_reg/CK (DFFRQX2M)            0.00       0.10 r
  library hold time                                      -0.03       0.07
  data required time                                                 0.07
  --------------------------------------------------------------------------
  data required time                                                 0.07
  data arrival time                                                -54.44
  --------------------------------------------------------------------------
  slack (MET)                                                       54.37


  Startpoint: UART_RX_IN (input port clocked by UART_RX_CLK)
  Endpoint: UART/U_UART_RX/U6/sample_2_reg
            (rising edge-triggered flip-flop clocked by UART_RX_CLK)
  Path Group: INREG
  Path Type: min

  Point                                                   Incr       Path
  --------------------------------------------------------------------------
  clock UART_RX_CLK (rise edge)                           0.00       0.00
  clock network delay (ideal)                             0.00       0.00
  input external delay                                   54.25      54.25 f
  UART_RX_IN (in)                                         0.03      54.28 f
  UART/RX_IN_S (UART_TOP)                                 0.00      54.28 f
  UART/U_UART_RX/RX_IN (UART_RX_DATA_WIDTH8)              0.00      54.28 f
  UART/U_UART_RX/U6/RX_IN (DATA_SAMPLING)                 0.00      54.28 f
  UART/U_UART_RX/U6/U53/Y (CLKNAND2X2M)                   0.08      54.36 r
  UART/U_UART_RX/U6/U45/Y (MXI2X1M)                       0.08      54.44 f
  UART/U_UART_RX/U6/sample_2_reg/D (DFFRQX2M)             0.00      54.44 f
  data arrival time                                                 54.44

  clock UART_RX_CLK (rise edge)                           0.00       0.00
  clock network delay (ideal)                             0.00       0.00
  clock uncertainty                                       0.10       0.10
  UART/U_UART_RX/U6/sample_2_reg/CK (DFFRQX2M)            0.00       0.10 r
  library hold time                                      -0.03       0.07
  data required time                                                 0.07
  --------------------------------------------------------------------------
  data required time                                                 0.07
  data arrival time                                                -54.44
  --------------------------------------------------------------------------
  slack (MET)                                                       54.37


  Startpoint: UART_RX_IN (input port clocked by UART_RX_CLK)
  Endpoint: UART/U_UART_RX/U6/sample_3_reg
            (rising edge-triggered flip-flop clocked by UART_RX_CLK)
  Path Group: INREG
  Path Type: min

  Point                                                   Incr       Path
  --------------------------------------------------------------------------
  clock UART_RX_CLK (rise edge)                           0.00       0.00
  clock network delay (ideal)                             0.00       0.00
  input external delay                                   54.25      54.25 f
  UART_RX_IN (in)                                         0.03      54.28 f
  UART/RX_IN_S (UART_TOP)                                 0.00      54.28 f
  UART/U_UART_RX/RX_IN (UART_RX_DATA_WIDTH8)              0.00      54.28 f
  UART/U_UART_RX/U6/RX_IN (DATA_SAMPLING)                 0.00      54.28 f
  UART/U_UART_RX/U6/U53/Y (CLKNAND2X2M)                   0.08      54.36 r
  UART/U_UART_RX/U6/U48/Y (MXI2X1M)                       0.09      54.44 f
  UART/U_UART_RX/U6/sample_3_reg/D (DFFRQX2M)             0.00      54.44 f
  data arrival time                                                 54.44

  clock UART_RX_CLK (rise edge)                           0.00       0.00
  clock network delay (ideal)                             0.00       0.00
  clock uncertainty                                       0.10       0.10
  UART/U_UART_RX/U6/sample_3_reg/CK (DFFRQX2M)            0.00       0.10 r
  library hold time                                      -0.03       0.07
  data required time                                                 0.07
  --------------------------------------------------------------------------
  data required time                                                 0.07
  data arrival time                                                -54.44
  --------------------------------------------------------------------------
  slack (MET)                                                       54.37


  Startpoint: U_SYS_CTRL/STORE_ADDRESS_DATA_reg[0]
              (rising edge-triggered flip-flop clocked by REF_CLK)
  Endpoint: U_SYS_CTRL/STORE_ADDRESS_DATA_reg[0]
            (rising edge-triggered flip-flop clocked by REF_CLK)
  Path Group: REF_CLK
  Path Type: min

  Point                                                   Incr       Path
  --------------------------------------------------------------------------
  clock REF_CLK (rise edge)                               0.00       0.00
  clock network delay (ideal)                             0.00       0.00
  U_SYS_CTRL/STORE_ADDRESS_DATA_reg[0]/CK (DFFRX1M)       0.00       0.00 r
  U_SYS_CTRL/STORE_ADDRESS_DATA_reg[0]/QN (DFFRX1M)       0.35       0.35 r
  U_SYS_CTRL/U105/Y (OAI22X1M)                            0.09       0.44 f
  U_SYS_CTRL/STORE_ADDRESS_DATA_reg[0]/D (DFFRX1M)        0.00       0.44 f
  data arrival time                                                  0.44

  clock REF_CLK (rise edge)                               0.00       0.00
  clock network delay (ideal)                             0.00       0.00
  clock uncertainty                                       0.10       0.10
  U_SYS_CTRL/STORE_ADDRESS_DATA_reg[0]/CK (DFFRX1M)       0.00       0.10 r
  library hold time                                      -0.01       0.09
  data required time                                                 0.09
  --------------------------------------------------------------------------
  data required time                                                 0.09
  data arrival time                                                 -0.44
  --------------------------------------------------------------------------
  slack (MET)                                                        0.35


  Startpoint: U_SYS_CTRL/STORE_ADDRESS_DATA_reg[1]
              (rising edge-triggered flip-flop clocked by REF_CLK)
  Endpoint: U_SYS_CTRL/STORE_ADDRESS_DATA_reg[1]
            (rising edge-triggered flip-flop clocked by REF_CLK)
  Path Group: REF_CLK
  Path Type: min

  Point                                                   Incr       Path
  --------------------------------------------------------------------------
  clock REF_CLK (rise edge)                               0.00       0.00
  clock network delay (ideal)                             0.00       0.00
  U_SYS_CTRL/STORE_ADDRESS_DATA_reg[1]/CK (DFFRX1M)       0.00       0.00 r
  U_SYS_CTRL/STORE_ADDRESS_DATA_reg[1]/QN (DFFRX1M)       0.35       0.35 r
  U_SYS_CTRL/U109/Y (OAI2BB2X1M)                          0.10       0.45 f
  U_SYS_CTRL/STORE_ADDRESS_DATA_reg[1]/D (DFFRX1M)        0.00       0.45 f
  data arrival time                                                  0.45

  clock REF_CLK (rise edge)                               0.00       0.00
  clock network delay (ideal)                             0.00       0.00
  clock uncertainty                                       0.10       0.10
  U_SYS_CTRL/STORE_ADDRESS_DATA_reg[1]/CK (DFFRX1M)       0.00       0.10 r
  library hold time                                      -0.01       0.09
  data required time                                                 0.09
  --------------------------------------------------------------------------
  data required time                                                 0.09
  data arrival time                                                 -0.45
  --------------------------------------------------------------------------
  slack (MET)                                                        0.37


  Startpoint: U_SYS_CTRL/STORE_ADDRESS_DATA_reg[2]
              (rising edge-triggered flip-flop clocked by REF_CLK)
  Endpoint: U_SYS_CTRL/STORE_ADDRESS_DATA_reg[2]
            (rising edge-triggered flip-flop clocked by REF_CLK)
  Path Group: REF_CLK
  Path Type: min

  Point                                                   Incr       Path
  --------------------------------------------------------------------------
  clock REF_CLK (rise edge)                               0.00       0.00
  clock network delay (ideal)                             0.00       0.00
  U_SYS_CTRL/STORE_ADDRESS_DATA_reg[2]/CK (DFFRX1M)       0.00       0.00 r
  U_SYS_CTRL/STORE_ADDRESS_DATA_reg[2]/QN (DFFRX1M)       0.36       0.36 r
  U_SYS_CTRL/U106/Y (OAI22X1M)                            0.10       0.46 f
  U_SYS_CTRL/STORE_ADDRESS_DATA_reg[2]/D (DFFRX1M)        0.00       0.46 f
  data arrival time                                                  0.46

  clock REF_CLK (rise edge)                               0.00       0.00
  clock network delay (ideal)                             0.00       0.00
  clock uncertainty                                       0.10       0.10
  U_SYS_CTRL/STORE_ADDRESS_DATA_reg[2]/CK (DFFRX1M)       0.00       0.10 r
  library hold time                                      -0.01       0.09
  data required time                                                 0.09
  --------------------------------------------------------------------------
  data required time                                                 0.09
  data arrival time                                                 -0.46
  --------------------------------------------------------------------------
  slack (MET)                                                        0.37


  Startpoint: REF_RST_SYNC/sync_reg_reg[0]/CK
              (internal path startpoint clocked by REF_CLK)
  Endpoint: REF_RST_SYNC/sync_reg_reg[1]
            (rising edge-triggered flip-flop clocked by REF_CLK)
  Path Group: REF_CLK
  Path Type: min

  Point                                                   Incr       Path
  --------------------------------------------------------------------------
  clock REF_CLK (rise edge)                               0.00       0.00
  clock network delay (ideal)                             0.00       0.00
  input external delay                                    0.00       0.00 r
  REF_RST_SYNC/sync_reg_reg[0]/CK (DFFRQX2M)              0.00       0.00 r
  REF_RST_SYNC/sync_reg_reg[0]/Q (DFFRQX2M)               0.46       0.46 f
  REF_RST_SYNC/sync_reg_reg[1]/D (DFFRQX2M)               0.00       0.46 f
  data arrival time                                                  0.46

  clock REF_CLK (rise edge)                               0.00       0.00
  clock network delay (ideal)                             0.00       0.00
  clock uncertainty                                       0.10       0.10
  REF_RST_SYNC/sync_reg_reg[1]/CK (DFFRQX2M)              0.00       0.10 r
  library hold time                                      -0.02       0.08
  data required time                                                 0.08
  --------------------------------------------------------------------------
  data required time                                                 0.08
  data arrival time                                                 -0.46
  --------------------------------------------------------------------------
  slack (MET)                                                        0.38


  Startpoint: U_FIFO/BIT_SYNC_R_TO_W/sync_reg_reg[1][0]
              (rising edge-triggered flip-flop clocked by REF_CLK)
  Endpoint: U_FIFO/BIT_SYNC_R_TO_W/sync_reg_reg[1][1]
            (rising edge-triggered flip-flop clocked by REF_CLK)
  Path Group: REF_CLK
  Path Type: min

  Point                                                   Incr       Path
  --------------------------------------------------------------------------
  clock REF_CLK (rise edge)                               0.00       0.00
  clock network delay (ideal)                             0.00       0.00
  U_FIFO/BIT_SYNC_R_TO_W/sync_reg_reg[1][0]/CK (DFFRQX2M)
                                                          0.00       0.00 r
  U_FIFO/BIT_SYNC_R_TO_W/sync_reg_reg[1][0]/Q (DFFRQX2M)
                                                          0.46       0.46 f
  U_FIFO/BIT_SYNC_R_TO_W/sync_reg_reg[1][1]/D (DFFRQX2M)
                                                          0.00       0.46 f
  data arrival time                                                  0.46

  clock REF_CLK (rise edge)                               0.00       0.00
  clock network delay (ideal)                             0.00       0.00
  clock uncertainty                                       0.10       0.10
  U_FIFO/BIT_SYNC_R_TO_W/sync_reg_reg[1][1]/CK (DFFRQX2M)
                                                          0.00       0.10 r
  library hold time                                      -0.02       0.08
  data required time                                                 0.08
  --------------------------------------------------------------------------
  data required time                                                 0.08
  data arrival time                                                 -0.46
  --------------------------------------------------------------------------
  slack (MET)                                                        0.38


  Startpoint: U_FIFO/BIT_SYNC_R_TO_W/sync_reg_reg[0][0]
              (rising edge-triggered flip-flop clocked by REF_CLK)
  Endpoint: U_FIFO/BIT_SYNC_R_TO_W/sync_reg_reg[0][1]
            (rising edge-triggered flip-flop clocked by REF_CLK)
  Path Group: REF_CLK
  Path Type: min

  Point                                                   Incr       Path
  --------------------------------------------------------------------------
  clock REF_CLK (rise edge)                               0.00       0.00
  clock network delay (ideal)                             0.00       0.00
  U_FIFO/BIT_SYNC_R_TO_W/sync_reg_reg[0][0]/CK (DFFRQX2M)
                                                          0.00       0.00 r
  U_FIFO/BIT_SYNC_R_TO_W/sync_reg_reg[0][0]/Q (DFFRQX2M)
                                                          0.46       0.46 f
  U_FIFO/BIT_SYNC_R_TO_W/sync_reg_reg[0][1]/D (DFFRQX2M)
                                                          0.00       0.46 f
  data arrival time                                                  0.46

  clock REF_CLK (rise edge)                               0.00       0.00
  clock network delay (ideal)                             0.00       0.00
  clock uncertainty                                       0.10       0.10
  U_FIFO/BIT_SYNC_R_TO_W/sync_reg_reg[0][1]/CK (DFFRQX2M)
                                                          0.00       0.10 r
  library hold time                                      -0.02       0.08
  data required time                                                 0.08
  --------------------------------------------------------------------------
  data required time                                                 0.08
  data arrival time                                                 -0.46
  --------------------------------------------------------------------------
  slack (MET)                                                        0.38


  Startpoint: U_FIFO/BIT_SYNC_R_TO_W/sync_reg_reg[3][0]
              (rising edge-triggered flip-flop clocked by REF_CLK)
  Endpoint: U_FIFO/BIT_SYNC_R_TO_W/sync_reg_reg[3][1]
            (rising edge-triggered flip-flop clocked by REF_CLK)
  Path Group: REF_CLK
  Path Type: min

  Point                                                   Incr       Path
  --------------------------------------------------------------------------
  clock REF_CLK (rise edge)                               0.00       0.00
  clock network delay (ideal)                             0.00       0.00
  U_FIFO/BIT_SYNC_R_TO_W/sync_reg_reg[3][0]/CK (DFFRQX2M)
                                                          0.00       0.00 r
  U_FIFO/BIT_SYNC_R_TO_W/sync_reg_reg[3][0]/Q (DFFRQX2M)
                                                          0.46       0.46 f
  U_FIFO/BIT_SYNC_R_TO_W/sync_reg_reg[3][1]/D (DFFRQX2M)
                                                          0.00       0.46 f
  data arrival time                                                  0.46

  clock REF_CLK (rise edge)                               0.00       0.00
  clock network delay (ideal)                             0.00       0.00
  clock uncertainty                                       0.10       0.10
  U_FIFO/BIT_SYNC_R_TO_W/sync_reg_reg[3][1]/CK (DFFRQX2M)
                                                          0.00       0.10 r
  library hold time                                      -0.02       0.08
  data required time                                                 0.08
  --------------------------------------------------------------------------
  data required time                                                 0.08
  data arrival time                                                 -0.46
  --------------------------------------------------------------------------
  slack (MET)                                                        0.38


  Startpoint: U_FIFO/BIT_SYNC_R_TO_W/sync_reg_reg[2][0]
              (rising edge-triggered flip-flop clocked by REF_CLK)
  Endpoint: U_FIFO/BIT_SYNC_R_TO_W/sync_reg_reg[2][1]
            (rising edge-triggered flip-flop clocked by REF_CLK)
  Path Group: REF_CLK
  Path Type: min

  Point                                                   Incr       Path
  --------------------------------------------------------------------------
  clock REF_CLK (rise edge)                               0.00       0.00
  clock network delay (ideal)                             0.00       0.00
  U_FIFO/BIT_SYNC_R_TO_W/sync_reg_reg[2][0]/CK (DFFRQX2M)
                                                          0.00       0.00 r
  U_FIFO/BIT_SYNC_R_TO_W/sync_reg_reg[2][0]/Q (DFFRQX2M)
                                                          0.46       0.46 f
  U_FIFO/BIT_SYNC_R_TO_W/sync_reg_reg[2][1]/D (DFFRQX2M)
                                                          0.00       0.46 f
  data arrival time                                                  0.46

  clock REF_CLK (rise edge)                               0.00       0.00
  clock network delay (ideal)                             0.00       0.00
  clock uncertainty                                       0.10       0.10
  U_FIFO/BIT_SYNC_R_TO_W/sync_reg_reg[2][1]/CK (DFFRQX2M)
                                                          0.00       0.10 r
  library hold time                                      -0.02       0.08
  data required time                                                 0.08
  --------------------------------------------------------------------------
  data required time                                                 0.08
  data arrival time                                                 -0.46
  --------------------------------------------------------------------------
  slack (MET)                                                        0.38


  Startpoint: DATA_sync_ref/bit_sync_reg_reg[0]
              (rising edge-triggered flip-flop clocked by REF_CLK)
  Endpoint: DATA_sync_ref/bit_sync_reg_reg[1]
            (rising edge-triggered flip-flop clocked by REF_CLK)
  Path Group: REF_CLK
  Path Type: min

  Point                                                   Incr       Path
  --------------------------------------------------------------------------
  clock REF_CLK (rise edge)                               0.00       0.00
  clock network delay (ideal)                             0.00       0.00
  DATA_sync_ref/bit_sync_reg_reg[0]/CK (DFFRQX2M)         0.00       0.00 r
  DATA_sync_ref/bit_sync_reg_reg[0]/Q (DFFRQX2M)          0.46       0.46 f
  DATA_sync_ref/bit_sync_reg_reg[1]/D (DFFRQX2M)          0.00       0.46 f
  data arrival time                                                  0.46

  clock REF_CLK (rise edge)                               0.00       0.00
  clock network delay (ideal)                             0.00       0.00
  clock uncertainty                                       0.10       0.10
  DATA_sync_ref/bit_sync_reg_reg[1]/CK (DFFRQX2M)         0.00       0.10 r
  library hold time                                      -0.02       0.08
  data required time                                                 0.08
  --------------------------------------------------------------------------
  data required time                                                 0.08
  data arrival time                                                 -0.46
  --------------------------------------------------------------------------
  slack (MET)                                                        0.38


  Startpoint: U_FIFO/WRITE_MODULE/ADD_COUNTER_reg[3]
              (rising edge-triggered flip-flop clocked by REF_CLK)
  Endpoint: U_FIFO/WRITE_MODULE/ADD_COUNTER_reg[3]
            (rising edge-triggered flip-flop clocked by REF_CLK)
  Path Group: REF_CLK
  Path Type: min

  Point                                                   Incr       Path
  --------------------------------------------------------------------------
  clock REF_CLK (rise edge)                               0.00       0.00
  clock network delay (ideal)                             0.00       0.00
  U_FIFO/WRITE_MODULE/ADD_COUNTER_reg[3]/CK (DFFRQX2M)
                                                          0.00       0.00 r
  U_FIFO/WRITE_MODULE/ADD_COUNTER_reg[3]/Q (DFFRQX2M)     0.42       0.42 r
  U_FIFO/WRITE_MODULE/U15/Y (XNOR2X2M)                    0.06       0.48 f
  U_FIFO/WRITE_MODULE/ADD_COUNTER_reg[3]/D (DFFRQX2M)     0.00       0.48 f
  data arrival time                                                  0.48

  clock REF_CLK (rise edge)                               0.00       0.00
  clock network delay (ideal)                             0.00       0.00
  clock uncertainty                                       0.10       0.10
  U_FIFO/WRITE_MODULE/ADD_COUNTER_reg[3]/CK (DFFRQX2M)
                                                          0.00       0.10 r
  library hold time                                      -0.02       0.08
  data required time                                                 0.08
  --------------------------------------------------------------------------
  data required time                                                 0.08
  data arrival time                                                 -0.48
  --------------------------------------------------------------------------
  slack (MET)                                                        0.39


  Startpoint: DATA_sync_ref/bit_sync_reg_reg[1]
              (rising edge-triggered flip-flop clocked by REF_CLK)
  Endpoint: DATA_sync_ref/pulse_gen_reg_reg
            (rising edge-triggered flip-flop clocked by REF_CLK)
  Path Group: REF_CLK
  Path Type: min

  Point                                                   Incr       Path
  --------------------------------------------------------------------------
  clock REF_CLK (rise edge)                               0.00       0.00
  clock network delay (ideal)                             0.00       0.00
  DATA_sync_ref/bit_sync_reg_reg[1]/CK (DFFRQX2M)         0.00       0.00 r
  DATA_sync_ref/bit_sync_reg_reg[1]/Q (DFFRQX2M)          0.48       0.48 f
  DATA_sync_ref/pulse_gen_reg_reg/D (DFFRQX2M)            0.00       0.48 f
  data arrival time                                                  0.48

  clock REF_CLK (rise edge)                               0.00       0.00
  clock network delay (ideal)                             0.00       0.00
  clock uncertainty                                       0.10       0.10
  DATA_sync_ref/pulse_gen_reg_reg/CK (DFFRQX2M)           0.00       0.10 r
  library hold time                                      -0.02       0.08
  data required time                                                 0.08
  --------------------------------------------------------------------------
  data required time                                                 0.08
  data arrival time                                                 -0.48
  --------------------------------------------------------------------------
  slack (MET)                                                        0.40


  Startpoint: U_FIFO/WRITE_MODULE/ADD_COUNTER_reg[0]
              (rising edge-triggered flip-flop clocked by REF_CLK)
  Endpoint: U_FIFO/WRITE_MODULE/GRAY_W_ADD_reg[0]
            (rising edge-triggered flip-flop clocked by REF_CLK)
  Path Group: REF_CLK
  Path Type: min

  Point                                                   Incr       Path
  --------------------------------------------------------------------------
  clock REF_CLK (rise edge)                               0.00       0.00
  clock network delay (ideal)                             0.00       0.00
  U_FIFO/WRITE_MODULE/ADD_COUNTER_reg[0]/CK (DFFRX1M)     0.00       0.00 r
  U_FIFO/WRITE_MODULE/ADD_COUNTER_reg[0]/QN (DFFRX1M)     0.40       0.40 r
  U_FIFO/WRITE_MODULE/U6/Y (XNOR2X2M)                     0.08       0.49 f
  U_FIFO/WRITE_MODULE/GRAY_W_ADD_reg[0]/D (DFFRQX2M)      0.00       0.49 f
  data arrival time                                                  0.49

  clock REF_CLK (rise edge)                               0.00       0.00
  clock network delay (ideal)                             0.00       0.00
  clock uncertainty                                       0.10       0.10
  U_FIFO/WRITE_MODULE/GRAY_W_ADD_reg[0]/CK (DFFRQX2M)     0.00       0.10 r
  library hold time                                      -0.02       0.08
  data required time                                                 0.08
  --------------------------------------------------------------------------
  data required time                                                 0.08
  data arrival time                                                 -0.49
  --------------------------------------------------------------------------
  slack (MET)                                                        0.41


  Startpoint: U_SYS_CTRL/STORE_ADDRESS_DATA_reg[3]
              (rising edge-triggered flip-flop clocked by REF_CLK)
  Endpoint: U_SYS_CTRL/STORE_ADDRESS_DATA_reg[3]
            (rising edge-triggered flip-flop clocked by REF_CLK)
  Path Group: REF_CLK
  Path Type: min

  Point                                                   Incr       Path
  --------------------------------------------------------------------------
  clock REF_CLK (rise edge)                               0.00       0.00
  clock network delay (ideal)                             0.00       0.00
  U_SYS_CTRL/STORE_ADDRESS_DATA_reg[3]/CK (DFFRX1M)       0.00       0.00 r
  U_SYS_CTRL/STORE_ADDRESS_DATA_reg[3]/QN (DFFRX1M)       0.39       0.39 r
  U_SYS_CTRL/U110/Y (OAI2BB2X1M)                          0.11       0.50 f
  U_SYS_CTRL/STORE_ADDRESS_DATA_reg[3]/D (DFFRX1M)        0.00       0.50 f
  data arrival time                                                  0.50

  clock REF_CLK (rise edge)                               0.00       0.00
  clock network delay (ideal)                             0.00       0.00
  clock uncertainty                                       0.10       0.10
  U_SYS_CTRL/STORE_ADDRESS_DATA_reg[3]/CK (DFFRX1M)       0.00       0.10 r
  library hold time                                      -0.01       0.09
  data required time                                                 0.09
  --------------------------------------------------------------------------
  data required time                                                 0.09
  data arrival time                                                 -0.50
  --------------------------------------------------------------------------
  slack (MET)                                                        0.42


  Startpoint: U_FIFO/WRITE_MODULE/ADD_COUNTER_reg[2]
              (rising edge-triggered flip-flop clocked by REF_CLK)
  Endpoint: U_FIFO/WRITE_MODULE/ADD_COUNTER_reg[2]
            (rising edge-triggered flip-flop clocked by REF_CLK)
  Path Group: REF_CLK
  Path Type: min

  Point                                                   Incr       Path
  --------------------------------------------------------------------------
  clock REF_CLK (rise edge)                               0.00       0.00
  clock network delay (ideal)                             0.00       0.00
  U_FIFO/WRITE_MODULE/ADD_COUNTER_reg[2]/CK (DFFRQX2M)
                                                          0.00       0.00 r
  U_FIFO/WRITE_MODULE/ADD_COUNTER_reg[2]/Q (DFFRQX2M)     0.45       0.45 r
  U_FIFO/WRITE_MODULE/U14/Y (XNOR2X2M)                    0.06       0.51 f
  U_FIFO/WRITE_MODULE/ADD_COUNTER_reg[2]/D (DFFRQX2M)     0.00       0.51 f
  data arrival time                                                  0.51

  clock REF_CLK (rise edge)                               0.00       0.00
  clock network delay (ideal)                             0.00       0.00
  clock uncertainty                                       0.10       0.10
  U_FIFO/WRITE_MODULE/ADD_COUNTER_reg[2]/CK (DFFRQX2M)
                                                          0.00       0.10 r
  library hold time                                      -0.02       0.08
  data required time                                                 0.08
  --------------------------------------------------------------------------
  data required time                                                 0.08
  data arrival time                                                 -0.51
  --------------------------------------------------------------------------
  slack (MET)                                                        0.43


  Startpoint: U_FIFO/WRITE_MODULE/ADD_COUNTER_reg[3]
              (rising edge-triggered flip-flop clocked by REF_CLK)
  Endpoint: U_FIFO/WRITE_MODULE/GRAY_W_ADD_reg[3]
            (rising edge-triggered flip-flop clocked by REF_CLK)
  Path Group: REF_CLK
  Path Type: min

  Point                                                   Incr       Path
  --------------------------------------------------------------------------
  clock REF_CLK (rise edge)                               0.00       0.00
  clock network delay (ideal)                             0.00       0.00
  U_FIFO/WRITE_MODULE/ADD_COUNTER_reg[3]/CK (DFFRQX2M)
                                                          0.00       0.00 r
  U_FIFO/WRITE_MODULE/ADD_COUNTER_reg[3]/Q (DFFRQX2M)     0.50       0.50 f
  U_FIFO/WRITE_MODULE/GRAY_W_ADD_reg[3]/D (DFFRQX2M)      0.00       0.50 f
  data arrival time                                                  0.50

  clock REF_CLK (rise edge)                               0.00       0.00
  clock network delay (ideal)                             0.00       0.00
  clock uncertainty                                       0.10       0.10
  U_FIFO/WRITE_MODULE/GRAY_W_ADD_reg[3]/CK (DFFRQX2M)     0.00       0.10 r
  library hold time                                      -0.03       0.07
  data required time                                                 0.07
  --------------------------------------------------------------------------
  data required time                                                 0.07
  data arrival time                                                 -0.50
  --------------------------------------------------------------------------
  slack (MET)                                                        0.43


  Startpoint: DATA_sync_ref/sync_bus_reg[0]
              (rising edge-triggered flip-flop clocked by REF_CLK)
  Endpoint: U_SYS_CTRL/current_state_reg[0]
            (rising edge-triggered flip-flop clocked by REF_CLK)
  Path Group: REF_CLK
  Path Type: min

  Point                                                   Incr       Path
  --------------------------------------------------------------------------
  clock REF_CLK (rise edge)                               0.00       0.00
  clock network delay (ideal)                             0.00       0.00
  DATA_sync_ref/sync_bus_reg[0]/CK (DFFRQX2M)             0.00       0.00 r
  DATA_sync_ref/sync_bus_reg[0]/Q (DFFRQX2M)              0.44       0.44 r
  DATA_sync_ref/sync_bus[0] (DATA_SYNC_NUM_STAGES2_DATA_WIDTH8)
                                                          0.00       0.44 r
  U_SYS_CTRL/UART_IN_DATA[0] (SYS_CTRL)                   0.00       0.44 r
  U_SYS_CTRL/U56/Y (OAI33X2M)                             0.10       0.54 f
  U_SYS_CTRL/current_state_reg[0]/D (DFFRQX2M)            0.00       0.54 f
  data arrival time                                                  0.54

  clock REF_CLK (rise edge)                               0.00       0.00
  clock network delay (ideal)                             0.00       0.00
  clock uncertainty                                       0.10       0.10
  U_SYS_CTRL/current_state_reg[0]/CK (DFFRQX2M)           0.00       0.10 r
  library hold time                                      -0.02       0.08
  data required time                                                 0.08
  --------------------------------------------------------------------------
  data required time                                                 0.08
  data arrival time                                                 -0.54
  --------------------------------------------------------------------------
  slack (MET)                                                        0.46


  Startpoint: U_FIFO/WRITE_MODULE/ADD_COUNTER_reg[0]
              (rising edge-triggered flip-flop clocked by REF_CLK)
  Endpoint: U_FIFO/WRITE_MODULE/ADD_COUNTER_reg[0]
            (rising edge-triggered flip-flop clocked by REF_CLK)
  Path Group: REF_CLK
  Path Type: min

  Point                                                   Incr       Path
  --------------------------------------------------------------------------
  clock REF_CLK (rise edge)                               0.00       0.00
  clock network delay (ideal)                             0.00       0.00
  U_FIFO/WRITE_MODULE/ADD_COUNTER_reg[0]/CK (DFFRX1M)     0.00       0.00 r
  U_FIFO/WRITE_MODULE/ADD_COUNTER_reg[0]/QN (DFFRX1M)     0.38       0.38 f
  U_FIFO/WRITE_MODULE/U19/Y (CLKXOR2X2M)                  0.18       0.56 f
  U_FIFO/WRITE_MODULE/ADD_COUNTER_reg[0]/D (DFFRX1M)      0.00       0.56 f
  data arrival time                                                  0.56

  clock REF_CLK (rise edge)                               0.00       0.00
  clock network delay (ideal)                             0.00       0.00
  clock uncertainty                                       0.10       0.10
  U_FIFO/WRITE_MODULE/ADD_COUNTER_reg[0]/CK (DFFRX1M)     0.00       0.10 r
  library hold time                                      -0.01       0.09
  data required time                                                 0.09
  --------------------------------------------------------------------------
  data required time                                                 0.09
  data arrival time                                                 -0.56
  --------------------------------------------------------------------------
  slack (MET)                                                        0.48


  Startpoint: DATA_sync_ref/pulse_gen_reg_reg
              (rising edge-triggered flip-flop clocked by REF_CLK)
  Endpoint: DATA_sync_ref/enable_pulse_reg
            (rising edge-triggered flip-flop clocked by REF_CLK)
  Path Group: REF_CLK
  Path Type: min

  Point                                                   Incr       Path
  --------------------------------------------------------------------------
  clock REF_CLK (rise edge)                               0.00       0.00
  clock network delay (ideal)                             0.00       0.00
  DATA_sync_ref/pulse_gen_reg_reg/CK (DFFRQX2M)           0.00       0.00 r
  DATA_sync_ref/pulse_gen_reg_reg/Q (DFFRQX2M)            0.36       0.36 r
  DATA_sync_ref/U4/Y (NAND2BX2M)                          0.17       0.53 r
  DATA_sync_ref/U3/Y (INVX2M)                             0.10       0.63 f
  DATA_sync_ref/enable_pulse_reg/D (DFFRQX2M)             0.00       0.63 f
  data arrival time                                                  0.63

  clock REF_CLK (rise edge)                               0.00       0.00
  clock network delay (ideal)                             0.00       0.00
  clock uncertainty                                       0.10       0.10
  DATA_sync_ref/enable_pulse_reg/CK (DFFRQX2M)            0.00       0.10 r
  library hold time                                      -0.02       0.08
  data required time                                                 0.08
  --------------------------------------------------------------------------
  data required time                                                 0.08
  data arrival time                                                 -0.63
  --------------------------------------------------------------------------
  slack (MET)                                                        0.55


  Startpoint: U_ALU/ALU_OUT_reg[15]
              (rising edge-triggered flip-flop clocked by ALU_CLK)
  Endpoint: U_SYS_CTRL/STORE_2ND_BYTE_OF_ALU_OUT_reg[7]
            (rising edge-triggered flip-flop clocked by REF_CLK)
  Path Group: REF_CLK
  Path Type: min

  Point                                                   Incr       Path
  --------------------------------------------------------------------------
  clock ALU_CLK (rise edge)                               0.00       0.00
  clock network delay (ideal)                             0.00       0.00
  U_ALU/ALU_OUT_reg[15]/CK (DFFRQX2M)                     0.00       0.00 r
  U_ALU/ALU_OUT_reg[15]/Q (DFFRQX2M)                      0.35       0.35 r
  U_ALU/ALU_OUT[15] (ALU)                                 0.00       0.35 r
  U_SYS_CTRL/ALU_OUT[15] (SYS_CTRL)                       0.00       0.35 r
  U_SYS_CTRL/U102/Y (AO22X1M)                             0.15       0.50 r
  U_SYS_CTRL/STORE_2ND_BYTE_OF_ALU_OUT_reg[7]/D (DFFRQX2M)
                                                          0.00       0.50 r
  data arrival time                                                  0.50

  clock REF_CLK (rise edge)                               0.00       0.00
  clock network delay (ideal)                             0.00       0.00
  clock uncertainty                                       0.10       0.10
  U_SYS_CTRL/STORE_2ND_BYTE_OF_ALU_OUT_reg[7]/CK (DFFRQX2M)
                                                          0.00       0.10 r
  library hold time                                      -0.17      -0.07
  data required time                                                -0.07
  --------------------------------------------------------------------------
  data required time                                                -0.07
  data arrival time                                                 -0.50
  --------------------------------------------------------------------------
  slack (MET)                                                        0.57


  Startpoint: U_ALU/ALU_OUT_reg[14]
              (rising edge-triggered flip-flop clocked by ALU_CLK)
  Endpoint: U_SYS_CTRL/STORE_2ND_BYTE_OF_ALU_OUT_reg[6]
            (rising edge-triggered flip-flop clocked by REF_CLK)
  Path Group: REF_CLK
  Path Type: min

  Point                                                   Incr       Path
  --------------------------------------------------------------------------
  clock ALU_CLK (rise edge)                               0.00       0.00
  clock network delay (ideal)                             0.00       0.00
  U_ALU/ALU_OUT_reg[14]/CK (DFFRQX2M)                     0.00       0.00 r
  U_ALU/ALU_OUT_reg[14]/Q (DFFRQX2M)                      0.35       0.35 r
  U_ALU/ALU_OUT[14] (ALU)                                 0.00       0.35 r
  U_SYS_CTRL/ALU_OUT[14] (SYS_CTRL)                       0.00       0.35 r
  U_SYS_CTRL/U101/Y (AO22X1M)                             0.15       0.50 r
  U_SYS_CTRL/STORE_2ND_BYTE_OF_ALU_OUT_reg[6]/D (DFFRQX2M)
                                                          0.00       0.50 r
  data arrival time                                                  0.50

  clock REF_CLK (rise edge)                               0.00       0.00
  clock network delay (ideal)                             0.00       0.00
  clock uncertainty                                       0.10       0.10
  U_SYS_CTRL/STORE_2ND_BYTE_OF_ALU_OUT_reg[6]/CK (DFFRQX2M)
                                                          0.00       0.10 r
  library hold time                                      -0.17      -0.07
  data required time                                                -0.07
  --------------------------------------------------------------------------
  data required time                                                -0.07
  data arrival time                                                 -0.50
  --------------------------------------------------------------------------
  slack (MET)                                                        0.57


  Startpoint: U_ALU/ALU_OUT_reg[13]
              (rising edge-triggered flip-flop clocked by ALU_CLK)
  Endpoint: U_SYS_CTRL/STORE_2ND_BYTE_OF_ALU_OUT_reg[5]
            (rising edge-triggered flip-flop clocked by REF_CLK)
  Path Group: REF_CLK
  Path Type: min

  Point                                                   Incr       Path
  --------------------------------------------------------------------------
  clock ALU_CLK (rise edge)                               0.00       0.00
  clock network delay (ideal)                             0.00       0.00
  U_ALU/ALU_OUT_reg[13]/CK (DFFRQX2M)                     0.00       0.00 r
  U_ALU/ALU_OUT_reg[13]/Q (DFFRQX2M)                      0.35       0.35 r
  U_ALU/ALU_OUT[13] (ALU)                                 0.00       0.35 r
  U_SYS_CTRL/ALU_OUT[13] (SYS_CTRL)                       0.00       0.35 r
  U_SYS_CTRL/U100/Y (AO22X1M)                             0.15       0.50 r
  U_SYS_CTRL/STORE_2ND_BYTE_OF_ALU_OUT_reg[5]/D (DFFRQX2M)
                                                          0.00       0.50 r
  data arrival time                                                  0.50

  clock REF_CLK (rise edge)                               0.00       0.00
  clock network delay (ideal)                             0.00       0.00
  clock uncertainty                                       0.10       0.10
  U_SYS_CTRL/STORE_2ND_BYTE_OF_ALU_OUT_reg[5]/CK (DFFRQX2M)
                                                          0.00       0.10 r
  library hold time                                      -0.17      -0.07
  data required time                                                -0.07
  --------------------------------------------------------------------------
  data required time                                                -0.07
  data arrival time                                                 -0.50
  --------------------------------------------------------------------------
  slack (MET)                                                        0.57


  Startpoint: U_ALU/ALU_OUT_reg[12]
              (rising edge-triggered flip-flop clocked by ALU_CLK)
  Endpoint: U_SYS_CTRL/STORE_2ND_BYTE_OF_ALU_OUT_reg[4]
            (rising edge-triggered flip-flop clocked by REF_CLK)
  Path Group: REF_CLK
  Path Type: min

  Point                                                   Incr       Path
  --------------------------------------------------------------------------
  clock ALU_CLK (rise edge)                               0.00       0.00
  clock network delay (ideal)                             0.00       0.00
  U_ALU/ALU_OUT_reg[12]/CK (DFFRQX2M)                     0.00       0.00 r
  U_ALU/ALU_OUT_reg[12]/Q (DFFRQX2M)                      0.35       0.35 r
  U_ALU/ALU_OUT[12] (ALU)                                 0.00       0.35 r
  U_SYS_CTRL/ALU_OUT[12] (SYS_CTRL)                       0.00       0.35 r
  U_SYS_CTRL/U99/Y (AO22X1M)                              0.15       0.50 r
  U_SYS_CTRL/STORE_2ND_BYTE_OF_ALU_OUT_reg[4]/D (DFFRQX2M)
                                                          0.00       0.50 r
  data arrival time                                                  0.50

  clock REF_CLK (rise edge)                               0.00       0.00
  clock network delay (ideal)                             0.00       0.00
  clock uncertainty                                       0.10       0.10
  U_SYS_CTRL/STORE_2ND_BYTE_OF_ALU_OUT_reg[4]/CK (DFFRQX2M)
                                                          0.00       0.10 r
  library hold time                                      -0.17      -0.07
  data required time                                                -0.07
  --------------------------------------------------------------------------
  data required time                                                -0.07
  data arrival time                                                 -0.50
  --------------------------------------------------------------------------
  slack (MET)                                                        0.57


  Startpoint: U_ALU/ALU_OUT_reg[11]
              (rising edge-triggered flip-flop clocked by ALU_CLK)
  Endpoint: U_SYS_CTRL/STORE_2ND_BYTE_OF_ALU_OUT_reg[3]
            (rising edge-triggered flip-flop clocked by REF_CLK)
  Path Group: REF_CLK
  Path Type: min

  Point                                                   Incr       Path
  --------------------------------------------------------------------------
  clock ALU_CLK (rise edge)                               0.00       0.00
  clock network delay (ideal)                             0.00       0.00
  U_ALU/ALU_OUT_reg[11]/CK (DFFRQX2M)                     0.00       0.00 r
  U_ALU/ALU_OUT_reg[11]/Q (DFFRQX2M)                      0.35       0.35 r
  U_ALU/ALU_OUT[11] (ALU)                                 0.00       0.35 r
  U_SYS_CTRL/ALU_OUT[11] (SYS_CTRL)                       0.00       0.35 r
  U_SYS_CTRL/U98/Y (AO22X1M)                              0.15       0.50 r
  U_SYS_CTRL/STORE_2ND_BYTE_OF_ALU_OUT_reg[3]/D (DFFRQX2M)
                                                          0.00       0.50 r
  data arrival time                                                  0.50

  clock REF_CLK (rise edge)                               0.00       0.00
  clock network delay (ideal)                             0.00       0.00
  clock uncertainty                                       0.10       0.10
  U_SYS_CTRL/STORE_2ND_BYTE_OF_ALU_OUT_reg[3]/CK (DFFRQX2M)
                                                          0.00       0.10 r
  library hold time                                      -0.17      -0.07
  data required time                                                -0.07
  --------------------------------------------------------------------------
  data required time                                                -0.07
  data arrival time                                                 -0.50
  --------------------------------------------------------------------------
  slack (MET)                                                        0.57


  Startpoint: U_ALU/ALU_OUT_reg[10]
              (rising edge-triggered flip-flop clocked by ALU_CLK)
  Endpoint: U_SYS_CTRL/STORE_2ND_BYTE_OF_ALU_OUT_reg[2]
            (rising edge-triggered flip-flop clocked by REF_CLK)
  Path Group: REF_CLK
  Path Type: min

  Point                                                   Incr       Path
  --------------------------------------------------------------------------
  clock ALU_CLK (rise edge)                               0.00       0.00
  clock network delay (ideal)                             0.00       0.00
  U_ALU/ALU_OUT_reg[10]/CK (DFFRQX2M)                     0.00       0.00 r
  U_ALU/ALU_OUT_reg[10]/Q (DFFRQX2M)                      0.35       0.35 r
  U_ALU/ALU_OUT[10] (ALU)                                 0.00       0.35 r
  U_SYS_CTRL/ALU_OUT[10] (SYS_CTRL)                       0.00       0.35 r
  U_SYS_CTRL/U97/Y (AO22X1M)                              0.15       0.50 r
  U_SYS_CTRL/STORE_2ND_BYTE_OF_ALU_OUT_reg[2]/D (DFFRQX2M)
                                                          0.00       0.50 r
  data arrival time                                                  0.50

  clock REF_CLK (rise edge)                               0.00       0.00
  clock network delay (ideal)                             0.00       0.00
  clock uncertainty                                       0.10       0.10
  U_SYS_CTRL/STORE_2ND_BYTE_OF_ALU_OUT_reg[2]/CK (DFFRQX2M)
                                                          0.00       0.10 r
  library hold time                                      -0.17      -0.07
  data required time                                                -0.07
  --------------------------------------------------------------------------
  data required time                                                -0.07
  data arrival time                                                 -0.50
  --------------------------------------------------------------------------
  slack (MET)                                                        0.57


  Startpoint: U_ALU/ALU_OUT_reg[9]
              (rising edge-triggered flip-flop clocked by ALU_CLK)
  Endpoint: U_SYS_CTRL/STORE_2ND_BYTE_OF_ALU_OUT_reg[1]
            (rising edge-triggered flip-flop clocked by REF_CLK)
  Path Group: REF_CLK
  Path Type: min

  Point                                                   Incr       Path
  --------------------------------------------------------------------------
  clock ALU_CLK (rise edge)                               0.00       0.00
  clock network delay (ideal)                             0.00       0.00
  U_ALU/ALU_OUT_reg[9]/CK (DFFRQX2M)                      0.00       0.00 r
  U_ALU/ALU_OUT_reg[9]/Q (DFFRQX2M)                       0.35       0.35 r
  U_ALU/ALU_OUT[9] (ALU)                                  0.00       0.35 r
  U_SYS_CTRL/ALU_OUT[9] (SYS_CTRL)                        0.00       0.35 r
  U_SYS_CTRL/U96/Y (AO22X1M)                              0.15       0.50 r
  U_SYS_CTRL/STORE_2ND_BYTE_OF_ALU_OUT_reg[1]/D (DFFRQX2M)
                                                          0.00       0.50 r
  data arrival time                                                  0.50

  clock REF_CLK (rise edge)                               0.00       0.00
  clock network delay (ideal)                             0.00       0.00
  clock uncertainty                                       0.10       0.10
  U_SYS_CTRL/STORE_2ND_BYTE_OF_ALU_OUT_reg[1]/CK (DFFRQX2M)
                                                          0.00       0.10 r
  library hold time                                      -0.17      -0.07
  data required time                                                -0.07
  --------------------------------------------------------------------------
  data required time                                                -0.07
  data arrival time                                                 -0.50
  --------------------------------------------------------------------------
  slack (MET)                                                        0.57


  Startpoint: U_ALU/ALU_OUT_reg[8]
              (rising edge-triggered flip-flop clocked by ALU_CLK)
  Endpoint: U_SYS_CTRL/STORE_2ND_BYTE_OF_ALU_OUT_reg[0]
            (rising edge-triggered flip-flop clocked by REF_CLK)
  Path Group: REF_CLK
  Path Type: min

  Point                                                   Incr       Path
  --------------------------------------------------------------------------
  clock ALU_CLK (rise edge)                               0.00       0.00
  clock network delay (ideal)                             0.00       0.00
  U_ALU/ALU_OUT_reg[8]/CK (DFFRQX2M)                      0.00       0.00 r
  U_ALU/ALU_OUT_reg[8]/Q (DFFRQX2M)                       0.35       0.35 r
  U_ALU/ALU_OUT[8] (ALU)                                  0.00       0.35 r
  U_SYS_CTRL/ALU_OUT[8] (SYS_CTRL)                        0.00       0.35 r
  U_SYS_CTRL/U95/Y (AO22X1M)                              0.15       0.50 r
  U_SYS_CTRL/STORE_2ND_BYTE_OF_ALU_OUT_reg[0]/D (DFFRQX2M)
                                                          0.00       0.50 r
  data arrival time                                                  0.50

  clock REF_CLK (rise edge)                               0.00       0.00
  clock network delay (ideal)                             0.00       0.00
  clock uncertainty                                       0.10       0.10
  U_SYS_CTRL/STORE_2ND_BYTE_OF_ALU_OUT_reg[0]/CK (DFFRQX2M)
                                                          0.00       0.10 r
  library hold time                                      -0.17      -0.07
  data required time                                                -0.07
  --------------------------------------------------------------------------
  data required time                                                -0.07
  data arrival time                                                 -0.50
  --------------------------------------------------------------------------
  slack (MET)                                                        0.57


  Startpoint: U_FIFO/WRITE_MODULE/ADD_COUNTER_reg[3]
              (rising edge-triggered flip-flop clocked by REF_CLK)
  Endpoint: U_FIFO/WRITE_MODULE/GRAY_W_ADD_reg[2]
            (rising edge-triggered flip-flop clocked by REF_CLK)
  Path Group: REF_CLK
  Path Type: min

  Point                                                   Incr       Path
  --------------------------------------------------------------------------
  clock REF_CLK (rise edge)                               0.00       0.00
  clock network delay (ideal)                             0.00       0.00
  U_FIFO/WRITE_MODULE/ADD_COUNTER_reg[3]/CK (DFFRQX2M)
                                                          0.00       0.00 r
  U_FIFO/WRITE_MODULE/ADD_COUNTER_reg[3]/Q (DFFRQX2M)     0.42       0.42 r
  U_FIFO/WRITE_MODULE/U11/Y (CLKXOR2X2M)                  0.23       0.65 f
  U_FIFO/WRITE_MODULE/GRAY_W_ADD_reg[2]/D (DFFRQX2M)      0.00       0.65 f
  data arrival time                                                  0.65

  clock REF_CLK (rise edge)                               0.00       0.00
  clock network delay (ideal)                             0.00       0.00
  clock uncertainty                                       0.10       0.10
  U_FIFO/WRITE_MODULE/GRAY_W_ADD_reg[2]/CK (DFFRQX2M)     0.00       0.10 r
  library hold time                                      -0.02       0.08
  data required time                                                 0.08
  --------------------------------------------------------------------------
  data required time                                                 0.08
  data arrival time                                                 -0.65
  --------------------------------------------------------------------------
  slack (MET)                                                        0.57


  Startpoint: U_RegFile/regArr_reg[3][5]
              (rising edge-triggered flip-flop clocked by REF_CLK)
  Endpoint: U_RegFile/regArr_reg[3][5]
            (rising edge-triggered flip-flop clocked by REF_CLK)
  Path Group: REF_CLK
  Path Type: min

  Point                                                   Incr       Path
  --------------------------------------------------------------------------
  clock REF_CLK (rise edge)                               0.00       0.00
  clock network delay (ideal)                             0.00       0.00
  U_RegFile/regArr_reg[3][5]/CK (DFFSQX2M)                0.00       0.00 r
  U_RegFile/regArr_reg[3][5]/Q (DFFSQX2M)                 0.47       0.47 r
  U_RegFile/U188/Y (OAI2BB2X1M)                           0.16       0.63 r
  U_RegFile/regArr_reg[3][5]/D (DFFSQX2M)                 0.00       0.63 r
  data arrival time                                                  0.63

  clock REF_CLK (rise edge)                               0.00       0.00
  clock network delay (ideal)                             0.00       0.00
  clock uncertainty                                       0.10       0.10
  U_RegFile/regArr_reg[3][5]/CK (DFFSQX2M)                0.00       0.10 r
  library hold time                                      -0.05       0.05
  data required time                                                 0.05
  --------------------------------------------------------------------------
  data required time                                                 0.05
  data arrival time                                                 -0.63
  --------------------------------------------------------------------------
  slack (MET)                                                        0.58


  Startpoint: U_RegFile/regArr_reg[2][0]
              (rising edge-triggered flip-flop clocked by REF_CLK)
  Endpoint: U_RegFile/regArr_reg[2][0]
            (rising edge-triggered flip-flop clocked by REF_CLK)
  Path Group: REF_CLK
  Path Type: min

  Point                                                   Incr       Path
  --------------------------------------------------------------------------
  clock REF_CLK (rise edge)                               0.00       0.00
  clock network delay (ideal)                             0.00       0.00
  U_RegFile/regArr_reg[2][0]/CK (DFFSQX2M)                0.00       0.00 r
  U_RegFile/regArr_reg[2][0]/Q (DFFSQX2M)                 0.48       0.48 r
  U_RegFile/U186/Y (OAI2BB2X1M)                           0.16       0.64 r
  U_RegFile/regArr_reg[2][0]/D (DFFSQX2M)                 0.00       0.64 r
  data arrival time                                                  0.64

  clock REF_CLK (rise edge)                               0.00       0.00
  clock network delay (ideal)                             0.00       0.00
  clock uncertainty                                       0.10       0.10
  U_RegFile/regArr_reg[2][0]/CK (DFFSQX2M)                0.00       0.10 r
  library hold time                                      -0.05       0.05
  data required time                                                 0.05
  --------------------------------------------------------------------------
  data required time                                                 0.05
  data arrival time                                                 -0.64
  --------------------------------------------------------------------------
  slack (MET)                                                        0.59


  Startpoint: U_RegFile/RdData_VLD_reg
              (rising edge-triggered flip-flop clocked by REF_CLK)
  Endpoint: U_RegFile/RdData_VLD_reg
            (rising edge-triggered flip-flop clocked by REF_CLK)
  Path Group: REF_CLK
  Path Type: min

  Point                                                   Incr       Path
  --------------------------------------------------------------------------
  clock REF_CLK (rise edge)                               0.00       0.00
  clock network delay (ideal)                             0.00       0.00
  U_RegFile/RdData_VLD_reg/CK (DFFRQX2M)                  0.00       0.00 r
  U_RegFile/RdData_VLD_reg/Q (DFFRQX2M)                   0.50       0.50 f
  U_RegFile/U238/Y (OAI2BB1X2M)                           0.18       0.68 f
  U_RegFile/RdData_VLD_reg/D (DFFRQX2M)                   0.00       0.68 f
  data arrival time                                                  0.68

  clock REF_CLK (rise edge)                               0.00       0.00
  clock network delay (ideal)                             0.00       0.00
  clock uncertainty                                       0.10       0.10
  U_RegFile/RdData_VLD_reg/CK (DFFRQX2M)                  0.00       0.10 r
  library hold time                                      -0.02       0.08
  data required time                                                 0.08
  --------------------------------------------------------------------------
  data required time                                                 0.08
  data arrival time                                                 -0.68
  --------------------------------------------------------------------------
  slack (MET)                                                        0.59


  Startpoint: U_ALU/OUT_VALID_reg
              (rising edge-triggered flip-flop clocked by ALU_CLK)
  Endpoint: U_SYS_CTRL/current_state_reg[1]
            (rising edge-triggered flip-flop clocked by REF_CLK)
  Path Group: REF_CLK
  Path Type: min

  Point                                                   Incr       Path
  --------------------------------------------------------------------------
  clock ALU_CLK (rise edge)                               0.00       0.00
  clock network delay (ideal)                             0.00       0.00
  U_ALU/OUT_VALID_reg/CK (DFFRQX2M)                       0.00       0.00 r
  U_ALU/OUT_VALID_reg/Q (DFFRQX2M)                        0.38       0.38 r
  U_ALU/OUT_VALID (ALU)                                   0.00       0.38 r
  U_SYS_CTRL/ALU_OUT_VALID (SYS_CTRL)                     0.00       0.38 r
  U_SYS_CTRL/U92/Y (AOI21X2M)                             0.07       0.44 f
  U_SYS_CTRL/U91/Y (NAND4BX1M)                            0.08       0.53 r
  U_SYS_CTRL/current_state_reg[1]/D (DFFRQX2M)            0.00       0.53 r
  data arrival time                                                  0.53

  clock REF_CLK (rise edge)                               0.00       0.00
  clock network delay (ideal)                             0.00       0.00
  clock uncertainty                                       0.10       0.10
  U_SYS_CTRL/current_state_reg[1]/CK (DFFRQX2M)           0.00       0.10 r
  library hold time                                      -0.17      -0.07
  data required time                                                -0.07
  --------------------------------------------------------------------------
  data required time                                                -0.07
  data arrival time                                                 -0.53
  --------------------------------------------------------------------------
  slack (MET)                                                        0.60


  Startpoint: U_FIFO/MEMORY_MODULE/MEMORY_reg[6][7]
              (rising edge-triggered flip-flop clocked by REF_CLK)
  Endpoint: U_FIFO/MEMORY_MODULE/MEMORY_reg[6][7]
            (rising edge-triggered flip-flop clocked by REF_CLK)
  Path Group: REF_CLK
  Path Type: min

  Point                                                   Incr       Path
  --------------------------------------------------------------------------
  clock REF_CLK (rise edge)                               0.00       0.00
  clock network delay (ideal)                             0.00       0.00
  U_FIFO/MEMORY_MODULE/MEMORY_reg[6][7]/CK (DFFRQX2M)     0.00       0.00 r
  U_FIFO/MEMORY_MODULE/MEMORY_reg[6][7]/Q (DFFRQX2M)      0.38       0.38 r
  U_FIFO/MEMORY_MODULE/U86/Y (OAI2BB2X1M)                 0.15       0.53 r
  U_FIFO/MEMORY_MODULE/MEMORY_reg[6][7]/D (DFFRQX2M)      0.00       0.53 r
  data arrival time                                                  0.53

  clock REF_CLK (rise edge)                               0.00       0.00
  clock network delay (ideal)                             0.00       0.00
  clock uncertainty                                       0.10       0.10
  U_FIFO/MEMORY_MODULE/MEMORY_reg[6][7]/CK (DFFRQX2M)     0.00       0.10 r
  library hold time                                      -0.17      -0.07
  data required time                                                -0.07
  --------------------------------------------------------------------------
  data required time                                                -0.07
  data arrival time                                                 -0.53
  --------------------------------------------------------------------------
  slack (MET)                                                        0.60


  Startpoint: U_FIFO/MEMORY_MODULE/MEMORY_reg[6][6]
              (rising edge-triggered flip-flop clocked by REF_CLK)
  Endpoint: U_FIFO/MEMORY_MODULE/MEMORY_reg[6][6]
            (rising edge-triggered flip-flop clocked by REF_CLK)
  Path Group: REF_CLK
  Path Type: min

  Point                                                   Incr       Path
  --------------------------------------------------------------------------
  clock REF_CLK (rise edge)                               0.00       0.00
  clock network delay (ideal)                             0.00       0.00
  U_FIFO/MEMORY_MODULE/MEMORY_reg[6][6]/CK (DFFRQX2M)     0.00       0.00 r
  U_FIFO/MEMORY_MODULE/MEMORY_reg[6][6]/Q (DFFRQX2M)      0.38       0.38 r
  U_FIFO/MEMORY_MODULE/U85/Y (OAI2BB2X1M)                 0.15       0.53 r
  U_FIFO/MEMORY_MODULE/MEMORY_reg[6][6]/D (DFFRQX2M)      0.00       0.53 r
  data arrival time                                                  0.53

  clock REF_CLK (rise edge)                               0.00       0.00
  clock network delay (ideal)                             0.00       0.00
  clock uncertainty                                       0.10       0.10
  U_FIFO/MEMORY_MODULE/MEMORY_reg[6][6]/CK (DFFRQX2M)     0.00       0.10 r
  library hold time                                      -0.17      -0.07
  data required time                                                -0.07
  --------------------------------------------------------------------------
  data required time                                                -0.07
  data arrival time                                                 -0.53
  --------------------------------------------------------------------------
  slack (MET)                                                        0.60


  Startpoint: U_FIFO/MEMORY_MODULE/MEMORY_reg[6][5]
              (rising edge-triggered flip-flop clocked by REF_CLK)
  Endpoint: U_FIFO/MEMORY_MODULE/MEMORY_reg[6][5]
            (rising edge-triggered flip-flop clocked by REF_CLK)
  Path Group: REF_CLK
  Path Type: min

  Point                                                   Incr       Path
  --------------------------------------------------------------------------
  clock REF_CLK (rise edge)                               0.00       0.00
  clock network delay (ideal)                             0.00       0.00
  U_FIFO/MEMORY_MODULE/MEMORY_reg[6][5]/CK (DFFRQX2M)     0.00       0.00 r
  U_FIFO/MEMORY_MODULE/MEMORY_reg[6][5]/Q (DFFRQX2M)      0.38       0.38 r
  U_FIFO/MEMORY_MODULE/U84/Y (OAI2BB2X1M)                 0.15       0.53 r
  U_FIFO/MEMORY_MODULE/MEMORY_reg[6][5]/D (DFFRQX2M)      0.00       0.53 r
  data arrival time                                                  0.53

  clock REF_CLK (rise edge)                               0.00       0.00
  clock network delay (ideal)                             0.00       0.00
  clock uncertainty                                       0.10       0.10
  U_FIFO/MEMORY_MODULE/MEMORY_reg[6][5]/CK (DFFRQX2M)     0.00       0.10 r
  library hold time                                      -0.17      -0.07
  data required time                                                -0.07
  --------------------------------------------------------------------------
  data required time                                                -0.07
  data arrival time                                                 -0.53
  --------------------------------------------------------------------------
  slack (MET)                                                        0.60


  Startpoint: U_FIFO/MEMORY_MODULE/MEMORY_reg[6][4]
              (rising edge-triggered flip-flop clocked by REF_CLK)
  Endpoint: U_FIFO/MEMORY_MODULE/MEMORY_reg[6][4]
            (rising edge-triggered flip-flop clocked by REF_CLK)
  Path Group: REF_CLK
  Path Type: min

  Point                                                   Incr       Path
  --------------------------------------------------------------------------
  clock REF_CLK (rise edge)                               0.00       0.00
  clock network delay (ideal)                             0.00       0.00
  U_FIFO/MEMORY_MODULE/MEMORY_reg[6][4]/CK (DFFRQX2M)     0.00       0.00 r
  U_FIFO/MEMORY_MODULE/MEMORY_reg[6][4]/Q (DFFRQX2M)      0.38       0.38 r
  U_FIFO/MEMORY_MODULE/U83/Y (OAI2BB2X1M)                 0.15       0.53 r
  U_FIFO/MEMORY_MODULE/MEMORY_reg[6][4]/D (DFFRQX2M)      0.00       0.53 r
  data arrival time                                                  0.53

  clock REF_CLK (rise edge)                               0.00       0.00
  clock network delay (ideal)                             0.00       0.00
  clock uncertainty                                       0.10       0.10
  U_FIFO/MEMORY_MODULE/MEMORY_reg[6][4]/CK (DFFRQX2M)     0.00       0.10 r
  library hold time                                      -0.17      -0.07
  data required time                                                -0.07
  --------------------------------------------------------------------------
  data required time                                                -0.07
  data arrival time                                                 -0.53
  --------------------------------------------------------------------------
  slack (MET)                                                        0.60


  Startpoint: U_FIFO/MEMORY_MODULE/MEMORY_reg[6][3]
              (rising edge-triggered flip-flop clocked by REF_CLK)
  Endpoint: U_FIFO/MEMORY_MODULE/MEMORY_reg[6][3]
            (rising edge-triggered flip-flop clocked by REF_CLK)
  Path Group: REF_CLK
  Path Type: min

  Point                                                   Incr       Path
  --------------------------------------------------------------------------
  clock REF_CLK (rise edge)                               0.00       0.00
  clock network delay (ideal)                             0.00       0.00
  U_FIFO/MEMORY_MODULE/MEMORY_reg[6][3]/CK (DFFRQX2M)     0.00       0.00 r
  U_FIFO/MEMORY_MODULE/MEMORY_reg[6][3]/Q (DFFRQX2M)      0.38       0.38 r
  U_FIFO/MEMORY_MODULE/U82/Y (OAI2BB2X1M)                 0.15       0.53 r
  U_FIFO/MEMORY_MODULE/MEMORY_reg[6][3]/D (DFFRQX2M)      0.00       0.53 r
  data arrival time                                                  0.53

  clock REF_CLK (rise edge)                               0.00       0.00
  clock network delay (ideal)                             0.00       0.00
  clock uncertainty                                       0.10       0.10
  U_FIFO/MEMORY_MODULE/MEMORY_reg[6][3]/CK (DFFRQX2M)     0.00       0.10 r
  library hold time                                      -0.17      -0.07
  data required time                                                -0.07
  --------------------------------------------------------------------------
  data required time                                                -0.07
  data arrival time                                                 -0.53
  --------------------------------------------------------------------------
  slack (MET)                                                        0.60


  Startpoint: U_FIFO/MEMORY_MODULE/MEMORY_reg[6][2]
              (rising edge-triggered flip-flop clocked by REF_CLK)
  Endpoint: U_FIFO/MEMORY_MODULE/MEMORY_reg[6][2]
            (rising edge-triggered flip-flop clocked by REF_CLK)
  Path Group: REF_CLK
  Path Type: min

  Point                                                   Incr       Path
  --------------------------------------------------------------------------
  clock REF_CLK (rise edge)                               0.00       0.00
  clock network delay (ideal)                             0.00       0.00
  U_FIFO/MEMORY_MODULE/MEMORY_reg[6][2]/CK (DFFRQX2M)     0.00       0.00 r
  U_FIFO/MEMORY_MODULE/MEMORY_reg[6][2]/Q (DFFRQX2M)      0.38       0.38 r
  U_FIFO/MEMORY_MODULE/U81/Y (OAI2BB2X1M)                 0.15       0.53 r
  U_FIFO/MEMORY_MODULE/MEMORY_reg[6][2]/D (DFFRQX2M)      0.00       0.53 r
  data arrival time                                                  0.53

  clock REF_CLK (rise edge)                               0.00       0.00
  clock network delay (ideal)                             0.00       0.00
  clock uncertainty                                       0.10       0.10
  U_FIFO/MEMORY_MODULE/MEMORY_reg[6][2]/CK (DFFRQX2M)     0.00       0.10 r
  library hold time                                      -0.17      -0.07
  data required time                                                -0.07
  --------------------------------------------------------------------------
  data required time                                                -0.07
  data arrival time                                                 -0.53
  --------------------------------------------------------------------------
  slack (MET)                                                        0.60


  Startpoint: U_FIFO/MEMORY_MODULE/MEMORY_reg[6][1]
              (rising edge-triggered flip-flop clocked by REF_CLK)
  Endpoint: U_FIFO/MEMORY_MODULE/MEMORY_reg[6][1]
            (rising edge-triggered flip-flop clocked by REF_CLK)
  Path Group: REF_CLK
  Path Type: min

  Point                                                   Incr       Path
  --------------------------------------------------------------------------
  clock REF_CLK (rise edge)                               0.00       0.00
  clock network delay (ideal)                             0.00       0.00
  U_FIFO/MEMORY_MODULE/MEMORY_reg[6][1]/CK (DFFRQX2M)     0.00       0.00 r
  U_FIFO/MEMORY_MODULE/MEMORY_reg[6][1]/Q (DFFRQX2M)      0.38       0.38 r
  U_FIFO/MEMORY_MODULE/U80/Y (OAI2BB2X1M)                 0.15       0.53 r
  U_FIFO/MEMORY_MODULE/MEMORY_reg[6][1]/D (DFFRQX2M)      0.00       0.53 r
  data arrival time                                                  0.53

  clock REF_CLK (rise edge)                               0.00       0.00
  clock network delay (ideal)                             0.00       0.00
  clock uncertainty                                       0.10       0.10
  U_FIFO/MEMORY_MODULE/MEMORY_reg[6][1]/CK (DFFRQX2M)     0.00       0.10 r
  library hold time                                      -0.17      -0.07
  data required time                                                -0.07
  --------------------------------------------------------------------------
  data required time                                                -0.07
  data arrival time                                                 -0.53
  --------------------------------------------------------------------------
  slack (MET)                                                        0.60


  Startpoint: U_FIFO/MEMORY_MODULE/MEMORY_reg[6][0]
              (rising edge-triggered flip-flop clocked by REF_CLK)
  Endpoint: U_FIFO/MEMORY_MODULE/MEMORY_reg[6][0]
            (rising edge-triggered flip-flop clocked by REF_CLK)
  Path Group: REF_CLK
  Path Type: min

  Point                                                   Incr       Path
  --------------------------------------------------------------------------
  clock REF_CLK (rise edge)                               0.00       0.00
  clock network delay (ideal)                             0.00       0.00
  U_FIFO/MEMORY_MODULE/MEMORY_reg[6][0]/CK (DFFRQX2M)     0.00       0.00 r
  U_FIFO/MEMORY_MODULE/MEMORY_reg[6][0]/Q (DFFRQX2M)      0.38       0.38 r
  U_FIFO/MEMORY_MODULE/U79/Y (OAI2BB2X1M)                 0.15       0.53 r
  U_FIFO/MEMORY_MODULE/MEMORY_reg[6][0]/D (DFFRQX2M)      0.00       0.53 r
  data arrival time                                                  0.53

  clock REF_CLK (rise edge)                               0.00       0.00
  clock network delay (ideal)                             0.00       0.00
  clock uncertainty                                       0.10       0.10
  U_FIFO/MEMORY_MODULE/MEMORY_reg[6][0]/CK (DFFRQX2M)     0.00       0.10 r
  library hold time                                      -0.17      -0.07
  data required time                                                -0.07
  --------------------------------------------------------------------------
  data required time                                                -0.07
  data arrival time                                                 -0.53
  --------------------------------------------------------------------------
  slack (MET)                                                        0.60


  Startpoint: U_FIFO/MEMORY_MODULE/MEMORY_reg[2][7]
              (rising edge-triggered flip-flop clocked by REF_CLK)
  Endpoint: U_FIFO/MEMORY_MODULE/MEMORY_reg[2][7]
            (rising edge-triggered flip-flop clocked by REF_CLK)
  Path Group: REF_CLK
  Path Type: min

  Point                                                   Incr       Path
  --------------------------------------------------------------------------
  clock REF_CLK (rise edge)                               0.00       0.00
  clock network delay (ideal)                             0.00       0.00
  U_FIFO/MEMORY_MODULE/MEMORY_reg[2][7]/CK (DFFRQX2M)     0.00       0.00 r
  U_FIFO/MEMORY_MODULE/MEMORY_reg[2][7]/Q (DFFRQX2M)      0.38       0.38 r
  U_FIFO/MEMORY_MODULE/U50/Y (OAI2BB2X1M)                 0.15       0.53 r
  U_FIFO/MEMORY_MODULE/MEMORY_reg[2][7]/D (DFFRQX2M)      0.00       0.53 r
  data arrival time                                                  0.53

  clock REF_CLK (rise edge)                               0.00       0.00
  clock network delay (ideal)                             0.00       0.00
  clock uncertainty                                       0.10       0.10
  U_FIFO/MEMORY_MODULE/MEMORY_reg[2][7]/CK (DFFRQX2M)     0.00       0.10 r
  library hold time                                      -0.17      -0.07
  data required time                                                -0.07
  --------------------------------------------------------------------------
  data required time                                                -0.07
  data arrival time                                                 -0.53
  --------------------------------------------------------------------------
  slack (MET)                                                        0.60


  Startpoint: U_FIFO/MEMORY_MODULE/MEMORY_reg[2][6]
              (rising edge-triggered flip-flop clocked by REF_CLK)
  Endpoint: U_FIFO/MEMORY_MODULE/MEMORY_reg[2][6]
            (rising edge-triggered flip-flop clocked by REF_CLK)
  Path Group: REF_CLK
  Path Type: min

  Point                                                   Incr       Path
  --------------------------------------------------------------------------
  clock REF_CLK (rise edge)                               0.00       0.00
  clock network delay (ideal)                             0.00       0.00
  U_FIFO/MEMORY_MODULE/MEMORY_reg[2][6]/CK (DFFRQX2M)     0.00       0.00 r
  U_FIFO/MEMORY_MODULE/MEMORY_reg[2][6]/Q (DFFRQX2M)      0.38       0.38 r
  U_FIFO/MEMORY_MODULE/U49/Y (OAI2BB2X1M)                 0.15       0.53 r
  U_FIFO/MEMORY_MODULE/MEMORY_reg[2][6]/D (DFFRQX2M)      0.00       0.53 r
  data arrival time                                                  0.53

  clock REF_CLK (rise edge)                               0.00       0.00
  clock network delay (ideal)                             0.00       0.00
  clock uncertainty                                       0.10       0.10
  U_FIFO/MEMORY_MODULE/MEMORY_reg[2][6]/CK (DFFRQX2M)     0.00       0.10 r
  library hold time                                      -0.17      -0.07
  data required time                                                -0.07
  --------------------------------------------------------------------------
  data required time                                                -0.07
  data arrival time                                                 -0.53
  --------------------------------------------------------------------------
  slack (MET)                                                        0.60


  Startpoint: U_FIFO/MEMORY_MODULE/MEMORY_reg[2][5]
              (rising edge-triggered flip-flop clocked by REF_CLK)
  Endpoint: U_FIFO/MEMORY_MODULE/MEMORY_reg[2][5]
            (rising edge-triggered flip-flop clocked by REF_CLK)
  Path Group: REF_CLK
  Path Type: min

  Point                                                   Incr       Path
  --------------------------------------------------------------------------
  clock REF_CLK (rise edge)                               0.00       0.00
  clock network delay (ideal)                             0.00       0.00
  U_FIFO/MEMORY_MODULE/MEMORY_reg[2][5]/CK (DFFRQX2M)     0.00       0.00 r
  U_FIFO/MEMORY_MODULE/MEMORY_reg[2][5]/Q (DFFRQX2M)      0.38       0.38 r
  U_FIFO/MEMORY_MODULE/U48/Y (OAI2BB2X1M)                 0.15       0.53 r
  U_FIFO/MEMORY_MODULE/MEMORY_reg[2][5]/D (DFFRQX2M)      0.00       0.53 r
  data arrival time                                                  0.53

  clock REF_CLK (rise edge)                               0.00       0.00
  clock network delay (ideal)                             0.00       0.00
  clock uncertainty                                       0.10       0.10
  U_FIFO/MEMORY_MODULE/MEMORY_reg[2][5]/CK (DFFRQX2M)     0.00       0.10 r
  library hold time                                      -0.17      -0.07
  data required time                                                -0.07
  --------------------------------------------------------------------------
  data required time                                                -0.07
  data arrival time                                                 -0.53
  --------------------------------------------------------------------------
  slack (MET)                                                        0.60


  Startpoint: U_FIFO/MEMORY_MODULE/MEMORY_reg[2][4]
              (rising edge-triggered flip-flop clocked by REF_CLK)
  Endpoint: U_FIFO/MEMORY_MODULE/MEMORY_reg[2][4]
            (rising edge-triggered flip-flop clocked by REF_CLK)
  Path Group: REF_CLK
  Path Type: min

  Point                                                   Incr       Path
  --------------------------------------------------------------------------
  clock REF_CLK (rise edge)                               0.00       0.00
  clock network delay (ideal)                             0.00       0.00
  U_FIFO/MEMORY_MODULE/MEMORY_reg[2][4]/CK (DFFRQX2M)     0.00       0.00 r
  U_FIFO/MEMORY_MODULE/MEMORY_reg[2][4]/Q (DFFRQX2M)      0.38       0.38 r
  U_FIFO/MEMORY_MODULE/U47/Y (OAI2BB2X1M)                 0.15       0.53 r
  U_FIFO/MEMORY_MODULE/MEMORY_reg[2][4]/D (DFFRQX2M)      0.00       0.53 r
  data arrival time                                                  0.53

  clock REF_CLK (rise edge)                               0.00       0.00
  clock network delay (ideal)                             0.00       0.00
  clock uncertainty                                       0.10       0.10
  U_FIFO/MEMORY_MODULE/MEMORY_reg[2][4]/CK (DFFRQX2M)     0.00       0.10 r
  library hold time                                      -0.17      -0.07
  data required time                                                -0.07
  --------------------------------------------------------------------------
  data required time                                                -0.07
  data arrival time                                                 -0.53
  --------------------------------------------------------------------------
  slack (MET)                                                        0.60


  Startpoint: U_FIFO/MEMORY_MODULE/MEMORY_reg[2][3]
              (rising edge-triggered flip-flop clocked by REF_CLK)
  Endpoint: U_FIFO/MEMORY_MODULE/MEMORY_reg[2][3]
            (rising edge-triggered flip-flop clocked by REF_CLK)
  Path Group: REF_CLK
  Path Type: min

  Point                                                   Incr       Path
  --------------------------------------------------------------------------
  clock REF_CLK (rise edge)                               0.00       0.00
  clock network delay (ideal)                             0.00       0.00
  U_FIFO/MEMORY_MODULE/MEMORY_reg[2][3]/CK (DFFRQX2M)     0.00       0.00 r
  U_FIFO/MEMORY_MODULE/MEMORY_reg[2][3]/Q (DFFRQX2M)      0.38       0.38 r
  U_FIFO/MEMORY_MODULE/U46/Y (OAI2BB2X1M)                 0.15       0.53 r
  U_FIFO/MEMORY_MODULE/MEMORY_reg[2][3]/D (DFFRQX2M)      0.00       0.53 r
  data arrival time                                                  0.53

  clock REF_CLK (rise edge)                               0.00       0.00
  clock network delay (ideal)                             0.00       0.00
  clock uncertainty                                       0.10       0.10
  U_FIFO/MEMORY_MODULE/MEMORY_reg[2][3]/CK (DFFRQX2M)     0.00       0.10 r
  library hold time                                      -0.17      -0.07
  data required time                                                -0.07
  --------------------------------------------------------------------------
  data required time                                                -0.07
  data arrival time                                                 -0.53
  --------------------------------------------------------------------------
  slack (MET)                                                        0.60


  Startpoint: U_FIFO/MEMORY_MODULE/MEMORY_reg[2][2]
              (rising edge-triggered flip-flop clocked by REF_CLK)
  Endpoint: U_FIFO/MEMORY_MODULE/MEMORY_reg[2][2]
            (rising edge-triggered flip-flop clocked by REF_CLK)
  Path Group: REF_CLK
  Path Type: min

  Point                                                   Incr       Path
  --------------------------------------------------------------------------
  clock REF_CLK (rise edge)                               0.00       0.00
  clock network delay (ideal)                             0.00       0.00
  U_FIFO/MEMORY_MODULE/MEMORY_reg[2][2]/CK (DFFRQX2M)     0.00       0.00 r
  U_FIFO/MEMORY_MODULE/MEMORY_reg[2][2]/Q (DFFRQX2M)      0.38       0.38 r
  U_FIFO/MEMORY_MODULE/U45/Y (OAI2BB2X1M)                 0.15       0.53 r
  U_FIFO/MEMORY_MODULE/MEMORY_reg[2][2]/D (DFFRQX2M)      0.00       0.53 r
  data arrival time                                                  0.53

  clock REF_CLK (rise edge)                               0.00       0.00
  clock network delay (ideal)                             0.00       0.00
  clock uncertainty                                       0.10       0.10
  U_FIFO/MEMORY_MODULE/MEMORY_reg[2][2]/CK (DFFRQX2M)     0.00       0.10 r
  library hold time                                      -0.17      -0.07
  data required time                                                -0.07
  --------------------------------------------------------------------------
  data required time                                                -0.07
  data arrival time                                                 -0.53
  --------------------------------------------------------------------------
  slack (MET)                                                        0.60


  Startpoint: U_FIFO/MEMORY_MODULE/MEMORY_reg[2][1]
              (rising edge-triggered flip-flop clocked by REF_CLK)
  Endpoint: U_FIFO/MEMORY_MODULE/MEMORY_reg[2][1]
            (rising edge-triggered flip-flop clocked by REF_CLK)
  Path Group: REF_CLK
  Path Type: min

  Point                                                   Incr       Path
  --------------------------------------------------------------------------
  clock REF_CLK (rise edge)                               0.00       0.00
  clock network delay (ideal)                             0.00       0.00
  U_FIFO/MEMORY_MODULE/MEMORY_reg[2][1]/CK (DFFRQX2M)     0.00       0.00 r
  U_FIFO/MEMORY_MODULE/MEMORY_reg[2][1]/Q (DFFRQX2M)      0.38       0.38 r
  U_FIFO/MEMORY_MODULE/U44/Y (OAI2BB2X1M)                 0.15       0.53 r
  U_FIFO/MEMORY_MODULE/MEMORY_reg[2][1]/D (DFFRQX2M)      0.00       0.53 r
  data arrival time                                                  0.53

  clock REF_CLK (rise edge)                               0.00       0.00
  clock network delay (ideal)                             0.00       0.00
  clock uncertainty                                       0.10       0.10
  U_FIFO/MEMORY_MODULE/MEMORY_reg[2][1]/CK (DFFRQX2M)     0.00       0.10 r
  library hold time                                      -0.17      -0.07
  data required time                                                -0.07
  --------------------------------------------------------------------------
  data required time                                                -0.07
  data arrival time                                                 -0.53
  --------------------------------------------------------------------------
  slack (MET)                                                        0.60


  Startpoint: U_FIFO/MEMORY_MODULE/MEMORY_reg[2][0]
              (rising edge-triggered flip-flop clocked by REF_CLK)
  Endpoint: U_FIFO/MEMORY_MODULE/MEMORY_reg[2][0]
            (rising edge-triggered flip-flop clocked by REF_CLK)
  Path Group: REF_CLK
  Path Type: min

  Point                                                   Incr       Path
  --------------------------------------------------------------------------
  clock REF_CLK (rise edge)                               0.00       0.00
  clock network delay (ideal)                             0.00       0.00
  U_FIFO/MEMORY_MODULE/MEMORY_reg[2][0]/CK (DFFRQX2M)     0.00       0.00 r
  U_FIFO/MEMORY_MODULE/MEMORY_reg[2][0]/Q (DFFRQX2M)      0.38       0.38 r
  U_FIFO/MEMORY_MODULE/U43/Y (OAI2BB2X1M)                 0.15       0.53 r
  U_FIFO/MEMORY_MODULE/MEMORY_reg[2][0]/D (DFFRQX2M)      0.00       0.53 r
  data arrival time                                                  0.53

  clock REF_CLK (rise edge)                               0.00       0.00
  clock network delay (ideal)                             0.00       0.00
  clock uncertainty                                       0.10       0.10
  U_FIFO/MEMORY_MODULE/MEMORY_reg[2][0]/CK (DFFRQX2M)     0.00       0.10 r
  library hold time                                      -0.17      -0.07
  data required time                                                -0.07
  --------------------------------------------------------------------------
  data required time                                                -0.07
  data arrival time                                                 -0.53
  --------------------------------------------------------------------------
  slack (MET)                                                        0.60


  Startpoint: U_RegFile/regArr_reg[14][7]
              (rising edge-triggered flip-flop clocked by REF_CLK)
  Endpoint: U_RegFile/regArr_reg[14][7]
            (rising edge-triggered flip-flop clocked by REF_CLK)
  Path Group: REF_CLK
  Path Type: min

  Point                                                   Incr       Path
  --------------------------------------------------------------------------
  clock REF_CLK (rise edge)                               0.00       0.00
  clock network delay (ideal)                             0.00       0.00
  U_RegFile/regArr_reg[14][7]/CK (DFFRQX2M)               0.00       0.00 r
  U_RegFile/regArr_reg[14][7]/Q (DFFRQX2M)                0.38       0.38 r
  U_RegFile/U164/Y (OAI2BB2X1M)                           0.15       0.53 r
  U_RegFile/regArr_reg[14][7]/D (DFFRQX2M)                0.00       0.53 r
  data arrival time                                                  0.53

  clock REF_CLK (rise edge)                               0.00       0.00
  clock network delay (ideal)                             0.00       0.00
  clock uncertainty                                       0.10       0.10
  U_RegFile/regArr_reg[14][7]/CK (DFFRQX2M)               0.00       0.10 r
  library hold time                                      -0.17      -0.07
  data required time                                                -0.07
  --------------------------------------------------------------------------
  data required time                                                -0.07
  data arrival time                                                 -0.53
  --------------------------------------------------------------------------
  slack (MET)                                                        0.60


  Startpoint: U_RegFile/regArr_reg[14][6]
              (rising edge-triggered flip-flop clocked by REF_CLK)
  Endpoint: U_RegFile/regArr_reg[14][6]
            (rising edge-triggered flip-flop clocked by REF_CLK)
  Path Group: REF_CLK
  Path Type: min

  Point                                                   Incr       Path
  --------------------------------------------------------------------------
  clock REF_CLK (rise edge)                               0.00       0.00
  clock network delay (ideal)                             0.00       0.00
  U_RegFile/regArr_reg[14][6]/CK (DFFRQX2M)               0.00       0.00 r
  U_RegFile/regArr_reg[14][6]/Q (DFFRQX2M)                0.38       0.38 r
  U_RegFile/U163/Y (OAI2BB2X1M)                           0.15       0.53 r
  U_RegFile/regArr_reg[14][6]/D (DFFRQX2M)                0.00       0.53 r
  data arrival time                                                  0.53

  clock REF_CLK (rise edge)                               0.00       0.00
  clock network delay (ideal)                             0.00       0.00
  clock uncertainty                                       0.10       0.10
  U_RegFile/regArr_reg[14][6]/CK (DFFRQX2M)               0.00       0.10 r
  library hold time                                      -0.17      -0.07
  data required time                                                -0.07
  --------------------------------------------------------------------------
  data required time                                                -0.07
  data arrival time                                                 -0.53
  --------------------------------------------------------------------------
  slack (MET)                                                        0.60


  Startpoint: U_RegFile/regArr_reg[14][5]
              (rising edge-triggered flip-flop clocked by REF_CLK)
  Endpoint: U_RegFile/regArr_reg[14][5]
            (rising edge-triggered flip-flop clocked by REF_CLK)
  Path Group: REF_CLK
  Path Type: min

  Point                                                   Incr       Path
  --------------------------------------------------------------------------
  clock REF_CLK (rise edge)                               0.00       0.00
  clock network delay (ideal)                             0.00       0.00
  U_RegFile/regArr_reg[14][5]/CK (DFFRQX2M)               0.00       0.00 r
  U_RegFile/regArr_reg[14][5]/Q (DFFRQX2M)                0.38       0.38 r
  U_RegFile/U162/Y (OAI2BB2X1M)                           0.15       0.53 r
  U_RegFile/regArr_reg[14][5]/D (DFFRQX2M)                0.00       0.53 r
  data arrival time                                                  0.53

  clock REF_CLK (rise edge)                               0.00       0.00
  clock network delay (ideal)                             0.00       0.00
  clock uncertainty                                       0.10       0.10
  U_RegFile/regArr_reg[14][5]/CK (DFFRQX2M)               0.00       0.10 r
  library hold time                                      -0.17      -0.07
  data required time                                                -0.07
  --------------------------------------------------------------------------
  data required time                                                -0.07
  data arrival time                                                 -0.53
  --------------------------------------------------------------------------
  slack (MET)                                                        0.60


  Startpoint: U_RegFile/regArr_reg[14][4]
              (rising edge-triggered flip-flop clocked by REF_CLK)
  Endpoint: U_RegFile/regArr_reg[14][4]
            (rising edge-triggered flip-flop clocked by REF_CLK)
  Path Group: REF_CLK
  Path Type: min

  Point                                                   Incr       Path
  --------------------------------------------------------------------------
  clock REF_CLK (rise edge)                               0.00       0.00
  clock network delay (ideal)                             0.00       0.00
  U_RegFile/regArr_reg[14][4]/CK (DFFRQX2M)               0.00       0.00 r
  U_RegFile/regArr_reg[14][4]/Q (DFFRQX2M)                0.38       0.38 r
  U_RegFile/U161/Y (OAI2BB2X1M)                           0.15       0.53 r
  U_RegFile/regArr_reg[14][4]/D (DFFRQX2M)                0.00       0.53 r
  data arrival time                                                  0.53

  clock REF_CLK (rise edge)                               0.00       0.00
  clock network delay (ideal)                             0.00       0.00
  clock uncertainty                                       0.10       0.10
  U_RegFile/regArr_reg[14][4]/CK (DFFRQX2M)               0.00       0.10 r
  library hold time                                      -0.17      -0.07
  data required time                                                -0.07
  --------------------------------------------------------------------------
  data required time                                                -0.07
  data arrival time                                                 -0.53
  --------------------------------------------------------------------------
  slack (MET)                                                        0.60


  Startpoint: U_RegFile/regArr_reg[14][3]
              (rising edge-triggered flip-flop clocked by REF_CLK)
  Endpoint: U_RegFile/regArr_reg[14][3]
            (rising edge-triggered flip-flop clocked by REF_CLK)
  Path Group: REF_CLK
  Path Type: min

  Point                                                   Incr       Path
  --------------------------------------------------------------------------
  clock REF_CLK (rise edge)                               0.00       0.00
  clock network delay (ideal)                             0.00       0.00
  U_RegFile/regArr_reg[14][3]/CK (DFFRQX2M)               0.00       0.00 r
  U_RegFile/regArr_reg[14][3]/Q (DFFRQX2M)                0.38       0.38 r
  U_RegFile/U160/Y (OAI2BB2X1M)                           0.15       0.53 r
  U_RegFile/regArr_reg[14][3]/D (DFFRQX2M)                0.00       0.53 r
  data arrival time                                                  0.53

  clock REF_CLK (rise edge)                               0.00       0.00
  clock network delay (ideal)                             0.00       0.00
  clock uncertainty                                       0.10       0.10
  U_RegFile/regArr_reg[14][3]/CK (DFFRQX2M)               0.00       0.10 r
  library hold time                                      -0.17      -0.07
  data required time                                                -0.07
  --------------------------------------------------------------------------
  data required time                                                -0.07
  data arrival time                                                 -0.53
  --------------------------------------------------------------------------
  slack (MET)                                                        0.60


  Startpoint: U_RegFile/regArr_reg[14][2]
              (rising edge-triggered flip-flop clocked by REF_CLK)
  Endpoint: U_RegFile/regArr_reg[14][2]
            (rising edge-triggered flip-flop clocked by REF_CLK)
  Path Group: REF_CLK
  Path Type: min

  Point                                                   Incr       Path
  --------------------------------------------------------------------------
  clock REF_CLK (rise edge)                               0.00       0.00
  clock network delay (ideal)                             0.00       0.00
  U_RegFile/regArr_reg[14][2]/CK (DFFRQX2M)               0.00       0.00 r
  U_RegFile/regArr_reg[14][2]/Q (DFFRQX2M)                0.38       0.38 r
  U_RegFile/U159/Y (OAI2BB2X1M)                           0.15       0.53 r
  U_RegFile/regArr_reg[14][2]/D (DFFRQX2M)                0.00       0.53 r
  data arrival time                                                  0.53

  clock REF_CLK (rise edge)                               0.00       0.00
  clock network delay (ideal)                             0.00       0.00
  clock uncertainty                                       0.10       0.10
  U_RegFile/regArr_reg[14][2]/CK (DFFRQX2M)               0.00       0.10 r
  library hold time                                      -0.17      -0.07
  data required time                                                -0.07
  --------------------------------------------------------------------------
  data required time                                                -0.07
  data arrival time                                                 -0.53
  --------------------------------------------------------------------------
  slack (MET)                                                        0.60


  Startpoint: U_RegFile/regArr_reg[14][1]
              (rising edge-triggered flip-flop clocked by REF_CLK)
  Endpoint: U_RegFile/regArr_reg[14][1]
            (rising edge-triggered flip-flop clocked by REF_CLK)
  Path Group: REF_CLK
  Path Type: min

  Point                                                   Incr       Path
  --------------------------------------------------------------------------
  clock REF_CLK (rise edge)                               0.00       0.00
  clock network delay (ideal)                             0.00       0.00
  U_RegFile/regArr_reg[14][1]/CK (DFFRQX2M)               0.00       0.00 r
  U_RegFile/regArr_reg[14][1]/Q (DFFRQX2M)                0.38       0.38 r
  U_RegFile/U158/Y (OAI2BB2X1M)                           0.15       0.53 r
  U_RegFile/regArr_reg[14][1]/D (DFFRQX2M)                0.00       0.53 r
  data arrival time                                                  0.53

  clock REF_CLK (rise edge)                               0.00       0.00
  clock network delay (ideal)                             0.00       0.00
  clock uncertainty                                       0.10       0.10
  U_RegFile/regArr_reg[14][1]/CK (DFFRQX2M)               0.00       0.10 r
  library hold time                                      -0.17      -0.07
  data required time                                                -0.07
  --------------------------------------------------------------------------
  data required time                                                -0.07
  data arrival time                                                 -0.53
  --------------------------------------------------------------------------
  slack (MET)                                                        0.60


  Startpoint: U_RegFile/regArr_reg[14][0]
              (rising edge-triggered flip-flop clocked by REF_CLK)
  Endpoint: U_RegFile/regArr_reg[14][0]
            (rising edge-triggered flip-flop clocked by REF_CLK)
  Path Group: REF_CLK
  Path Type: min

  Point                                                   Incr       Path
  --------------------------------------------------------------------------
  clock REF_CLK (rise edge)                               0.00       0.00
  clock network delay (ideal)                             0.00       0.00
  U_RegFile/regArr_reg[14][0]/CK (DFFRQX2M)               0.00       0.00 r
  U_RegFile/regArr_reg[14][0]/Q (DFFRQX2M)                0.38       0.38 r
  U_RegFile/U157/Y (OAI2BB2X1M)                           0.15       0.53 r
  U_RegFile/regArr_reg[14][0]/D (DFFRQX2M)                0.00       0.53 r
  data arrival time                                                  0.53

  clock REF_CLK (rise edge)                               0.00       0.00
  clock network delay (ideal)                             0.00       0.00
  clock uncertainty                                       0.10       0.10
  U_RegFile/regArr_reg[14][0]/CK (DFFRQX2M)               0.00       0.10 r
  library hold time                                      -0.17      -0.07
  data required time                                                -0.07
  --------------------------------------------------------------------------
  data required time                                                -0.07
  data arrival time                                                 -0.53
  --------------------------------------------------------------------------
  slack (MET)                                                        0.60


  Startpoint: U_RegFile/regArr_reg[10][7]
              (rising edge-triggered flip-flop clocked by REF_CLK)
  Endpoint: U_RegFile/regArr_reg[10][7]
            (rising edge-triggered flip-flop clocked by REF_CLK)
  Path Group: REF_CLK
  Path Type: min

  Point                                                   Incr       Path
  --------------------------------------------------------------------------
  clock REF_CLK (rise edge)                               0.00       0.00
  clock network delay (ideal)                             0.00       0.00
  U_RegFile/regArr_reg[10][7]/CK (DFFRQX2M)               0.00       0.00 r
  U_RegFile/regArr_reg[10][7]/Q (DFFRQX2M)                0.38       0.38 r
  U_RegFile/U132/Y (OAI2BB2X1M)                           0.15       0.53 r
  U_RegFile/regArr_reg[10][7]/D (DFFRQX2M)                0.00       0.53 r
  data arrival time                                                  0.53

  clock REF_CLK (rise edge)                               0.00       0.00
  clock network delay (ideal)                             0.00       0.00
  clock uncertainty                                       0.10       0.10
  U_RegFile/regArr_reg[10][7]/CK (DFFRQX2M)               0.00       0.10 r
  library hold time                                      -0.17      -0.07
  data required time                                                -0.07
  --------------------------------------------------------------------------
  data required time                                                -0.07
  data arrival time                                                 -0.53
  --------------------------------------------------------------------------
  slack (MET)                                                        0.60


  Startpoint: U_RegFile/regArr_reg[10][6]
              (rising edge-triggered flip-flop clocked by REF_CLK)
  Endpoint: U_RegFile/regArr_reg[10][6]
            (rising edge-triggered flip-flop clocked by REF_CLK)
  Path Group: REF_CLK
  Path Type: min

  Point                                                   Incr       Path
  --------------------------------------------------------------------------
  clock REF_CLK (rise edge)                               0.00       0.00
  clock network delay (ideal)                             0.00       0.00
  U_RegFile/regArr_reg[10][6]/CK (DFFRQX2M)               0.00       0.00 r
  U_RegFile/regArr_reg[10][6]/Q (DFFRQX2M)                0.38       0.38 r
  U_RegFile/U131/Y (OAI2BB2X1M)                           0.15       0.53 r
  U_RegFile/regArr_reg[10][6]/D (DFFRQX2M)                0.00       0.53 r
  data arrival time                                                  0.53

  clock REF_CLK (rise edge)                               0.00       0.00
  clock network delay (ideal)                             0.00       0.00
  clock uncertainty                                       0.10       0.10
  U_RegFile/regArr_reg[10][6]/CK (DFFRQX2M)               0.00       0.10 r
  library hold time                                      -0.17      -0.07
  data required time                                                -0.07
  --------------------------------------------------------------------------
  data required time                                                -0.07
  data arrival time                                                 -0.53
  --------------------------------------------------------------------------
  slack (MET)                                                        0.60


  Startpoint: U_RegFile/regArr_reg[10][5]
              (rising edge-triggered flip-flop clocked by REF_CLK)
  Endpoint: U_RegFile/regArr_reg[10][5]
            (rising edge-triggered flip-flop clocked by REF_CLK)
  Path Group: REF_CLK
  Path Type: min

  Point                                                   Incr       Path
  --------------------------------------------------------------------------
  clock REF_CLK (rise edge)                               0.00       0.00
  clock network delay (ideal)                             0.00       0.00
  U_RegFile/regArr_reg[10][5]/CK (DFFRQX2M)               0.00       0.00 r
  U_RegFile/regArr_reg[10][5]/Q (DFFRQX2M)                0.38       0.38 r
  U_RegFile/U130/Y (OAI2BB2X1M)                           0.15       0.53 r
  U_RegFile/regArr_reg[10][5]/D (DFFRQX2M)                0.00       0.53 r
  data arrival time                                                  0.53

  clock REF_CLK (rise edge)                               0.00       0.00
  clock network delay (ideal)                             0.00       0.00
  clock uncertainty                                       0.10       0.10
  U_RegFile/regArr_reg[10][5]/CK (DFFRQX2M)               0.00       0.10 r
  library hold time                                      -0.17      -0.07
  data required time                                                -0.07
  --------------------------------------------------------------------------
  data required time                                                -0.07
  data arrival time                                                 -0.53
  --------------------------------------------------------------------------
  slack (MET)                                                        0.60


  Startpoint: U_RegFile/regArr_reg[10][4]
              (rising edge-triggered flip-flop clocked by REF_CLK)
  Endpoint: U_RegFile/regArr_reg[10][4]
            (rising edge-triggered flip-flop clocked by REF_CLK)
  Path Group: REF_CLK
  Path Type: min

  Point                                                   Incr       Path
  --------------------------------------------------------------------------
  clock REF_CLK (rise edge)                               0.00       0.00
  clock network delay (ideal)                             0.00       0.00
  U_RegFile/regArr_reg[10][4]/CK (DFFRQX2M)               0.00       0.00 r
  U_RegFile/regArr_reg[10][4]/Q (DFFRQX2M)                0.38       0.38 r
  U_RegFile/U129/Y (OAI2BB2X1M)                           0.15       0.53 r
  U_RegFile/regArr_reg[10][4]/D (DFFRQX2M)                0.00       0.53 r
  data arrival time                                                  0.53

  clock REF_CLK (rise edge)                               0.00       0.00
  clock network delay (ideal)                             0.00       0.00
  clock uncertainty                                       0.10       0.10
  U_RegFile/regArr_reg[10][4]/CK (DFFRQX2M)               0.00       0.10 r
  library hold time                                      -0.17      -0.07
  data required time                                                -0.07
  --------------------------------------------------------------------------
  data required time                                                -0.07
  data arrival time                                                 -0.53
  --------------------------------------------------------------------------
  slack (MET)                                                        0.60


  Startpoint: U_RegFile/regArr_reg[10][3]
              (rising edge-triggered flip-flop clocked by REF_CLK)
  Endpoint: U_RegFile/regArr_reg[10][3]
            (rising edge-triggered flip-flop clocked by REF_CLK)
  Path Group: REF_CLK
  Path Type: min

  Point                                                   Incr       Path
  --------------------------------------------------------------------------
  clock REF_CLK (rise edge)                               0.00       0.00
  clock network delay (ideal)                             0.00       0.00
  U_RegFile/regArr_reg[10][3]/CK (DFFRQX2M)               0.00       0.00 r
  U_RegFile/regArr_reg[10][3]/Q (DFFRQX2M)                0.38       0.38 r
  U_RegFile/U128/Y (OAI2BB2X1M)                           0.15       0.53 r
  U_RegFile/regArr_reg[10][3]/D (DFFRQX2M)                0.00       0.53 r
  data arrival time                                                  0.53

  clock REF_CLK (rise edge)                               0.00       0.00
  clock network delay (ideal)                             0.00       0.00
  clock uncertainty                                       0.10       0.10
  U_RegFile/regArr_reg[10][3]/CK (DFFRQX2M)               0.00       0.10 r
  library hold time                                      -0.17      -0.07
  data required time                                                -0.07
  --------------------------------------------------------------------------
  data required time                                                -0.07
  data arrival time                                                 -0.53
  --------------------------------------------------------------------------
  slack (MET)                                                        0.60


  Startpoint: U_RegFile/regArr_reg[10][2]
              (rising edge-triggered flip-flop clocked by REF_CLK)
  Endpoint: U_RegFile/regArr_reg[10][2]
            (rising edge-triggered flip-flop clocked by REF_CLK)
  Path Group: REF_CLK
  Path Type: min

  Point                                                   Incr       Path
  --------------------------------------------------------------------------
  clock REF_CLK (rise edge)                               0.00       0.00
  clock network delay (ideal)                             0.00       0.00
  U_RegFile/regArr_reg[10][2]/CK (DFFRQX2M)               0.00       0.00 r
  U_RegFile/regArr_reg[10][2]/Q (DFFRQX2M)                0.38       0.38 r
  U_RegFile/U127/Y (OAI2BB2X1M)                           0.15       0.53 r
  U_RegFile/regArr_reg[10][2]/D (DFFRQX2M)                0.00       0.53 r
  data arrival time                                                  0.53

  clock REF_CLK (rise edge)                               0.00       0.00
  clock network delay (ideal)                             0.00       0.00
  clock uncertainty                                       0.10       0.10
  U_RegFile/regArr_reg[10][2]/CK (DFFRQX2M)               0.00       0.10 r
  library hold time                                      -0.17      -0.07
  data required time                                                -0.07
  --------------------------------------------------------------------------
  data required time                                                -0.07
  data arrival time                                                 -0.53
  --------------------------------------------------------------------------
  slack (MET)                                                        0.60


  Startpoint: U_RegFile/regArr_reg[10][1]
              (rising edge-triggered flip-flop clocked by REF_CLK)
  Endpoint: U_RegFile/regArr_reg[10][1]
            (rising edge-triggered flip-flop clocked by REF_CLK)
  Path Group: REF_CLK
  Path Type: min

  Point                                                   Incr       Path
  --------------------------------------------------------------------------
  clock REF_CLK (rise edge)                               0.00       0.00
  clock network delay (ideal)                             0.00       0.00
  U_RegFile/regArr_reg[10][1]/CK (DFFRQX2M)               0.00       0.00 r
  U_RegFile/regArr_reg[10][1]/Q (DFFRQX2M)                0.38       0.38 r
  U_RegFile/U126/Y (OAI2BB2X1M)                           0.15       0.53 r
  U_RegFile/regArr_reg[10][1]/D (DFFRQX2M)                0.00       0.53 r
  data arrival time                                                  0.53

  clock REF_CLK (rise edge)                               0.00       0.00
  clock network delay (ideal)                             0.00       0.00
  clock uncertainty                                       0.10       0.10
  U_RegFile/regArr_reg[10][1]/CK (DFFRQX2M)               0.00       0.10 r
  library hold time                                      -0.17      -0.07
  data required time                                                -0.07
  --------------------------------------------------------------------------
  data required time                                                -0.07
  data arrival time                                                 -0.53
  --------------------------------------------------------------------------
  slack (MET)                                                        0.60


  Startpoint: U_RegFile/regArr_reg[10][0]
              (rising edge-triggered flip-flop clocked by REF_CLK)
  Endpoint: U_RegFile/regArr_reg[10][0]
            (rising edge-triggered flip-flop clocked by REF_CLK)
  Path Group: REF_CLK
  Path Type: min

  Point                                                   Incr       Path
  --------------------------------------------------------------------------
  clock REF_CLK (rise edge)                               0.00       0.00
  clock network delay (ideal)                             0.00       0.00
  U_RegFile/regArr_reg[10][0]/CK (DFFRQX2M)               0.00       0.00 r
  U_RegFile/regArr_reg[10][0]/Q (DFFRQX2M)                0.38       0.38 r
  U_RegFile/U125/Y (OAI2BB2X1M)                           0.15       0.53 r
  U_RegFile/regArr_reg[10][0]/D (DFFRQX2M)                0.00       0.53 r
  data arrival time                                                  0.53

  clock REF_CLK (rise edge)                               0.00       0.00
  clock network delay (ideal)                             0.00       0.00
  clock uncertainty                                       0.10       0.10
  U_RegFile/regArr_reg[10][0]/CK (DFFRQX2M)               0.00       0.10 r
  library hold time                                      -0.17      -0.07
  data required time                                                -0.07
  --------------------------------------------------------------------------
  data required time                                                -0.07
  data arrival time                                                 -0.53
  --------------------------------------------------------------------------
  slack (MET)                                                        0.60


  Startpoint: U_RegFile/regArr_reg[6][7]
              (rising edge-triggered flip-flop clocked by REF_CLK)
  Endpoint: U_RegFile/regArr_reg[6][7]
            (rising edge-triggered flip-flop clocked by REF_CLK)
  Path Group: REF_CLK
  Path Type: min

  Point                                                   Incr       Path
  --------------------------------------------------------------------------
  clock REF_CLK (rise edge)                               0.00       0.00
  clock network delay (ideal)                             0.00       0.00
  U_RegFile/regArr_reg[6][7]/CK (DFFRQX2M)                0.00       0.00 r
  U_RegFile/regArr_reg[6][7]/Q (DFFRQX2M)                 0.38       0.38 r
  U_RegFile/U100/Y (OAI2BB2X1M)                           0.15       0.53 r
  U_RegFile/regArr_reg[6][7]/D (DFFRQX2M)                 0.00       0.53 r
  data arrival time                                                  0.53

  clock REF_CLK (rise edge)                               0.00       0.00
  clock network delay (ideal)                             0.00       0.00
  clock uncertainty                                       0.10       0.10
  U_RegFile/regArr_reg[6][7]/CK (DFFRQX2M)                0.00       0.10 r
  library hold time                                      -0.17      -0.07
  data required time                                                -0.07
  --------------------------------------------------------------------------
  data required time                                                -0.07
  data arrival time                                                 -0.53
  --------------------------------------------------------------------------
  slack (MET)                                                        0.60


  Startpoint: U_RegFile/regArr_reg[6][6]
              (rising edge-triggered flip-flop clocked by REF_CLK)
  Endpoint: U_RegFile/regArr_reg[6][6]
            (rising edge-triggered flip-flop clocked by REF_CLK)
  Path Group: REF_CLK
  Path Type: min

  Point                                                   Incr       Path
  --------------------------------------------------------------------------
  clock REF_CLK (rise edge)                               0.00       0.00
  clock network delay (ideal)                             0.00       0.00
  U_RegFile/regArr_reg[6][6]/CK (DFFRQX2M)                0.00       0.00 r
  U_RegFile/regArr_reg[6][6]/Q (DFFRQX2M)                 0.38       0.38 r
  U_RegFile/U99/Y (OAI2BB2X1M)                            0.15       0.53 r
  U_RegFile/regArr_reg[6][6]/D (DFFRQX2M)                 0.00       0.53 r
  data arrival time                                                  0.53

  clock REF_CLK (rise edge)                               0.00       0.00
  clock network delay (ideal)                             0.00       0.00
  clock uncertainty                                       0.10       0.10
  U_RegFile/regArr_reg[6][6]/CK (DFFRQX2M)                0.00       0.10 r
  library hold time                                      -0.17      -0.07
  data required time                                                -0.07
  --------------------------------------------------------------------------
  data required time                                                -0.07
  data arrival time                                                 -0.53
  --------------------------------------------------------------------------
  slack (MET)                                                        0.60


  Startpoint: U_RegFile/regArr_reg[6][5]
              (rising edge-triggered flip-flop clocked by REF_CLK)
  Endpoint: U_RegFile/regArr_reg[6][5]
            (rising edge-triggered flip-flop clocked by REF_CLK)
  Path Group: REF_CLK
  Path Type: min

  Point                                                   Incr       Path
  --------------------------------------------------------------------------
  clock REF_CLK (rise edge)                               0.00       0.00
  clock network delay (ideal)                             0.00       0.00
  U_RegFile/regArr_reg[6][5]/CK (DFFRQX2M)                0.00       0.00 r
  U_RegFile/regArr_reg[6][5]/Q (DFFRQX2M)                 0.38       0.38 r
  U_RegFile/U98/Y (OAI2BB2X1M)                            0.15       0.53 r
  U_RegFile/regArr_reg[6][5]/D (DFFRQX2M)                 0.00       0.53 r
  data arrival time                                                  0.53

  clock REF_CLK (rise edge)                               0.00       0.00
  clock network delay (ideal)                             0.00       0.00
  clock uncertainty                                       0.10       0.10
  U_RegFile/regArr_reg[6][5]/CK (DFFRQX2M)                0.00       0.10 r
  library hold time                                      -0.17      -0.07
  data required time                                                -0.07
  --------------------------------------------------------------------------
  data required time                                                -0.07
  data arrival time                                                 -0.53
  --------------------------------------------------------------------------
  slack (MET)                                                        0.60


  Startpoint: U_RegFile/regArr_reg[6][4]
              (rising edge-triggered flip-flop clocked by REF_CLK)
  Endpoint: U_RegFile/regArr_reg[6][4]
            (rising edge-triggered flip-flop clocked by REF_CLK)
  Path Group: REF_CLK
  Path Type: min

  Point                                                   Incr       Path
  --------------------------------------------------------------------------
  clock REF_CLK (rise edge)                               0.00       0.00
  clock network delay (ideal)                             0.00       0.00
  U_RegFile/regArr_reg[6][4]/CK (DFFRQX2M)                0.00       0.00 r
  U_RegFile/regArr_reg[6][4]/Q (DFFRQX2M)                 0.38       0.38 r
  U_RegFile/U97/Y (OAI2BB2X1M)                            0.15       0.53 r
  U_RegFile/regArr_reg[6][4]/D (DFFRQX2M)                 0.00       0.53 r
  data arrival time                                                  0.53

  clock REF_CLK (rise edge)                               0.00       0.00
  clock network delay (ideal)                             0.00       0.00
  clock uncertainty                                       0.10       0.10
  U_RegFile/regArr_reg[6][4]/CK (DFFRQX2M)                0.00       0.10 r
  library hold time                                      -0.17      -0.07
  data required time                                                -0.07
  --------------------------------------------------------------------------
  data required time                                                -0.07
  data arrival time                                                 -0.53
  --------------------------------------------------------------------------
  slack (MET)                                                        0.60


  Startpoint: U_RegFile/regArr_reg[6][3]
              (rising edge-triggered flip-flop clocked by REF_CLK)
  Endpoint: U_RegFile/regArr_reg[6][3]
            (rising edge-triggered flip-flop clocked by REF_CLK)
  Path Group: REF_CLK
  Path Type: min

  Point                                                   Incr       Path
  --------------------------------------------------------------------------
  clock REF_CLK (rise edge)                               0.00       0.00
  clock network delay (ideal)                             0.00       0.00
  U_RegFile/regArr_reg[6][3]/CK (DFFRQX2M)                0.00       0.00 r
  U_RegFile/regArr_reg[6][3]/Q (DFFRQX2M)                 0.38       0.38 r
  U_RegFile/U96/Y (OAI2BB2X1M)                            0.15       0.53 r
  U_RegFile/regArr_reg[6][3]/D (DFFRQX2M)                 0.00       0.53 r
  data arrival time                                                  0.53

  clock REF_CLK (rise edge)                               0.00       0.00
  clock network delay (ideal)                             0.00       0.00
  clock uncertainty                                       0.10       0.10
  U_RegFile/regArr_reg[6][3]/CK (DFFRQX2M)                0.00       0.10 r
  library hold time                                      -0.17      -0.07
  data required time                                                -0.07
  --------------------------------------------------------------------------
  data required time                                                -0.07
  data arrival time                                                 -0.53
  --------------------------------------------------------------------------
  slack (MET)                                                        0.60


  Startpoint: U_RegFile/regArr_reg[6][2]
              (rising edge-triggered flip-flop clocked by REF_CLK)
  Endpoint: U_RegFile/regArr_reg[6][2]
            (rising edge-triggered flip-flop clocked by REF_CLK)
  Path Group: REF_CLK
  Path Type: min

  Point                                                   Incr       Path
  --------------------------------------------------------------------------
  clock REF_CLK (rise edge)                               0.00       0.00
  clock network delay (ideal)                             0.00       0.00
  U_RegFile/regArr_reg[6][2]/CK (DFFRQX2M)                0.00       0.00 r
  U_RegFile/regArr_reg[6][2]/Q (DFFRQX2M)                 0.38       0.38 r
  U_RegFile/U95/Y (OAI2BB2X1M)                            0.15       0.53 r
  U_RegFile/regArr_reg[6][2]/D (DFFRQX2M)                 0.00       0.53 r
  data arrival time                                                  0.53

  clock REF_CLK (rise edge)                               0.00       0.00
  clock network delay (ideal)                             0.00       0.00
  clock uncertainty                                       0.10       0.10
  U_RegFile/regArr_reg[6][2]/CK (DFFRQX2M)                0.00       0.10 r
  library hold time                                      -0.17      -0.07
  data required time                                                -0.07
  --------------------------------------------------------------------------
  data required time                                                -0.07
  data arrival time                                                 -0.53
  --------------------------------------------------------------------------
  slack (MET)                                                        0.60


  Startpoint: U_RegFile/regArr_reg[6][1]
              (rising edge-triggered flip-flop clocked by REF_CLK)
  Endpoint: U_RegFile/regArr_reg[6][1]
            (rising edge-triggered flip-flop clocked by REF_CLK)
  Path Group: REF_CLK
  Path Type: min

  Point                                                   Incr       Path
  --------------------------------------------------------------------------
  clock REF_CLK (rise edge)                               0.00       0.00
  clock network delay (ideal)                             0.00       0.00
  U_RegFile/regArr_reg[6][1]/CK (DFFRQX2M)                0.00       0.00 r
  U_RegFile/regArr_reg[6][1]/Q (DFFRQX2M)                 0.38       0.38 r
  U_RegFile/U94/Y (OAI2BB2X1M)                            0.15       0.53 r
  U_RegFile/regArr_reg[6][1]/D (DFFRQX2M)                 0.00       0.53 r
  data arrival time                                                  0.53

  clock REF_CLK (rise edge)                               0.00       0.00
  clock network delay (ideal)                             0.00       0.00
  clock uncertainty                                       0.10       0.10
  U_RegFile/regArr_reg[6][1]/CK (DFFRQX2M)                0.00       0.10 r
  library hold time                                      -0.17      -0.07
  data required time                                                -0.07
  --------------------------------------------------------------------------
  data required time                                                -0.07
  data arrival time                                                 -0.53
  --------------------------------------------------------------------------
  slack (MET)                                                        0.60


  Startpoint: U_RegFile/regArr_reg[6][0]
              (rising edge-triggered flip-flop clocked by REF_CLK)
  Endpoint: U_RegFile/regArr_reg[6][0]
            (rising edge-triggered flip-flop clocked by REF_CLK)
  Path Group: REF_CLK
  Path Type: min

  Point                                                   Incr       Path
  --------------------------------------------------------------------------
  clock REF_CLK (rise edge)                               0.00       0.00
  clock network delay (ideal)                             0.00       0.00
  U_RegFile/regArr_reg[6][0]/CK (DFFRQX2M)                0.00       0.00 r
  U_RegFile/regArr_reg[6][0]/Q (DFFRQX2M)                 0.38       0.38 r
  U_RegFile/U93/Y (OAI2BB2X1M)                            0.15       0.53 r
  U_RegFile/regArr_reg[6][0]/D (DFFRQX2M)                 0.00       0.53 r
  data arrival time                                                  0.53

  clock REF_CLK (rise edge)                               0.00       0.00
  clock network delay (ideal)                             0.00       0.00
  clock uncertainty                                       0.10       0.10
  U_RegFile/regArr_reg[6][0]/CK (DFFRQX2M)                0.00       0.10 r
  library hold time                                      -0.17      -0.07
  data required time                                                -0.07
  --------------------------------------------------------------------------
  data required time                                                -0.07
  data arrival time                                                 -0.53
  --------------------------------------------------------------------------
  slack (MET)                                                        0.60


  Startpoint: U_FIFO/MEMORY_MODULE/MEMORY_reg[5][7]
              (rising edge-triggered flip-flop clocked by REF_CLK)
  Endpoint: U_FIFO/MEMORY_MODULE/MEMORY_reg[5][7]
            (rising edge-triggered flip-flop clocked by REF_CLK)
  Path Group: REF_CLK
  Path Type: min

  Point                                                   Incr       Path
  --------------------------------------------------------------------------
  clock REF_CLK (rise edge)                               0.00       0.00
  clock network delay (ideal)                             0.00       0.00
  U_FIFO/MEMORY_MODULE/MEMORY_reg[5][7]/CK (DFFRQX2M)     0.00       0.00 r
  U_FIFO/MEMORY_MODULE/MEMORY_reg[5][7]/Q (DFFRQX2M)      0.38       0.38 r
  U_FIFO/MEMORY_MODULE/U78/Y (OAI2BB2X1M)                 0.15       0.53 r
  U_FIFO/MEMORY_MODULE/MEMORY_reg[5][7]/D (DFFRQX2M)      0.00       0.53 r
  data arrival time                                                  0.53

  clock REF_CLK (rise edge)                               0.00       0.00
  clock network delay (ideal)                             0.00       0.00
  clock uncertainty                                       0.10       0.10
  U_FIFO/MEMORY_MODULE/MEMORY_reg[5][7]/CK (DFFRQX2M)     0.00       0.10 r
  library hold time                                      -0.17      -0.07
  data required time                                                -0.07
  --------------------------------------------------------------------------
  data required time                                                -0.07
  data arrival time                                                 -0.53
  --------------------------------------------------------------------------
  slack (MET)                                                        0.60


  Startpoint: U_FIFO/MEMORY_MODULE/MEMORY_reg[5][6]
              (rising edge-triggered flip-flop clocked by REF_CLK)
  Endpoint: U_FIFO/MEMORY_MODULE/MEMORY_reg[5][6]
            (rising edge-triggered flip-flop clocked by REF_CLK)
  Path Group: REF_CLK
  Path Type: min

  Point                                                   Incr       Path
  --------------------------------------------------------------------------
  clock REF_CLK (rise edge)                               0.00       0.00
  clock network delay (ideal)                             0.00       0.00
  U_FIFO/MEMORY_MODULE/MEMORY_reg[5][6]/CK (DFFRQX2M)     0.00       0.00 r
  U_FIFO/MEMORY_MODULE/MEMORY_reg[5][6]/Q (DFFRQX2M)      0.38       0.38 r
  U_FIFO/MEMORY_MODULE/U77/Y (OAI2BB2X1M)                 0.15       0.53 r
  U_FIFO/MEMORY_MODULE/MEMORY_reg[5][6]/D (DFFRQX2M)      0.00       0.53 r
  data arrival time                                                  0.53

  clock REF_CLK (rise edge)                               0.00       0.00
  clock network delay (ideal)                             0.00       0.00
  clock uncertainty                                       0.10       0.10
  U_FIFO/MEMORY_MODULE/MEMORY_reg[5][6]/CK (DFFRQX2M)     0.00       0.10 r
  library hold time                                      -0.17      -0.07
  data required time                                                -0.07
  --------------------------------------------------------------------------
  data required time                                                -0.07
  data arrival time                                                 -0.53
  --------------------------------------------------------------------------
  slack (MET)                                                        0.60


  Startpoint: U_FIFO/MEMORY_MODULE/MEMORY_reg[5][5]
              (rising edge-triggered flip-flop clocked by REF_CLK)
  Endpoint: U_FIFO/MEMORY_MODULE/MEMORY_reg[5][5]
            (rising edge-triggered flip-flop clocked by REF_CLK)
  Path Group: REF_CLK
  Path Type: min

  Point                                                   Incr       Path
  --------------------------------------------------------------------------
  clock REF_CLK (rise edge)                               0.00       0.00
  clock network delay (ideal)                             0.00       0.00
  U_FIFO/MEMORY_MODULE/MEMORY_reg[5][5]/CK (DFFRQX2M)     0.00       0.00 r
  U_FIFO/MEMORY_MODULE/MEMORY_reg[5][5]/Q (DFFRQX2M)      0.38       0.38 r
  U_FIFO/MEMORY_MODULE/U76/Y (OAI2BB2X1M)                 0.15       0.53 r
  U_FIFO/MEMORY_MODULE/MEMORY_reg[5][5]/D (DFFRQX2M)      0.00       0.53 r
  data arrival time                                                  0.53

  clock REF_CLK (rise edge)                               0.00       0.00
  clock network delay (ideal)                             0.00       0.00
  clock uncertainty                                       0.10       0.10
  U_FIFO/MEMORY_MODULE/MEMORY_reg[5][5]/CK (DFFRQX2M)     0.00       0.10 r
  library hold time                                      -0.17      -0.07
  data required time                                                -0.07
  --------------------------------------------------------------------------
  data required time                                                -0.07
  data arrival time                                                 -0.53
  --------------------------------------------------------------------------
  slack (MET)                                                        0.60


  Startpoint: U_FIFO/MEMORY_MODULE/MEMORY_reg[5][4]
              (rising edge-triggered flip-flop clocked by REF_CLK)
  Endpoint: U_FIFO/MEMORY_MODULE/MEMORY_reg[5][4]
            (rising edge-triggered flip-flop clocked by REF_CLK)
  Path Group: REF_CLK
  Path Type: min

  Point                                                   Incr       Path
  --------------------------------------------------------------------------
  clock REF_CLK (rise edge)                               0.00       0.00
  clock network delay (ideal)                             0.00       0.00
  U_FIFO/MEMORY_MODULE/MEMORY_reg[5][4]/CK (DFFRQX2M)     0.00       0.00 r
  U_FIFO/MEMORY_MODULE/MEMORY_reg[5][4]/Q (DFFRQX2M)      0.38       0.38 r
  U_FIFO/MEMORY_MODULE/U75/Y (OAI2BB2X1M)                 0.15       0.53 r
  U_FIFO/MEMORY_MODULE/MEMORY_reg[5][4]/D (DFFRQX2M)      0.00       0.53 r
  data arrival time                                                  0.53

  clock REF_CLK (rise edge)                               0.00       0.00
  clock network delay (ideal)                             0.00       0.00
  clock uncertainty                                       0.10       0.10
  U_FIFO/MEMORY_MODULE/MEMORY_reg[5][4]/CK (DFFRQX2M)     0.00       0.10 r
  library hold time                                      -0.17      -0.07
  data required time                                                -0.07
  --------------------------------------------------------------------------
  data required time                                                -0.07
  data arrival time                                                 -0.53
  --------------------------------------------------------------------------
  slack (MET)                                                        0.60


  Startpoint: U_FIFO/MEMORY_MODULE/MEMORY_reg[5][3]
              (rising edge-triggered flip-flop clocked by REF_CLK)
  Endpoint: U_FIFO/MEMORY_MODULE/MEMORY_reg[5][3]
            (rising edge-triggered flip-flop clocked by REF_CLK)
  Path Group: REF_CLK
  Path Type: min

  Point                                                   Incr       Path
  --------------------------------------------------------------------------
  clock REF_CLK (rise edge)                               0.00       0.00
  clock network delay (ideal)                             0.00       0.00
  U_FIFO/MEMORY_MODULE/MEMORY_reg[5][3]/CK (DFFRQX2M)     0.00       0.00 r
  U_FIFO/MEMORY_MODULE/MEMORY_reg[5][3]/Q (DFFRQX2M)      0.38       0.38 r
  U_FIFO/MEMORY_MODULE/U74/Y (OAI2BB2X1M)                 0.15       0.53 r
  U_FIFO/MEMORY_MODULE/MEMORY_reg[5][3]/D (DFFRQX2M)      0.00       0.53 r
  data arrival time                                                  0.53

  clock REF_CLK (rise edge)                               0.00       0.00
  clock network delay (ideal)                             0.00       0.00
  clock uncertainty                                       0.10       0.10
  U_FIFO/MEMORY_MODULE/MEMORY_reg[5][3]/CK (DFFRQX2M)     0.00       0.10 r
  library hold time                                      -0.17      -0.07
  data required time                                                -0.07
  --------------------------------------------------------------------------
  data required time                                                -0.07
  data arrival time                                                 -0.53
  --------------------------------------------------------------------------
  slack (MET)                                                        0.60


  Startpoint: U_FIFO/MEMORY_MODULE/MEMORY_reg[5][2]
              (rising edge-triggered flip-flop clocked by REF_CLK)
  Endpoint: U_FIFO/MEMORY_MODULE/MEMORY_reg[5][2]
            (rising edge-triggered flip-flop clocked by REF_CLK)
  Path Group: REF_CLK
  Path Type: min

  Point                                                   Incr       Path
  --------------------------------------------------------------------------
  clock REF_CLK (rise edge)                               0.00       0.00
  clock network delay (ideal)                             0.00       0.00
  U_FIFO/MEMORY_MODULE/MEMORY_reg[5][2]/CK (DFFRQX2M)     0.00       0.00 r
  U_FIFO/MEMORY_MODULE/MEMORY_reg[5][2]/Q (DFFRQX2M)      0.38       0.38 r
  U_FIFO/MEMORY_MODULE/U73/Y (OAI2BB2X1M)                 0.15       0.53 r
  U_FIFO/MEMORY_MODULE/MEMORY_reg[5][2]/D (DFFRQX2M)      0.00       0.53 r
  data arrival time                                                  0.53

  clock REF_CLK (rise edge)                               0.00       0.00
  clock network delay (ideal)                             0.00       0.00
  clock uncertainty                                       0.10       0.10
  U_FIFO/MEMORY_MODULE/MEMORY_reg[5][2]/CK (DFFRQX2M)     0.00       0.10 r
  library hold time                                      -0.17      -0.07
  data required time                                                -0.07
  --------------------------------------------------------------------------
  data required time                                                -0.07
  data arrival time                                                 -0.53
  --------------------------------------------------------------------------
  slack (MET)                                                        0.60


  Startpoint: U_FIFO/MEMORY_MODULE/MEMORY_reg[5][1]
              (rising edge-triggered flip-flop clocked by REF_CLK)
  Endpoint: U_FIFO/MEMORY_MODULE/MEMORY_reg[5][1]
            (rising edge-triggered flip-flop clocked by REF_CLK)
  Path Group: REF_CLK
  Path Type: min

  Point                                                   Incr       Path
  --------------------------------------------------------------------------
  clock REF_CLK (rise edge)                               0.00       0.00
  clock network delay (ideal)                             0.00       0.00
  U_FIFO/MEMORY_MODULE/MEMORY_reg[5][1]/CK (DFFRQX2M)     0.00       0.00 r
  U_FIFO/MEMORY_MODULE/MEMORY_reg[5][1]/Q (DFFRQX2M)      0.38       0.38 r
  U_FIFO/MEMORY_MODULE/U72/Y (OAI2BB2X1M)                 0.15       0.53 r
  U_FIFO/MEMORY_MODULE/MEMORY_reg[5][1]/D (DFFRQX2M)      0.00       0.53 r
  data arrival time                                                  0.53

  clock REF_CLK (rise edge)                               0.00       0.00
  clock network delay (ideal)                             0.00       0.00
  clock uncertainty                                       0.10       0.10
  U_FIFO/MEMORY_MODULE/MEMORY_reg[5][1]/CK (DFFRQX2M)     0.00       0.10 r
  library hold time                                      -0.17      -0.07
  data required time                                                -0.07
  --------------------------------------------------------------------------
  data required time                                                -0.07
  data arrival time                                                 -0.53
  --------------------------------------------------------------------------
  slack (MET)                                                        0.60


  Startpoint: U_FIFO/MEMORY_MODULE/MEMORY_reg[5][0]
              (rising edge-triggered flip-flop clocked by REF_CLK)
  Endpoint: U_FIFO/MEMORY_MODULE/MEMORY_reg[5][0]
            (rising edge-triggered flip-flop clocked by REF_CLK)
  Path Group: REF_CLK
  Path Type: min

  Point                                                   Incr       Path
  --------------------------------------------------------------------------
  clock REF_CLK (rise edge)                               0.00       0.00
  clock network delay (ideal)                             0.00       0.00
  U_FIFO/MEMORY_MODULE/MEMORY_reg[5][0]/CK (DFFRQX2M)     0.00       0.00 r
  U_FIFO/MEMORY_MODULE/MEMORY_reg[5][0]/Q (DFFRQX2M)      0.38       0.38 r
  U_FIFO/MEMORY_MODULE/U71/Y (OAI2BB2X1M)                 0.15       0.53 r
  U_FIFO/MEMORY_MODULE/MEMORY_reg[5][0]/D (DFFRQX2M)      0.00       0.53 r
  data arrival time                                                  0.53

  clock REF_CLK (rise edge)                               0.00       0.00
  clock network delay (ideal)                             0.00       0.00
  clock uncertainty                                       0.10       0.10
  U_FIFO/MEMORY_MODULE/MEMORY_reg[5][0]/CK (DFFRQX2M)     0.00       0.10 r
  library hold time                                      -0.17      -0.07
  data required time                                                -0.07
  --------------------------------------------------------------------------
  data required time                                                -0.07
  data arrival time                                                 -0.53
  --------------------------------------------------------------------------
  slack (MET)                                                        0.60


  Startpoint: U_FIFO/MEMORY_MODULE/MEMORY_reg[1][7]
              (rising edge-triggered flip-flop clocked by REF_CLK)
  Endpoint: U_FIFO/MEMORY_MODULE/MEMORY_reg[1][7]
            (rising edge-triggered flip-flop clocked by REF_CLK)
  Path Group: REF_CLK
  Path Type: min

  Point                                                   Incr       Path
  --------------------------------------------------------------------------
  clock REF_CLK (rise edge)                               0.00       0.00
  clock network delay (ideal)                             0.00       0.00
  U_FIFO/MEMORY_MODULE/MEMORY_reg[1][7]/CK (DFFRQX2M)     0.00       0.00 r
  U_FIFO/MEMORY_MODULE/MEMORY_reg[1][7]/Q (DFFRQX2M)      0.38       0.38 r
  U_FIFO/MEMORY_MODULE/U42/Y (OAI2BB2X1M)                 0.15       0.53 r
  U_FIFO/MEMORY_MODULE/MEMORY_reg[1][7]/D (DFFRQX2M)      0.00       0.53 r
  data arrival time                                                  0.53

  clock REF_CLK (rise edge)                               0.00       0.00
  clock network delay (ideal)                             0.00       0.00
  clock uncertainty                                       0.10       0.10
  U_FIFO/MEMORY_MODULE/MEMORY_reg[1][7]/CK (DFFRQX2M)     0.00       0.10 r
  library hold time                                      -0.17      -0.07
  data required time                                                -0.07
  --------------------------------------------------------------------------
  data required time                                                -0.07
  data arrival time                                                 -0.53
  --------------------------------------------------------------------------
  slack (MET)                                                        0.60


  Startpoint: U_FIFO/MEMORY_MODULE/MEMORY_reg[1][6]
              (rising edge-triggered flip-flop clocked by REF_CLK)
  Endpoint: U_FIFO/MEMORY_MODULE/MEMORY_reg[1][6]
            (rising edge-triggered flip-flop clocked by REF_CLK)
  Path Group: REF_CLK
  Path Type: min

  Point                                                   Incr       Path
  --------------------------------------------------------------------------
  clock REF_CLK (rise edge)                               0.00       0.00
  clock network delay (ideal)                             0.00       0.00
  U_FIFO/MEMORY_MODULE/MEMORY_reg[1][6]/CK (DFFRQX2M)     0.00       0.00 r
  U_FIFO/MEMORY_MODULE/MEMORY_reg[1][6]/Q (DFFRQX2M)      0.38       0.38 r
  U_FIFO/MEMORY_MODULE/U41/Y (OAI2BB2X1M)                 0.15       0.53 r
  U_FIFO/MEMORY_MODULE/MEMORY_reg[1][6]/D (DFFRQX2M)      0.00       0.53 r
  data arrival time                                                  0.53

  clock REF_CLK (rise edge)                               0.00       0.00
  clock network delay (ideal)                             0.00       0.00
  clock uncertainty                                       0.10       0.10
  U_FIFO/MEMORY_MODULE/MEMORY_reg[1][6]/CK (DFFRQX2M)     0.00       0.10 r
  library hold time                                      -0.17      -0.07
  data required time                                                -0.07
  --------------------------------------------------------------------------
  data required time                                                -0.07
  data arrival time                                                 -0.53
  --------------------------------------------------------------------------
  slack (MET)                                                        0.60


  Startpoint: U_FIFO/MEMORY_MODULE/MEMORY_reg[1][5]
              (rising edge-triggered flip-flop clocked by REF_CLK)
  Endpoint: U_FIFO/MEMORY_MODULE/MEMORY_reg[1][5]
            (rising edge-triggered flip-flop clocked by REF_CLK)
  Path Group: REF_CLK
  Path Type: min

  Point                                                   Incr       Path
  --------------------------------------------------------------------------
  clock REF_CLK (rise edge)                               0.00       0.00
  clock network delay (ideal)                             0.00       0.00
  U_FIFO/MEMORY_MODULE/MEMORY_reg[1][5]/CK (DFFRQX2M)     0.00       0.00 r
  U_FIFO/MEMORY_MODULE/MEMORY_reg[1][5]/Q (DFFRQX2M)      0.38       0.38 r
  U_FIFO/MEMORY_MODULE/U40/Y (OAI2BB2X1M)                 0.15       0.53 r
  U_FIFO/MEMORY_MODULE/MEMORY_reg[1][5]/D (DFFRQX2M)      0.00       0.53 r
  data arrival time                                                  0.53

  clock REF_CLK (rise edge)                               0.00       0.00
  clock network delay (ideal)                             0.00       0.00
  clock uncertainty                                       0.10       0.10
  U_FIFO/MEMORY_MODULE/MEMORY_reg[1][5]/CK (DFFRQX2M)     0.00       0.10 r
  library hold time                                      -0.17      -0.07
  data required time                                                -0.07
  --------------------------------------------------------------------------
  data required time                                                -0.07
  data arrival time                                                 -0.53
  --------------------------------------------------------------------------
  slack (MET)                                                        0.60


  Startpoint: U_FIFO/MEMORY_MODULE/MEMORY_reg[1][4]
              (rising edge-triggered flip-flop clocked by REF_CLK)
  Endpoint: U_FIFO/MEMORY_MODULE/MEMORY_reg[1][4]
            (rising edge-triggered flip-flop clocked by REF_CLK)
  Path Group: REF_CLK
  Path Type: min

  Point                                                   Incr       Path
  --------------------------------------------------------------------------
  clock REF_CLK (rise edge)                               0.00       0.00
  clock network delay (ideal)                             0.00       0.00
  U_FIFO/MEMORY_MODULE/MEMORY_reg[1][4]/CK (DFFRQX2M)     0.00       0.00 r
  U_FIFO/MEMORY_MODULE/MEMORY_reg[1][4]/Q (DFFRQX2M)      0.38       0.38 r
  U_FIFO/MEMORY_MODULE/U39/Y (OAI2BB2X1M)                 0.15       0.53 r
  U_FIFO/MEMORY_MODULE/MEMORY_reg[1][4]/D (DFFRQX2M)      0.00       0.53 r
  data arrival time                                                  0.53

  clock REF_CLK (rise edge)                               0.00       0.00
  clock network delay (ideal)                             0.00       0.00
  clock uncertainty                                       0.10       0.10
  U_FIFO/MEMORY_MODULE/MEMORY_reg[1][4]/CK (DFFRQX2M)     0.00       0.10 r
  library hold time                                      -0.17      -0.07
  data required time                                                -0.07
  --------------------------------------------------------------------------
  data required time                                                -0.07
  data arrival time                                                 -0.53
  --------------------------------------------------------------------------
  slack (MET)                                                        0.60


  Startpoint: U_FIFO/MEMORY_MODULE/MEMORY_reg[1][3]
              (rising edge-triggered flip-flop clocked by REF_CLK)
  Endpoint: U_FIFO/MEMORY_MODULE/MEMORY_reg[1][3]
            (rising edge-triggered flip-flop clocked by REF_CLK)
  Path Group: REF_CLK
  Path Type: min

  Point                                                   Incr       Path
  --------------------------------------------------------------------------
  clock REF_CLK (rise edge)                               0.00       0.00
  clock network delay (ideal)                             0.00       0.00
  U_FIFO/MEMORY_MODULE/MEMORY_reg[1][3]/CK (DFFRQX2M)     0.00       0.00 r
  U_FIFO/MEMORY_MODULE/MEMORY_reg[1][3]/Q (DFFRQX2M)      0.38       0.38 r
  U_FIFO/MEMORY_MODULE/U38/Y (OAI2BB2X1M)                 0.15       0.53 r
  U_FIFO/MEMORY_MODULE/MEMORY_reg[1][3]/D (DFFRQX2M)      0.00       0.53 r
  data arrival time                                                  0.53

  clock REF_CLK (rise edge)                               0.00       0.00
  clock network delay (ideal)                             0.00       0.00
  clock uncertainty                                       0.10       0.10
  U_FIFO/MEMORY_MODULE/MEMORY_reg[1][3]/CK (DFFRQX2M)     0.00       0.10 r
  library hold time                                      -0.17      -0.07
  data required time                                                -0.07
  --------------------------------------------------------------------------
  data required time                                                -0.07
  data arrival time                                                 -0.53
  --------------------------------------------------------------------------
  slack (MET)                                                        0.60


  Startpoint: U_FIFO/MEMORY_MODULE/MEMORY_reg[1][2]
              (rising edge-triggered flip-flop clocked by REF_CLK)
  Endpoint: U_FIFO/MEMORY_MODULE/MEMORY_reg[1][2]
            (rising edge-triggered flip-flop clocked by REF_CLK)
  Path Group: REF_CLK
  Path Type: min

  Point                                                   Incr       Path
  --------------------------------------------------------------------------
  clock REF_CLK (rise edge)                               0.00       0.00
  clock network delay (ideal)                             0.00       0.00
  U_FIFO/MEMORY_MODULE/MEMORY_reg[1][2]/CK (DFFRQX2M)     0.00       0.00 r
  U_FIFO/MEMORY_MODULE/MEMORY_reg[1][2]/Q (DFFRQX2M)      0.38       0.38 r
  U_FIFO/MEMORY_MODULE/U37/Y (OAI2BB2X1M)                 0.15       0.53 r
  U_FIFO/MEMORY_MODULE/MEMORY_reg[1][2]/D (DFFRQX2M)      0.00       0.53 r
  data arrival time                                                  0.53

  clock REF_CLK (rise edge)                               0.00       0.00
  clock network delay (ideal)                             0.00       0.00
  clock uncertainty                                       0.10       0.10
  U_FIFO/MEMORY_MODULE/MEMORY_reg[1][2]/CK (DFFRQX2M)     0.00       0.10 r
  library hold time                                      -0.17      -0.07
  data required time                                                -0.07
  --------------------------------------------------------------------------
  data required time                                                -0.07
  data arrival time                                                 -0.53
  --------------------------------------------------------------------------
  slack (MET)                                                        0.60


  Startpoint: U_FIFO/MEMORY_MODULE/MEMORY_reg[1][1]
              (rising edge-triggered flip-flop clocked by REF_CLK)
  Endpoint: U_FIFO/MEMORY_MODULE/MEMORY_reg[1][1]
            (rising edge-triggered flip-flop clocked by REF_CLK)
  Path Group: REF_CLK
  Path Type: min

  Point                                                   Incr       Path
  --------------------------------------------------------------------------
  clock REF_CLK (rise edge)                               0.00       0.00
  clock network delay (ideal)                             0.00       0.00
  U_FIFO/MEMORY_MODULE/MEMORY_reg[1][1]/CK (DFFRQX2M)     0.00       0.00 r
  U_FIFO/MEMORY_MODULE/MEMORY_reg[1][1]/Q (DFFRQX2M)      0.38       0.38 r
  U_FIFO/MEMORY_MODULE/U36/Y (OAI2BB2X1M)                 0.15       0.53 r
  U_FIFO/MEMORY_MODULE/MEMORY_reg[1][1]/D (DFFRQX2M)      0.00       0.53 r
  data arrival time                                                  0.53

  clock REF_CLK (rise edge)                               0.00       0.00
  clock network delay (ideal)                             0.00       0.00
  clock uncertainty                                       0.10       0.10
  U_FIFO/MEMORY_MODULE/MEMORY_reg[1][1]/CK (DFFRQX2M)     0.00       0.10 r
  library hold time                                      -0.17      -0.07
  data required time                                                -0.07
  --------------------------------------------------------------------------
  data required time                                                -0.07
  data arrival time                                                 -0.53
  --------------------------------------------------------------------------
  slack (MET)                                                        0.60


  Startpoint: U_FIFO/MEMORY_MODULE/MEMORY_reg[1][0]
              (rising edge-triggered flip-flop clocked by REF_CLK)
  Endpoint: U_FIFO/MEMORY_MODULE/MEMORY_reg[1][0]
            (rising edge-triggered flip-flop clocked by REF_CLK)
  Path Group: REF_CLK
  Path Type: min

  Point                                                   Incr       Path
  --------------------------------------------------------------------------
  clock REF_CLK (rise edge)                               0.00       0.00
  clock network delay (ideal)                             0.00       0.00
  U_FIFO/MEMORY_MODULE/MEMORY_reg[1][0]/CK (DFFRQX2M)     0.00       0.00 r
  U_FIFO/MEMORY_MODULE/MEMORY_reg[1][0]/Q (DFFRQX2M)      0.38       0.38 r
  U_FIFO/MEMORY_MODULE/U35/Y (OAI2BB2X1M)                 0.15       0.53 r
  U_FIFO/MEMORY_MODULE/MEMORY_reg[1][0]/D (DFFRQX2M)      0.00       0.53 r
  data arrival time                                                  0.53

  clock REF_CLK (rise edge)                               0.00       0.00
  clock network delay (ideal)                             0.00       0.00
  clock uncertainty                                       0.10       0.10
  U_FIFO/MEMORY_MODULE/MEMORY_reg[1][0]/CK (DFFRQX2M)     0.00       0.10 r
  library hold time                                      -0.17      -0.07
  data required time                                                -0.07
  --------------------------------------------------------------------------
  data required time                                                -0.07
  data arrival time                                                 -0.53
  --------------------------------------------------------------------------
  slack (MET)                                                        0.60


  Startpoint: U_RegFile/regArr_reg[9][4]
              (rising edge-triggered flip-flop clocked by REF_CLK)
  Endpoint: U_RegFile/regArr_reg[9][4]
            (rising edge-triggered flip-flop clocked by REF_CLK)
  Path Group: REF_CLK
  Path Type: min

  Point                                                   Incr       Path
  --------------------------------------------------------------------------
  clock REF_CLK (rise edge)                               0.00       0.00
  clock network delay (ideal)                             0.00       0.00
  U_RegFile/regArr_reg[9][4]/CK (DFFRQX2M)                0.00       0.00 r
  U_RegFile/regArr_reg[9][4]/Q (DFFRQX2M)                 0.38       0.38 r
  U_RegFile/U121/Y (OAI2BB2X1M)                           0.15       0.53 r
  U_RegFile/regArr_reg[9][4]/D (DFFRQX2M)                 0.00       0.53 r
  data arrival time                                                  0.53

  clock REF_CLK (rise edge)                               0.00       0.00
  clock network delay (ideal)                             0.00       0.00
  clock uncertainty                                       0.10       0.10
  U_RegFile/regArr_reg[9][4]/CK (DFFRQX2M)                0.00       0.10 r
  library hold time                                      -0.17      -0.07
  data required time                                                -0.07
  --------------------------------------------------------------------------
  data required time                                                -0.07
  data arrival time                                                 -0.53
  --------------------------------------------------------------------------
  slack (MET)                                                        0.60


  Startpoint: U_RegFile/regArr_reg[9][3]
              (rising edge-triggered flip-flop clocked by REF_CLK)
  Endpoint: U_RegFile/regArr_reg[9][3]
            (rising edge-triggered flip-flop clocked by REF_CLK)
  Path Group: REF_CLK
  Path Type: min

  Point                                                   Incr       Path
  --------------------------------------------------------------------------
  clock REF_CLK (rise edge)                               0.00       0.00
  clock network delay (ideal)                             0.00       0.00
  U_RegFile/regArr_reg[9][3]/CK (DFFRQX2M)                0.00       0.00 r
  U_RegFile/regArr_reg[9][3]/Q (DFFRQX2M)                 0.38       0.38 r
  U_RegFile/U120/Y (OAI2BB2X1M)                           0.15       0.53 r
  U_RegFile/regArr_reg[9][3]/D (DFFRQX2M)                 0.00       0.53 r
  data arrival time                                                  0.53

  clock REF_CLK (rise edge)                               0.00       0.00
  clock network delay (ideal)                             0.00       0.00
  clock uncertainty                                       0.10       0.10
  U_RegFile/regArr_reg[9][3]/CK (DFFRQX2M)                0.00       0.10 r
  library hold time                                      -0.17      -0.07
  data required time                                                -0.07
  --------------------------------------------------------------------------
  data required time                                                -0.07
  data arrival time                                                 -0.53
  --------------------------------------------------------------------------
  slack (MET)                                                        0.60


  Startpoint: U_RegFile/regArr_reg[9][2]
              (rising edge-triggered flip-flop clocked by REF_CLK)
  Endpoint: U_RegFile/regArr_reg[9][2]
            (rising edge-triggered flip-flop clocked by REF_CLK)
  Path Group: REF_CLK
  Path Type: min

  Point                                                   Incr       Path
  --------------------------------------------------------------------------
  clock REF_CLK (rise edge)                               0.00       0.00
  clock network delay (ideal)                             0.00       0.00
  U_RegFile/regArr_reg[9][2]/CK (DFFRQX2M)                0.00       0.00 r
  U_RegFile/regArr_reg[9][2]/Q (DFFRQX2M)                 0.38       0.38 r
  U_RegFile/U119/Y (OAI2BB2X1M)                           0.15       0.53 r
  U_RegFile/regArr_reg[9][2]/D (DFFRQX2M)                 0.00       0.53 r
  data arrival time                                                  0.53

  clock REF_CLK (rise edge)                               0.00       0.00
  clock network delay (ideal)                             0.00       0.00
  clock uncertainty                                       0.10       0.10
  U_RegFile/regArr_reg[9][2]/CK (DFFRQX2M)                0.00       0.10 r
  library hold time                                      -0.17      -0.07
  data required time                                                -0.07
  --------------------------------------------------------------------------
  data required time                                                -0.07
  data arrival time                                                 -0.53
  --------------------------------------------------------------------------
  slack (MET)                                                        0.60


  Startpoint: U_RegFile/regArr_reg[9][1]
              (rising edge-triggered flip-flop clocked by REF_CLK)
  Endpoint: U_RegFile/regArr_reg[9][1]
            (rising edge-triggered flip-flop clocked by REF_CLK)
  Path Group: REF_CLK
  Path Type: min

  Point                                                   Incr       Path
  --------------------------------------------------------------------------
  clock REF_CLK (rise edge)                               0.00       0.00
  clock network delay (ideal)                             0.00       0.00
  U_RegFile/regArr_reg[9][1]/CK (DFFRQX2M)                0.00       0.00 r
  U_RegFile/regArr_reg[9][1]/Q (DFFRQX2M)                 0.38       0.38 r
  U_RegFile/U118/Y (OAI2BB2X1M)                           0.15       0.53 r
  U_RegFile/regArr_reg[9][1]/D (DFFRQX2M)                 0.00       0.53 r
  data arrival time                                                  0.53

  clock REF_CLK (rise edge)                               0.00       0.00
  clock network delay (ideal)                             0.00       0.00
  clock uncertainty                                       0.10       0.10
  U_RegFile/regArr_reg[9][1]/CK (DFFRQX2M)                0.00       0.10 r
  library hold time                                      -0.17      -0.07
  data required time                                                -0.07
  --------------------------------------------------------------------------
  data required time                                                -0.07
  data arrival time                                                 -0.53
  --------------------------------------------------------------------------
  slack (MET)                                                        0.60


  Startpoint: U_RegFile/regArr_reg[9][0]
              (rising edge-triggered flip-flop clocked by REF_CLK)
  Endpoint: U_RegFile/regArr_reg[9][0]
            (rising edge-triggered flip-flop clocked by REF_CLK)
  Path Group: REF_CLK
  Path Type: min

  Point                                                   Incr       Path
  --------------------------------------------------------------------------
  clock REF_CLK (rise edge)                               0.00       0.00
  clock network delay (ideal)                             0.00       0.00
  U_RegFile/regArr_reg[9][0]/CK (DFFRQX2M)                0.00       0.00 r
  U_RegFile/regArr_reg[9][0]/Q (DFFRQX2M)                 0.38       0.38 r
  U_RegFile/U117/Y (OAI2BB2X1M)                           0.15       0.53 r
  U_RegFile/regArr_reg[9][0]/D (DFFRQX2M)                 0.00       0.53 r
  data arrival time                                                  0.53

  clock REF_CLK (rise edge)                               0.00       0.00
  clock network delay (ideal)                             0.00       0.00
  clock uncertainty                                       0.10       0.10
  U_RegFile/regArr_reg[9][0]/CK (DFFRQX2M)                0.00       0.10 r
  library hold time                                      -0.17      -0.07
  data required time                                                -0.07
  --------------------------------------------------------------------------
  data required time                                                -0.07
  data arrival time                                                 -0.53
  --------------------------------------------------------------------------
  slack (MET)                                                        0.60


  Startpoint: U_RegFile/regArr_reg[5][7]
              (rising edge-triggered flip-flop clocked by REF_CLK)
  Endpoint: U_RegFile/regArr_reg[5][7]
            (rising edge-triggered flip-flop clocked by REF_CLK)
  Path Group: REF_CLK
  Path Type: min

  Point                                                   Incr       Path
  --------------------------------------------------------------------------
  clock REF_CLK (rise edge)                               0.00       0.00
  clock network delay (ideal)                             0.00       0.00
  U_RegFile/regArr_reg[5][7]/CK (DFFRQX2M)                0.00       0.00 r
  U_RegFile/regArr_reg[5][7]/Q (DFFRQX2M)                 0.38       0.38 r
  U_RegFile/U92/Y (OAI2BB2X1M)                            0.15       0.53 r
  U_RegFile/regArr_reg[5][7]/D (DFFRQX2M)                 0.00       0.53 r
  data arrival time                                                  0.53

  clock REF_CLK (rise edge)                               0.00       0.00
  clock network delay (ideal)                             0.00       0.00
  clock uncertainty                                       0.10       0.10
  U_RegFile/regArr_reg[5][7]/CK (DFFRQX2M)                0.00       0.10 r
  library hold time                                      -0.17      -0.07
  data required time                                                -0.07
  --------------------------------------------------------------------------
  data required time                                                -0.07
  data arrival time                                                 -0.53
  --------------------------------------------------------------------------
  slack (MET)                                                        0.60


  Startpoint: U_RegFile/regArr_reg[5][6]
              (rising edge-triggered flip-flop clocked by REF_CLK)
  Endpoint: U_RegFile/regArr_reg[5][6]
            (rising edge-triggered flip-flop clocked by REF_CLK)
  Path Group: REF_CLK
  Path Type: min

  Point                                                   Incr       Path
  --------------------------------------------------------------------------
  clock REF_CLK (rise edge)                               0.00       0.00
  clock network delay (ideal)                             0.00       0.00
  U_RegFile/regArr_reg[5][6]/CK (DFFRQX2M)                0.00       0.00 r
  U_RegFile/regArr_reg[5][6]/Q (DFFRQX2M)                 0.38       0.38 r
  U_RegFile/U91/Y (OAI2BB2X1M)                            0.15       0.53 r
  U_RegFile/regArr_reg[5][6]/D (DFFRQX2M)                 0.00       0.53 r
  data arrival time                                                  0.53

  clock REF_CLK (rise edge)                               0.00       0.00
  clock network delay (ideal)                             0.00       0.00
  clock uncertainty                                       0.10       0.10
  U_RegFile/regArr_reg[5][6]/CK (DFFRQX2M)                0.00       0.10 r
  library hold time                                      -0.17      -0.07
  data required time                                                -0.07
  --------------------------------------------------------------------------
  data required time                                                -0.07
  data arrival time                                                 -0.53
  --------------------------------------------------------------------------
  slack (MET)                                                        0.60


  Startpoint: U_RegFile/regArr_reg[5][5]
              (rising edge-triggered flip-flop clocked by REF_CLK)
  Endpoint: U_RegFile/regArr_reg[5][5]
            (rising edge-triggered flip-flop clocked by REF_CLK)
  Path Group: REF_CLK
  Path Type: min

  Point                                                   Incr       Path
  --------------------------------------------------------------------------
  clock REF_CLK (rise edge)                               0.00       0.00
  clock network delay (ideal)                             0.00       0.00
  U_RegFile/regArr_reg[5][5]/CK (DFFRQX2M)                0.00       0.00 r
  U_RegFile/regArr_reg[5][5]/Q (DFFRQX2M)                 0.38       0.38 r
  U_RegFile/U90/Y (OAI2BB2X1M)                            0.15       0.53 r
  U_RegFile/regArr_reg[5][5]/D (DFFRQX2M)                 0.00       0.53 r
  data arrival time                                                  0.53

  clock REF_CLK (rise edge)                               0.00       0.00
  clock network delay (ideal)                             0.00       0.00
  clock uncertainty                                       0.10       0.10
  U_RegFile/regArr_reg[5][5]/CK (DFFRQX2M)                0.00       0.10 r
  library hold time                                      -0.17      -0.07
  data required time                                                -0.07
  --------------------------------------------------------------------------
  data required time                                                -0.07
  data arrival time                                                 -0.53
  --------------------------------------------------------------------------
  slack (MET)                                                        0.60


  Startpoint: U_RegFile/regArr_reg[5][4]
              (rising edge-triggered flip-flop clocked by REF_CLK)
  Endpoint: U_RegFile/regArr_reg[5][4]
            (rising edge-triggered flip-flop clocked by REF_CLK)
  Path Group: REF_CLK
  Path Type: min

  Point                                                   Incr       Path
  --------------------------------------------------------------------------
  clock REF_CLK (rise edge)                               0.00       0.00
  clock network delay (ideal)                             0.00       0.00
  U_RegFile/regArr_reg[5][4]/CK (DFFRQX2M)                0.00       0.00 r
  U_RegFile/regArr_reg[5][4]/Q (DFFRQX2M)                 0.38       0.38 r
  U_RegFile/U89/Y (OAI2BB2X1M)                            0.15       0.53 r
  U_RegFile/regArr_reg[5][4]/D (DFFRQX2M)                 0.00       0.53 r
  data arrival time                                                  0.53

  clock REF_CLK (rise edge)                               0.00       0.00
  clock network delay (ideal)                             0.00       0.00
  clock uncertainty                                       0.10       0.10
  U_RegFile/regArr_reg[5][4]/CK (DFFRQX2M)                0.00       0.10 r
  library hold time                                      -0.17      -0.07
  data required time                                                -0.07
  --------------------------------------------------------------------------
  data required time                                                -0.07
  data arrival time                                                 -0.53
  --------------------------------------------------------------------------
  slack (MET)                                                        0.60


  Startpoint: U_RegFile/regArr_reg[5][3]
              (rising edge-triggered flip-flop clocked by REF_CLK)
  Endpoint: U_RegFile/regArr_reg[5][3]
            (rising edge-triggered flip-flop clocked by REF_CLK)
  Path Group: REF_CLK
  Path Type: min

  Point                                                   Incr       Path
  --------------------------------------------------------------------------
  clock REF_CLK (rise edge)                               0.00       0.00
  clock network delay (ideal)                             0.00       0.00
  U_RegFile/regArr_reg[5][3]/CK (DFFRQX2M)                0.00       0.00 r
  U_RegFile/regArr_reg[5][3]/Q (DFFRQX2M)                 0.38       0.38 r
  U_RegFile/U88/Y (OAI2BB2X1M)                            0.15       0.53 r
  U_RegFile/regArr_reg[5][3]/D (DFFRQX2M)                 0.00       0.53 r
  data arrival time                                                  0.53

  clock REF_CLK (rise edge)                               0.00       0.00
  clock network delay (ideal)                             0.00       0.00
  clock uncertainty                                       0.10       0.10
  U_RegFile/regArr_reg[5][3]/CK (DFFRQX2M)                0.00       0.10 r
  library hold time                                      -0.17      -0.07
  data required time                                                -0.07
  --------------------------------------------------------------------------
  data required time                                                -0.07
  data arrival time                                                 -0.53
  --------------------------------------------------------------------------
  slack (MET)                                                        0.60


  Startpoint: U_RegFile/regArr_reg[5][2]
              (rising edge-triggered flip-flop clocked by REF_CLK)
  Endpoint: U_RegFile/regArr_reg[5][2]
            (rising edge-triggered flip-flop clocked by REF_CLK)
  Path Group: REF_CLK
  Path Type: min

  Point                                                   Incr       Path
  --------------------------------------------------------------------------
  clock REF_CLK (rise edge)                               0.00       0.00
  clock network delay (ideal)                             0.00       0.00
  U_RegFile/regArr_reg[5][2]/CK (DFFRQX2M)                0.00       0.00 r
  U_RegFile/regArr_reg[5][2]/Q (DFFRQX2M)                 0.38       0.38 r
  U_RegFile/U87/Y (OAI2BB2X1M)                            0.15       0.53 r
  U_RegFile/regArr_reg[5][2]/D (DFFRQX2M)                 0.00       0.53 r
  data arrival time                                                  0.53

  clock REF_CLK (rise edge)                               0.00       0.00
  clock network delay (ideal)                             0.00       0.00
  clock uncertainty                                       0.10       0.10
  U_RegFile/regArr_reg[5][2]/CK (DFFRQX2M)                0.00       0.10 r
  library hold time                                      -0.17      -0.07
  data required time                                                -0.07
  --------------------------------------------------------------------------
  data required time                                                -0.07
  data arrival time                                                 -0.53
  --------------------------------------------------------------------------
  slack (MET)                                                        0.60


  Startpoint: U_RegFile/regArr_reg[5][1]
              (rising edge-triggered flip-flop clocked by REF_CLK)
  Endpoint: U_RegFile/regArr_reg[5][1]
            (rising edge-triggered flip-flop clocked by REF_CLK)
  Path Group: REF_CLK
  Path Type: min

  Point                                                   Incr       Path
  --------------------------------------------------------------------------
  clock REF_CLK (rise edge)                               0.00       0.00
  clock network delay (ideal)                             0.00       0.00
  U_RegFile/regArr_reg[5][1]/CK (DFFRQX2M)                0.00       0.00 r
  U_RegFile/regArr_reg[5][1]/Q (DFFRQX2M)                 0.38       0.38 r
  U_RegFile/U86/Y (OAI2BB2X1M)                            0.15       0.53 r
  U_RegFile/regArr_reg[5][1]/D (DFFRQX2M)                 0.00       0.53 r
  data arrival time                                                  0.53

  clock REF_CLK (rise edge)                               0.00       0.00
  clock network delay (ideal)                             0.00       0.00
  clock uncertainty                                       0.10       0.10
  U_RegFile/regArr_reg[5][1]/CK (DFFRQX2M)                0.00       0.10 r
  library hold time                                      -0.17      -0.07
  data required time                                                -0.07
  --------------------------------------------------------------------------
  data required time                                                -0.07
  data arrival time                                                 -0.53
  --------------------------------------------------------------------------
  slack (MET)                                                        0.60


  Startpoint: U_RegFile/regArr_reg[5][0]
              (rising edge-triggered flip-flop clocked by REF_CLK)
  Endpoint: U_RegFile/regArr_reg[5][0]
            (rising edge-triggered flip-flop clocked by REF_CLK)
  Path Group: REF_CLK
  Path Type: min

  Point                                                   Incr       Path
  --------------------------------------------------------------------------
  clock REF_CLK (rise edge)                               0.00       0.00
  clock network delay (ideal)                             0.00       0.00
  U_RegFile/regArr_reg[5][0]/CK (DFFRQX2M)                0.00       0.00 r
  U_RegFile/regArr_reg[5][0]/Q (DFFRQX2M)                 0.38       0.38 r
  U_RegFile/U85/Y (OAI2BB2X1M)                            0.15       0.53 r
  U_RegFile/regArr_reg[5][0]/D (DFFRQX2M)                 0.00       0.53 r
  data arrival time                                                  0.53

  clock REF_CLK (rise edge)                               0.00       0.00
  clock network delay (ideal)                             0.00       0.00
  clock uncertainty                                       0.10       0.10
  U_RegFile/regArr_reg[5][0]/CK (DFFRQX2M)                0.00       0.10 r
  library hold time                                      -0.17      -0.07
  data required time                                                -0.07
  --------------------------------------------------------------------------
  data required time                                                -0.07
  data arrival time                                                 -0.53
  --------------------------------------------------------------------------
  slack (MET)                                                        0.60


  Startpoint: UART/U_UART_RX/U5/par_err_reg
              (rising edge-triggered flip-flop clocked by UART_RX_CLK)
  Endpoint: parity_error
            (output port clocked by UART_RX_CLK)
  Path Group: REGOUT
  Path Type: min

  Point                                                   Incr       Path
  --------------------------------------------------------------------------
  clock UART_RX_CLK (rise edge)                           0.00       0.00
  clock network delay (ideal)                             0.00       0.00
  UART/U_UART_RX/U5/par_err_reg/CK (DFFRQX2M)             0.00       0.00 r
  UART/U_UART_RX/U5/par_err_reg/Q (DFFRQX2M)              0.76       0.76 f
  UART/U_UART_RX/U5/par_err (PAR_CHECK_DATA_WIDTH8)       0.00       0.76 f
  UART/U_UART_RX/par_err (UART_RX_DATA_WIDTH8)            0.00       0.76 f
  UART/parity_error (UART_TOP)                            0.00       0.76 f
  parity_error (out)                                      0.00       0.76 f
  data arrival time                                                  0.76

  clock UART_RX_CLK (rise edge)                           0.00       0.00
  clock network delay (ideal)                             0.00       0.00
  clock uncertainty                                       0.10       0.10
  output external delay                                 -54.25     -54.15
  data required time                                               -54.15
  --------------------------------------------------------------------------
  data required time                                               -54.15
  data arrival time                                                 -0.76
  --------------------------------------------------------------------------
  slack (MET)                                                       54.91


  Startpoint: UART/U_UART_RX/U4/stop_err_reg
              (rising edge-triggered flip-flop clocked by UART_RX_CLK)
  Endpoint: framing_error
            (output port clocked by UART_RX_CLK)
  Path Group: REGOUT
  Path Type: min

  Point                                                   Incr       Path
  --------------------------------------------------------------------------
  clock UART_RX_CLK (rise edge)                           0.00       0.00
  clock network delay (ideal)                             0.00       0.00
  UART/U_UART_RX/U4/stop_err_reg/CK (DFFRQX2M)            0.00       0.00 r
  UART/U_UART_RX/U4/stop_err_reg/Q (DFFRQX2M)             0.76       0.76 f
  UART/U_UART_RX/U4/stop_err (STOP_CHECK)                 0.00       0.76 f
  UART/U_UART_RX/stop_err (UART_RX_DATA_WIDTH8)           0.00       0.76 f
  UART/framing_error (UART_TOP)                           0.00       0.76 f
  framing_error (out)                                     0.00       0.76 f
  data arrival time                                                  0.76

  clock UART_RX_CLK (rise edge)                           0.00       0.00
  clock network delay (ideal)                             0.00       0.00
  clock uncertainty                                       0.10       0.10
  output external delay                                 -54.25     -54.15
  data required time                                               -54.15
  --------------------------------------------------------------------------
  data required time                                               -54.15
  data arrival time                                                 -0.76
  --------------------------------------------------------------------------
  slack (MET)                                                       54.91


  Startpoint: UART/U_UART_TX/U4/TX_OUT_reg
              (rising edge-triggered flip-flop clocked by UART_TX_CLK)
  Endpoint: UART_TX_O (output port clocked by UART_TX_CLK)
  Path Group: REGOUT
  Path Type: min

  Point                                                   Incr       Path
  --------------------------------------------------------------------------
  clock UART_TX_CLK (rise edge)                           0.00       0.00
  clock network delay (ideal)                             0.00       0.00
  UART/U_UART_TX/U4/TX_OUT_reg/CK (DFFSQX2M)              0.00       0.00 r
  UART/U_UART_TX/U4/TX_OUT_reg/Q (DFFSQX2M)               0.74       0.74 f
  UART/U_UART_TX/U4/TX_OUT (MUX_MUX_WIDTH2)               0.00       0.74 f
  UART/U_UART_TX/TX_OUT (UART_TX_DATA_WIDTH8)             0.00       0.74 f
  UART/TX_OUT_S (UART_TOP)                                0.00       0.74 f
  UART_TX_O (out)                                         0.00       0.74 f
  data arrival time                                                  0.74

  clock UART_TX_CLK (rise edge)                           0.00       0.00
  clock network delay (ideal)                             0.00       0.00
  clock uncertainty                                       0.10       0.10
  output external delay                               -1736.11   -1736.01
  data required time                                             -1736.01
  --------------------------------------------------------------------------
  data required time                                             -1736.01
  data arrival time                                                 -0.74
  --------------------------------------------------------------------------
  slack (MET)                                                     1736.75


  Startpoint: UART_RST_SYNC/sync_reg_reg[0]/CK
              (internal path startpoint clocked by UART_CLK)
  Endpoint: UART_RST_SYNC/sync_reg_reg[1]
            (rising edge-triggered flip-flop clocked by UART_CLK)
  Path Group: UART_CLK
  Path Type: min

  Point                                                   Incr       Path
  --------------------------------------------------------------------------
  clock UART_CLK (rise edge)                              0.00       0.00
  clock network delay (ideal)                             0.00       0.00
  input external delay                                    0.00       0.00 r
  UART_RST_SYNC/sync_reg_reg[0]/CK (DFFRQX2M)             0.00       0.00 r
  UART_RST_SYNC/sync_reg_reg[0]/Q (DFFRQX2M)              0.46       0.46 f
  UART_RST_SYNC/sync_reg_reg[1]/D (DFFRQX2M)              0.00       0.46 f
  data arrival time                                                  0.46

  clock UART_CLK (rise edge)                              0.00       0.00
  clock network delay (ideal)                             0.00       0.00
  clock uncertainty                                       0.10       0.10
  UART_RST_SYNC/sync_reg_reg[1]/CK (DFFRQX2M)             0.00       0.10 r
  library hold time                                      -0.02       0.08
  data required time                                                 0.08
  --------------------------------------------------------------------------
  data required time                                                 0.08
  data arrival time                                                 -0.46
  --------------------------------------------------------------------------
  slack (MET)                                                        0.38


  Startpoint: Clk_Div_TX_CONS/odd_edge_tog_reg
              (rising edge-triggered flip-flop clocked by UART_CLK)
  Endpoint: Clk_Div_TX_CONS/odd_edge_tog_reg
            (rising edge-triggered flip-flop clocked by UART_CLK)
  Path Group: UART_CLK
  Path Type: min

  Point                                                   Incr       Path
  --------------------------------------------------------------------------
  clock UART_CLK (rise edge)                              0.00       0.00
  clock network delay (ideal)                             0.00       0.00
  Clk_Div_TX_CONS/odd_edge_tog_reg/CK (DFFSQX2M)          0.00       0.00 r
  Clk_Div_TX_CONS/odd_edge_tog_reg/Q (DFFSQX2M)           0.44       0.44 r
  Clk_Div_TX_CONS/U29/Y (XNOR2X1M)                        0.05       0.49 f
  Clk_Div_TX_CONS/odd_edge_tog_reg/D (DFFSQX2M)           0.00       0.49 f
  data arrival time                                                  0.49

  clock UART_CLK (rise edge)                              0.00       0.00
  clock network delay (ideal)                             0.00       0.00
  clock uncertainty                                       0.10       0.10
  Clk_Div_TX_CONS/odd_edge_tog_reg/CK (DFFSQX2M)          0.00       0.10 r
  library hold time                                      -0.09       0.01
  data required time                                                 0.01
  --------------------------------------------------------------------------
  data required time                                                 0.01
  data arrival time                                                 -0.49
  --------------------------------------------------------------------------
  slack (MET)                                                        0.48


  Startpoint: Clk_Div_RX_Prescale/odd_edge_tog_reg
              (rising edge-triggered flip-flop clocked by UART_CLK)
  Endpoint: Clk_Div_RX_Prescale/odd_edge_tog_reg
            (rising edge-triggered flip-flop clocked by UART_CLK)
  Path Group: UART_CLK
  Path Type: min

  Point                                                   Incr       Path
  --------------------------------------------------------------------------
  clock UART_CLK (rise edge)                              0.00       0.00
  clock network delay (ideal)                             0.00       0.00
  Clk_Div_RX_Prescale/odd_edge_tog_reg/CK (DFFSQX2M)      0.00       0.00 r
  Clk_Div_RX_Prescale/odd_edge_tog_reg/Q (DFFSQX2M)       0.44       0.44 r
  Clk_Div_RX_Prescale/U29/Y (XNOR2X1M)                    0.05       0.49 f
  Clk_Div_RX_Prescale/odd_edge_tog_reg/D (DFFSQX2M)       0.00       0.49 f
  data arrival time                                                  0.49

  clock UART_CLK (rise edge)                              0.00       0.00
  clock network delay (ideal)                             0.00       0.00
  clock uncertainty                                       0.10       0.10
  Clk_Div_RX_Prescale/odd_edge_tog_reg/CK (DFFSQX2M)      0.00       0.10 r
  library hold time                                      -0.09       0.01
  data required time                                                 0.01
  --------------------------------------------------------------------------
  data required time                                                 0.01
  data arrival time                                                 -0.49
  --------------------------------------------------------------------------
  slack (MET)                                                        0.48


  Startpoint: Clk_Div_TX_CONS/div_clk_reg
              (rising edge-triggered flip-flop clocked by UART_CLK)
  Endpoint: Clk_Div_TX_CONS/div_clk_reg
            (rising edge-triggered flip-flop clocked by UART_CLK)
  Path Group: UART_CLK
  Path Type: min

  Point                                                   Incr       Path
  --------------------------------------------------------------------------
  clock UART_CLK (rise edge)                              0.00       0.00
  clock network delay (ideal)                             0.00       0.00
  Clk_Div_TX_CONS/div_clk_reg/CK (DFFRQX2M)               0.00       0.00 r
  Clk_Div_TX_CONS/div_clk_reg/Q (DFFRQX2M)                0.39       0.39 r
  Clk_Div_TX_CONS/U26/Y (CLKXOR2X2M)                      0.20       0.59 f
  Clk_Div_TX_CONS/div_clk_reg/D (DFFRQX2M)                0.00       0.59 f
  data arrival time                                                  0.59

  clock UART_CLK (rise edge)                              0.00       0.00
  clock network delay (ideal)                             0.00       0.00
  clock uncertainty                                       0.10       0.10
  Clk_Div_TX_CONS/div_clk_reg/CK (DFFRQX2M)               0.00       0.10 r
  library hold time                                      -0.02       0.08
  data required time                                                 0.08
  --------------------------------------------------------------------------
  data required time                                                 0.08
  data arrival time                                                 -0.59
  --------------------------------------------------------------------------
  slack (MET)                                                        0.51


  Startpoint: Clk_Div_RX_Prescale/div_clk_reg
              (rising edge-triggered flip-flop clocked by UART_CLK)
  Endpoint: Clk_Div_RX_Prescale/div_clk_reg
            (rising edge-triggered flip-flop clocked by UART_CLK)
  Path Group: UART_CLK
  Path Type: min

  Point                                                   Incr       Path
  --------------------------------------------------------------------------
  clock UART_CLK (rise edge)                              0.00       0.00
  clock network delay (ideal)                             0.00       0.00
  Clk_Div_RX_Prescale/div_clk_reg/CK (DFFRQX2M)           0.00       0.00 r
  Clk_Div_RX_Prescale/div_clk_reg/Q (DFFRQX2M)            0.39       0.39 r
  Clk_Div_RX_Prescale/U26/Y (CLKXOR2X2M)                  0.20       0.59 f
  Clk_Div_RX_Prescale/div_clk_reg/D (DFFRQX2M)            0.00       0.59 f
  data arrival time                                                  0.59

  clock UART_CLK (rise edge)                              0.00       0.00
  clock network delay (ideal)                             0.00       0.00
  clock uncertainty                                       0.10       0.10
  Clk_Div_RX_Prescale/div_clk_reg/CK (DFFRQX2M)           0.00       0.10 r
  library hold time                                      -0.02       0.08
  data required time                                                 0.08
  --------------------------------------------------------------------------
  data required time                                                 0.08
  data arrival time                                                 -0.59
  --------------------------------------------------------------------------
  slack (MET)                                                        0.51


  Startpoint: Clk_Div_TX_CONS/count_reg[6]
              (rising edge-triggered flip-flop clocked by UART_CLK)
  Endpoint: Clk_Div_TX_CONS/count_reg[6]
            (rising edge-triggered flip-flop clocked by UART_CLK)
  Path Group: UART_CLK
  Path Type: min

  Point                                                   Incr       Path
  --------------------------------------------------------------------------
  clock UART_CLK (rise edge)                              0.00       0.00
  clock network delay (ideal)                             0.00       0.00
  Clk_Div_TX_CONS/count_reg[6]/CK (DFFRQX2M)              0.00       0.00 r
  Clk_Div_TX_CONS/count_reg[6]/Q (DFFRQX2M)               0.41       0.41 r
  Clk_Div_TX_CONS/U24/Y (AO22X1M)                         0.15       0.56 r
  Clk_Div_TX_CONS/count_reg[6]/D (DFFRQX2M)               0.00       0.56 r
  data arrival time                                                  0.56

  clock UART_CLK (rise edge)                              0.00       0.00
  clock network delay (ideal)                             0.00       0.00
  clock uncertainty                                       0.10       0.10
  Clk_Div_TX_CONS/count_reg[6]/CK (DFFRQX2M)              0.00       0.10 r
  library hold time                                      -0.17      -0.07
  data required time                                                -0.07
  --------------------------------------------------------------------------
  data required time                                                -0.07
  data arrival time                                                 -0.56
  --------------------------------------------------------------------------
  slack (MET)                                                        0.62


  Startpoint: Clk_Div_RX_Prescale/count_reg[6]
              (rising edge-triggered flip-flop clocked by UART_CLK)
  Endpoint: Clk_Div_RX_Prescale/count_reg[6]
            (rising edge-triggered flip-flop clocked by UART_CLK)
  Path Group: UART_CLK
  Path Type: min

  Point                                                   Incr       Path
  --------------------------------------------------------------------------
  clock UART_CLK (rise edge)                              0.00       0.00
  clock network delay (ideal)                             0.00       0.00
  Clk_Div_RX_Prescale/count_reg[6]/CK (DFFRQX2M)          0.00       0.00 r
  Clk_Div_RX_Prescale/count_reg[6]/Q (DFFRQX2M)           0.41       0.41 r
  Clk_Div_RX_Prescale/U24/Y (AO22X1M)                     0.15       0.56 r
  Clk_Div_RX_Prescale/count_reg[6]/D (DFFRQX2M)           0.00       0.56 r
  data arrival time                                                  0.56

  clock UART_CLK (rise edge)                              0.00       0.00
  clock network delay (ideal)                             0.00       0.00
  clock uncertainty                                       0.10       0.10
  Clk_Div_RX_Prescale/count_reg[6]/CK (DFFRQX2M)          0.00       0.10 r
  library hold time                                      -0.17      -0.07
  data required time                                                -0.07
  --------------------------------------------------------------------------
  data required time                                                -0.07
  data arrival time                                                 -0.56
  --------------------------------------------------------------------------
  slack (MET)                                                        0.62


  Startpoint: Clk_Div_TX_CONS/count_reg[5]
              (rising edge-triggered flip-flop clocked by UART_CLK)
  Endpoint: Clk_Div_TX_CONS/count_reg[5]
            (rising edge-triggered flip-flop clocked by UART_CLK)
  Path Group: UART_CLK
  Path Type: min

  Point                                                   Incr       Path
  --------------------------------------------------------------------------
  clock UART_CLK (rise edge)                              0.00       0.00
  clock network delay (ideal)                             0.00       0.00
  Clk_Div_TX_CONS/count_reg[5]/CK (DFFRQX2M)              0.00       0.00 r
  Clk_Div_TX_CONS/count_reg[5]/Q (DFFRQX2M)               0.41       0.41 r
  Clk_Div_TX_CONS/U23/Y (AO22X1M)                         0.15       0.56 r
  Clk_Div_TX_CONS/count_reg[5]/D (DFFRQX2M)               0.00       0.56 r
  data arrival time                                                  0.56

  clock UART_CLK (rise edge)                              0.00       0.00
  clock network delay (ideal)                             0.00       0.00
  clock uncertainty                                       0.10       0.10
  Clk_Div_TX_CONS/count_reg[5]/CK (DFFRQX2M)              0.00       0.10 r
  library hold time                                      -0.17      -0.07
  data required time                                                -0.07
  --------------------------------------------------------------------------
  data required time                                                -0.07
  data arrival time                                                 -0.56
  --------------------------------------------------------------------------
  slack (MET)                                                        0.63


  Startpoint: Clk_Div_TX_CONS/count_reg[4]
              (rising edge-triggered flip-flop clocked by UART_CLK)
  Endpoint: Clk_Div_TX_CONS/count_reg[4]
            (rising edge-triggered flip-flop clocked by UART_CLK)
  Path Group: UART_CLK
  Path Type: min

  Point                                                   Incr       Path
  --------------------------------------------------------------------------
  clock UART_CLK (rise edge)                              0.00       0.00
  clock network delay (ideal)                             0.00       0.00
  Clk_Div_TX_CONS/count_reg[4]/CK (DFFRQX2M)              0.00       0.00 r
  Clk_Div_TX_CONS/count_reg[4]/Q (DFFRQX2M)               0.41       0.41 r
  Clk_Div_TX_CONS/U22/Y (AO22X1M)                         0.15       0.56 r
  Clk_Div_TX_CONS/count_reg[4]/D (DFFRQX2M)               0.00       0.56 r
  data arrival time                                                  0.56

  clock UART_CLK (rise edge)                              0.00       0.00
  clock network delay (ideal)                             0.00       0.00
  clock uncertainty                                       0.10       0.10
  Clk_Div_TX_CONS/count_reg[4]/CK (DFFRQX2M)              0.00       0.10 r
  library hold time                                      -0.17      -0.07
  data required time                                                -0.07
  --------------------------------------------------------------------------
  data required time                                                -0.07
  data arrival time                                                 -0.56
  --------------------------------------------------------------------------
  slack (MET)                                                        0.63


  Startpoint: Clk_Div_TX_CONS/count_reg[3]
              (rising edge-triggered flip-flop clocked by UART_CLK)
  Endpoint: Clk_Div_TX_CONS/count_reg[3]
            (rising edge-triggered flip-flop clocked by UART_CLK)
  Path Group: UART_CLK
  Path Type: min

  Point                                                   Incr       Path
  --------------------------------------------------------------------------
  clock UART_CLK (rise edge)                              0.00       0.00
  clock network delay (ideal)                             0.00       0.00
  Clk_Div_TX_CONS/count_reg[3]/CK (DFFRQX2M)              0.00       0.00 r
  Clk_Div_TX_CONS/count_reg[3]/Q (DFFRQX2M)               0.41       0.41 r
  Clk_Div_TX_CONS/U21/Y (AO22X1M)                         0.15       0.56 r
  Clk_Div_TX_CONS/count_reg[3]/D (DFFRQX2M)               0.00       0.56 r
  data arrival time                                                  0.56

  clock UART_CLK (rise edge)                              0.00       0.00
  clock network delay (ideal)                             0.00       0.00
  clock uncertainty                                       0.10       0.10
  Clk_Div_TX_CONS/count_reg[3]/CK (DFFRQX2M)              0.00       0.10 r
  library hold time                                      -0.17      -0.07
  data required time                                                -0.07
  --------------------------------------------------------------------------
  data required time                                                -0.07
  data arrival time                                                 -0.56
  --------------------------------------------------------------------------
  slack (MET)                                                        0.63


  Startpoint: Clk_Div_RX_Prescale/count_reg[5]
              (rising edge-triggered flip-flop clocked by UART_CLK)
  Endpoint: Clk_Div_RX_Prescale/count_reg[5]
            (rising edge-triggered flip-flop clocked by UART_CLK)
  Path Group: UART_CLK
  Path Type: min

  Point                                                   Incr       Path
  --------------------------------------------------------------------------
  clock UART_CLK (rise edge)                              0.00       0.00
  clock network delay (ideal)                             0.00       0.00
  Clk_Div_RX_Prescale/count_reg[5]/CK (DFFRQX2M)          0.00       0.00 r
  Clk_Div_RX_Prescale/count_reg[5]/Q (DFFRQX2M)           0.41       0.41 r
  Clk_Div_RX_Prescale/U23/Y (AO22X1M)                     0.15       0.56 r
  Clk_Div_RX_Prescale/count_reg[5]/D (DFFRQX2M)           0.00       0.56 r
  data arrival time                                                  0.56

  clock UART_CLK (rise edge)                              0.00       0.00
  clock network delay (ideal)                             0.00       0.00
  clock uncertainty                                       0.10       0.10
  Clk_Div_RX_Prescale/count_reg[5]/CK (DFFRQX2M)          0.00       0.10 r
  library hold time                                      -0.17      -0.07
  data required time                                                -0.07
  --------------------------------------------------------------------------
  data required time                                                -0.07
  data arrival time                                                 -0.56
  --------------------------------------------------------------------------
  slack (MET)                                                        0.63


  Startpoint: Clk_Div_RX_Prescale/count_reg[4]
              (rising edge-triggered flip-flop clocked by UART_CLK)
  Endpoint: Clk_Div_RX_Prescale/count_reg[4]
            (rising edge-triggered flip-flop clocked by UART_CLK)
  Path Group: UART_CLK
  Path Type: min

  Point                                                   Incr       Path
  --------------------------------------------------------------------------
  clock UART_CLK (rise edge)                              0.00       0.00
  clock network delay (ideal)                             0.00       0.00
  Clk_Div_RX_Prescale/count_reg[4]/CK (DFFRQX2M)          0.00       0.00 r
  Clk_Div_RX_Prescale/count_reg[4]/Q (DFFRQX2M)           0.41       0.41 r
  Clk_Div_RX_Prescale/U22/Y (AO22X1M)                     0.15       0.56 r
  Clk_Div_RX_Prescale/count_reg[4]/D (DFFRQX2M)           0.00       0.56 r
  data arrival time                                                  0.56

  clock UART_CLK (rise edge)                              0.00       0.00
  clock network delay (ideal)                             0.00       0.00
  clock uncertainty                                       0.10       0.10
  Clk_Div_RX_Prescale/count_reg[4]/CK (DFFRQX2M)          0.00       0.10 r
  library hold time                                      -0.17      -0.07
  data required time                                                -0.07
  --------------------------------------------------------------------------
  data required time                                                -0.07
  data arrival time                                                 -0.56
  --------------------------------------------------------------------------
  slack (MET)                                                        0.63


  Startpoint: Clk_Div_RX_Prescale/count_reg[3]
              (rising edge-triggered flip-flop clocked by UART_CLK)
  Endpoint: Clk_Div_RX_Prescale/count_reg[3]
            (rising edge-triggered flip-flop clocked by UART_CLK)
  Path Group: UART_CLK
  Path Type: min

  Point                                                   Incr       Path
  --------------------------------------------------------------------------
  clock UART_CLK (rise edge)                              0.00       0.00
  clock network delay (ideal)                             0.00       0.00
  Clk_Div_RX_Prescale/count_reg[3]/CK (DFFRQX2M)          0.00       0.00 r
  Clk_Div_RX_Prescale/count_reg[3]/Q (DFFRQX2M)           0.41       0.41 r
  Clk_Div_RX_Prescale/U21/Y (AO22X1M)                     0.15       0.56 r
  Clk_Div_RX_Prescale/count_reg[3]/D (DFFRQX2M)           0.00       0.56 r
  data arrival time                                                  0.56

  clock UART_CLK (rise edge)                              0.00       0.00
  clock network delay (ideal)                             0.00       0.00
  clock uncertainty                                       0.10       0.10
  Clk_Div_RX_Prescale/count_reg[3]/CK (DFFRQX2M)          0.00       0.10 r
  library hold time                                      -0.17      -0.07
  data required time                                                -0.07
  --------------------------------------------------------------------------
  data required time                                                -0.07
  data arrival time                                                 -0.56
  --------------------------------------------------------------------------
  slack (MET)                                                        0.63


  Startpoint: Clk_Div_TX_CONS/count_reg[2]
              (rising edge-triggered flip-flop clocked by UART_CLK)
  Endpoint: Clk_Div_TX_CONS/count_reg[2]
            (rising edge-triggered flip-flop clocked by UART_CLK)
  Path Group: UART_CLK
  Path Type: min

  Point                                                   Incr       Path
  --------------------------------------------------------------------------
  clock UART_CLK (rise edge)                              0.00       0.00
  clock network delay (ideal)                             0.00       0.00
  Clk_Div_TX_CONS/count_reg[2]/CK (DFFRQX2M)              0.00       0.00 r
  Clk_Div_TX_CONS/count_reg[2]/Q (DFFRQX2M)               0.42       0.42 r
  Clk_Div_TX_CONS/U20/Y (AO22X1M)                         0.15       0.57 r
  Clk_Div_TX_CONS/count_reg[2]/D (DFFRQX2M)               0.00       0.57 r
  data arrival time                                                  0.57

  clock UART_CLK (rise edge)                              0.00       0.00
  clock network delay (ideal)                             0.00       0.00
  clock uncertainty                                       0.10       0.10
  Clk_Div_TX_CONS/count_reg[2]/CK (DFFRQX2M)              0.00       0.10 r
  library hold time                                      -0.17      -0.07
  data required time                                                -0.07
  --------------------------------------------------------------------------
  data required time                                                -0.07
  data arrival time                                                 -0.57
  --------------------------------------------------------------------------
  slack (MET)                                                        0.63


  Startpoint: Clk_Div_TX_CONS/count_reg[1]
              (rising edge-triggered flip-flop clocked by UART_CLK)
  Endpoint: Clk_Div_TX_CONS/count_reg[1]
            (rising edge-triggered flip-flop clocked by UART_CLK)
  Path Group: UART_CLK
  Path Type: min

  Point                                                   Incr       Path
  --------------------------------------------------------------------------
  clock UART_CLK (rise edge)                              0.00       0.00
  clock network delay (ideal)                             0.00       0.00
  Clk_Div_TX_CONS/count_reg[1]/CK (DFFRQX2M)              0.00       0.00 r
  Clk_Div_TX_CONS/count_reg[1]/Q (DFFRQX2M)               0.42       0.42 r
  Clk_Div_TX_CONS/U19/Y (AO22X1M)                         0.15       0.57 r
  Clk_Div_TX_CONS/count_reg[1]/D (DFFRQX2M)               0.00       0.57 r
  data arrival time                                                  0.57

  clock UART_CLK (rise edge)                              0.00       0.00
  clock network delay (ideal)                             0.00       0.00
  clock uncertainty                                       0.10       0.10
  Clk_Div_TX_CONS/count_reg[1]/CK (DFFRQX2M)              0.00       0.10 r
  library hold time                                      -0.17      -0.07
  data required time                                                -0.07
  --------------------------------------------------------------------------
  data required time                                                -0.07
  data arrival time                                                 -0.57
  --------------------------------------------------------------------------
  slack (MET)                                                        0.63


  Startpoint: Clk_Div_RX_Prescale/count_reg[2]
              (rising edge-triggered flip-flop clocked by UART_CLK)
  Endpoint: Clk_Div_RX_Prescale/count_reg[2]
            (rising edge-triggered flip-flop clocked by UART_CLK)
  Path Group: UART_CLK
  Path Type: min

  Point                                                   Incr       Path
  --------------------------------------------------------------------------
  clock UART_CLK (rise edge)                              0.00       0.00
  clock network delay (ideal)                             0.00       0.00
  Clk_Div_RX_Prescale/count_reg[2]/CK (DFFRQX2M)          0.00       0.00 r
  Clk_Div_RX_Prescale/count_reg[2]/Q (DFFRQX2M)           0.42       0.42 r
  Clk_Div_RX_Prescale/U20/Y (AO22X1M)                     0.15       0.57 r
  Clk_Div_RX_Prescale/count_reg[2]/D (DFFRQX2M)           0.00       0.57 r
  data arrival time                                                  0.57

  clock UART_CLK (rise edge)                              0.00       0.00
  clock network delay (ideal)                             0.00       0.00
  clock uncertainty                                       0.10       0.10
  Clk_Div_RX_Prescale/count_reg[2]/CK (DFFRQX2M)          0.00       0.10 r
  library hold time                                      -0.17      -0.07
  data required time                                                -0.07
  --------------------------------------------------------------------------
  data required time                                                -0.07
  data arrival time                                                 -0.57
  --------------------------------------------------------------------------
  slack (MET)                                                        0.63


  Startpoint: Clk_Div_RX_Prescale/count_reg[1]
              (rising edge-triggered flip-flop clocked by UART_CLK)
  Endpoint: Clk_Div_RX_Prescale/count_reg[1]
            (rising edge-triggered flip-flop clocked by UART_CLK)
  Path Group: UART_CLK
  Path Type: min

  Point                                                   Incr       Path
  --------------------------------------------------------------------------
  clock UART_CLK (rise edge)                              0.00       0.00
  clock network delay (ideal)                             0.00       0.00
  Clk_Div_RX_Prescale/count_reg[1]/CK (DFFRQX2M)          0.00       0.00 r
  Clk_Div_RX_Prescale/count_reg[1]/Q (DFFRQX2M)           0.42       0.42 r
  Clk_Div_RX_Prescale/U19/Y (AO22X1M)                     0.15       0.57 r
  Clk_Div_RX_Prescale/count_reg[1]/D (DFFRQX2M)           0.00       0.57 r
  data arrival time                                                  0.57

  clock UART_CLK (rise edge)                              0.00       0.00
  clock network delay (ideal)                             0.00       0.00
  clock uncertainty                                       0.10       0.10
  Clk_Div_RX_Prescale/count_reg[1]/CK (DFFRQX2M)          0.00       0.10 r
  library hold time                                      -0.17      -0.07
  data required time                                                -0.07
  --------------------------------------------------------------------------
  data required time                                                -0.07
  data arrival time                                                 -0.57
  --------------------------------------------------------------------------
  slack (MET)                                                        0.63


  Startpoint: Clk_Div_TX_CONS/count_reg[0]
              (rising edge-triggered flip-flop clocked by UART_CLK)
  Endpoint: Clk_Div_TX_CONS/count_reg[0]
            (rising edge-triggered flip-flop clocked by UART_CLK)
  Path Group: UART_CLK
  Path Type: min

  Point                                                   Incr       Path
  --------------------------------------------------------------------------
  clock UART_CLK (rise edge)                              0.00       0.00
  clock network delay (ideal)                             0.00       0.00
  Clk_Div_TX_CONS/count_reg[0]/CK (DFFRQX2M)              0.00       0.00 r
  Clk_Div_TX_CONS/count_reg[0]/Q (DFFRQX2M)               0.42       0.42 r
  Clk_Div_TX_CONS/U18/Y (AO22X1M)                         0.15       0.58 r
  Clk_Div_TX_CONS/count_reg[0]/D (DFFRQX2M)               0.00       0.58 r
  data arrival time                                                  0.58

  clock UART_CLK (rise edge)                              0.00       0.00
  clock network delay (ideal)                             0.00       0.00
  clock uncertainty                                       0.10       0.10
  Clk_Div_TX_CONS/count_reg[0]/CK (DFFRQX2M)              0.00       0.10 r
  library hold time                                      -0.17      -0.07
  data required time                                                -0.07
  --------------------------------------------------------------------------
  data required time                                                -0.07
  data arrival time                                                 -0.58
  --------------------------------------------------------------------------
  slack (MET)                                                        0.64


  Startpoint: Clk_Div_RX_Prescale/count_reg[0]
              (rising edge-triggered flip-flop clocked by UART_CLK)
  Endpoint: Clk_Div_RX_Prescale/count_reg[0]
            (rising edge-triggered flip-flop clocked by UART_CLK)
  Path Group: UART_CLK
  Path Type: min

  Point                                                   Incr       Path
  --------------------------------------------------------------------------
  clock UART_CLK (rise edge)                              0.00       0.00
  clock network delay (ideal)                             0.00       0.00
  Clk_Div_RX_Prescale/count_reg[0]/CK (DFFRQX2M)          0.00       0.00 r
  Clk_Div_RX_Prescale/count_reg[0]/Q (DFFRQX2M)           0.42       0.42 r
  Clk_Div_RX_Prescale/U18/Y (AO22X1M)                     0.15       0.58 r
  Clk_Div_RX_Prescale/count_reg[0]/D (DFFRQX2M)           0.00       0.58 r
  data arrival time                                                  0.58

  clock UART_CLK (rise edge)                              0.00       0.00
  clock network delay (ideal)                             0.00       0.00
  clock uncertainty                                       0.10       0.10
  Clk_Div_RX_Prescale/count_reg[0]/CK (DFFRQX2M)          0.00       0.10 r
  library hold time                                      -0.17      -0.07
  data required time                                                -0.07
  --------------------------------------------------------------------------
  data required time                                                -0.07
  data arrival time                                                 -0.58
  --------------------------------------------------------------------------
  slack (MET)                                                        0.64


  Startpoint: UART/U_UART_RX/U7/current_state_reg[2]
              (rising edge-triggered flip-flop clocked by UART_RX_CLK)
  Endpoint: UART/U_UART_RX/U7/current_state_reg[1]
            (rising edge-triggered flip-flop clocked by UART_RX_CLK)
  Path Group: UART_RX_CLK
  Path Type: min

  Point                                                   Incr       Path
  --------------------------------------------------------------------------
  clock UART_RX_CLK (rise edge)                           0.00       0.00
  clock network delay (ideal)                             0.00       0.00
  UART/U_UART_RX/U7/current_state_reg[2]/CK (DFFRQX2M)
                                                          0.00       0.00 r
  UART/U_UART_RX/U7/current_state_reg[2]/Q (DFFRQX2M)     0.42       0.42 r
  UART/U_UART_RX/U7/U20/Y (OAI211X2M)                     0.11       0.53 f
  UART/U_UART_RX/U7/current_state_reg[1]/D (DFFRQX2M)     0.00       0.53 f
  data arrival time                                                  0.53

  clock UART_RX_CLK (rise edge)                           0.00       0.00
  clock network delay (ideal)                             0.00       0.00
  clock uncertainty                                       0.10       0.10
  UART/U_UART_RX/U7/current_state_reg[1]/CK (DFFRQX2M)
                                                          0.00       0.10 r
  library hold time                                      -0.03       0.07
  data required time                                                 0.07
  --------------------------------------------------------------------------
  data required time                                                 0.07
  data arrival time                                                 -0.53
  --------------------------------------------------------------------------
  slack (MET)                                                        0.46


  Startpoint: UART/U_UART_RX/U7/current_state_reg[1]
              (rising edge-triggered flip-flop clocked by UART_RX_CLK)
  Endpoint: UART/U_UART_RX/U3/start_glitch_reg
            (rising edge-triggered flip-flop clocked by UART_RX_CLK)
  Path Group: UART_RX_CLK
  Path Type: min

  Point                                                   Incr       Path
  --------------------------------------------------------------------------
  clock UART_RX_CLK (rise edge)                           0.00       0.00
  clock network delay (ideal)                             0.00       0.00
  UART/U_UART_RX/U7/current_state_reg[1]/CK (DFFRQX2M)
                                                          0.00       0.00 r
  UART/U_UART_RX/U7/current_state_reg[1]/Q (DFFRQX2M)     0.38       0.38 r
  UART/U_UART_RX/U7/U30/Y (NOR2X2M)                       0.06       0.44 f
  UART/U_UART_RX/U7/start_chk_en (FSM)                    0.00       0.44 f
  UART/U_UART_RX/U3/start_chk_en (START_CHECK)            0.00       0.44 f
  UART/U_UART_RX/U3/U3/Y (NOR2BX2M)                       0.12       0.57 f
  UART/U_UART_RX/U3/start_glitch_reg/D (DFFRQX2M)         0.00       0.57 f
  data arrival time                                                  0.57

  clock UART_RX_CLK (rise edge)                           0.00       0.00
  clock network delay (ideal)                             0.00       0.00
  clock uncertainty                                       0.10       0.10
  UART/U_UART_RX/U3/start_glitch_reg/CK (DFFRQX2M)        0.00       0.10 r
  library hold time                                      -0.02       0.08
  data required time                                                 0.08
  --------------------------------------------------------------------------
  data required time                                                 0.08
  data arrival time                                                 -0.57
  --------------------------------------------------------------------------
  slack (MET)                                                        0.49


  Startpoint: UART/U_UART_RX/U1/bit_cnt_reg[0]
              (rising edge-triggered flip-flop clocked by UART_RX_CLK)
  Endpoint: UART/U_UART_RX/U1/bit_cnt_reg[0]
            (rising edge-triggered flip-flop clocked by UART_RX_CLK)
  Path Group: UART_RX_CLK
  Path Type: min

  Point                                                   Incr       Path
  --------------------------------------------------------------------------
  clock UART_RX_CLK (rise edge)                           0.00       0.00
  clock network delay (ideal)                             0.00       0.00
  UART/U_UART_RX/U1/bit_cnt_reg[0]/CK (DFFRQX2M)          0.00       0.00 r
  UART/U_UART_RX/U1/bit_cnt_reg[0]/Q (DFFRQX2M)           0.46       0.46 r
  UART/U_UART_RX/U1/U10/Y (OAI32X1M)                      0.11       0.57 f
  UART/U_UART_RX/U1/bit_cnt_reg[0]/D (DFFRQX2M)           0.00       0.57 f
  data arrival time                                                  0.57

  clock UART_RX_CLK (rise edge)                           0.00       0.00
  clock network delay (ideal)                             0.00       0.00
  clock uncertainty                                       0.10       0.10
  UART/U_UART_RX/U1/bit_cnt_reg[0]/CK (DFFRQX2M)          0.00       0.10 r
  library hold time                                      -0.02       0.08
  data required time                                                 0.08
  --------------------------------------------------------------------------
  data required time                                                 0.08
  data arrival time                                                 -0.57
  --------------------------------------------------------------------------
  slack (MET)                                                        0.49


  Startpoint: UART/U_UART_RX/U1/edge_cnt_reg[0]
              (rising edge-triggered flip-flop clocked by UART_RX_CLK)
  Endpoint: UART/U_UART_RX/U1/edge_cnt_reg[0]
            (rising edge-triggered flip-flop clocked by UART_RX_CLK)
  Path Group: UART_RX_CLK
  Path Type: min

  Point                                                   Incr       Path
  --------------------------------------------------------------------------
  clock UART_RX_CLK (rise edge)                           0.00       0.00
  clock network delay (ideal)                             0.00       0.00
  UART/U_UART_RX/U1/edge_cnt_reg[0]/CK (DFFRQX2M)         0.00       0.00 r
  UART/U_UART_RX/U1/edge_cnt_reg[0]/Q (DFFRQX2M)          0.52       0.52 r
  UART/U_UART_RX/U1/U15/Y (NOR2X2M)                       0.06       0.58 f
  UART/U_UART_RX/U1/edge_cnt_reg[0]/D (DFFRQX2M)          0.00       0.58 f
  data arrival time                                                  0.58

  clock UART_RX_CLK (rise edge)                           0.00       0.00
  clock network delay (ideal)                             0.00       0.00
  clock uncertainty                                       0.10       0.10
  UART/U_UART_RX/U1/edge_cnt_reg[0]/CK (DFFRQX2M)         0.00       0.10 r
  library hold time                                      -0.03       0.07
  data required time                                                 0.07
  --------------------------------------------------------------------------
  data required time                                                 0.07
  data arrival time                                                 -0.58
  --------------------------------------------------------------------------
  slack (MET)                                                        0.50


  Startpoint: UART/U_UART_RX/U2/P_DATA_reg[1]
              (rising edge-triggered flip-flop clocked by UART_RX_CLK)
  Endpoint: UART/U_UART_RX/U2/P_DATA_reg[1]
            (rising edge-triggered flip-flop clocked by UART_RX_CLK)
  Path Group: UART_RX_CLK
  Path Type: min

  Point                                                   Incr       Path
  --------------------------------------------------------------------------
  clock UART_RX_CLK (rise edge)                           0.00       0.00
  clock network delay (ideal)                             0.00       0.00
  UART/U_UART_RX/U2/P_DATA_reg[1]/CK (DFFRQX2M)           0.00       0.00 r
  UART/U_UART_RX/U2/P_DATA_reg[1]/Q (DFFRQX2M)            0.48       0.48 f
  UART/U_UART_RX/U2/U16/Y (INVX2M)                        0.07       0.55 r
  UART/U_UART_RX/U2/U2/Y (OAI22X1M)                       0.06       0.61 f
  UART/U_UART_RX/U2/P_DATA_reg[1]/D (DFFRQX2M)            0.00       0.61 f
  data arrival time                                                  0.61

  clock UART_RX_CLK (rise edge)                           0.00       0.00
  clock network delay (ideal)                             0.00       0.00
  clock uncertainty                                       0.10       0.10
  UART/U_UART_RX/U2/P_DATA_reg[1]/CK (DFFRQX2M)           0.00       0.10 r
  library hold time                                      -0.03       0.07
  data required time                                                 0.07
  --------------------------------------------------------------------------
  data required time                                                 0.07
  data arrival time                                                 -0.61
  --------------------------------------------------------------------------
  slack (MET)                                                        0.53


  Startpoint: UART/U_UART_RX/U2/P_DATA_reg[5]
              (rising edge-triggered flip-flop clocked by UART_RX_CLK)
  Endpoint: UART/U_UART_RX/U2/P_DATA_reg[5]
            (rising edge-triggered flip-flop clocked by UART_RX_CLK)
  Path Group: UART_RX_CLK
  Path Type: min

  Point                                                   Incr       Path
  --------------------------------------------------------------------------
  clock UART_RX_CLK (rise edge)                           0.00       0.00
  clock network delay (ideal)                             0.00       0.00
  UART/U_UART_RX/U2/P_DATA_reg[5]/CK (DFFRQX2M)           0.00       0.00 r
  UART/U_UART_RX/U2/P_DATA_reg[5]/Q (DFFRQX2M)            0.48       0.48 f
  UART/U_UART_RX/U2/U18/Y (INVX2M)                        0.07       0.55 r
  UART/U_UART_RX/U2/U6/Y (OAI22X1M)                       0.06       0.61 f
  UART/U_UART_RX/U2/P_DATA_reg[5]/D (DFFRQX2M)            0.00       0.61 f
  data arrival time                                                  0.61

  clock UART_RX_CLK (rise edge)                           0.00       0.00
  clock network delay (ideal)                             0.00       0.00
  clock uncertainty                                       0.10       0.10
  UART/U_UART_RX/U2/P_DATA_reg[5]/CK (DFFRQX2M)           0.00       0.10 r
  library hold time                                      -0.03       0.07
  data required time                                                 0.07
  --------------------------------------------------------------------------
  data required time                                                 0.07
  data arrival time                                                 -0.61
  --------------------------------------------------------------------------
  slack (MET)                                                        0.53


  Startpoint: UART/U_UART_RX/U2/P_DATA_reg[4]
              (rising edge-triggered flip-flop clocked by UART_RX_CLK)
  Endpoint: UART/U_UART_RX/U2/P_DATA_reg[4]
            (rising edge-triggered flip-flop clocked by UART_RX_CLK)
  Path Group: UART_RX_CLK
  Path Type: min

  Point                                                   Incr       Path
  --------------------------------------------------------------------------
  clock UART_RX_CLK (rise edge)                           0.00       0.00
  clock network delay (ideal)                             0.00       0.00
  UART/U_UART_RX/U2/P_DATA_reg[4]/CK (DFFRQX2M)           0.00       0.00 r
  UART/U_UART_RX/U2/P_DATA_reg[4]/Q (DFFRQX2M)            0.48       0.48 f
  UART/U_UART_RX/U2/U17/Y (INVX2M)                        0.07       0.55 r
  UART/U_UART_RX/U2/U5/Y (OAI22X1M)                       0.06       0.61 f
  UART/U_UART_RX/U2/P_DATA_reg[4]/D (DFFRQX2M)            0.00       0.61 f
  data arrival time                                                  0.61

  clock UART_RX_CLK (rise edge)                           0.00       0.00
  clock network delay (ideal)                             0.00       0.00
  clock uncertainty                                       0.10       0.10
  UART/U_UART_RX/U2/P_DATA_reg[4]/CK (DFFRQX2M)           0.00       0.10 r
  library hold time                                      -0.03       0.07
  data required time                                                 0.07
  --------------------------------------------------------------------------
  data required time                                                 0.07
  data arrival time                                                 -0.61
  --------------------------------------------------------------------------
  slack (MET)                                                        0.53


  Startpoint: UART/U_UART_RX/U2/P_DATA_reg[3]
              (rising edge-triggered flip-flop clocked by UART_RX_CLK)
  Endpoint: UART/U_UART_RX/U2/P_DATA_reg[3]
            (rising edge-triggered flip-flop clocked by UART_RX_CLK)
  Path Group: UART_RX_CLK
  Path Type: min

  Point                                                   Incr       Path
  --------------------------------------------------------------------------
  clock UART_RX_CLK (rise edge)                           0.00       0.00
  clock network delay (ideal)                             0.00       0.00
  UART/U_UART_RX/U2/P_DATA_reg[3]/CK (DFFRQX2M)           0.00       0.00 r
  UART/U_UART_RX/U2/P_DATA_reg[3]/Q (DFFRQX2M)            0.48       0.48 f
  UART/U_UART_RX/U2/U15/Y (INVX2M)                        0.07       0.55 r
  UART/U_UART_RX/U2/U4/Y (OAI22X1M)                       0.06       0.61 f
  UART/U_UART_RX/U2/P_DATA_reg[3]/D (DFFRQX2M)            0.00       0.61 f
  data arrival time                                                  0.61

  clock UART_RX_CLK (rise edge)                           0.00       0.00
  clock network delay (ideal)                             0.00       0.00
  clock uncertainty                                       0.10       0.10
  UART/U_UART_RX/U2/P_DATA_reg[3]/CK (DFFRQX2M)           0.00       0.10 r
  library hold time                                      -0.03       0.07
  data required time                                                 0.07
  --------------------------------------------------------------------------
  data required time                                                 0.07
  data arrival time                                                 -0.61
  --------------------------------------------------------------------------
  slack (MET)                                                        0.53


  Startpoint: UART/U_UART_RX/U2/P_DATA_reg[6]
              (rising edge-triggered flip-flop clocked by UART_RX_CLK)
  Endpoint: UART/U_UART_RX/U2/P_DATA_reg[6]
            (rising edge-triggered flip-flop clocked by UART_RX_CLK)
  Path Group: UART_RX_CLK
  Path Type: min

  Point                                                   Incr       Path
  --------------------------------------------------------------------------
  clock UART_RX_CLK (rise edge)                           0.00       0.00
  clock network delay (ideal)                             0.00       0.00
  UART/U_UART_RX/U2/P_DATA_reg[6]/CK (DFFRQX2M)           0.00       0.00 r
  UART/U_UART_RX/U2/P_DATA_reg[6]/Q (DFFRQX2M)            0.48       0.48 f
  UART/U_UART_RX/U2/U13/Y (INVX2M)                        0.07       0.55 r
  UART/U_UART_RX/U2/U7/Y (OAI22X1M)                       0.06       0.61 f
  UART/U_UART_RX/U2/P_DATA_reg[6]/D (DFFRQX2M)            0.00       0.61 f
  data arrival time                                                  0.61

  clock UART_RX_CLK (rise edge)                           0.00       0.00
  clock network delay (ideal)                             0.00       0.00
  clock uncertainty                                       0.10       0.10
  UART/U_UART_RX/U2/P_DATA_reg[6]/CK (DFFRQX2M)           0.00       0.10 r
  library hold time                                      -0.03       0.07
  data required time                                                 0.07
  --------------------------------------------------------------------------
  data required time                                                 0.07
  data arrival time                                                 -0.61
  --------------------------------------------------------------------------
  slack (MET)                                                        0.54


  Startpoint: UART/U_UART_RX/U2/P_DATA_reg[2]
              (rising edge-triggered flip-flop clocked by UART_RX_CLK)
  Endpoint: UART/U_UART_RX/U2/P_DATA_reg[2]
            (rising edge-triggered flip-flop clocked by UART_RX_CLK)
  Path Group: UART_RX_CLK
  Path Type: min

  Point                                                   Incr       Path
  --------------------------------------------------------------------------
  clock UART_RX_CLK (rise edge)                           0.00       0.00
  clock network delay (ideal)                             0.00       0.00
  UART/U_UART_RX/U2/P_DATA_reg[2]/CK (DFFRQX2M)           0.00       0.00 r
  UART/U_UART_RX/U2/P_DATA_reg[2]/Q (DFFRQX2M)            0.48       0.48 f
  UART/U_UART_RX/U2/U12/Y (INVX2M)                        0.07       0.55 r
  UART/U_UART_RX/U2/U3/Y (OAI22X1M)                       0.06       0.61 f
  UART/U_UART_RX/U2/P_DATA_reg[2]/D (DFFRQX2M)            0.00       0.61 f
  data arrival time                                                  0.61

  clock UART_RX_CLK (rise edge)                           0.00       0.00
  clock network delay (ideal)                             0.00       0.00
  clock uncertainty                                       0.10       0.10
  UART/U_UART_RX/U2/P_DATA_reg[2]/CK (DFFRQX2M)           0.00       0.10 r
  library hold time                                      -0.03       0.07
  data required time                                                 0.07
  --------------------------------------------------------------------------
  data required time                                                 0.07
  data arrival time                                                 -0.61
  --------------------------------------------------------------------------
  slack (MET)                                                        0.54


  Startpoint: UART/U_UART_RX/U6/sample_3_reg
              (rising edge-triggered flip-flop clocked by UART_RX_CLK)
  Endpoint: UART/U_UART_RX/U6/sample_3_reg
            (rising edge-triggered flip-flop clocked by UART_RX_CLK)
  Path Group: UART_RX_CLK
  Path Type: min

  Point                                                   Incr       Path
  --------------------------------------------------------------------------
  clock UART_RX_CLK (rise edge)                           0.00       0.00
  clock network delay (ideal)                             0.00       0.00
  UART/U_UART_RX/U6/sample_3_reg/CK (DFFRQX2M)            0.00       0.00 r
  UART/U_UART_RX/U6/sample_3_reg/Q (DFFRQX2M)             0.45       0.45 f
  UART/U_UART_RX/U6/U51/Y (CLKINVX1M)                     0.08       0.53 r
  UART/U_UART_RX/U6/U48/Y (MXI2X1M)                       0.08       0.61 f
  UART/U_UART_RX/U6/sample_3_reg/D (DFFRQX2M)             0.00       0.61 f
  data arrival time                                                  0.61

  clock UART_RX_CLK (rise edge)                           0.00       0.00
  clock network delay (ideal)                             0.00       0.00
  clock uncertainty                                       0.10       0.10
  UART/U_UART_RX/U6/sample_3_reg/CK (DFFRQX2M)            0.00       0.10 r
  library hold time                                      -0.03       0.07
  data required time                                                 0.07
  --------------------------------------------------------------------------
  data required time                                                 0.07
  data arrival time                                                 -0.61
  --------------------------------------------------------------------------
  slack (MET)                                                        0.54


  Startpoint: UART/U_UART_RX/U6/sample_1_reg
              (rising edge-triggered flip-flop clocked by UART_RX_CLK)
  Endpoint: UART/U_UART_RX/U6/sample_1_reg
            (rising edge-triggered flip-flop clocked by UART_RX_CLK)
  Path Group: UART_RX_CLK
  Path Type: min

  Point                                                   Incr       Path
  --------------------------------------------------------------------------
  clock UART_RX_CLK (rise edge)                           0.00       0.00
  clock network delay (ideal)                             0.00       0.00
  UART/U_UART_RX/U6/sample_1_reg/CK (DFFRQX2M)            0.00       0.00 r
  UART/U_UART_RX/U6/sample_1_reg/Q (DFFRQX2M)             0.47       0.47 f
  UART/U_UART_RX/U6/U54/Y (CLKNAND2X2M)                   0.06       0.53 r
  UART/U_UART_RX/U6/U52/Y (MXI2X1M)                       0.08       0.61 f
  UART/U_UART_RX/U6/sample_1_reg/D (DFFRQX2M)             0.00       0.61 f
  data arrival time                                                  0.61

  clock UART_RX_CLK (rise edge)                           0.00       0.00
  clock network delay (ideal)                             0.00       0.00
  clock uncertainty                                       0.10       0.10
  UART/U_UART_RX/U6/sample_1_reg/CK (DFFRQX2M)            0.00       0.10 r
  library hold time                                      -0.03       0.07
  data required time                                                 0.07
  --------------------------------------------------------------------------
  data required time                                                 0.07
  data arrival time                                                 -0.61
  --------------------------------------------------------------------------
  slack (MET)                                                        0.54


  Startpoint: UART/U_UART_RX/U6/sample_2_reg
              (rising edge-triggered flip-flop clocked by UART_RX_CLK)
  Endpoint: UART/U_UART_RX/U6/sample_2_reg
            (rising edge-triggered flip-flop clocked by UART_RX_CLK)
  Path Group: UART_RX_CLK
  Path Type: min

  Point                                                   Incr       Path
  --------------------------------------------------------------------------
  clock UART_RX_CLK (rise edge)                           0.00       0.00
  clock network delay (ideal)                             0.00       0.00
  UART/U_UART_RX/U6/sample_2_reg/CK (DFFRQX2M)            0.00       0.00 r
  UART/U_UART_RX/U6/sample_2_reg/Q (DFFRQX2M)             0.47       0.47 f
  UART/U_UART_RX/U6/U47/Y (CLKNAND2X2M)                   0.06       0.53 r
  UART/U_UART_RX/U6/U45/Y (MXI2X1M)                       0.08       0.61 f
  UART/U_UART_RX/U6/sample_2_reg/D (DFFRQX2M)             0.00       0.61 f
  data arrival time                                                  0.61

  clock UART_RX_CLK (rise edge)                           0.00       0.00
  clock network delay (ideal)                             0.00       0.00
  clock uncertainty                                       0.10       0.10
  UART/U_UART_RX/U6/sample_2_reg/CK (DFFRQX2M)            0.00       0.10 r
  library hold time                                      -0.03       0.07
  data required time                                                 0.07
  --------------------------------------------------------------------------
  data required time                                                 0.07
  data arrival time                                                 -0.61
  --------------------------------------------------------------------------
  slack (MET)                                                        0.54


  Startpoint: UART/U_UART_RX/U6/sampled_bit_reg
              (rising edge-triggered flip-flop clocked by UART_RX_CLK)
  Endpoint: UART/U_UART_RX/U6/sampled_bit_reg
            (rising edge-triggered flip-flop clocked by UART_RX_CLK)
  Path Group: UART_RX_CLK
  Path Type: min

  Point                                                   Incr       Path
  --------------------------------------------------------------------------
  clock UART_RX_CLK (rise edge)                           0.00       0.00
  clock network delay (ideal)                             0.00       0.00
  UART/U_UART_RX/U6/sampled_bit_reg/CK (DFFRQX2M)         0.00       0.00 r
  UART/U_UART_RX/U6/sampled_bit_reg/Q (DFFRQX2M)          0.49       0.49 f
  UART/U_UART_RX/U6/U44/Y (CLKINVX1M)                     0.07       0.56 r
  UART/U_UART_RX/U6/U41/Y (OAI32X1M)                      0.07       0.64 f
  UART/U_UART_RX/U6/sampled_bit_reg/D (DFFRQX2M)          0.00       0.64 f
  data arrival time                                                  0.64

  clock UART_RX_CLK (rise edge)                           0.00       0.00
  clock network delay (ideal)                             0.00       0.00
  clock uncertainty                                       0.10       0.10
  UART/U_UART_RX/U6/sampled_bit_reg/CK (DFFRQX2M)         0.00       0.10 r
  library hold time                                      -0.02       0.08
  data required time                                                 0.08
  --------------------------------------------------------------------------
  data required time                                                 0.08
  data arrival time                                                 -0.64
  --------------------------------------------------------------------------
  slack (MET)                                                        0.56


  Startpoint: UART/U_UART_RX/U1/bit_cnt_reg[2]
              (rising edge-triggered flip-flop clocked by UART_RX_CLK)
  Endpoint: UART/U_UART_RX/U7/current_state_reg[0]
            (rising edge-triggered flip-flop clocked by UART_RX_CLK)
  Path Group: UART_RX_CLK
  Path Type: min

  Point                                                   Incr       Path
  --------------------------------------------------------------------------
  clock UART_RX_CLK (rise edge)                           0.00       0.00
  clock network delay (ideal)                             0.00       0.00
  UART/U_UART_RX/U1/bit_cnt_reg[2]/CK (DFFRQX2M)          0.00       0.00 r
  UART/U_UART_RX/U1/bit_cnt_reg[2]/Q (DFFRQX2M)           0.42       0.42 r
  UART/U_UART_RX/U1/bit_cnt[2] (EDGE_BIT_COUNTER)         0.00       0.42 r
  UART/U_UART_RX/U7/bit_cnt[2] (FSM)                      0.00       0.42 r
  UART/U_UART_RX/U7/U26/Y (NOR2X2M)                       0.06       0.48 f
  UART/U_UART_RX/U7/U11/Y (NAND4X2M)                      0.09       0.58 r
  UART/U_UART_RX/U7/U9/Y (OAI211X2M)                      0.06       0.64 f
  UART/U_UART_RX/U7/current_state_reg[0]/D (DFFRX1M)      0.00       0.64 f
  data arrival time                                                  0.64

  clock UART_RX_CLK (rise edge)                           0.00       0.00
  clock network delay (ideal)                             0.00       0.00
  clock uncertainty                                       0.10       0.10
  UART/U_UART_RX/U7/current_state_reg[0]/CK (DFFRX1M)     0.00       0.10 r
  library hold time                                      -0.02       0.08
  data required time                                                 0.08
  --------------------------------------------------------------------------
  data required time                                                 0.08
  data arrival time                                                 -0.64
  --------------------------------------------------------------------------
  slack (MET)                                                        0.56


  Startpoint: UART/U_UART_RX/U2/P_DATA_reg[1]
              (rising edge-triggered flip-flop clocked by UART_RX_CLK)
  Endpoint: UART/U_UART_RX/U2/P_DATA_reg[0]
            (rising edge-triggered flip-flop clocked by UART_RX_CLK)
  Path Group: UART_RX_CLK
  Path Type: min

  Point                                                   Incr       Path
  --------------------------------------------------------------------------
  clock UART_RX_CLK (rise edge)                           0.00       0.00
  clock network delay (ideal)                             0.00       0.00
  UART/U_UART_RX/U2/P_DATA_reg[1]/CK (DFFRQX2M)           0.00       0.00 r
  UART/U_UART_RX/U2/P_DATA_reg[1]/Q (DFFRQX2M)            0.48       0.48 f
  UART/U_UART_RX/U2/U16/Y (INVX2M)                        0.07       0.55 r
  UART/U_UART_RX/U2/U10/Y (OAI2BB2X1M)                    0.09       0.64 f
  UART/U_UART_RX/U2/P_DATA_reg[0]/D (DFFRQX2M)            0.00       0.64 f
  data arrival time                                                  0.64

  clock UART_RX_CLK (rise edge)                           0.00       0.00
  clock network delay (ideal)                             0.00       0.00
  clock uncertainty                                       0.10       0.10
  UART/U_UART_RX/U2/P_DATA_reg[0]/CK (DFFRQX2M)           0.00       0.10 r
  library hold time                                      -0.03       0.07
  data required time                                                 0.07
  --------------------------------------------------------------------------
  data required time                                                 0.07
  data arrival time                                                 -0.64
  --------------------------------------------------------------------------
  slack (MET)                                                        0.57


  Startpoint: UART/U_UART_RX/U7/current_state_reg[2]
              (rising edge-triggered flip-flop clocked by UART_RX_CLK)
  Endpoint: UART/U_UART_RX/U5/par_err_reg
            (rising edge-triggered flip-flop clocked by UART_RX_CLK)
  Path Group: UART_RX_CLK
  Path Type: min

  Point                                                   Incr       Path
  --------------------------------------------------------------------------
  clock UART_RX_CLK (rise edge)                           0.00       0.00
  clock network delay (ideal)                             0.00       0.00
  UART/U_UART_RX/U7/current_state_reg[2]/CK (DFFRQX2M)
                                                          0.00       0.00 r
  UART/U_UART_RX/U7/current_state_reg[2]/Q (DFFRQX2M)     0.42       0.42 r
  UART/U_UART_RX/U7/U24/Y (NOR2X2M)                       0.06       0.48 f
  UART/U_UART_RX/U7/par_chk_en (FSM)                      0.00       0.48 f
  UART/U_UART_RX/U5/par_chk_en (PAR_CHECK_DATA_WIDTH8)
                                                          0.00       0.48 f
  UART/U_UART_RX/U5/U3/Y (NAND2X2M)                       0.07       0.55 r
  UART/U_UART_RX/U5/U2/Y (OAI2BB2X1M)                     0.09       0.64 f
  UART/U_UART_RX/U5/par_err_reg/D (DFFRQX2M)              0.00       0.64 f
  data arrival time                                                  0.64

  clock UART_RX_CLK (rise edge)                           0.00       0.00
  clock network delay (ideal)                             0.00       0.00
  clock uncertainty                                       0.10       0.10
  UART/U_UART_RX/U5/par_err_reg/CK (DFFRQX2M)             0.00       0.10 r
  library hold time                                      -0.03       0.07
  data required time                                                 0.07
  --------------------------------------------------------------------------
  data required time                                                 0.07
  data arrival time                                                 -0.64
  --------------------------------------------------------------------------
  slack (MET)                                                        0.57


  Startpoint: UART/U_UART_RX/U2/P_DATA_reg[7]
              (rising edge-triggered flip-flop clocked by UART_RX_CLK)
  Endpoint: UART/U_UART_RX/U2/P_DATA_reg[7]
            (rising edge-triggered flip-flop clocked by UART_RX_CLK)
  Path Group: UART_RX_CLK
  Path Type: min

  Point                                                   Incr       Path
  --------------------------------------------------------------------------
  clock UART_RX_CLK (rise edge)                           0.00       0.00
  clock network delay (ideal)                             0.00       0.00
  UART/U_UART_RX/U2/P_DATA_reg[7]/CK (DFFRQX2M)           0.00       0.00 r
  UART/U_UART_RX/U2/P_DATA_reg[7]/Q (DFFRQX2M)            0.48       0.48 f
  UART/U_UART_RX/U2/U14/Y (INVX2M)                        0.07       0.55 r
  UART/U_UART_RX/U2/U11/Y (OAI2BB2X1M)                    0.09       0.64 f
  UART/U_UART_RX/U2/P_DATA_reg[7]/D (DFFRQX2M)            0.00       0.64 f
  data arrival time                                                  0.64

  clock UART_RX_CLK (rise edge)                           0.00       0.00
  clock network delay (ideal)                             0.00       0.00
  clock uncertainty                                       0.10       0.10
  UART/U_UART_RX/U2/P_DATA_reg[7]/CK (DFFRQX2M)           0.00       0.10 r
  library hold time                                      -0.03       0.07
  data required time                                                 0.07
  --------------------------------------------------------------------------
  data required time                                                 0.07
  data arrival time                                                 -0.64
  --------------------------------------------------------------------------
  slack (MET)                                                        0.57


  Startpoint: UART/U_UART_RX/U1/bit_cnt_reg[1]
              (rising edge-triggered flip-flop clocked by UART_RX_CLK)
  Endpoint: UART/U_UART_RX/U1/bit_cnt_reg[1]
            (rising edge-triggered flip-flop clocked by UART_RX_CLK)
  Path Group: UART_RX_CLK
  Path Type: min

  Point                                                   Incr       Path
  --------------------------------------------------------------------------
  clock UART_RX_CLK (rise edge)                           0.00       0.00
  clock network delay (ideal)                             0.00       0.00
  UART/U_UART_RX/U1/bit_cnt_reg[1]/CK (DFFRQX2M)          0.00       0.00 r
  UART/U_UART_RX/U1/bit_cnt_reg[1]/Q (DFFRQX2M)           0.52       0.52 f
  UART/U_UART_RX/U1/U13/Y (INVX2M)                        0.08       0.60 r
  UART/U_UART_RX/U1/U11/Y (OAI22X1M)                      0.05       0.65 f
  UART/U_UART_RX/U1/bit_cnt_reg[1]/D (DFFRQX2M)           0.00       0.65 f
  data arrival time                                                  0.65

  clock UART_RX_CLK (rise edge)                           0.00       0.00
  clock network delay (ideal)                             0.00       0.00
  clock uncertainty                                       0.10       0.10
  UART/U_UART_RX/U1/bit_cnt_reg[1]/CK (DFFRQX2M)          0.00       0.10 r
  library hold time                                      -0.02       0.08
  data required time                                                 0.08
  --------------------------------------------------------------------------
  data required time                                                 0.08
  data arrival time                                                 -0.65
  --------------------------------------------------------------------------
  slack (MET)                                                        0.58


  Startpoint: UART/U_UART_RX/U6/sampled_bit_reg
              (rising edge-triggered flip-flop clocked by UART_RX_CLK)
  Endpoint: UART/U_UART_RX/U4/stop_err_reg
            (rising edge-triggered flip-flop clocked by UART_RX_CLK)
  Path Group: UART_RX_CLK
  Path Type: min

  Point                                                   Incr       Path
  --------------------------------------------------------------------------
  clock UART_RX_CLK (rise edge)                           0.00       0.00
  clock network delay (ideal)                             0.00       0.00
  UART/U_UART_RX/U6/sampled_bit_reg/CK (DFFRQX2M)         0.00       0.00 r
  UART/U_UART_RX/U6/sampled_bit_reg/Q (DFFRQX2M)          0.40       0.40 r
  UART/U_UART_RX/U6/sampled_bit (DATA_SAMPLING)           0.00       0.40 r
  UART/U_UART_RX/U4/sampled_bit (STOP_CHECK)              0.00       0.40 r
  UART/U_UART_RX/U4/U4/Y (AOI2BB2XLM)                     0.19       0.59 r
  UART/U_UART_RX/U4/U3/Y (NOR2BX2M)                       0.06       0.65 f
  UART/U_UART_RX/U4/stop_err_reg/D (DFFRQX2M)             0.00       0.65 f
  data arrival time                                                  0.65

  clock UART_RX_CLK (rise edge)                           0.00       0.00
  clock network delay (ideal)                             0.00       0.00
  clock uncertainty                                       0.10       0.10
  UART/U_UART_RX/U4/stop_err_reg/CK (DFFRQX2M)            0.00       0.10 r
  library hold time                                      -0.02       0.08
  data required time                                                 0.08
  --------------------------------------------------------------------------
  data required time                                                 0.08
  data arrival time                                                 -0.65
  --------------------------------------------------------------------------
  slack (MET)                                                        0.58


  Startpoint: UART/U_UART_RX/U1/bit_cnt_reg[2]
              (rising edge-triggered flip-flop clocked by UART_RX_CLK)
  Endpoint: UART/U_UART_RX/U1/bit_cnt_reg[2]
            (rising edge-triggered flip-flop clocked by UART_RX_CLK)
  Path Group: UART_RX_CLK
  Path Type: min

  Point                                                   Incr       Path
  --------------------------------------------------------------------------
  clock UART_RX_CLK (rise edge)                           0.00       0.00
  clock network delay (ideal)                             0.00       0.00
  UART/U_UART_RX/U1/bit_cnt_reg[2]/CK (DFFRQX2M)          0.00       0.00 r
  UART/U_UART_RX/U1/bit_cnt_reg[2]/Q (DFFRQX2M)           0.42       0.42 r
  UART/U_UART_RX/U1/U22/Y (XNOR2X2M)                      0.19       0.62 r
  UART/U_UART_RX/U1/U21/Y (NOR2X2M)                       0.05       0.66 f
  UART/U_UART_RX/U1/bit_cnt_reg[2]/D (DFFRQX2M)           0.00       0.66 f
  data arrival time                                                  0.66

  clock UART_RX_CLK (rise edge)                           0.00       0.00
  clock network delay (ideal)                             0.00       0.00
  clock uncertainty                                       0.10       0.10
  UART/U_UART_RX/U1/bit_cnt_reg[2]/CK (DFFRQX2M)          0.00       0.10 r
  library hold time                                      -0.02       0.08
  data required time                                                 0.08
  --------------------------------------------------------------------------
  data required time                                                 0.08
  data arrival time                                                 -0.66
  --------------------------------------------------------------------------
  slack (MET)                                                        0.58


  Startpoint: UART/U_UART_RX/U1/edge_cnt_reg[5]
              (rising edge-triggered flip-flop clocked by UART_RX_CLK)
  Endpoint: UART/U_UART_RX/U1/edge_cnt_reg[5]
            (rising edge-triggered flip-flop clocked by UART_RX_CLK)
  Path Group: UART_RX_CLK
  Path Type: min

  Point                                                   Incr       Path
  --------------------------------------------------------------------------
  clock UART_RX_CLK (rise edge)                           0.00       0.00
  clock network delay (ideal)                             0.00       0.00
  UART/U_UART_RX/U1/edge_cnt_reg[5]/CK (DFFRQX2M)         0.00       0.00 r
  UART/U_UART_RX/U1/edge_cnt_reg[5]/Q (DFFRQX2M)          0.45       0.45 r
  UART/U_UART_RX/U1/U17/Y (XNOR2X2M)                      0.20       0.66 r
  UART/U_UART_RX/U1/U16/Y (NOR2X2M)                       0.05       0.70 f
  UART/U_UART_RX/U1/edge_cnt_reg[5]/D (DFFRQX2M)          0.00       0.70 f
  data arrival time                                                  0.70

  clock UART_RX_CLK (rise edge)                           0.00       0.00
  clock network delay (ideal)                             0.00       0.00
  clock uncertainty                                       0.10       0.10
  UART/U_UART_RX/U1/edge_cnt_reg[5]/CK (DFFRQX2M)         0.00       0.10 r
  library hold time                                      -0.02       0.08
  data required time                                                 0.08
  --------------------------------------------------------------------------
  data required time                                                 0.08
  data arrival time                                                 -0.70
  --------------------------------------------------------------------------
  slack (MET)                                                        0.63


  Startpoint: UART/U_UART_RX/U1/bit_cnt_reg[2]
              (rising edge-triggered flip-flop clocked by UART_RX_CLK)
  Endpoint: UART/U_UART_RX/U7/current_state_reg[2]
            (rising edge-triggered flip-flop clocked by UART_RX_CLK)
  Path Group: UART_RX_CLK
  Path Type: min

  Point                                                   Incr       Path
  --------------------------------------------------------------------------
  clock UART_RX_CLK (rise edge)                           0.00       0.00
  clock network delay (ideal)                             0.00       0.00
  UART/U_UART_RX/U1/bit_cnt_reg[2]/CK (DFFRQX2M)          0.00       0.00 r
  UART/U_UART_RX/U1/bit_cnt_reg[2]/Q (DFFRQX2M)           0.42       0.42 r
  UART/U_UART_RX/U1/bit_cnt[2] (EDGE_BIT_COUNTER)         0.00       0.42 r
  UART/U_UART_RX/U7/bit_cnt[2] (FSM)                      0.00       0.42 r
  UART/U_UART_RX/U7/U13/Y (NOR3BX2M)                      0.11       0.53 f
  UART/U_UART_RX/U7/U19/Y (NAND3X2M)                      0.09       0.61 r
  UART/U_UART_RX/U7/U14/Y (OAI31X1M)                      0.09       0.71 f
  UART/U_UART_RX/U7/current_state_reg[2]/D (DFFRQX2M)     0.00       0.71 f
  data arrival time                                                  0.71

  clock UART_RX_CLK (rise edge)                           0.00       0.00
  clock network delay (ideal)                             0.00       0.00
  clock uncertainty                                       0.10       0.10
  UART/U_UART_RX/U7/current_state_reg[2]/CK (DFFRQX2M)
                                                          0.00       0.10 r
  library hold time                                      -0.02       0.08
  data required time                                                 0.08
  --------------------------------------------------------------------------
  data required time                                                 0.08
  data arrival time                                                 -0.71
  --------------------------------------------------------------------------
  slack (MET)                                                        0.63


  Startpoint: UART/U_UART_RX/U1/edge_cnt_reg[3]
              (rising edge-triggered flip-flop clocked by UART_RX_CLK)
  Endpoint: UART/U_UART_RX/U1/edge_cnt_reg[3]
            (rising edge-triggered flip-flop clocked by UART_RX_CLK)
  Path Group: UART_RX_CLK
  Path Type: min

  Point                                                   Incr       Path
  --------------------------------------------------------------------------
  clock UART_RX_CLK (rise edge)                           0.00       0.00
  clock network delay (ideal)                             0.00       0.00
  UART/U_UART_RX/U1/edge_cnt_reg[3]/CK (DFFRQX2M)         0.00       0.00 r
  UART/U_UART_RX/U1/edge_cnt_reg[3]/Q (DFFRQX2M)          0.47       0.47 r
  UART/U_UART_RX/U1/U25/S (ADDHX1M)                       0.12       0.59 f
  UART/U_UART_RX/U1/U8/Y (NOR2BX2M)                       0.12       0.71 f
  UART/U_UART_RX/U1/edge_cnt_reg[3]/D (DFFRQX2M)          0.00       0.71 f
  data arrival time                                                  0.71

  clock UART_RX_CLK (rise edge)                           0.00       0.00
  clock network delay (ideal)                             0.00       0.00
  clock uncertainty                                       0.10       0.10
  UART/U_UART_RX/U1/edge_cnt_reg[3]/CK (DFFRQX2M)         0.00       0.10 r
  library hold time                                      -0.02       0.08
  data required time                                                 0.08
  --------------------------------------------------------------------------
  data required time                                                 0.08
  data arrival time                                                 -0.71
  --------------------------------------------------------------------------
  slack (MET)                                                        0.64


  Startpoint: UART/U_UART_RX/U1/edge_cnt_reg[2]
              (rising edge-triggered flip-flop clocked by UART_RX_CLK)
  Endpoint: UART/U_UART_RX/U1/edge_cnt_reg[2]
            (rising edge-triggered flip-flop clocked by UART_RX_CLK)
  Path Group: UART_RX_CLK
  Path Type: min

  Point                                                   Incr       Path
  --------------------------------------------------------------------------
  clock UART_RX_CLK (rise edge)                           0.00       0.00
  clock network delay (ideal)                             0.00       0.00
  UART/U_UART_RX/U1/edge_cnt_reg[2]/CK (DFFRQX2M)         0.00       0.00 r
  UART/U_UART_RX/U1/edge_cnt_reg[2]/Q (DFFRQX2M)          0.47       0.47 r
  UART/U_UART_RX/U1/U24/S (ADDHX1M)                       0.12       0.59 f
  UART/U_UART_RX/U1/U7/Y (NOR2BX2M)                       0.12       0.71 f
  UART/U_UART_RX/U1/edge_cnt_reg[2]/D (DFFRQX2M)          0.00       0.71 f
  data arrival time                                                  0.71

  clock UART_RX_CLK (rise edge)                           0.00       0.00
  clock network delay (ideal)                             0.00       0.00
  clock uncertainty                                       0.10       0.10
  UART/U_UART_RX/U1/edge_cnt_reg[2]/CK (DFFRQX2M)         0.00       0.10 r
  library hold time                                      -0.02       0.08
  data required time                                                 0.08
  --------------------------------------------------------------------------
  data required time                                                 0.08
  data arrival time                                                 -0.71
  --------------------------------------------------------------------------
  slack (MET)                                                        0.64


  Startpoint: UART/U_UART_RX/U1/edge_cnt_reg[4]
              (rising edge-triggered flip-flop clocked by UART_RX_CLK)
  Endpoint: UART/U_UART_RX/U1/edge_cnt_reg[4]
            (rising edge-triggered flip-flop clocked by UART_RX_CLK)
  Path Group: UART_RX_CLK
  Path Type: min

  Point                                                   Incr       Path
  --------------------------------------------------------------------------
  clock UART_RX_CLK (rise edge)                           0.00       0.00
  clock network delay (ideal)                             0.00       0.00
  UART/U_UART_RX/U1/edge_cnt_reg[4]/CK (DFFRQX2M)         0.00       0.00 r
  UART/U_UART_RX/U1/edge_cnt_reg[4]/Q (DFFRQX2M)          0.47       0.47 r
  UART/U_UART_RX/U1/U26/S (ADDHX1M)                       0.12       0.59 f
  UART/U_UART_RX/U1/U9/Y (NOR2BX2M)                       0.12       0.71 f
  UART/U_UART_RX/U1/edge_cnt_reg[4]/D (DFFRQX2M)          0.00       0.71 f
  data arrival time                                                  0.71

  clock UART_RX_CLK (rise edge)                           0.00       0.00
  clock network delay (ideal)                             0.00       0.00
  clock uncertainty                                       0.10       0.10
  UART/U_UART_RX/U1/edge_cnt_reg[4]/CK (DFFRQX2M)         0.00       0.10 r
  library hold time                                      -0.02       0.08
  data required time                                                 0.08
  --------------------------------------------------------------------------
  data required time                                                 0.08
  data arrival time                                                 -0.71
  --------------------------------------------------------------------------
  slack (MET)                                                        0.64


  Startpoint: UART/U_UART_RX/U1/bit_cnt_reg[3]
              (rising edge-triggered flip-flop clocked by UART_RX_CLK)
  Endpoint: UART/U_UART_RX/U1/bit_cnt_reg[3]
            (rising edge-triggered flip-flop clocked by UART_RX_CLK)
  Path Group: UART_RX_CLK
  Path Type: min

  Point                                                   Incr       Path
  --------------------------------------------------------------------------
  clock UART_RX_CLK (rise edge)                           0.00       0.00
  clock network delay (ideal)                             0.00       0.00
  UART/U_UART_RX/U1/bit_cnt_reg[3]/CK (DFFRQX2M)          0.00       0.00 r
  UART/U_UART_RX/U1/bit_cnt_reg[3]/Q (DFFRQX2M)           0.43       0.43 r
  UART/U_UART_RX/U1/U19/Y (CLKXOR2X2M)                    0.25       0.68 r
  UART/U_UART_RX/U1/U18/Y (NOR2X2M)                       0.04       0.72 f
  UART/U_UART_RX/U1/bit_cnt_reg[3]/D (DFFRQX2M)           0.00       0.72 f
  data arrival time                                                  0.72

  clock UART_RX_CLK (rise edge)                           0.00       0.00
  clock network delay (ideal)                             0.00       0.00
  clock uncertainty                                       0.10       0.10
  UART/U_UART_RX/U1/bit_cnt_reg[3]/CK (DFFRQX2M)          0.00       0.10 r
  library hold time                                      -0.02       0.08
  data required time                                                 0.08
  --------------------------------------------------------------------------
  data required time                                                 0.08
  data arrival time                                                 -0.72
  --------------------------------------------------------------------------
  slack (MET)                                                        0.64


  Startpoint: UART/U_UART_RX/U1/edge_cnt_reg[0]
              (rising edge-triggered flip-flop clocked by UART_RX_CLK)
  Endpoint: UART/U_UART_RX/U1/edge_cnt_reg[1]
            (rising edge-triggered flip-flop clocked by UART_RX_CLK)
  Path Group: UART_RX_CLK
  Path Type: min

  Point                                                   Incr       Path
  --------------------------------------------------------------------------
  clock UART_RX_CLK (rise edge)                           0.00       0.00
  clock network delay (ideal)                             0.00       0.00
  UART/U_UART_RX/U1/edge_cnt_reg[0]/CK (DFFRQX2M)         0.00       0.00 r
  UART/U_UART_RX/U1/edge_cnt_reg[0]/Q (DFFRQX2M)          0.52       0.52 r
  UART/U_UART_RX/U1/U23/S (ADDHX1M)                       0.08       0.60 f
  UART/U_UART_RX/U1/U6/Y (NOR2BX2M)                       0.13       0.73 f
  UART/U_UART_RX/U1/edge_cnt_reg[1]/D (DFFRQX2M)          0.00       0.73 f
  data arrival time                                                  0.73

  clock UART_RX_CLK (rise edge)                           0.00       0.00
  clock network delay (ideal)                             0.00       0.00
  clock uncertainty                                       0.10       0.10
  UART/U_UART_RX/U1/edge_cnt_reg[1]/CK (DFFRQX2M)         0.00       0.10 r
  library hold time                                      -0.02       0.08
  data required time                                                 0.08
  --------------------------------------------------------------------------
  data required time                                                 0.08
  data arrival time                                                 -0.73
  --------------------------------------------------------------------------
  slack (MET)                                                        0.66


  Startpoint: UART/U_UART_RX/U7/current_state_reg[0]
              (rising edge-triggered flip-flop clocked by UART_RX_CLK)
  Endpoint: UART/U_UART_RX/U6/sampled_bit_valid_reg
            (rising edge-triggered flip-flop clocked by UART_RX_CLK)
  Path Group: UART_RX_CLK
  Path Type: min

  Point                                                   Incr       Path
  --------------------------------------------------------------------------
  clock UART_RX_CLK (rise edge)                           0.00       0.00
  clock network delay (ideal)                             0.00       0.00
  UART/U_UART_RX/U7/current_state_reg[0]/CK (DFFRX1M)     0.00       0.00 r
  UART/U_UART_RX/U7/current_state_reg[0]/QN (DFFRX1M)     0.39       0.39 r
  UART/U_UART_RX/U7/U23/Y (NOR2X2M)                       0.08       0.46 f
  UART/U_UART_RX/U7/U8/Y (INVX2M)                         0.09       0.56 r
  UART/U_UART_RX/U7/U39/Y (NAND2X2M)                      0.08       0.63 f
  UART/U_UART_RX/U7/U38/Y (BUFX2M)                        0.17       0.81 f
  UART/U_UART_RX/U7/data_sampl_en (FSM)                   0.00       0.81 f
  UART/U_UART_RX/U6/data_sampl_en (DATA_SAMPLING)         0.00       0.81 f
  UART/U_UART_RX/U6/U56/Y (CLKNAND2X2M)                   0.08       0.88 r
  UART/U_UART_RX/U6/U55/Y (CLKINVX1M)                     0.05       0.93 f
  UART/U_UART_RX/U6/sampled_bit_valid_reg/D (DFFRQX2M)
                                                          0.00       0.93 f
  data arrival time                                                  0.93

  clock UART_RX_CLK (rise edge)                           0.00       0.00
  clock network delay (ideal)                             0.00       0.00
  clock uncertainty                                       0.10       0.10
  UART/U_UART_RX/U6/sampled_bit_valid_reg/CK (DFFRQX2M)
                                                          0.00       0.10 r
  library hold time                                      -0.02       0.08
  data required time                                                 0.08
  --------------------------------------------------------------------------
  data required time                                                 0.08
  data arrival time                                                 -0.93
  --------------------------------------------------------------------------
  slack (MET)                                                        0.85


  Startpoint: UART/U_UART_TX/U1/counter_reg[2]
              (rising edge-triggered flip-flop clocked by UART_TX_CLK)
  Endpoint: UART/U_UART_TX/U1/counter_reg[2]
            (rising edge-triggered flip-flop clocked by UART_TX_CLK)
  Path Group: UART_TX_CLK
  Path Type: min

  Point                                                   Incr       Path
  --------------------------------------------------------------------------
  clock UART_TX_CLK (rise edge)                           0.00       0.00
  clock network delay (ideal)                             0.00       0.00
  UART/U_UART_TX/U1/counter_reg[2]/CK (DFFRQX2M)          0.00       0.00 r
  UART/U_UART_TX/U1/counter_reg[2]/Q (DFFRQX2M)           0.38       0.38 r
  UART/U_UART_TX/U1/U14/Y (OAI22X1M)                      0.06       0.44 f
  UART/U_UART_TX/U1/counter_reg[2]/D (DFFRQX2M)           0.00       0.44 f
  data arrival time                                                  0.44

  clock UART_TX_CLK (rise edge)                           0.00       0.00
  clock network delay (ideal)                             0.00       0.00
  clock uncertainty                                       0.10       0.10
  UART/U_UART_TX/U1/counter_reg[2]/CK (DFFRQX2M)          0.00       0.10 r
  library hold time                                      -0.02       0.08
  data required time                                                 0.08
  --------------------------------------------------------------------------
  data required time                                                 0.08
  data arrival time                                                 -0.44
  --------------------------------------------------------------------------
  slack (MET)                                                        0.36


  Startpoint: U_FIFO/BIT_SYNC_W_TO_R/sync_reg_reg[3][0]
              (rising edge-triggered flip-flop clocked by UART_TX_CLK)
  Endpoint: U_FIFO/BIT_SYNC_W_TO_R/sync_reg_reg[3][1]
            (rising edge-triggered flip-flop clocked by UART_TX_CLK)
  Path Group: UART_TX_CLK
  Path Type: min

  Point                                                   Incr       Path
  --------------------------------------------------------------------------
  clock UART_TX_CLK (rise edge)                           0.00       0.00
  clock network delay (ideal)                             0.00       0.00
  U_FIFO/BIT_SYNC_W_TO_R/sync_reg_reg[3][0]/CK (DFFRQX2M)
                                                          0.00       0.00 r
  U_FIFO/BIT_SYNC_W_TO_R/sync_reg_reg[3][0]/Q (DFFRQX2M)
                                                          0.45       0.45 f
  U_FIFO/BIT_SYNC_W_TO_R/sync_reg_reg[3][1]/D (DFFRQX2M)
                                                          0.00       0.45 f
  data arrival time                                                  0.45

  clock UART_TX_CLK (rise edge)                           0.00       0.00
  clock network delay (ideal)                             0.00       0.00
  clock uncertainty                                       0.10       0.10
  U_FIFO/BIT_SYNC_W_TO_R/sync_reg_reg[3][1]/CK (DFFRQX2M)
                                                          0.00       0.10 r
  library hold time                                      -0.03       0.07
  data required time                                                 0.07
  --------------------------------------------------------------------------
  data required time                                                 0.07
  data arrival time                                                 -0.45
  --------------------------------------------------------------------------
  slack (MET)                                                        0.37


  Startpoint: U_FIFO/BIT_SYNC_W_TO_R/sync_reg_reg[2][0]
              (rising edge-triggered flip-flop clocked by UART_TX_CLK)
  Endpoint: U_FIFO/BIT_SYNC_W_TO_R/sync_reg_reg[2][1]
            (rising edge-triggered flip-flop clocked by UART_TX_CLK)
  Path Group: UART_TX_CLK
  Path Type: min

  Point                                                   Incr       Path
  --------------------------------------------------------------------------
  clock UART_TX_CLK (rise edge)                           0.00       0.00
  clock network delay (ideal)                             0.00       0.00
  U_FIFO/BIT_SYNC_W_TO_R/sync_reg_reg[2][0]/CK (DFFRQX2M)
                                                          0.00       0.00 r
  U_FIFO/BIT_SYNC_W_TO_R/sync_reg_reg[2][0]/Q (DFFRQX2M)
                                                          0.45       0.45 f
  U_FIFO/BIT_SYNC_W_TO_R/sync_reg_reg[2][1]/D (DFFRQX2M)
                                                          0.00       0.45 f
  data arrival time                                                  0.45

  clock UART_TX_CLK (rise edge)                           0.00       0.00
  clock network delay (ideal)                             0.00       0.00
  clock uncertainty                                       0.10       0.10
  U_FIFO/BIT_SYNC_W_TO_R/sync_reg_reg[2][1]/CK (DFFRQX2M)
                                                          0.00       0.10 r
  library hold time                                      -0.03       0.07
  data required time                                                 0.07
  --------------------------------------------------------------------------
  data required time                                                 0.07
  data arrival time                                                 -0.45
  --------------------------------------------------------------------------
  slack (MET)                                                        0.37


  Startpoint: U_FIFO/BIT_SYNC_W_TO_R/sync_reg_reg[1][0]
              (rising edge-triggered flip-flop clocked by UART_TX_CLK)
  Endpoint: U_FIFO/BIT_SYNC_W_TO_R/sync_reg_reg[1][1]
            (rising edge-triggered flip-flop clocked by UART_TX_CLK)
  Path Group: UART_TX_CLK
  Path Type: min

  Point                                                   Incr       Path
  --------------------------------------------------------------------------
  clock UART_TX_CLK (rise edge)                           0.00       0.00
  clock network delay (ideal)                             0.00       0.00
  U_FIFO/BIT_SYNC_W_TO_R/sync_reg_reg[1][0]/CK (DFFRQX2M)
                                                          0.00       0.00 r
  U_FIFO/BIT_SYNC_W_TO_R/sync_reg_reg[1][0]/Q (DFFRQX2M)
                                                          0.45       0.45 f
  U_FIFO/BIT_SYNC_W_TO_R/sync_reg_reg[1][1]/D (DFFRQX2M)
                                                          0.00       0.45 f
  data arrival time                                                  0.45

  clock UART_TX_CLK (rise edge)                           0.00       0.00
  clock network delay (ideal)                             0.00       0.00
  clock uncertainty                                       0.10       0.10
  U_FIFO/BIT_SYNC_W_TO_R/sync_reg_reg[1][1]/CK (DFFRQX2M)
                                                          0.00       0.10 r
  library hold time                                      -0.03       0.07
  data required time                                                 0.07
  --------------------------------------------------------------------------
  data required time                                                 0.07
  data arrival time                                                 -0.45
  --------------------------------------------------------------------------
  slack (MET)                                                        0.37


  Startpoint: U_FIFO/BIT_SYNC_W_TO_R/sync_reg_reg[0][0]
              (rising edge-triggered flip-flop clocked by UART_TX_CLK)
  Endpoint: U_FIFO/BIT_SYNC_W_TO_R/sync_reg_reg[0][1]
            (rising edge-triggered flip-flop clocked by UART_TX_CLK)
  Path Group: UART_TX_CLK
  Path Type: min

  Point                                                   Incr       Path
  --------------------------------------------------------------------------
  clock UART_TX_CLK (rise edge)                           0.00       0.00
  clock network delay (ideal)                             0.00       0.00
  U_FIFO/BIT_SYNC_W_TO_R/sync_reg_reg[0][0]/CK (DFFRQX2M)
                                                          0.00       0.00 r
  U_FIFO/BIT_SYNC_W_TO_R/sync_reg_reg[0][0]/Q (DFFRQX2M)
                                                          0.45       0.45 f
  U_FIFO/BIT_SYNC_W_TO_R/sync_reg_reg[0][1]/D (DFFRQX2M)
                                                          0.00       0.45 f
  data arrival time                                                  0.45

  clock UART_TX_CLK (rise edge)                           0.00       0.00
  clock network delay (ideal)                             0.00       0.00
  clock uncertainty                                       0.10       0.10
  U_FIFO/BIT_SYNC_W_TO_R/sync_reg_reg[0][1]/CK (DFFRQX2M)
                                                          0.00       0.10 r
  library hold time                                      -0.03       0.07
  data required time                                                 0.07
  --------------------------------------------------------------------------
  data required time                                                 0.07
  data arrival time                                                 -0.45
  --------------------------------------------------------------------------
  slack (MET)                                                        0.37


  Startpoint: U_PULSE_GEN/rcv_flop_reg
              (rising edge-triggered flip-flop clocked by UART_TX_CLK)
  Endpoint: U_PULSE_GEN/pulse_flop_reg
            (rising edge-triggered flip-flop clocked by UART_TX_CLK)
  Path Group: UART_TX_CLK
  Path Type: min

  Point                                                   Incr       Path
  --------------------------------------------------------------------------
  clock UART_TX_CLK (rise edge)                           0.00       0.00
  clock network delay (ideal)                             0.00       0.00
  U_PULSE_GEN/rcv_flop_reg/CK (DFFRQX2M)                  0.00       0.00 r
  U_PULSE_GEN/rcv_flop_reg/Q (DFFRQX2M)                   0.46       0.46 f
  U_PULSE_GEN/pulse_flop_reg/D (DFFRQX2M)                 0.00       0.46 f
  data arrival time                                                  0.46

  clock UART_TX_CLK (rise edge)                           0.00       0.00
  clock network delay (ideal)                             0.00       0.00
  clock uncertainty                                       0.10       0.10
  U_PULSE_GEN/pulse_flop_reg/CK (DFFRQX2M)                0.00       0.10 r
  library hold time                                      -0.03       0.07
  data required time                                                 0.07
  --------------------------------------------------------------------------
  data required time                                                 0.07
  data arrival time                                                 -0.46
  --------------------------------------------------------------------------
  slack (MET)                                                        0.38


  Startpoint: UART/U_UART_TX/U1/counter_reg[1]
              (rising edge-triggered flip-flop clocked by UART_TX_CLK)
  Endpoint: UART/U_UART_TX/U1/counter_reg[1]
            (rising edge-triggered flip-flop clocked by UART_TX_CLK)
  Path Group: UART_TX_CLK
  Path Type: min

  Point                                                   Incr       Path
  --------------------------------------------------------------------------
  clock UART_TX_CLK (rise edge)                           0.00       0.00
  clock network delay (ideal)                             0.00       0.00
  UART/U_UART_TX/U1/counter_reg[1]/CK (DFFRQX2M)          0.00       0.00 r
  UART/U_UART_TX/U1/counter_reg[1]/Q (DFFRQX2M)           0.38       0.38 r
  UART/U_UART_TX/U1/U12/Y (OAI32X1M)                      0.09       0.47 f
  UART/U_UART_TX/U1/counter_reg[1]/D (DFFRQX2M)           0.00       0.47 f
  data arrival time                                                  0.47

  clock UART_TX_CLK (rise edge)                           0.00       0.00
  clock network delay (ideal)                             0.00       0.00
  clock uncertainty                                       0.10       0.10
  UART/U_UART_TX/U1/counter_reg[1]/CK (DFFRQX2M)          0.00       0.10 r
  library hold time                                      -0.02       0.08
  data required time                                                 0.08
  --------------------------------------------------------------------------
  data required time                                                 0.08
  data arrival time                                                 -0.47
  --------------------------------------------------------------------------
  slack (MET)                                                        0.39


  Startpoint: U_FIFO/READ_MODULE/R_ADD_COUNTER_reg[3]
              (rising edge-triggered flip-flop clocked by UART_TX_CLK)
  Endpoint: U_FIFO/READ_MODULE/R_ADD_COUNTER_reg[3]
            (rising edge-triggered flip-flop clocked by UART_TX_CLK)
  Path Group: UART_TX_CLK
  Path Type: min

  Point                                                   Incr       Path
  --------------------------------------------------------------------------
  clock UART_TX_CLK (rise edge)                           0.00       0.00
  clock network delay (ideal)                             0.00       0.00
  U_FIFO/READ_MODULE/R_ADD_COUNTER_reg[3]/CK (DFFRQX2M)
                                                          0.00       0.00 r
  U_FIFO/READ_MODULE/R_ADD_COUNTER_reg[3]/Q (DFFRQX2M)
                                                          0.41       0.41 r
  U_FIFO/READ_MODULE/U14/Y (XNOR2X2M)                     0.06       0.47 f
  U_FIFO/READ_MODULE/R_ADD_COUNTER_reg[3]/D (DFFRQX2M)
                                                          0.00       0.47 f
  data arrival time                                                  0.47

  clock UART_TX_CLK (rise edge)                           0.00       0.00
  clock network delay (ideal)                             0.00       0.00
  clock uncertainty                                       0.10       0.10
  U_FIFO/READ_MODULE/R_ADD_COUNTER_reg[3]/CK (DFFRQX2M)
                                                          0.00       0.10 r
  library hold time                                      -0.03       0.07
  data required time                                                 0.07
  --------------------------------------------------------------------------
  data required time                                                 0.07
  data arrival time                                                 -0.47
  --------------------------------------------------------------------------
  slack (MET)                                                        0.39


  Startpoint: UART/U_UART_TX/U2/BUSY_reg
              (rising edge-triggered flip-flop clocked by UART_TX_CLK)
  Endpoint: U_PULSE_GEN/rcv_flop_reg
            (rising edge-triggered flip-flop clocked by UART_TX_CLK)
  Path Group: UART_TX_CLK
  Path Type: min

  Point                                                   Incr       Path
  --------------------------------------------------------------------------
  clock UART_TX_CLK (rise edge)                           0.00       0.00
  clock network delay (ideal)                             0.00       0.00
  UART/U_UART_TX/U2/BUSY_reg/CK (DFFRQX2M)                0.00       0.00 r
  UART/U_UART_TX/U2/BUSY_reg/Q (DFFRQX2M)                 0.47       0.47 f
  UART/U_UART_TX/U2/BUSY (FSM_tx_MUX_WIDTH2)              0.00       0.47 f
  UART/U_UART_TX/BUSY (UART_TX_DATA_WIDTH8)               0.00       0.47 f
  UART/TX_OUT_V (UART_TOP)                                0.00       0.47 f
  U_PULSE_GEN/lvl_sig (PULSE_GEN)                         0.00       0.47 f
  U_PULSE_GEN/rcv_flop_reg/D (DFFRQX2M)                   0.00       0.47 f
  data arrival time                                                  0.47

  clock UART_TX_CLK (rise edge)                           0.00       0.00
  clock network delay (ideal)                             0.00       0.00
  clock uncertainty                                       0.10       0.10
  U_PULSE_GEN/rcv_flop_reg/CK (DFFRQX2M)                  0.00       0.10 r
  library hold time                                      -0.03       0.07
  data required time                                                 0.07
  --------------------------------------------------------------------------
  data required time                                                 0.07
  data arrival time                                                 -0.47
  --------------------------------------------------------------------------
  slack (MET)                                                        0.40


  Startpoint: UART/U_UART_TX/U2/current_state_reg[0]
              (rising edge-triggered flip-flop clocked by UART_TX_CLK)
  Endpoint: UART/U_UART_TX/U2/BUSY_reg
            (rising edge-triggered flip-flop clocked by UART_TX_CLK)
  Path Group: UART_TX_CLK
  Path Type: min

  Point                                                   Incr       Path
  --------------------------------------------------------------------------
  clock UART_TX_CLK (rise edge)                           0.00       0.00
  clock network delay (ideal)                             0.00       0.00
  UART/U_UART_TX/U2/current_state_reg[0]/CK (DFFRQX2M)
                                                          0.00       0.00 r
  UART/U_UART_TX/U2/current_state_reg[0]/Q (DFFRQX2M)     0.40       0.40 r
  UART/U_UART_TX/U2/U9/Y (OAI21X2M)                       0.07       0.47 f
  UART/U_UART_TX/U2/BUSY_reg/D (DFFRQX2M)                 0.00       0.47 f
  data arrival time                                                  0.47

  clock UART_TX_CLK (rise edge)                           0.00       0.00
  clock network delay (ideal)                             0.00       0.00
  clock uncertainty                                       0.10       0.10
  UART/U_UART_TX/U2/BUSY_reg/CK (DFFRQX2M)                0.00       0.10 r
  library hold time                                      -0.02       0.08
  data required time                                                 0.08
  --------------------------------------------------------------------------
  data required time                                                 0.08
  data arrival time                                                 -0.47
  --------------------------------------------------------------------------
  slack (MET)                                                        0.40


  Startpoint: UART/U_UART_TX/U2/current_state_reg[2]
              (rising edge-triggered flip-flop clocked by UART_TX_CLK)
  Endpoint: UART/U_UART_TX/U2/current_state_reg[1]
            (rising edge-triggered flip-flop clocked by UART_TX_CLK)
  Path Group: UART_TX_CLK
  Path Type: min

  Point                                                   Incr       Path
  --------------------------------------------------------------------------
  clock UART_TX_CLK (rise edge)                           0.00       0.00
  clock network delay (ideal)                             0.00       0.00
  UART/U_UART_TX/U2/current_state_reg[2]/CK (DFFRQX2M)
                                                          0.00       0.00 r
  UART/U_UART_TX/U2/current_state_reg[2]/Q (DFFRQX2M)     0.41       0.41 r
  UART/U_UART_TX/U2/U10/Y (OAI21X2M)                      0.07       0.48 f
  UART/U_UART_TX/U2/current_state_reg[1]/D (DFFRQX2M)     0.00       0.48 f
  data arrival time                                                  0.48

  clock UART_TX_CLK (rise edge)                           0.00       0.00
  clock network delay (ideal)                             0.00       0.00
  clock uncertainty                                       0.10       0.10
  UART/U_UART_TX/U2/current_state_reg[1]/CK (DFFRQX2M)
                                                          0.00       0.10 r
  library hold time                                      -0.02       0.08
  data required time                                                 0.08
  --------------------------------------------------------------------------
  data required time                                                 0.08
  data arrival time                                                 -0.48
  --------------------------------------------------------------------------
  slack (MET)                                                        0.40


  Startpoint: U_FIFO/READ_MODULE/R_ADD_COUNTER_reg[0]
              (rising edge-triggered flip-flop clocked by UART_TX_CLK)
  Endpoint: U_FIFO/READ_MODULE/GRAY_R_ADD_reg[0]
            (rising edge-triggered flip-flop clocked by UART_TX_CLK)
  Path Group: UART_TX_CLK
  Path Type: min

  Point                                                   Incr       Path
  --------------------------------------------------------------------------
  clock UART_TX_CLK (rise edge)                           0.00       0.00
  clock network delay (ideal)                             0.00       0.00
  U_FIFO/READ_MODULE/R_ADD_COUNTER_reg[0]/CK (DFFRX1M)
                                                          0.00       0.00 r
  U_FIFO/READ_MODULE/R_ADD_COUNTER_reg[0]/QN (DFFRX1M)
                                                          0.39       0.39 r
  U_FIFO/READ_MODULE/U5/Y (XNOR2X2M)                      0.08       0.48 f
  U_FIFO/READ_MODULE/GRAY_R_ADD_reg[0]/D (DFFRQX2M)       0.00       0.48 f
  data arrival time                                                  0.48

  clock UART_TX_CLK (rise edge)                           0.00       0.00
  clock network delay (ideal)                             0.00       0.00
  clock uncertainty                                       0.10       0.10
  U_FIFO/READ_MODULE/GRAY_R_ADD_reg[0]/CK (DFFRQX2M)      0.00       0.10 r
  library hold time                                      -0.03       0.07
  data required time                                                 0.07
  --------------------------------------------------------------------------
  data required time                                                 0.07
  data arrival time                                                 -0.48
  --------------------------------------------------------------------------
  slack (MET)                                                        0.41


  Startpoint: U_FIFO/READ_MODULE/R_ADD_COUNTER_reg[3]
              (rising edge-triggered flip-flop clocked by UART_TX_CLK)
  Endpoint: U_FIFO/READ_MODULE/GRAY_R_ADD_reg[3]
            (rising edge-triggered flip-flop clocked by UART_TX_CLK)
  Path Group: UART_TX_CLK
  Path Type: min

  Point                                                   Incr       Path
  --------------------------------------------------------------------------
  clock UART_TX_CLK (rise edge)                           0.00       0.00
  clock network delay (ideal)                             0.00       0.00
  U_FIFO/READ_MODULE/R_ADD_COUNTER_reg[3]/CK (DFFRQX2M)
                                                          0.00       0.00 r
  U_FIFO/READ_MODULE/R_ADD_COUNTER_reg[3]/Q (DFFRQX2M)
                                                          0.50       0.50 f
  U_FIFO/READ_MODULE/GRAY_R_ADD_reg[3]/D (DFFRQX2M)       0.00       0.50 f
  data arrival time                                                  0.50

  clock UART_TX_CLK (rise edge)                           0.00       0.00
  clock network delay (ideal)                             0.00       0.00
  clock uncertainty                                       0.10       0.10
  U_FIFO/READ_MODULE/GRAY_R_ADD_reg[3]/CK (DFFRQX2M)      0.00       0.10 r
  library hold time                                      -0.04       0.06
  data required time                                                 0.06
  --------------------------------------------------------------------------
  data required time                                                 0.06
  data arrival time                                                 -0.50
  --------------------------------------------------------------------------
  slack (MET)                                                        0.43


  Startpoint: U_FIFO/READ_MODULE/R_ADD_COUNTER_reg[0]
              (rising edge-triggered flip-flop clocked by UART_TX_CLK)
  Endpoint: U_FIFO/READ_MODULE/R_ADD_COUNTER_reg[0]
            (rising edge-triggered flip-flop clocked by UART_TX_CLK)
  Path Group: UART_TX_CLK
  Path Type: min

  Point                                                   Incr       Path
  --------------------------------------------------------------------------
  clock UART_TX_CLK (rise edge)                           0.00       0.00
  clock network delay (ideal)                             0.00       0.00
  U_FIFO/READ_MODULE/R_ADD_COUNTER_reg[0]/CK (DFFRX1M)
                                                          0.00       0.00 r
  U_FIFO/READ_MODULE/R_ADD_COUNTER_reg[0]/QN (DFFRX1M)
                                                          0.37       0.37 f
  U_FIFO/READ_MODULE/U19/Y (CLKXOR2X2M)                   0.18       0.55 f
  U_FIFO/READ_MODULE/R_ADD_COUNTER_reg[0]/D (DFFRX1M)     0.00       0.55 f
  data arrival time                                                  0.55

  clock UART_TX_CLK (rise edge)                           0.00       0.00
  clock network delay (ideal)                             0.00       0.00
  clock uncertainty                                       0.10       0.10
  U_FIFO/READ_MODULE/R_ADD_COUNTER_reg[0]/CK (DFFRX1M)
                                                          0.00       0.10 r
  library hold time                                      -0.02       0.08
  data required time                                                 0.08
  --------------------------------------------------------------------------
  data required time                                                 0.08
  data arrival time                                                 -0.55
  --------------------------------------------------------------------------
  slack (MET)                                                        0.47


  Startpoint: UART/U_UART_TX/U1/counter_reg[2]
              (rising edge-triggered flip-flop clocked by UART_TX_CLK)
  Endpoint: UART/U_UART_TX/U1/SER_DONE_reg
            (rising edge-triggered flip-flop clocked by UART_TX_CLK)
  Path Group: UART_TX_CLK
  Path Type: min

  Point                                                   Incr       Path
  --------------------------------------------------------------------------
  clock UART_TX_CLK (rise edge)                           0.00       0.00
  clock network delay (ideal)                             0.00       0.00
  UART/U_UART_TX/U1/counter_reg[2]/CK (DFFRQX2M)          0.00       0.00 r
  UART/U_UART_TX/U1/counter_reg[2]/Q (DFFRQX2M)           0.47       0.47 f
  UART/U_UART_TX/U1/U34/Y (INVX2M)                        0.07       0.54 r
  UART/U_UART_TX/U1/U8/Y (NOR2X2M)                        0.04       0.58 f
  UART/U_UART_TX/U1/SER_DONE_reg/D (DFFRQX2M)             0.00       0.58 f
  data arrival time                                                  0.58

  clock UART_TX_CLK (rise edge)                           0.00       0.00
  clock network delay (ideal)                             0.00       0.00
  clock uncertainty                                       0.10       0.10
  UART/U_UART_TX/U1/SER_DONE_reg/CK (DFFRQX2M)            0.00       0.10 r
  library hold time                                      -0.02       0.08
  data required time                                                 0.08
  --------------------------------------------------------------------------
  data required time                                                 0.08
  data arrival time                                                 -0.58
  --------------------------------------------------------------------------
  slack (MET)                                                        0.50


  Startpoint: UART/U_UART_TX/U2/BUSY_reg
              (rising edge-triggered flip-flop clocked by UART_TX_CLK)
  Endpoint: UART/U_UART_TX/U3/par_bit_reg
            (rising edge-triggered flip-flop clocked by UART_TX_CLK)
  Path Group: UART_TX_CLK
  Path Type: min

  Point                                                   Incr       Path
  --------------------------------------------------------------------------
  clock UART_TX_CLK (rise edge)                           0.00       0.00
  clock network delay (ideal)                             0.00       0.00
  UART/U_UART_TX/U2/BUSY_reg/CK (DFFRQX2M)                0.00       0.00 r
  UART/U_UART_TX/U2/BUSY_reg/Q (DFFRQX2M)                 0.37       0.37 r
  UART/U_UART_TX/U2/BUSY (FSM_tx_MUX_WIDTH2)              0.00       0.37 r
  UART/U_UART_TX/U3/BUSY (PARITY_CALC_DATA_WIDTH8)        0.00       0.37 r
  UART/U_UART_TX/U3/U6/Y (NAND2BX2M)                      0.12       0.49 r
  UART/U_UART_TX/U3/U5/Y (OAI2BB2X1M)                     0.09       0.58 f
  UART/U_UART_TX/U3/par_bit_reg/D (DFFRQX2M)              0.00       0.58 f
  data arrival time                                                  0.58

  clock UART_TX_CLK (rise edge)                           0.00       0.00
  clock network delay (ideal)                             0.00       0.00
  clock uncertainty                                       0.10       0.10
  UART/U_UART_TX/U3/par_bit_reg/CK (DFFRQX2M)             0.00       0.10 r
  library hold time                                      -0.03       0.07
  data required time                                                 0.07
  --------------------------------------------------------------------------
  data required time                                                 0.07
  data arrival time                                                 -0.58
  --------------------------------------------------------------------------
  slack (MET)                                                        0.51


  Startpoint: UART/U_UART_TX/U1/ser_data_reg
              (rising edge-triggered flip-flop clocked by UART_TX_CLK)
  Endpoint: UART/U_UART_TX/U4/TX_OUT_reg
            (rising edge-triggered flip-flop clocked by UART_TX_CLK)
  Path Group: UART_TX_CLK
  Path Type: min

  Point                                                   Incr       Path
  --------------------------------------------------------------------------
  clock UART_TX_CLK (rise edge)                           0.00       0.00
  clock network delay (ideal)                             0.00       0.00
  UART/U_UART_TX/U1/ser_data_reg/CK (DFFRQX2M)            0.00       0.00 r
  UART/U_UART_TX/U1/ser_data_reg/Q (DFFRQX2M)             0.37       0.37 r
  UART/U_UART_TX/U1/ser_data (SERIALIZER_DATA_WIDTH8_COUNT3)
                                                          0.00       0.37 r
  UART/U_UART_TX/U4/ser_data (MUX_MUX_WIDTH2)             0.00       0.37 r
  UART/U_UART_TX/U4/U5/Y (AOI22X1M)                       0.08       0.44 f
  UART/U_UART_TX/U4/U3/Y (OAI2B2X1M)                      0.10       0.55 r
  UART/U_UART_TX/U4/TX_OUT_reg/D (DFFSQX2M)               0.00       0.55 r
  data arrival time                                                  0.55

  clock UART_TX_CLK (rise edge)                           0.00       0.00
  clock network delay (ideal)                             0.00       0.00
  clock uncertainty                                       0.10       0.10
  UART/U_UART_TX/U4/TX_OUT_reg/CK (DFFSQX2M)              0.00       0.10 r
  library hold time                                      -0.06       0.04
  data required time                                                 0.04
  --------------------------------------------------------------------------
  data required time                                                 0.04
  data arrival time                                                 -0.55
  --------------------------------------------------------------------------
  slack (MET)                                                        0.51


  Startpoint: UART/U_UART_TX/U2/current_state_reg[1]
              (rising edge-triggered flip-flop clocked by UART_TX_CLK)
  Endpoint: UART/U_UART_TX/U2/current_state_reg[0]
            (rising edge-triggered flip-flop clocked by UART_TX_CLK)
  Path Group: UART_TX_CLK
  Path Type: min

  Point                                                   Incr       Path
  --------------------------------------------------------------------------
  clock UART_TX_CLK (rise edge)                           0.00       0.00
  clock network delay (ideal)                             0.00       0.00
  UART/U_UART_TX/U2/current_state_reg[1]/CK (DFFRQX2M)
                                                          0.00       0.00 r
  UART/U_UART_TX/U2/current_state_reg[1]/Q (DFFRQX2M)     0.38       0.38 r
  UART/U_UART_TX/U2/U13/Y (INVX2M)                        0.07       0.45 f
  UART/U_UART_TX/U2/U7/Y (NAND3BX2M)                      0.08       0.53 r
  UART/U_UART_TX/U2/U6/Y (NAND2BX2M)                      0.06       0.59 f
  UART/U_UART_TX/U2/current_state_reg[0]/D (DFFRQX2M)     0.00       0.59 f
  data arrival time                                                  0.59

  clock UART_TX_CLK (rise edge)                           0.00       0.00
  clock network delay (ideal)                             0.00       0.00
  clock uncertainty                                       0.10       0.10
  UART/U_UART_TX/U2/current_state_reg[0]/CK (DFFRQX2M)
                                                          0.00       0.10 r
  library hold time                                      -0.02       0.08
  data required time                                                 0.08
  --------------------------------------------------------------------------
  data required time                                                 0.08
  data arrival time                                                 -0.59
  --------------------------------------------------------------------------
  slack (MET)                                                        0.51


  Startpoint: UART/U_UART_TX/U2/current_state_reg[2]
              (rising edge-triggered flip-flop clocked by UART_TX_CLK)
  Endpoint: UART/U_UART_TX/U2/current_state_reg[2]
            (rising edge-triggered flip-flop clocked by UART_TX_CLK)
  Path Group: UART_TX_CLK
  Path Type: min

  Point                                                   Incr       Path
  --------------------------------------------------------------------------
  clock UART_TX_CLK (rise edge)                           0.00       0.00
  clock network delay (ideal)                             0.00       0.00
  UART/U_UART_TX/U2/current_state_reg[2]/CK (DFFRQX2M)
                                                          0.00       0.00 r
  UART/U_UART_TX/U2/current_state_reg[2]/Q (DFFRQX2M)     0.41       0.41 r
  UART/U_UART_TX/U2/U8/Y (NOR2X2M)                        0.07       0.48 f
  UART/U_UART_TX/U2/U3/Y (INVX2M)                         0.07       0.55 r
  UART/U_UART_TX/U2/U11/Y (NOR2X2M)                       0.04       0.59 f
  UART/U_UART_TX/U2/current_state_reg[2]/D (DFFRQX2M)     0.00       0.59 f
  data arrival time                                                  0.59

  clock UART_TX_CLK (rise edge)                           0.00       0.00
  clock network delay (ideal)                             0.00       0.00
  clock uncertainty                                       0.10       0.10
  UART/U_UART_TX/U2/current_state_reg[2]/CK (DFFRQX2M)
                                                          0.00       0.10 r
  library hold time                                      -0.02       0.08
  data required time                                                 0.08
  --------------------------------------------------------------------------
  data required time                                                 0.08
  data arrival time                                                 -0.59
  --------------------------------------------------------------------------
  slack (MET)                                                        0.51


  Startpoint: UART/U_UART_TX/U1/register_reg[6]
              (rising edge-triggered flip-flop clocked by UART_TX_CLK)
  Endpoint: UART/U_UART_TX/U1/register_reg[6]
            (rising edge-triggered flip-flop clocked by UART_TX_CLK)
  Path Group: UART_TX_CLK
  Path Type: min

  Point                                                   Incr       Path
  --------------------------------------------------------------------------
  clock UART_TX_CLK (rise edge)                           0.00       0.00
  clock network delay (ideal)                             0.00       0.00
  UART/U_UART_TX/U1/register_reg[6]/CK (DFFRQX2M)         0.00       0.00 r
  UART/U_UART_TX/U1/register_reg[6]/Q (DFFRQX2M)          0.46       0.46 f
  UART/U_UART_TX/U1/U17/Y (OAI2BB1X2M)                    0.15       0.61 f
  UART/U_UART_TX/U1/register_reg[6]/D (DFFRQX2M)          0.00       0.61 f
  data arrival time                                                  0.61

  clock UART_TX_CLK (rise edge)                           0.00       0.00
  clock network delay (ideal)                             0.00       0.00
  clock uncertainty                                       0.10       0.10
  UART/U_UART_TX/U1/register_reg[6]/CK (DFFRQX2M)         0.00       0.10 r
  library hold time                                      -0.02       0.08
  data required time                                                 0.08
  --------------------------------------------------------------------------
  data required time                                                 0.08
  data arrival time                                                 -0.61
  --------------------------------------------------------------------------
  slack (MET)                                                        0.53


  Startpoint: UART/U_UART_TX/U1/register_reg[1]
              (rising edge-triggered flip-flop clocked by UART_TX_CLK)
  Endpoint: UART/U_UART_TX/U1/register_reg[1]
            (rising edge-triggered flip-flop clocked by UART_TX_CLK)
  Path Group: UART_TX_CLK
  Path Type: min

  Point                                                   Incr       Path
  --------------------------------------------------------------------------
  clock UART_TX_CLK (rise edge)                           0.00       0.00
  clock network delay (ideal)                             0.00       0.00
  UART/U_UART_TX/U1/register_reg[1]/CK (DFFRQX2M)         0.00       0.00 r
  UART/U_UART_TX/U1/register_reg[1]/Q (DFFRQX2M)          0.46       0.46 f
  UART/U_UART_TX/U1/U23/Y (OAI2BB1X2M)                    0.15       0.61 f
  UART/U_UART_TX/U1/register_reg[1]/D (DFFRQX2M)          0.00       0.61 f
  data arrival time                                                  0.61

  clock UART_TX_CLK (rise edge)                           0.00       0.00
  clock network delay (ideal)                             0.00       0.00
  clock uncertainty                                       0.10       0.10
  UART/U_UART_TX/U1/register_reg[1]/CK (DFFRQX2M)         0.00       0.10 r
  library hold time                                      -0.02       0.08
  data required time                                                 0.08
  --------------------------------------------------------------------------
  data required time                                                 0.08
  data arrival time                                                 -0.61
  --------------------------------------------------------------------------
  slack (MET)                                                        0.53


  Startpoint: UART/U_UART_TX/U1/register_reg[2]
              (rising edge-triggered flip-flop clocked by UART_TX_CLK)
  Endpoint: UART/U_UART_TX/U1/register_reg[2]
            (rising edge-triggered flip-flop clocked by UART_TX_CLK)
  Path Group: UART_TX_CLK
  Path Type: min

  Point                                                   Incr       Path
  --------------------------------------------------------------------------
  clock UART_TX_CLK (rise edge)                           0.00       0.00
  clock network delay (ideal)                             0.00       0.00
  UART/U_UART_TX/U1/register_reg[2]/CK (DFFRQX2M)         0.00       0.00 r
  UART/U_UART_TX/U1/register_reg[2]/Q (DFFRQX2M)          0.46       0.46 f
  UART/U_UART_TX/U1/U25/Y (OAI2BB1X2M)                    0.15       0.61 f
  UART/U_UART_TX/U1/register_reg[2]/D (DFFRQX2M)          0.00       0.61 f
  data arrival time                                                  0.61

  clock UART_TX_CLK (rise edge)                           0.00       0.00
  clock network delay (ideal)                             0.00       0.00
  clock uncertainty                                       0.10       0.10
  UART/U_UART_TX/U1/register_reg[2]/CK (DFFRQX2M)         0.00       0.10 r
  library hold time                                      -0.02       0.08
  data required time                                                 0.08
  --------------------------------------------------------------------------
  data required time                                                 0.08
  data arrival time                                                 -0.61
  --------------------------------------------------------------------------
  slack (MET)                                                        0.53


  Startpoint: UART/U_UART_TX/U1/register_reg[3]
              (rising edge-triggered flip-flop clocked by UART_TX_CLK)
  Endpoint: UART/U_UART_TX/U1/register_reg[3]
            (rising edge-triggered flip-flop clocked by UART_TX_CLK)
  Path Group: UART_TX_CLK
  Path Type: min

  Point                                                   Incr       Path
  --------------------------------------------------------------------------
  clock UART_TX_CLK (rise edge)                           0.00       0.00
  clock network delay (ideal)                             0.00       0.00
  UART/U_UART_TX/U1/register_reg[3]/CK (DFFRQX2M)         0.00       0.00 r
  UART/U_UART_TX/U1/register_reg[3]/Q (DFFRQX2M)          0.46       0.46 f
  UART/U_UART_TX/U1/U27/Y (OAI2BB1X2M)                    0.15       0.61 f
  UART/U_UART_TX/U1/register_reg[3]/D (DFFRQX2M)          0.00       0.61 f
  data arrival time                                                  0.61

  clock UART_TX_CLK (rise edge)                           0.00       0.00
  clock network delay (ideal)                             0.00       0.00
  clock uncertainty                                       0.10       0.10
  UART/U_UART_TX/U1/register_reg[3]/CK (DFFRQX2M)         0.00       0.10 r
  library hold time                                      -0.02       0.08
  data required time                                                 0.08
  --------------------------------------------------------------------------
  data required time                                                 0.08
  data arrival time                                                 -0.61
  --------------------------------------------------------------------------
  slack (MET)                                                        0.53


  Startpoint: UART/U_UART_TX/U1/register_reg[4]
              (rising edge-triggered flip-flop clocked by UART_TX_CLK)
  Endpoint: UART/U_UART_TX/U1/register_reg[4]
            (rising edge-triggered flip-flop clocked by UART_TX_CLK)
  Path Group: UART_TX_CLK
  Path Type: min

  Point                                                   Incr       Path
  --------------------------------------------------------------------------
  clock UART_TX_CLK (rise edge)                           0.00       0.00
  clock network delay (ideal)                             0.00       0.00
  UART/U_UART_TX/U1/register_reg[4]/CK (DFFRQX2M)         0.00       0.00 r
  UART/U_UART_TX/U1/register_reg[4]/Q (DFFRQX2M)          0.46       0.46 f
  UART/U_UART_TX/U1/U29/Y (OAI2BB1X2M)                    0.15       0.61 f
  UART/U_UART_TX/U1/register_reg[4]/D (DFFRQX2M)          0.00       0.61 f
  data arrival time                                                  0.61

  clock UART_TX_CLK (rise edge)                           0.00       0.00
  clock network delay (ideal)                             0.00       0.00
  clock uncertainty                                       0.10       0.10
  UART/U_UART_TX/U1/register_reg[4]/CK (DFFRQX2M)         0.00       0.10 r
  library hold time                                      -0.02       0.08
  data required time                                                 0.08
  --------------------------------------------------------------------------
  data required time                                                 0.08
  data arrival time                                                 -0.61
  --------------------------------------------------------------------------
  slack (MET)                                                        0.53


  Startpoint: UART/U_UART_TX/U1/register_reg[0]
              (rising edge-triggered flip-flop clocked by UART_TX_CLK)
  Endpoint: UART/U_UART_TX/U1/register_reg[0]
            (rising edge-triggered flip-flop clocked by UART_TX_CLK)
  Path Group: UART_TX_CLK
  Path Type: min

  Point                                                   Incr       Path
  --------------------------------------------------------------------------
  clock UART_TX_CLK (rise edge)                           0.00       0.00
  clock network delay (ideal)                             0.00       0.00
  UART/U_UART_TX/U1/register_reg[0]/CK (DFFRQX2M)         0.00       0.00 r
  UART/U_UART_TX/U1/register_reg[0]/Q (DFFRQX2M)          0.46       0.46 f
  UART/U_UART_TX/U1/U21/Y (OAI2BB1X2M)                    0.15       0.61 f
  UART/U_UART_TX/U1/register_reg[0]/D (DFFRQX2M)          0.00       0.61 f
  data arrival time                                                  0.61

  clock UART_TX_CLK (rise edge)                           0.00       0.00
  clock network delay (ideal)                             0.00       0.00
  clock uncertainty                                       0.10       0.10
  UART/U_UART_TX/U1/register_reg[0]/CK (DFFRQX2M)         0.00       0.10 r
  library hold time                                      -0.02       0.08
  data required time                                                 0.08
  --------------------------------------------------------------------------
  data required time                                                 0.08
  data arrival time                                                 -0.61
  --------------------------------------------------------------------------
  slack (MET)                                                        0.53


  Startpoint: UART/U_UART_TX/U1/register_reg[5]
              (rising edge-triggered flip-flop clocked by UART_TX_CLK)
  Endpoint: UART/U_UART_TX/U1/register_reg[5]
            (rising edge-triggered flip-flop clocked by UART_TX_CLK)
  Path Group: UART_TX_CLK
  Path Type: min

  Point                                                   Incr       Path
  --------------------------------------------------------------------------
  clock UART_TX_CLK (rise edge)                           0.00       0.00
  clock network delay (ideal)                             0.00       0.00
  UART/U_UART_TX/U1/register_reg[5]/CK (DFFRQX2M)         0.00       0.00 r
  UART/U_UART_TX/U1/register_reg[5]/Q (DFFRQX2M)          0.46       0.46 f
  UART/U_UART_TX/U1/U31/Y (OAI2BB1X2M)                    0.15       0.61 f
  UART/U_UART_TX/U1/register_reg[5]/D (DFFRQX2M)          0.00       0.61 f
  data arrival time                                                  0.61

  clock UART_TX_CLK (rise edge)                           0.00       0.00
  clock network delay (ideal)                             0.00       0.00
  clock uncertainty                                       0.10       0.10
  UART/U_UART_TX/U1/register_reg[5]/CK (DFFRQX2M)         0.00       0.10 r
  library hold time                                      -0.02       0.08
  data required time                                                 0.08
  --------------------------------------------------------------------------
  data required time                                                 0.08
  data arrival time                                                 -0.61
  --------------------------------------------------------------------------
  slack (MET)                                                        0.53


  Startpoint: U_FIFO/READ_MODULE/R_ADD_COUNTER_reg[0]
              (rising edge-triggered flip-flop clocked by UART_TX_CLK)
  Endpoint: U_FIFO/READ_MODULE/R_ADD_COUNTER_reg[2]
            (rising edge-triggered flip-flop clocked by UART_TX_CLK)
  Path Group: UART_TX_CLK
  Path Type: min

  Point                                                   Incr       Path
  --------------------------------------------------------------------------
  clock UART_TX_CLK (rise edge)                           0.00       0.00
  clock network delay (ideal)                             0.00       0.00
  U_FIFO/READ_MODULE/R_ADD_COUNTER_reg[0]/CK (DFFRX1M)
                                                          0.00       0.00 r
  U_FIFO/READ_MODULE/R_ADD_COUNTER_reg[0]/QN (DFFRX1M)
                                                          0.39       0.39 r
  U_FIFO/READ_MODULE/U6/Y (NOR2X2M)                       0.08       0.47 f
  U_FIFO/READ_MODULE/U12/Y (NAND2X2M)                     0.07       0.54 r
  U_FIFO/READ_MODULE/U7/Y (XNOR2X2M)                      0.09       0.63 f
  U_FIFO/READ_MODULE/R_ADD_COUNTER_reg[2]/D (DFFRQX2M)
                                                          0.00       0.63 f
  data arrival time                                                  0.63

  clock UART_TX_CLK (rise edge)                           0.00       0.00
  clock network delay (ideal)                             0.00       0.00
  clock uncertainty                                       0.10       0.10
  U_FIFO/READ_MODULE/R_ADD_COUNTER_reg[2]/CK (DFFRQX2M)
                                                          0.00       0.10 r
  library hold time                                      -0.03       0.07
  data required time                                                 0.07
  --------------------------------------------------------------------------
  data required time                                                 0.07
  data arrival time                                                 -0.63
  --------------------------------------------------------------------------
  slack (MET)                                                        0.55


  Startpoint: UART/U_UART_TX/U1/ser_data_reg
              (rising edge-triggered flip-flop clocked by UART_TX_CLK)
  Endpoint: UART/U_UART_TX/U1/ser_data_reg
            (rising edge-triggered flip-flop clocked by UART_TX_CLK)
  Path Group: UART_TX_CLK
  Path Type: min

  Point                                                   Incr       Path
  --------------------------------------------------------------------------
  clock UART_TX_CLK (rise edge)                           0.00       0.00
  clock network delay (ideal)                             0.00       0.00
  UART/U_UART_TX/U1/ser_data_reg/CK (DFFRQX2M)            0.00       0.00 r
  UART/U_UART_TX/U1/ser_data_reg/Q (DFFRQX2M)             0.46       0.46 f
  UART/U_UART_TX/U1/U19/Y (OAI2BB1X2M)                    0.17       0.63 f
  UART/U_UART_TX/U1/ser_data_reg/D (DFFRQX2M)             0.00       0.63 f
  data arrival time                                                  0.63

  clock UART_TX_CLK (rise edge)                           0.00       0.00
  clock network delay (ideal)                             0.00       0.00
  clock uncertainty                                       0.10       0.10
  UART/U_UART_TX/U1/ser_data_reg/CK (DFFRQX2M)            0.00       0.10 r
  library hold time                                      -0.02       0.08
  data required time                                                 0.08
  --------------------------------------------------------------------------
  data required time                                                 0.08
  data arrival time                                                 -0.63
  --------------------------------------------------------------------------
  slack (MET)                                                        0.55


  Startpoint: U_FIFO/READ_MODULE/R_ADD_COUNTER_reg[3]
              (rising edge-triggered flip-flop clocked by UART_TX_CLK)
  Endpoint: U_FIFO/READ_MODULE/GRAY_R_ADD_reg[2]
            (rising edge-triggered flip-flop clocked by UART_TX_CLK)
  Path Group: UART_TX_CLK
  Path Type: min

  Point                                                   Incr       Path
  --------------------------------------------------------------------------
  clock UART_TX_CLK (rise edge)                           0.00       0.00
  clock network delay (ideal)                             0.00       0.00
  U_FIFO/READ_MODULE/R_ADD_COUNTER_reg[3]/CK (DFFRQX2M)
                                                          0.00       0.00 r
  U_FIFO/READ_MODULE/R_ADD_COUNTER_reg[3]/Q (DFFRQX2M)
                                                          0.41       0.41 r
  U_FIFO/READ_MODULE/U17/Y (CLKXOR2X2M)                   0.24       0.65 f
  U_FIFO/READ_MODULE/GRAY_R_ADD_reg[2]/D (DFFRQX2M)       0.00       0.65 f
  data arrival time                                                  0.65

  clock UART_TX_CLK (rise edge)                           0.00       0.00
  clock network delay (ideal)                             0.00       0.00
  clock uncertainty                                       0.10       0.10
  U_FIFO/READ_MODULE/GRAY_R_ADD_reg[2]/CK (DFFRQX2M)      0.00       0.10 r
  library hold time                                      -0.03       0.07
  data required time                                                 0.07
  --------------------------------------------------------------------------
  data required time                                                 0.07
  data arrival time                                                 -0.65
  --------------------------------------------------------------------------
  slack (MET)                                                        0.58


  Startpoint: U_FIFO/READ_MODULE/R_ADD_COUNTER_reg[0]
              (rising edge-triggered flip-flop clocked by UART_TX_CLK)
  Endpoint: U_FIFO/READ_MODULE/R_ADD_COUNTER_reg[1]
            (rising edge-triggered flip-flop clocked by UART_TX_CLK)
  Path Group: UART_TX_CLK
  Path Type: min

  Point                                                   Incr       Path
  --------------------------------------------------------------------------
  clock UART_TX_CLK (rise edge)                           0.00       0.00
  clock network delay (ideal)                             0.00       0.00
  U_FIFO/READ_MODULE/R_ADD_COUNTER_reg[0]/CK (DFFRX1M)
                                                          0.00       0.00 r
  U_FIFO/READ_MODULE/R_ADD_COUNTER_reg[0]/QN (DFFRX1M)
                                                          0.39       0.39 r
  U_FIFO/READ_MODULE/U6/Y (NOR2X2M)                       0.08       0.47 f
  U_FIFO/READ_MODULE/U18/Y (CLKXOR2X2M)                   0.20       0.67 f
  U_FIFO/READ_MODULE/R_ADD_COUNTER_reg[1]/D (DFFRQX2M)
                                                          0.00       0.67 f
  data arrival time                                                  0.67

  clock UART_TX_CLK (rise edge)                           0.00       0.00
  clock network delay (ideal)                             0.00       0.00
  clock uncertainty                                       0.10       0.10
  U_FIFO/READ_MODULE/R_ADD_COUNTER_reg[1]/CK (DFFRQX2M)
                                                          0.00       0.10 r
  library hold time                                      -0.03       0.07
  data required time                                                 0.07
  --------------------------------------------------------------------------
  data required time                                                 0.07
  data arrival time                                                 -0.67
  --------------------------------------------------------------------------
  slack (MET)                                                        0.60


  Startpoint: UART/U_UART_TX/U1/counter_reg[0]
              (rising edge-triggered flip-flop clocked by UART_TX_CLK)
  Endpoint: UART/U_UART_TX/U1/counter_reg[0]
            (rising edge-triggered flip-flop clocked by UART_TX_CLK)
  Path Group: UART_TX_CLK
  Path Type: min

  Point                                                   Incr       Path
  --------------------------------------------------------------------------
  clock UART_TX_CLK (rise edge)                           0.00       0.00
  clock network delay (ideal)                             0.00       0.00
  UART/U_UART_TX/U1/counter_reg[0]/CK (DFFRQX2M)          0.00       0.00 r
  UART/U_UART_TX/U1/counter_reg[0]/Q (DFFRQX2M)           0.37       0.37 r
  UART/U_UART_TX/U1/U11/Y (AOI221XLM)                     0.16       0.53 f
  UART/U_UART_TX/U1/U10/Y (INVX2M)                        0.07       0.60 r
  UART/U_UART_TX/U1/counter_reg[0]/D (DFFRQX2M)           0.00       0.60 r
  data arrival time                                                  0.60

  clock UART_TX_CLK (rise edge)                           0.00       0.00
  clock network delay (ideal)                             0.00       0.00
  clock uncertainty                                       0.10       0.10
  UART/U_UART_TX/U1/counter_reg[0]/CK (DFFRQX2M)          0.00       0.10 r
  library hold time                                      -0.17      -0.07
  data required time                                                -0.07
  --------------------------------------------------------------------------
  data required time                                                -0.07
  data arrival time                                                 -0.60
  --------------------------------------------------------------------------
  slack (MET)                                                        0.67


  Startpoint: U_FIFO/READ_MODULE/R_ADD_COUNTER_reg[2]
              (rising edge-triggered flip-flop clocked by UART_TX_CLK)
  Endpoint: U_FIFO/READ_MODULE/GRAY_R_ADD_reg[1]
            (rising edge-triggered flip-flop clocked by UART_TX_CLK)
  Path Group: UART_TX_CLK
  Path Type: min

  Point                                                   Incr       Path
  --------------------------------------------------------------------------
  clock UART_TX_CLK (rise edge)                           0.00       0.00
  clock network delay (ideal)                             0.00       0.00
  U_FIFO/READ_MODULE/R_ADD_COUNTER_reg[2]/CK (DFFRQX2M)
                                                          0.00       0.00 r
  U_FIFO/READ_MODULE/R_ADD_COUNTER_reg[2]/Q (DFFRQX2M)
                                                          0.61       0.61 f
  U_FIFO/READ_MODULE/U16/Y (CLKXOR2X2M)                   0.29       0.90 f
  U_FIFO/READ_MODULE/GRAY_R_ADD_reg[1]/D (DFFRQX2M)       0.00       0.90 f
  data arrival time                                                  0.90

  clock UART_TX_CLK (rise edge)                           0.00       0.00
  clock network delay (ideal)                             0.00       0.00
  clock uncertainty                                       0.10       0.10
  U_FIFO/READ_MODULE/GRAY_R_ADD_reg[1]/CK (DFFRQX2M)      0.00       0.10 r
  library hold time                                      -0.03       0.07
  data required time                                                 0.07
  --------------------------------------------------------------------------
  data required time                                                 0.07
  data arrival time                                                 -0.90
  --------------------------------------------------------------------------
  slack (MET)                                                        0.84


1
