 
****************************************
Report : timing
        -path full
        -delay max
        -max_paths 100
Design : SYS_TOP
Version: K-2015.06
Date   : Tue Sep 30 08:46:16 2025
****************************************

Operating Conditions: scmetro_tsmc_cl013g_rvt_ss_1p08v_125c   Library: scmetro_tsmc_cl013g_rvt_ss_1p08v_125c
Wire Load Model Mode: top

  Startpoint: U_RegFile/regArr_reg[1][7]
              (rising edge-triggered flip-flop clocked by REF_CLK)
  Endpoint: U_ALU/ALU_OUT_reg[0]
            (rising edge-triggered flip-flop clocked by ALU_CLK)
  Path Group: ALU_CLK
  Path Type: max

  Point                                                   Incr       Path
  --------------------------------------------------------------------------
  clock REF_CLK (rise edge)                               0.00       0.00
  clock network delay (ideal)                             0.00       0.00
  U_RegFile/regArr_reg[1][7]/CK (DFFRQX2M)                0.00       0.00 r
  U_RegFile/regArr_reg[1][7]/Q (DFFRQX2M)                 0.48       0.48 f
  U_RegFile/OP_B[7] (RegFile)                             0.00       0.48 f
  U_ALU/B[7] (ALU)                                        0.00       0.48 f
  U_ALU/U114/Y (BUFX2M)                                   0.22       0.71 f
  U_ALU/div_54/b[7] (ALU_DW_div_uns_0)                    0.00       0.71 f
  U_ALU/div_54/U70/Y (NOR2X1M)                            0.17       0.88 r
  U_ALU/div_54/U67/Y (AND3X1M)                            0.20       1.08 r
  U_ALU/div_54/U65/Y (AND2X1M)                            0.16       1.24 r
  U_ALU/div_54/U62/Y (AND4X1M)                            0.25       1.49 r
  U_ALU/div_54/U40/Y (CLKMX2X2M)                          0.24       1.74 f
  U_ALU/div_54/u_div/u_fa_PartRem_0_6_1/CO (ADDFX2M)      0.44       2.17 f
  U_ALU/div_54/U63/Y (AND3X1M)                            0.32       2.49 f
  U_ALU/div_54/U46/Y (CLKMX2X2M)                          0.24       2.73 r
  U_ALU/div_54/u_div/u_fa_PartRem_0_5_1/CO (ADDFX2M)      0.49       3.22 r
  U_ALU/div_54/u_div/u_fa_PartRem_0_5_2/CO (ADDFX2M)      0.24       3.46 r
  U_ALU/div_54/U64/Y (AND2X1M)                            0.24       3.70 r
  U_ALU/div_54/U51/Y (CLKMX2X2M)                          0.27       3.97 f
  U_ALU/div_54/u_div/u_fa_PartRem_0_4_1/CO (ADDFX2M)      0.46       4.42 f
  U_ALU/div_54/u_div/u_fa_PartRem_0_4_2/CO (ADDFX2M)      0.33       4.75 f
  U_ALU/div_54/u_div/u_fa_PartRem_0_4_3/CO (ADDFX2M)      0.31       5.06 f
  U_ALU/div_54/U66/Y (AND2X1M)                            0.28       5.34 f
  U_ALU/div_54/U55/Y (CLKMX2X2M)                          0.24       5.57 f
  U_ALU/div_54/u_div/u_fa_PartRem_0_3_1/CO (ADDFX2M)      0.46       6.03 f
  U_ALU/div_54/u_div/u_fa_PartRem_0_3_2/CO (ADDFX2M)      0.33       6.36 f
  U_ALU/div_54/u_div/u_fa_PartRem_0_3_3/CO (ADDFX2M)      0.33       6.68 f
  U_ALU/div_54/u_div/u_fa_PartRem_0_3_4/CO (ADDFX2M)      0.31       6.99 f
  U_ALU/div_54/U68/Y (AND3X1M)                            0.39       7.38 f
  U_ALU/div_54/U58/Y (CLKMX2X2M)                          0.25       7.63 f
  U_ALU/div_54/u_div/u_fa_PartRem_0_2_1/CO (ADDFX2M)      0.46       8.09 f
  U_ALU/div_54/u_div/u_fa_PartRem_0_2_2/CO (ADDFX2M)      0.33       8.41 f
  U_ALU/div_54/u_div/u_fa_PartRem_0_2_3/CO (ADDFX2M)      0.33       8.74 f
  U_ALU/div_54/u_div/u_fa_PartRem_0_2_4/CO (ADDFX2M)      0.33       9.07 f
  U_ALU/div_54/u_div/u_fa_PartRem_0_2_5/CO (ADDFX2M)      0.31       9.38 f
  U_ALU/div_54/U69/Y (AND2X1M)                            0.32       9.70 f
  U_ALU/div_54/U60/Y (CLKMX2X2M)                          0.25       9.95 f
  U_ALU/div_54/u_div/u_fa_PartRem_0_1_1/CO (ADDFX2M)      0.46      10.41 f
  U_ALU/div_54/u_div/u_fa_PartRem_0_1_2/CO (ADDFX2M)      0.33      10.74 f
  U_ALU/div_54/u_div/u_fa_PartRem_0_1_3/CO (ADDFX2M)      0.33      11.06 f
  U_ALU/div_54/u_div/u_fa_PartRem_0_1_4/CO (ADDFX2M)      0.33      11.39 f
  U_ALU/div_54/u_div/u_fa_PartRem_0_1_5/CO (ADDFX2M)      0.33      11.72 f
  U_ALU/div_54/u_div/u_fa_PartRem_0_1_6/CO (ADDFX2M)      0.31      12.03 f
  U_ALU/div_54/U71/Y (AND2X1M)                            0.34      12.37 f
  U_ALU/div_54/U61/Y (CLKMX2X2M)                          0.24      12.61 f
  U_ALU/div_54/u_div/u_fa_PartRem_0_0_1/CO (ADDFX2M)      0.45      13.06 f
  U_ALU/div_54/u_div/u_fa_PartRem_0_0_2/CO (ADDFX2M)      0.33      13.39 f
  U_ALU/div_54/u_div/u_fa_PartRem_0_0_3/CO (ADDFX2M)      0.33      13.71 f
  U_ALU/div_54/u_div/u_fa_PartRem_0_0_4/CO (ADDFX2M)      0.33      14.04 f
  U_ALU/div_54/u_div/u_fa_PartRem_0_0_5/CO (ADDFX2M)      0.33      14.37 f
  U_ALU/div_54/u_div/u_fa_PartRem_0_0_6/CO (ADDFX2M)      0.33      14.70 f
  U_ALU/div_54/u_div/u_fa_PartRem_0_0_7/CO (ADDFX2M)      0.31      15.01 f
  U_ALU/div_54/quotient[0] (ALU_DW_div_uns_0)             0.00      15.01 f
  U_ALU/U49/Y (OAI2BB1X2M)                                0.19      15.20 f
  U_ALU/U48/Y (AOI211X2M)                                 0.21      15.41 r
  U_ALU/U45/Y (AOI31X2M)                                  0.12      15.53 f
  U_ALU/ALU_OUT_reg[0]/D (DFFRQX2M)                       0.00      15.53 f
  data arrival time                                                 15.53

  clock ALU_CLK (rise edge)                              20.00      20.00
  clock network delay (ideal)                             0.00      20.00
  clock uncertainty                                      -0.20      19.80
  U_ALU/ALU_OUT_reg[0]/CK (DFFRQX2M)                      0.00      19.80 r
  library setup time                                     -0.17      19.63
  data required time                                                19.63
  --------------------------------------------------------------------------
  data required time                                                19.63
  data arrival time                                                -15.53
  --------------------------------------------------------------------------
  slack (MET)                                                        4.10


  Startpoint: U_RegFile/regArr_reg[1][7]
              (rising edge-triggered flip-flop clocked by REF_CLK)
  Endpoint: U_ALU/ALU_OUT_reg[1]
            (rising edge-triggered flip-flop clocked by ALU_CLK)
  Path Group: ALU_CLK
  Path Type: max

  Point                                                   Incr       Path
  --------------------------------------------------------------------------
  clock REF_CLK (rise edge)                               0.00       0.00
  clock network delay (ideal)                             0.00       0.00
  U_RegFile/regArr_reg[1][7]/CK (DFFRQX2M)                0.00       0.00 r
  U_RegFile/regArr_reg[1][7]/Q (DFFRQX2M)                 0.48       0.48 f
  U_RegFile/OP_B[7] (RegFile)                             0.00       0.48 f
  U_ALU/B[7] (ALU)                                        0.00       0.48 f
  U_ALU/U114/Y (BUFX2M)                                   0.22       0.71 f
  U_ALU/div_54/b[7] (ALU_DW_div_uns_0)                    0.00       0.71 f
  U_ALU/div_54/U70/Y (NOR2X1M)                            0.17       0.88 r
  U_ALU/div_54/U67/Y (AND3X1M)                            0.20       1.08 r
  U_ALU/div_54/U65/Y (AND2X1M)                            0.16       1.24 r
  U_ALU/div_54/U62/Y (AND4X1M)                            0.25       1.49 r
  U_ALU/div_54/U40/Y (CLKMX2X2M)                          0.24       1.74 f
  U_ALU/div_54/u_div/u_fa_PartRem_0_6_1/CO (ADDFX2M)      0.44       2.17 f
  U_ALU/div_54/U63/Y (AND3X1M)                            0.32       2.49 f
  U_ALU/div_54/U46/Y (CLKMX2X2M)                          0.24       2.73 r
  U_ALU/div_54/u_div/u_fa_PartRem_0_5_1/CO (ADDFX2M)      0.49       3.22 r
  U_ALU/div_54/u_div/u_fa_PartRem_0_5_2/CO (ADDFX2M)      0.24       3.46 r
  U_ALU/div_54/U64/Y (AND2X1M)                            0.24       3.70 r
  U_ALU/div_54/U51/Y (CLKMX2X2M)                          0.27       3.97 f
  U_ALU/div_54/u_div/u_fa_PartRem_0_4_1/CO (ADDFX2M)      0.46       4.42 f
  U_ALU/div_54/u_div/u_fa_PartRem_0_4_2/CO (ADDFX2M)      0.33       4.75 f
  U_ALU/div_54/u_div/u_fa_PartRem_0_4_3/CO (ADDFX2M)      0.31       5.06 f
  U_ALU/div_54/U66/Y (AND2X1M)                            0.28       5.34 f
  U_ALU/div_54/U55/Y (CLKMX2X2M)                          0.24       5.57 f
  U_ALU/div_54/u_div/u_fa_PartRem_0_3_1/CO (ADDFX2M)      0.46       6.03 f
  U_ALU/div_54/u_div/u_fa_PartRem_0_3_2/CO (ADDFX2M)      0.33       6.36 f
  U_ALU/div_54/u_div/u_fa_PartRem_0_3_3/CO (ADDFX2M)      0.33       6.68 f
  U_ALU/div_54/u_div/u_fa_PartRem_0_3_4/CO (ADDFX2M)      0.31       6.99 f
  U_ALU/div_54/U68/Y (AND3X1M)                            0.39       7.38 f
  U_ALU/div_54/U58/Y (CLKMX2X2M)                          0.25       7.63 f
  U_ALU/div_54/u_div/u_fa_PartRem_0_2_1/CO (ADDFX2M)      0.46       8.09 f
  U_ALU/div_54/u_div/u_fa_PartRem_0_2_2/CO (ADDFX2M)      0.33       8.41 f
  U_ALU/div_54/u_div/u_fa_PartRem_0_2_3/CO (ADDFX2M)      0.33       8.74 f
  U_ALU/div_54/u_div/u_fa_PartRem_0_2_4/CO (ADDFX2M)      0.33       9.07 f
  U_ALU/div_54/u_div/u_fa_PartRem_0_2_5/CO (ADDFX2M)      0.31       9.38 f
  U_ALU/div_54/U69/Y (AND2X1M)                            0.32       9.70 f
  U_ALU/div_54/U60/Y (CLKMX2X2M)                          0.25       9.95 f
  U_ALU/div_54/u_div/u_fa_PartRem_0_1_1/CO (ADDFX2M)      0.46      10.41 f
  U_ALU/div_54/u_div/u_fa_PartRem_0_1_2/CO (ADDFX2M)      0.33      10.74 f
  U_ALU/div_54/u_div/u_fa_PartRem_0_1_3/CO (ADDFX2M)      0.33      11.06 f
  U_ALU/div_54/u_div/u_fa_PartRem_0_1_4/CO (ADDFX2M)      0.33      11.39 f
  U_ALU/div_54/u_div/u_fa_PartRem_0_1_5/CO (ADDFX2M)      0.33      11.72 f
  U_ALU/div_54/u_div/u_fa_PartRem_0_1_6/CO (ADDFX2M)      0.31      12.03 f
  U_ALU/div_54/U71/Y (AND2X1M)                            0.34      12.37 f
  U_ALU/div_54/quotient[1] (ALU_DW_div_uns_0)             0.00      12.37 f
  U_ALU/U56/Y (OAI2BB1X2M)                                0.25      12.62 f
  U_ALU/U55/Y (AOI211X2M)                                 0.21      12.82 r
  U_ALU/U52/Y (AOI31X2M)                                  0.12      12.94 f
  U_ALU/ALU_OUT_reg[1]/D (DFFRQX2M)                       0.00      12.94 f
  data arrival time                                                 12.94

  clock ALU_CLK (rise edge)                              20.00      20.00
  clock network delay (ideal)                             0.00      20.00
  clock uncertainty                                      -0.20      19.80
  U_ALU/ALU_OUT_reg[1]/CK (DFFRQX2M)                      0.00      19.80 r
  library setup time                                     -0.17      19.63
  data required time                                                19.63
  --------------------------------------------------------------------------
  data required time                                                19.63
  data arrival time                                                -12.94
  --------------------------------------------------------------------------
  slack (MET)                                                        6.68


  Startpoint: U_RegFile/regArr_reg[1][7]
              (rising edge-triggered flip-flop clocked by REF_CLK)
  Endpoint: U_ALU/ALU_OUT_reg[2]
            (rising edge-triggered flip-flop clocked by ALU_CLK)
  Path Group: ALU_CLK
  Path Type: max

  Point                                                   Incr       Path
  --------------------------------------------------------------------------
  clock REF_CLK (rise edge)                               0.00       0.00
  clock network delay (ideal)                             0.00       0.00
  U_RegFile/regArr_reg[1][7]/CK (DFFRQX2M)                0.00       0.00 r
  U_RegFile/regArr_reg[1][7]/Q (DFFRQX2M)                 0.48       0.48 f
  U_RegFile/OP_B[7] (RegFile)                             0.00       0.48 f
  U_ALU/B[7] (ALU)                                        0.00       0.48 f
  U_ALU/U114/Y (BUFX2M)                                   0.22       0.71 f
  U_ALU/div_54/b[7] (ALU_DW_div_uns_0)                    0.00       0.71 f
  U_ALU/div_54/U70/Y (NOR2X1M)                            0.17       0.88 r
  U_ALU/div_54/U67/Y (AND3X1M)                            0.20       1.08 r
  U_ALU/div_54/U65/Y (AND2X1M)                            0.16       1.24 r
  U_ALU/div_54/U62/Y (AND4X1M)                            0.25       1.49 r
  U_ALU/div_54/U40/Y (CLKMX2X2M)                          0.24       1.74 f
  U_ALU/div_54/u_div/u_fa_PartRem_0_6_1/CO (ADDFX2M)      0.44       2.17 f
  U_ALU/div_54/U63/Y (AND3X1M)                            0.32       2.49 f
  U_ALU/div_54/U46/Y (CLKMX2X2M)                          0.24       2.73 r
  U_ALU/div_54/u_div/u_fa_PartRem_0_5_1/CO (ADDFX2M)      0.49       3.22 r
  U_ALU/div_54/u_div/u_fa_PartRem_0_5_2/CO (ADDFX2M)      0.24       3.46 r
  U_ALU/div_54/U64/Y (AND2X1M)                            0.24       3.70 r
  U_ALU/div_54/U51/Y (CLKMX2X2M)                          0.27       3.97 f
  U_ALU/div_54/u_div/u_fa_PartRem_0_4_1/CO (ADDFX2M)      0.46       4.42 f
  U_ALU/div_54/u_div/u_fa_PartRem_0_4_2/CO (ADDFX2M)      0.33       4.75 f
  U_ALU/div_54/u_div/u_fa_PartRem_0_4_3/CO (ADDFX2M)      0.31       5.06 f
  U_ALU/div_54/U66/Y (AND2X1M)                            0.28       5.34 f
  U_ALU/div_54/U55/Y (CLKMX2X2M)                          0.24       5.57 f
  U_ALU/div_54/u_div/u_fa_PartRem_0_3_1/CO (ADDFX2M)      0.46       6.03 f
  U_ALU/div_54/u_div/u_fa_PartRem_0_3_2/CO (ADDFX2M)      0.33       6.36 f
  U_ALU/div_54/u_div/u_fa_PartRem_0_3_3/CO (ADDFX2M)      0.33       6.68 f
  U_ALU/div_54/u_div/u_fa_PartRem_0_3_4/CO (ADDFX2M)      0.31       6.99 f
  U_ALU/div_54/U68/Y (AND3X1M)                            0.39       7.38 f
  U_ALU/div_54/U58/Y (CLKMX2X2M)                          0.25       7.63 f
  U_ALU/div_54/u_div/u_fa_PartRem_0_2_1/CO (ADDFX2M)      0.46       8.09 f
  U_ALU/div_54/u_div/u_fa_PartRem_0_2_2/CO (ADDFX2M)      0.33       8.41 f
  U_ALU/div_54/u_div/u_fa_PartRem_0_2_3/CO (ADDFX2M)      0.33       8.74 f
  U_ALU/div_54/u_div/u_fa_PartRem_0_2_4/CO (ADDFX2M)      0.33       9.07 f
  U_ALU/div_54/u_div/u_fa_PartRem_0_2_5/CO (ADDFX2M)      0.31       9.38 f
  U_ALU/div_54/U69/Y (AND2X1M)                            0.32       9.70 f
  U_ALU/div_54/quotient[2] (ALU_DW_div_uns_0)             0.00       9.70 f
  U_ALU/U119/Y (AOI22X1M)                                 0.20       9.90 r
  U_ALU/U117/Y (OAI21X2M)                                 0.09       9.99 f
  U_ALU/U62/Y (AOI221XLM)                                 0.32      10.31 r
  U_ALU/U59/Y (AOI31X2M)                                  0.14      10.45 f
  U_ALU/ALU_OUT_reg[2]/D (DFFRQX2M)                       0.00      10.45 f
  data arrival time                                                 10.45

  clock ALU_CLK (rise edge)                              20.00      20.00
  clock network delay (ideal)                             0.00      20.00
  clock uncertainty                                      -0.20      19.80
  U_ALU/ALU_OUT_reg[2]/CK (DFFRQX2M)                      0.00      19.80 r
  library setup time                                     -0.17      19.63
  data required time                                                19.63
  --------------------------------------------------------------------------
  data required time                                                19.63
  data arrival time                                                -10.45
  --------------------------------------------------------------------------
  slack (MET)                                                        9.18


  Startpoint: U_RegFile/regArr_reg[1][7]
              (rising edge-triggered flip-flop clocked by REF_CLK)
  Endpoint: U_ALU/ALU_OUT_reg[3]
            (rising edge-triggered flip-flop clocked by ALU_CLK)
  Path Group: ALU_CLK
  Path Type: max

  Point                                                   Incr       Path
  --------------------------------------------------------------------------
  clock REF_CLK (rise edge)                               0.00       0.00
  clock network delay (ideal)                             0.00       0.00
  U_RegFile/regArr_reg[1][7]/CK (DFFRQX2M)                0.00       0.00 r
  U_RegFile/regArr_reg[1][7]/Q (DFFRQX2M)                 0.48       0.48 f
  U_RegFile/OP_B[7] (RegFile)                             0.00       0.48 f
  U_ALU/B[7] (ALU)                                        0.00       0.48 f
  U_ALU/U114/Y (BUFX2M)                                   0.22       0.71 f
  U_ALU/div_54/b[7] (ALU_DW_div_uns_0)                    0.00       0.71 f
  U_ALU/div_54/U70/Y (NOR2X1M)                            0.17       0.88 r
  U_ALU/div_54/U67/Y (AND3X1M)                            0.20       1.08 r
  U_ALU/div_54/U65/Y (AND2X1M)                            0.16       1.24 r
  U_ALU/div_54/U62/Y (AND4X1M)                            0.25       1.49 r
  U_ALU/div_54/U40/Y (CLKMX2X2M)                          0.24       1.74 f
  U_ALU/div_54/u_div/u_fa_PartRem_0_6_1/CO (ADDFX2M)      0.44       2.17 f
  U_ALU/div_54/U63/Y (AND3X1M)                            0.32       2.49 f
  U_ALU/div_54/U46/Y (CLKMX2X2M)                          0.24       2.73 r
  U_ALU/div_54/u_div/u_fa_PartRem_0_5_1/CO (ADDFX2M)      0.49       3.22 r
  U_ALU/div_54/u_div/u_fa_PartRem_0_5_2/CO (ADDFX2M)      0.24       3.46 r
  U_ALU/div_54/U64/Y (AND2X1M)                            0.24       3.70 r
  U_ALU/div_54/U51/Y (CLKMX2X2M)                          0.27       3.97 f
  U_ALU/div_54/u_div/u_fa_PartRem_0_4_1/CO (ADDFX2M)      0.46       4.42 f
  U_ALU/div_54/u_div/u_fa_PartRem_0_4_2/CO (ADDFX2M)      0.33       4.75 f
  U_ALU/div_54/u_div/u_fa_PartRem_0_4_3/CO (ADDFX2M)      0.31       5.06 f
  U_ALU/div_54/U66/Y (AND2X1M)                            0.28       5.34 f
  U_ALU/div_54/U55/Y (CLKMX2X2M)                          0.24       5.57 f
  U_ALU/div_54/u_div/u_fa_PartRem_0_3_1/CO (ADDFX2M)      0.46       6.03 f
  U_ALU/div_54/u_div/u_fa_PartRem_0_3_2/CO (ADDFX2M)      0.33       6.36 f
  U_ALU/div_54/u_div/u_fa_PartRem_0_3_3/CO (ADDFX2M)      0.33       6.68 f
  U_ALU/div_54/u_div/u_fa_PartRem_0_3_4/CO (ADDFX2M)      0.31       6.99 f
  U_ALU/div_54/U68/Y (AND3X1M)                            0.39       7.38 f
  U_ALU/div_54/quotient[3] (ALU_DW_div_uns_0)             0.00       7.38 f
  U_ALU/U124/Y (AOI22X1M)                                 0.19       7.58 r
  U_ALU/U122/Y (OAI21X2M)                                 0.09       7.67 f
  U_ALU/U66/Y (AOI221XLM)                                 0.32       7.99 r
  U_ALU/U63/Y (AOI31X2M)                                  0.14       8.13 f
  U_ALU/ALU_OUT_reg[3]/D (DFFRQX2M)                       0.00       8.13 f
  data arrival time                                                  8.13

  clock ALU_CLK (rise edge)                              20.00      20.00
  clock network delay (ideal)                             0.00      20.00
  clock uncertainty                                      -0.20      19.80
  U_ALU/ALU_OUT_reg[3]/CK (DFFRQX2M)                      0.00      19.80 r
  library setup time                                     -0.17      19.63
  data required time                                                19.63
  --------------------------------------------------------------------------
  data required time                                                19.63
  data arrival time                                                 -8.13
  --------------------------------------------------------------------------
  slack (MET)                                                       11.50


  Startpoint: U_RegFile/regArr_reg[0][1]
              (rising edge-triggered flip-flop clocked by REF_CLK)
  Endpoint: U_ALU/ALU_OUT_reg[15]
            (rising edge-triggered flip-flop clocked by ALU_CLK)
  Path Group: ALU_CLK
  Path Type: max

  Point                                                   Incr       Path
  --------------------------------------------------------------------------
  clock REF_CLK (rise edge)                               0.00       0.00
  clock network delay (ideal)                             0.00       0.00
  U_RegFile/regArr_reg[0][1]/CK (DFFRQX2M)                0.00       0.00 r
  U_RegFile/regArr_reg[0][1]/Q (DFFRQX2M)                 0.39       0.39 r
  U_RegFile/OP_A[1] (RegFile)                             0.00       0.39 r
  U_ALU/A[1] (ALU)                                        0.00       0.39 r
  U_ALU/U5/Y (BUFX2M)                                     0.28       0.67 r
  U_ALU/mult_51/A[1] (ALU_DW02_mult_0)                    0.00       0.67 r
  U_ALU/mult_51/U36/Y (INVX2M)                            0.15       0.82 f
  U_ALU/mult_51/U107/Y (NOR2X1M)                          0.18       1.00 r
  U_ALU/mult_51/U4/Y (AND2X2M)                            0.16       1.16 r
  U_ALU/mult_51/S2_2_2/CO (ADDFX2M)                       0.54       1.70 r
  U_ALU/mult_51/S2_3_2/CO (ADDFX2M)                       0.55       2.25 r
  U_ALU/mult_51/S2_4_2/CO (ADDFX2M)                       0.55       2.80 r
  U_ALU/mult_51/S2_5_2/CO (ADDFX2M)                       0.55       3.35 r
  U_ALU/mult_51/S2_6_2/CO (ADDFX2M)                       0.55       3.90 r
  U_ALU/mult_51/S4_2/S (ADDFX2M)                          0.58       4.48 f
  U_ALU/mult_51/U20/Y (CLKXOR2X2M)                        0.31       4.79 r
  U_ALU/mult_51/FS_1/A[7] (ALU_DW01_add_1)                0.00       4.79 r
  U_ALU/mult_51/FS_1/U3/Y (NAND2X2M)                      0.07       4.86 f
  U_ALU/mult_51/FS_1/U31/Y (OA21X1M)                      0.37       5.23 f
  U_ALU/mult_51/FS_1/U28/Y (AOI2BB1X1M)                   0.26       5.49 f
  U_ALU/mult_51/FS_1/U26/Y (OA21X1M)                      0.40       5.89 f
  U_ALU/mult_51/FS_1/U21/Y (OAI21BX1M)                    0.25       6.14 r
  U_ALU/mult_51/FS_1/U19/Y (OAI21X1M)                     0.13       6.27 f
  U_ALU/mult_51/FS_1/U2/Y (AOI21BX2M)                     0.17       6.44 f
  U_ALU/mult_51/FS_1/U4/Y (XNOR2X2M)                      0.12       6.56 r
  U_ALU/mult_51/FS_1/SUM[13] (ALU_DW01_add_1)             0.00       6.56 r
  U_ALU/mult_51/PRODUCT[15] (ALU_DW02_mult_0)             0.00       6.56 r
  U_ALU/U13/Y (OAI2BB1X2M)                                0.15       6.71 r
  U_ALU/ALU_OUT_reg[15]/D (DFFRQX2M)                      0.00       6.71 r
  data arrival time                                                  6.71

  clock ALU_CLK (rise edge)                              20.00      20.00
  clock network delay (ideal)                             0.00      20.00
  clock uncertainty                                      -0.20      19.80
  U_ALU/ALU_OUT_reg[15]/CK (DFFRQX2M)                     0.00      19.80 r
  library setup time                                     -0.30      19.50
  data required time                                                19.50
  --------------------------------------------------------------------------
  data required time                                                19.50
  data arrival time                                                 -6.71
  --------------------------------------------------------------------------
  slack (MET)                                                       12.79


  Startpoint: U_RegFile/regArr_reg[0][1]
              (rising edge-triggered flip-flop clocked by REF_CLK)
  Endpoint: U_ALU/ALU_OUT_reg[14]
            (rising edge-triggered flip-flop clocked by ALU_CLK)
  Path Group: ALU_CLK
  Path Type: max

  Point                                                   Incr       Path
  --------------------------------------------------------------------------
  clock REF_CLK (rise edge)                               0.00       0.00
  clock network delay (ideal)                             0.00       0.00
  U_RegFile/regArr_reg[0][1]/CK (DFFRQX2M)                0.00       0.00 r
  U_RegFile/regArr_reg[0][1]/Q (DFFRQX2M)                 0.39       0.39 r
  U_RegFile/OP_A[1] (RegFile)                             0.00       0.39 r
  U_ALU/A[1] (ALU)                                        0.00       0.39 r
  U_ALU/U5/Y (BUFX2M)                                     0.28       0.67 r
  U_ALU/mult_51/A[1] (ALU_DW02_mult_0)                    0.00       0.67 r
  U_ALU/mult_51/U36/Y (INVX2M)                            0.15       0.82 f
  U_ALU/mult_51/U107/Y (NOR2X1M)                          0.18       1.00 r
  U_ALU/mult_51/U4/Y (AND2X2M)                            0.16       1.16 r
  U_ALU/mult_51/S2_2_2/CO (ADDFX2M)                       0.54       1.70 r
  U_ALU/mult_51/S2_3_2/CO (ADDFX2M)                       0.55       2.25 r
  U_ALU/mult_51/S2_4_2/CO (ADDFX2M)                       0.55       2.80 r
  U_ALU/mult_51/S2_5_2/CO (ADDFX2M)                       0.55       3.35 r
  U_ALU/mult_51/S2_6_2/CO (ADDFX2M)                       0.55       3.90 r
  U_ALU/mult_51/S4_2/S (ADDFX2M)                          0.58       4.48 f
  U_ALU/mult_51/U20/Y (CLKXOR2X2M)                        0.31       4.79 r
  U_ALU/mult_51/FS_1/A[7] (ALU_DW01_add_1)                0.00       4.79 r
  U_ALU/mult_51/FS_1/U3/Y (NAND2X2M)                      0.07       4.86 f
  U_ALU/mult_51/FS_1/U31/Y (OA21X1M)                      0.37       5.23 f
  U_ALU/mult_51/FS_1/U28/Y (AOI2BB1X1M)                   0.26       5.49 f
  U_ALU/mult_51/FS_1/U26/Y (OA21X1M)                      0.40       5.89 f
  U_ALU/mult_51/FS_1/U21/Y (OAI21BX1M)                    0.25       6.14 r
  U_ALU/mult_51/FS_1/U20/Y (XOR3XLM)                      0.16       6.30 r
  U_ALU/mult_51/FS_1/SUM[12] (ALU_DW01_add_1)             0.00       6.30 r
  U_ALU/mult_51/PRODUCT[14] (ALU_DW02_mult_0)             0.00       6.30 r
  U_ALU/U12/Y (OAI2BB1X2M)                                0.13       6.43 r
  U_ALU/ALU_OUT_reg[14]/D (DFFRQX2M)                      0.00       6.43 r
  data arrival time                                                  6.43

  clock ALU_CLK (rise edge)                              20.00      20.00
  clock network delay (ideal)                             0.00      20.00
  clock uncertainty                                      -0.20      19.80
  U_ALU/ALU_OUT_reg[14]/CK (DFFRQX2M)                     0.00      19.80 r
  library setup time                                     -0.30      19.50
  data required time                                                19.50
  --------------------------------------------------------------------------
  data required time                                                19.50
  data arrival time                                                 -6.43
  --------------------------------------------------------------------------
  slack (MET)                                                       13.07


  Startpoint: U_RegFile/regArr_reg[0][1]
              (rising edge-triggered flip-flop clocked by REF_CLK)
  Endpoint: U_ALU/ALU_OUT_reg[13]
            (rising edge-triggered flip-flop clocked by ALU_CLK)
  Path Group: ALU_CLK
  Path Type: max

  Point                                                   Incr       Path
  --------------------------------------------------------------------------
  clock REF_CLK (rise edge)                               0.00       0.00
  clock network delay (ideal)                             0.00       0.00
  U_RegFile/regArr_reg[0][1]/CK (DFFRQX2M)                0.00       0.00 r
  U_RegFile/regArr_reg[0][1]/Q (DFFRQX2M)                 0.39       0.39 r
  U_RegFile/OP_A[1] (RegFile)                             0.00       0.39 r
  U_ALU/A[1] (ALU)                                        0.00       0.39 r
  U_ALU/U5/Y (BUFX2M)                                     0.28       0.67 r
  U_ALU/mult_51/A[1] (ALU_DW02_mult_0)                    0.00       0.67 r
  U_ALU/mult_51/U36/Y (INVX2M)                            0.15       0.82 f
  U_ALU/mult_51/U107/Y (NOR2X1M)                          0.18       1.00 r
  U_ALU/mult_51/U4/Y (AND2X2M)                            0.16       1.16 r
  U_ALU/mult_51/S2_2_2/CO (ADDFX2M)                       0.54       1.70 r
  U_ALU/mult_51/S2_3_2/CO (ADDFX2M)                       0.55       2.25 r
  U_ALU/mult_51/S2_4_2/CO (ADDFX2M)                       0.55       2.80 r
  U_ALU/mult_51/S2_5_2/CO (ADDFX2M)                       0.55       3.35 r
  U_ALU/mult_51/S2_6_2/CO (ADDFX2M)                       0.55       3.90 r
  U_ALU/mult_51/S4_2/S (ADDFX2M)                          0.58       4.48 f
  U_ALU/mult_51/U20/Y (CLKXOR2X2M)                        0.31       4.79 r
  U_ALU/mult_51/FS_1/A[7] (ALU_DW01_add_1)                0.00       4.79 r
  U_ALU/mult_51/FS_1/U3/Y (NAND2X2M)                      0.07       4.86 f
  U_ALU/mult_51/FS_1/U31/Y (OA21X1M)                      0.37       5.23 f
  U_ALU/mult_51/FS_1/U28/Y (AOI2BB1X1M)                   0.26       5.49 f
  U_ALU/mult_51/FS_1/U26/Y (OA21X1M)                      0.40       5.89 f
  U_ALU/mult_51/FS_1/U22/Y (XNOR2X1M)                     0.10       5.99 r
  U_ALU/mult_51/FS_1/SUM[11] (ALU_DW01_add_1)             0.00       5.99 r
  U_ALU/mult_51/PRODUCT[13] (ALU_DW02_mult_0)             0.00       5.99 r
  U_ALU/U16/Y (OAI2BB1X2M)                                0.15       6.14 r
  U_ALU/ALU_OUT_reg[13]/D (DFFRQX2M)                      0.00       6.14 r
  data arrival time                                                  6.14

  clock ALU_CLK (rise edge)                              20.00      20.00
  clock network delay (ideal)                             0.00      20.00
  clock uncertainty                                      -0.20      19.80
  U_ALU/ALU_OUT_reg[13]/CK (DFFRQX2M)                     0.00      19.80 r
  library setup time                                     -0.30      19.50
  data required time                                                19.50
  --------------------------------------------------------------------------
  data required time                                                19.50
  data arrival time                                                 -6.14
  --------------------------------------------------------------------------
  slack (MET)                                                       13.35


  Startpoint: U_RegFile/regArr_reg[1][7]
              (rising edge-triggered flip-flop clocked by REF_CLK)
  Endpoint: U_ALU/ALU_OUT_reg[4]
            (rising edge-triggered flip-flop clocked by ALU_CLK)
  Path Group: ALU_CLK
  Path Type: max

  Point                                                   Incr       Path
  --------------------------------------------------------------------------
  clock REF_CLK (rise edge)                               0.00       0.00
  clock network delay (ideal)                             0.00       0.00
  U_RegFile/regArr_reg[1][7]/CK (DFFRQX2M)                0.00       0.00 r
  U_RegFile/regArr_reg[1][7]/Q (DFFRQX2M)                 0.48       0.48 f
  U_RegFile/OP_B[7] (RegFile)                             0.00       0.48 f
  U_ALU/B[7] (ALU)                                        0.00       0.48 f
  U_ALU/U114/Y (BUFX2M)                                   0.22       0.71 f
  U_ALU/div_54/b[7] (ALU_DW_div_uns_0)                    0.00       0.71 f
  U_ALU/div_54/U70/Y (NOR2X1M)                            0.17       0.88 r
  U_ALU/div_54/U67/Y (AND3X1M)                            0.20       1.08 r
  U_ALU/div_54/U65/Y (AND2X1M)                            0.16       1.24 r
  U_ALU/div_54/U62/Y (AND4X1M)                            0.25       1.49 r
  U_ALU/div_54/U40/Y (CLKMX2X2M)                          0.24       1.74 f
  U_ALU/div_54/u_div/u_fa_PartRem_0_6_1/CO (ADDFX2M)      0.44       2.17 f
  U_ALU/div_54/U63/Y (AND3X1M)                            0.32       2.49 f
  U_ALU/div_54/U46/Y (CLKMX2X2M)                          0.24       2.73 r
  U_ALU/div_54/u_div/u_fa_PartRem_0_5_1/CO (ADDFX2M)      0.49       3.22 r
  U_ALU/div_54/u_div/u_fa_PartRem_0_5_2/CO (ADDFX2M)      0.24       3.46 r
  U_ALU/div_54/U64/Y (AND2X1M)                            0.24       3.70 r
  U_ALU/div_54/U51/Y (CLKMX2X2M)                          0.27       3.97 f
  U_ALU/div_54/u_div/u_fa_PartRem_0_4_1/CO (ADDFX2M)      0.46       4.42 f
  U_ALU/div_54/u_div/u_fa_PartRem_0_4_2/CO (ADDFX2M)      0.33       4.75 f
  U_ALU/div_54/u_div/u_fa_PartRem_0_4_3/CO (ADDFX2M)      0.31       5.06 f
  U_ALU/div_54/U66/Y (AND2X1M)                            0.28       5.34 f
  U_ALU/div_54/quotient[4] (ALU_DW_div_uns_0)             0.00       5.34 f
  U_ALU/U128/Y (AOI22X1M)                                 0.18       5.52 r
  U_ALU/U126/Y (OAI21X2M)                                 0.09       5.61 f
  U_ALU/U70/Y (AOI221XLM)                                 0.32       5.93 r
  U_ALU/U67/Y (AOI31X2M)                                  0.14       6.07 f
  U_ALU/ALU_OUT_reg[4]/D (DFFRQX2M)                       0.00       6.07 f
  data arrival time                                                  6.07

  clock ALU_CLK (rise edge)                              20.00      20.00
  clock network delay (ideal)                             0.00      20.00
  clock uncertainty                                      -0.20      19.80
  U_ALU/ALU_OUT_reg[4]/CK (DFFRQX2M)                      0.00      19.80 r
  library setup time                                     -0.17      19.63
  data required time                                                19.63
  --------------------------------------------------------------------------
  data required time                                                19.63
  data arrival time                                                 -6.07
  --------------------------------------------------------------------------
  slack (MET)                                                       13.56


  Startpoint: U_RegFile/regArr_reg[0][1]
              (rising edge-triggered flip-flop clocked by REF_CLK)
  Endpoint: U_ALU/ALU_OUT_reg[12]
            (rising edge-triggered flip-flop clocked by ALU_CLK)
  Path Group: ALU_CLK
  Path Type: max

  Point                                                   Incr       Path
  --------------------------------------------------------------------------
  clock REF_CLK (rise edge)                               0.00       0.00
  clock network delay (ideal)                             0.00       0.00
  U_RegFile/regArr_reg[0][1]/CK (DFFRQX2M)                0.00       0.00 r
  U_RegFile/regArr_reg[0][1]/Q (DFFRQX2M)                 0.39       0.39 r
  U_RegFile/OP_A[1] (RegFile)                             0.00       0.39 r
  U_ALU/A[1] (ALU)                                        0.00       0.39 r
  U_ALU/U5/Y (BUFX2M)                                     0.28       0.67 r
  U_ALU/mult_51/A[1] (ALU_DW02_mult_0)                    0.00       0.67 r
  U_ALU/mult_51/U36/Y (INVX2M)                            0.15       0.82 f
  U_ALU/mult_51/U107/Y (NOR2X1M)                          0.18       1.00 r
  U_ALU/mult_51/U4/Y (AND2X2M)                            0.16       1.16 r
  U_ALU/mult_51/S2_2_2/CO (ADDFX2M)                       0.54       1.70 r
  U_ALU/mult_51/S2_3_2/CO (ADDFX2M)                       0.55       2.25 r
  U_ALU/mult_51/S2_4_2/CO (ADDFX2M)                       0.55       2.80 r
  U_ALU/mult_51/S2_5_2/CO (ADDFX2M)                       0.55       3.35 r
  U_ALU/mult_51/S2_6_2/CO (ADDFX2M)                       0.55       3.90 r
  U_ALU/mult_51/S4_2/S (ADDFX2M)                          0.58       4.48 f
  U_ALU/mult_51/U20/Y (CLKXOR2X2M)                        0.31       4.79 r
  U_ALU/mult_51/FS_1/A[7] (ALU_DW01_add_1)                0.00       4.79 r
  U_ALU/mult_51/FS_1/U3/Y (NAND2X2M)                      0.07       4.86 f
  U_ALU/mult_51/FS_1/U31/Y (OA21X1M)                      0.37       5.23 f
  U_ALU/mult_51/FS_1/U28/Y (AOI2BB1X1M)                   0.26       5.49 f
  U_ALU/mult_51/FS_1/U27/Y (CLKXOR2X2M)                   0.26       5.75 r
  U_ALU/mult_51/FS_1/SUM[10] (ALU_DW01_add_1)             0.00       5.75 r
  U_ALU/mult_51/PRODUCT[12] (ALU_DW02_mult_0)             0.00       5.75 r
  U_ALU/U15/Y (OAI2BB1X2M)                                0.12       5.88 r
  U_ALU/ALU_OUT_reg[12]/D (DFFRQX2M)                      0.00       5.88 r
  data arrival time                                                  5.88

  clock ALU_CLK (rise edge)                              20.00      20.00
  clock network delay (ideal)                             0.00      20.00
  clock uncertainty                                      -0.20      19.80
  U_ALU/ALU_OUT_reg[12]/CK (DFFRQX2M)                     0.00      19.80 r
  library setup time                                     -0.30      19.50
  data required time                                                19.50
  --------------------------------------------------------------------------
  data required time                                                19.50
  data arrival time                                                 -5.88
  --------------------------------------------------------------------------
  slack (MET)                                                       13.62


  Startpoint: U_RegFile/regArr_reg[0][1]
              (rising edge-triggered flip-flop clocked by REF_CLK)
  Endpoint: U_ALU/ALU_OUT_reg[11]
            (rising edge-triggered flip-flop clocked by ALU_CLK)
  Path Group: ALU_CLK
  Path Type: max

  Point                                                   Incr       Path
  --------------------------------------------------------------------------
  clock REF_CLK (rise edge)                               0.00       0.00
  clock network delay (ideal)                             0.00       0.00
  U_RegFile/regArr_reg[0][1]/CK (DFFRQX2M)                0.00       0.00 r
  U_RegFile/regArr_reg[0][1]/Q (DFFRQX2M)                 0.39       0.39 r
  U_RegFile/OP_A[1] (RegFile)                             0.00       0.39 r
  U_ALU/A[1] (ALU)                                        0.00       0.39 r
  U_ALU/U5/Y (BUFX2M)                                     0.28       0.67 r
  U_ALU/mult_51/A[1] (ALU_DW02_mult_0)                    0.00       0.67 r
  U_ALU/mult_51/U36/Y (INVX2M)                            0.15       0.82 f
  U_ALU/mult_51/U107/Y (NOR2X1M)                          0.18       1.00 r
  U_ALU/mult_51/U4/Y (AND2X2M)                            0.16       1.16 r
  U_ALU/mult_51/S2_2_2/CO (ADDFX2M)                       0.54       1.70 r
  U_ALU/mult_51/S2_3_2/CO (ADDFX2M)                       0.55       2.25 r
  U_ALU/mult_51/S2_4_2/CO (ADDFX2M)                       0.55       2.80 r
  U_ALU/mult_51/S2_5_2/CO (ADDFX2M)                       0.55       3.35 r
  U_ALU/mult_51/S2_6_2/CO (ADDFX2M)                       0.55       3.90 r
  U_ALU/mult_51/S4_2/S (ADDFX2M)                          0.58       4.48 f
  U_ALU/mult_51/U20/Y (CLKXOR2X2M)                        0.31       4.79 r
  U_ALU/mult_51/FS_1/A[7] (ALU_DW01_add_1)                0.00       4.79 r
  U_ALU/mult_51/FS_1/U3/Y (NAND2X2M)                      0.07       4.86 f
  U_ALU/mult_51/FS_1/U31/Y (OA21X1M)                      0.37       5.23 f
  U_ALU/mult_51/FS_1/U15/Y (XNOR2X1M)                     0.10       5.33 r
  U_ALU/mult_51/FS_1/SUM[9] (ALU_DW01_add_1)              0.00       5.33 r
  U_ALU/mult_51/PRODUCT[11] (ALU_DW02_mult_0)             0.00       5.33 r
  U_ALU/U14/Y (OAI2BB1X2M)                                0.15       5.48 r
  U_ALU/ALU_OUT_reg[11]/D (DFFRQX2M)                      0.00       5.48 r
  data arrival time                                                  5.48

  clock ALU_CLK (rise edge)                              20.00      20.00
  clock network delay (ideal)                             0.00      20.00
  clock uncertainty                                      -0.20      19.80
  U_ALU/ALU_OUT_reg[11]/CK (DFFRQX2M)                     0.00      19.80 r
  library setup time                                     -0.30      19.50
  data required time                                                19.50
  --------------------------------------------------------------------------
  data required time                                                19.50
  data arrival time                                                 -5.48
  --------------------------------------------------------------------------
  slack (MET)                                                       14.01


  Startpoint: U_RegFile/regArr_reg[0][1]
              (rising edge-triggered flip-flop clocked by REF_CLK)
  Endpoint: U_ALU/ALU_OUT_reg[10]
            (rising edge-triggered flip-flop clocked by ALU_CLK)
  Path Group: ALU_CLK
  Path Type: max

  Point                                                   Incr       Path
  --------------------------------------------------------------------------
  clock REF_CLK (rise edge)                               0.00       0.00
  clock network delay (ideal)                             0.00       0.00
  U_RegFile/regArr_reg[0][1]/CK (DFFRQX2M)                0.00       0.00 r
  U_RegFile/regArr_reg[0][1]/Q (DFFRQX2M)                 0.39       0.39 r
  U_RegFile/OP_A[1] (RegFile)                             0.00       0.39 r
  U_ALU/A[1] (ALU)                                        0.00       0.39 r
  U_ALU/U5/Y (BUFX2M)                                     0.28       0.67 r
  U_ALU/mult_51/A[1] (ALU_DW02_mult_0)                    0.00       0.67 r
  U_ALU/mult_51/U36/Y (INVX2M)                            0.15       0.82 f
  U_ALU/mult_51/U106/Y (NOR2X1M)                          0.18       1.00 r
  U_ALU/mult_51/U3/Y (AND2X2M)                            0.16       1.16 r
  U_ALU/mult_51/S2_2_3/CO (ADDFX2M)                       0.54       1.70 r
  U_ALU/mult_51/S2_3_3/CO (ADDFX2M)                       0.55       2.25 r
  U_ALU/mult_51/S2_4_3/CO (ADDFX2M)                       0.55       2.80 r
  U_ALU/mult_51/S2_5_3/CO (ADDFX2M)                       0.55       3.35 r
  U_ALU/mult_51/S2_6_3/CO (ADDFX2M)                       0.55       3.90 r
  U_ALU/mult_51/S4_3/S (ADDFX2M)                          0.58       4.48 f
  U_ALU/mult_51/U13/Y (CLKXOR2X2M)                        0.30       4.78 r
  U_ALU/mult_51/FS_1/A[8] (ALU_DW01_add_1)                0.00       4.78 r
  U_ALU/mult_51/FS_1/U33/Y (NOR2X1M)                      0.06       4.84 f
  U_ALU/mult_51/FS_1/U18/Y (NAND2BX1M)                    0.20       5.05 f
  U_ALU/mult_51/FS_1/U17/Y (CLKXOR2X2M)                   0.19       5.24 r
  U_ALU/mult_51/FS_1/SUM[8] (ALU_DW01_add_1)              0.00       5.24 r
  U_ALU/mult_51/PRODUCT[10] (ALU_DW02_mult_0)             0.00       5.24 r
  U_ALU/U18/Y (OAI2BB1X2M)                                0.12       5.36 r
  U_ALU/ALU_OUT_reg[10]/D (DFFRQX2M)                      0.00       5.36 r
  data arrival time                                                  5.36

  clock ALU_CLK (rise edge)                              20.00      20.00
  clock network delay (ideal)                             0.00      20.00
  clock uncertainty                                      -0.20      19.80
  U_ALU/ALU_OUT_reg[10]/CK (DFFRQX2M)                     0.00      19.80 r
  library setup time                                     -0.30      19.50
  data required time                                                19.50
  --------------------------------------------------------------------------
  data required time                                                19.50
  data arrival time                                                 -5.36
  --------------------------------------------------------------------------
  slack (MET)                                                       14.14


  Startpoint: U_RegFile/regArr_reg[0][1]
              (rising edge-triggered flip-flop clocked by REF_CLK)
  Endpoint: U_ALU/ALU_OUT_reg[7]
            (rising edge-triggered flip-flop clocked by ALU_CLK)
  Path Group: ALU_CLK
  Path Type: max

  Point                                                   Incr       Path
  --------------------------------------------------------------------------
  clock REF_CLK (rise edge)                               0.00       0.00
  clock network delay (ideal)                             0.00       0.00
  U_RegFile/regArr_reg[0][1]/CK (DFFRQX2M)                0.00       0.00 r
  U_RegFile/regArr_reg[0][1]/Q (DFFRQX2M)                 0.39       0.39 r
  U_RegFile/OP_A[1] (RegFile)                             0.00       0.39 r
  U_ALU/A[1] (ALU)                                        0.00       0.39 r
  U_ALU/U5/Y (BUFX2M)                                     0.28       0.67 r
  U_ALU/mult_51/A[1] (ALU_DW02_mult_0)                    0.00       0.67 r
  U_ALU/mult_51/U36/Y (INVX2M)                            0.15       0.82 f
  U_ALU/mult_51/U109/Y (NOR2X1M)                          0.19       1.01 r
  U_ALU/mult_51/U5/Y (AND2X2M)                            0.16       1.18 r
  U_ALU/mult_51/S1_2_0/CO (ADDFX2M)                       0.54       1.72 r
  U_ALU/mult_51/S1_3_0/CO (ADDFX2M)                       0.55       2.27 r
  U_ALU/mult_51/S1_4_0/CO (ADDFX2M)                       0.55       2.82 r
  U_ALU/mult_51/S1_5_0/CO (ADDFX2M)                       0.55       3.37 r
  U_ALU/mult_51/S1_6_0/CO (ADDFX2M)                       0.55       3.92 r
  U_ALU/mult_51/S4_0/S (ADDFX2M)                          0.56       4.48 f
  U_ALU/mult_51/FS_1/A[5] (ALU_DW01_add_1)                0.00       4.48 f
  U_ALU/mult_51/FS_1/U14/Y (BUFX2M)                       0.15       4.62 f
  U_ALU/mult_51/FS_1/SUM[5] (ALU_DW01_add_1)              0.00       4.62 f
  U_ALU/mult_51/PRODUCT[7] (ALU_DW02_mult_0)              0.00       4.62 f
  U_ALU/U28/Y (OAI2BB2X1M)                                0.22       4.85 f
  U_ALU/U82/Y (AOI221XLM)                                 0.33       5.17 r
  U_ALU/U79/Y (AOI31X2M)                                  0.14       5.32 f
  U_ALU/ALU_OUT_reg[7]/D (DFFRQX2M)                       0.00       5.32 f
  data arrival time                                                  5.32

  clock ALU_CLK (rise edge)                              20.00      20.00
  clock network delay (ideal)                             0.00      20.00
  clock uncertainty                                      -0.20      19.80
  U_ALU/ALU_OUT_reg[7]/CK (DFFRQX2M)                      0.00      19.80 r
  library setup time                                     -0.17      19.63
  data required time                                                19.63
  --------------------------------------------------------------------------
  data required time                                                19.63
  data arrival time                                                 -5.32
  --------------------------------------------------------------------------
  slack (MET)                                                       14.31


  Startpoint: U_RegFile/regArr_reg[0][1]
              (rising edge-triggered flip-flop clocked by REF_CLK)
  Endpoint: U_ALU/ALU_OUT_reg[8]
            (rising edge-triggered flip-flop clocked by ALU_CLK)
  Path Group: ALU_CLK
  Path Type: max

  Point                                                   Incr       Path
  --------------------------------------------------------------------------
  clock REF_CLK (rise edge)                               0.00       0.00
  clock network delay (ideal)                             0.00       0.00
  U_RegFile/regArr_reg[0][1]/CK (DFFRQX2M)                0.00       0.00 r
  U_RegFile/regArr_reg[0][1]/Q (DFFRQX2M)                 0.39       0.39 r
  U_RegFile/OP_A[1] (RegFile)                             0.00       0.39 r
  U_ALU/A[1] (ALU)                                        0.00       0.39 r
  U_ALU/U5/Y (BUFX2M)                                     0.28       0.67 r
  U_ALU/mult_51/A[1] (ALU_DW02_mult_0)                    0.00       0.67 r
  U_ALU/mult_51/U36/Y (INVX2M)                            0.15       0.82 f
  U_ALU/mult_51/U108/Y (NOR2X1M)                          0.18       1.00 r
  U_ALU/mult_51/U2/Y (AND2X2M)                            0.16       1.16 r
  U_ALU/mult_51/S2_2_1/CO (ADDFX2M)                       0.54       1.70 r
  U_ALU/mult_51/S2_3_1/CO (ADDFX2M)                       0.55       2.25 r
  U_ALU/mult_51/S2_4_1/CO (ADDFX2M)                       0.55       2.80 r
  U_ALU/mult_51/S2_5_1/CO (ADDFX2M)                       0.55       3.35 r
  U_ALU/mult_51/S2_6_1/CO (ADDFX2M)                       0.55       3.90 r
  U_ALU/mult_51/S4_1/S (ADDFX2M)                          0.59       4.49 f
  U_ALU/mult_51/U29/Y (INVX2M)                            0.08       4.57 r
  U_ALU/mult_51/U28/Y (XNOR2X2M)                          0.17       4.74 r
  U_ALU/mult_51/FS_1/A[6] (ALU_DW01_add_1)                0.00       4.74 r
  U_ALU/mult_51/FS_1/U7/Y (INVX2M)                        0.06       4.80 f
  U_ALU/mult_51/FS_1/U8/Y (INVX2M)                        0.05       4.85 r
  U_ALU/mult_51/FS_1/SUM[6] (ALU_DW01_add_1)              0.00       4.85 r
  U_ALU/mult_51/PRODUCT[8] (ALU_DW02_mult_0)              0.00       4.85 r
  U_ALU/U85/Y (AOI22X1M)                                  0.11       4.96 f
  U_ALU/U83/Y (AOI21X2M)                                  0.17       5.13 r
  U_ALU/ALU_OUT_reg[8]/D (DFFRQX2M)                       0.00       5.13 r
  data arrival time                                                  5.13

  clock ALU_CLK (rise edge)                              20.00      20.00
  clock network delay (ideal)                             0.00      20.00
  clock uncertainty                                      -0.20      19.80
  U_ALU/ALU_OUT_reg[8]/CK (DFFRQX2M)                      0.00      19.80 r
  library setup time                                     -0.31      19.49
  data required time                                                19.49
  --------------------------------------------------------------------------
  data required time                                                19.49
  data arrival time                                                 -5.13
  --------------------------------------------------------------------------
  slack (MET)                                                       14.36


  Startpoint: U_RegFile/regArr_reg[0][1]
              (rising edge-triggered flip-flop clocked by REF_CLK)
  Endpoint: U_ALU/ALU_OUT_reg[9]
            (rising edge-triggered flip-flop clocked by ALU_CLK)
  Path Group: ALU_CLK
  Path Type: max

  Point                                                   Incr       Path
  --------------------------------------------------------------------------
  clock REF_CLK (rise edge)                               0.00       0.00
  clock network delay (ideal)                             0.00       0.00
  U_RegFile/regArr_reg[0][1]/CK (DFFRQX2M)                0.00       0.00 r
  U_RegFile/regArr_reg[0][1]/Q (DFFRQX2M)                 0.39       0.39 r
  U_RegFile/OP_A[1] (RegFile)                             0.00       0.39 r
  U_ALU/A[1] (ALU)                                        0.00       0.39 r
  U_ALU/U5/Y (BUFX2M)                                     0.28       0.67 r
  U_ALU/mult_51/A[1] (ALU_DW02_mult_0)                    0.00       0.67 r
  U_ALU/mult_51/U36/Y (INVX2M)                            0.15       0.82 f
  U_ALU/mult_51/U108/Y (NOR2X1M)                          0.18       1.00 r
  U_ALU/mult_51/U2/Y (AND2X2M)                            0.16       1.16 r
  U_ALU/mult_51/S2_2_1/CO (ADDFX2M)                       0.54       1.70 r
  U_ALU/mult_51/S2_3_1/CO (ADDFX2M)                       0.55       2.25 r
  U_ALU/mult_51/S2_4_1/CO (ADDFX2M)                       0.55       2.80 r
  U_ALU/mult_51/S2_5_1/CO (ADDFX2M)                       0.55       3.35 r
  U_ALU/mult_51/S2_6_1/CO (ADDFX2M)                       0.55       3.90 r
  U_ALU/mult_51/S4_1/S (ADDFX2M)                          0.59       4.49 f
  U_ALU/mult_51/U19/Y (AND2X2M)                           0.20       4.69 f
  U_ALU/mult_51/FS_1/B[7] (ALU_DW01_add_1)                0.00       4.69 f
  U_ALU/mult_51/FS_1/U6/Y (INVX2M)                        0.06       4.75 r
  U_ALU/mult_51/FS_1/U5/Y (XNOR2X2M)                      0.15       4.90 r
  U_ALU/mult_51/FS_1/SUM[7] (ALU_DW01_add_1)              0.00       4.90 r
  U_ALU/mult_51/PRODUCT[9] (ALU_DW02_mult_0)              0.00       4.90 r
  U_ALU/U17/Y (OAI2BB1X2M)                                0.15       5.05 r
  U_ALU/ALU_OUT_reg[9]/D (DFFRQX2M)                       0.00       5.05 r
  data arrival time                                                  5.05

  clock ALU_CLK (rise edge)                              20.00      20.00
  clock network delay (ideal)                             0.00      20.00
  clock uncertainty                                      -0.20      19.80
  U_ALU/ALU_OUT_reg[9]/CK (DFFRQX2M)                      0.00      19.80 r
  library setup time                                     -0.30      19.50
  data required time                                                19.50
  --------------------------------------------------------------------------
  data required time                                                19.50
  data arrival time                                                 -5.05
  --------------------------------------------------------------------------
  slack (MET)                                                       14.45


  Startpoint: U_RegFile/regArr_reg[1][7]
              (rising edge-triggered flip-flop clocked by REF_CLK)
  Endpoint: U_ALU/ALU_OUT_reg[5]
            (rising edge-triggered flip-flop clocked by ALU_CLK)
  Path Group: ALU_CLK
  Path Type: max

  Point                                                   Incr       Path
  --------------------------------------------------------------------------
  clock REF_CLK (rise edge)                               0.00       0.00
  clock network delay (ideal)                             0.00       0.00
  U_RegFile/regArr_reg[1][7]/CK (DFFRQX2M)                0.00       0.00 r
  U_RegFile/regArr_reg[1][7]/Q (DFFRQX2M)                 0.48       0.48 f
  U_RegFile/OP_B[7] (RegFile)                             0.00       0.48 f
  U_ALU/B[7] (ALU)                                        0.00       0.48 f
  U_ALU/U114/Y (BUFX2M)                                   0.22       0.71 f
  U_ALU/div_54/b[7] (ALU_DW_div_uns_0)                    0.00       0.71 f
  U_ALU/div_54/U70/Y (NOR2X1M)                            0.17       0.88 r
  U_ALU/div_54/U67/Y (AND3X1M)                            0.20       1.08 r
  U_ALU/div_54/U65/Y (AND2X1M)                            0.16       1.24 r
  U_ALU/div_54/U62/Y (AND4X1M)                            0.25       1.49 r
  U_ALU/div_54/U40/Y (CLKMX2X2M)                          0.24       1.74 f
  U_ALU/div_54/u_div/u_fa_PartRem_0_6_1/CO (ADDFX2M)      0.44       2.17 f
  U_ALU/div_54/U63/Y (AND3X1M)                            0.32       2.49 f
  U_ALU/div_54/U46/Y (CLKMX2X2M)                          0.22       2.72 f
  U_ALU/div_54/u_div/u_fa_PartRem_0_5_1/CO (ADDFX2M)      0.46       3.17 f
  U_ALU/div_54/u_div/u_fa_PartRem_0_5_2/CO (ADDFX2M)      0.31       3.48 f
  U_ALU/div_54/U64/Y (AND2X1M)                            0.26       3.73 f
  U_ALU/div_54/quotient[5] (ALU_DW_div_uns_0)             0.00       3.73 f
  U_ALU/U133/Y (AOI22X1M)                                 0.17       3.91 r
  U_ALU/U131/Y (OAI21X2M)                                 0.09       4.00 f
  U_ALU/U74/Y (AOI221XLM)                                 0.32       4.32 r
  U_ALU/U71/Y (AOI31X2M)                                  0.14       4.46 f
  U_ALU/ALU_OUT_reg[5]/D (DFFRQX2M)                       0.00       4.46 f
  data arrival time                                                  4.46

  clock ALU_CLK (rise edge)                              20.00      20.00
  clock network delay (ideal)                             0.00      20.00
  clock uncertainty                                      -0.20      19.80
  U_ALU/ALU_OUT_reg[5]/CK (DFFRQX2M)                      0.00      19.80 r
  library setup time                                     -0.17      19.63
  data required time                                                19.63
  --------------------------------------------------------------------------
  data required time                                                19.63
  data arrival time                                                 -4.46
  --------------------------------------------------------------------------
  slack (MET)                                                       15.17


  Startpoint: U_RegFile/regArr_reg[0][1]
              (rising edge-triggered flip-flop clocked by REF_CLK)
  Endpoint: U_ALU/ALU_OUT_reg[6]
            (rising edge-triggered flip-flop clocked by ALU_CLK)
  Path Group: ALU_CLK
  Path Type: max

  Point                                                   Incr       Path
  --------------------------------------------------------------------------
  clock REF_CLK (rise edge)                               0.00       0.00
  clock network delay (ideal)                             0.00       0.00
  U_RegFile/regArr_reg[0][1]/CK (DFFRQX2M)                0.00       0.00 r
  U_RegFile/regArr_reg[0][1]/Q (DFFRQX2M)                 0.39       0.39 r
  U_RegFile/OP_A[1] (RegFile)                             0.00       0.39 r
  U_ALU/A[1] (ALU)                                        0.00       0.39 r
  U_ALU/U5/Y (BUFX2M)                                     0.28       0.67 r
  U_ALU/mult_51/A[1] (ALU_DW02_mult_0)                    0.00       0.67 r
  U_ALU/mult_51/U36/Y (INVX2M)                            0.15       0.82 f
  U_ALU/mult_51/U109/Y (NOR2X1M)                          0.19       1.01 r
  U_ALU/mult_51/U5/Y (AND2X2M)                            0.16       1.18 r
  U_ALU/mult_51/S1_2_0/CO (ADDFX2M)                       0.54       1.72 r
  U_ALU/mult_51/S1_3_0/CO (ADDFX2M)                       0.55       2.27 r
  U_ALU/mult_51/S1_4_0/CO (ADDFX2M)                       0.55       2.82 r
  U_ALU/mult_51/S1_5_0/CO (ADDFX2M)                       0.55       3.37 r
  U_ALU/mult_51/S1_6_0/S (ADDFX2M)                        0.56       3.93 f
  U_ALU/mult_51/FS_1/A[4] (ALU_DW01_add_1)                0.00       3.93 f
  U_ALU/mult_51/FS_1/U13/Y (BUFX2M)                       0.15       4.08 f
  U_ALU/mult_51/FS_1/SUM[4] (ALU_DW01_add_1)              0.00       4.08 f
  U_ALU/mult_51/PRODUCT[6] (ALU_DW02_mult_0)              0.00       4.08 f
  U_ALU/U78/Y (AOI222X1M)                                 0.25       4.32 r
  U_ALU/U75/Y (AOI31X2M)                                  0.14       4.46 f
  U_ALU/ALU_OUT_reg[6]/D (DFFRQX2M)                       0.00       4.46 f
  data arrival time                                                  4.46

  clock ALU_CLK (rise edge)                              20.00      20.00
  clock network delay (ideal)                             0.00      20.00
  clock uncertainty                                      -0.20      19.80
  U_ALU/ALU_OUT_reg[6]/CK (DFFRQX2M)                      0.00      19.80 r
  library setup time                                     -0.17      19.63
  data required time                                                19.63
  --------------------------------------------------------------------------
  data required time                                                19.63
  data arrival time                                                 -4.46
  --------------------------------------------------------------------------
  slack (MET)                                                       15.17


  Startpoint: U_SYS_CTRL/current_state_reg[0]
              (rising edge-triggered flip-flop clocked by REF_CLK)
  Endpoint: U_ALU/OUT_VALID_reg
            (rising edge-triggered flip-flop clocked by ALU_CLK)
  Path Group: ALU_CLK
  Path Type: max

  Point                                                   Incr       Path
  --------------------------------------------------------------------------
  clock REF_CLK (rise edge)                               0.00       0.00
  clock network delay (ideal)                             0.00       0.00
  U_SYS_CTRL/current_state_reg[0]/CK (DFFRQX2M)           0.00       0.00 r
  U_SYS_CTRL/current_state_reg[0]/Q (DFFRQX2M)            0.46       0.46 f
  U_SYS_CTRL/U49/Y (BUFX2M)                               0.21       0.68 f
  U_SYS_CTRL/U11/Y (NOR2X2M)                              0.24       0.92 r
  U_SYS_CTRL/U15/Y (NAND3X2M)                             0.25       1.16 f
  U_SYS_CTRL/U29/Y (NOR2X2M)                              0.22       1.38 r
  U_SYS_CTRL/ALU_EN (SYS_CTRL)                            0.00       1.38 r
  U_ALU/EN (ALU)                                          0.00       1.38 r
  U_ALU/OUT_VALID_reg/D (DFFRQX2M)                        0.00       1.38 r
  data arrival time                                                  1.38

  clock ALU_CLK (rise edge)                              20.00      20.00
  clock network delay (ideal)                             0.00      20.00
  clock uncertainty                                      -0.20      19.80
  U_ALU/OUT_VALID_reg/CK (DFFRQX2M)                       0.00      19.80 r
  library setup time                                     -0.33      19.47
  data required time                                                19.47
  --------------------------------------------------------------------------
  data required time                                                19.47
  data arrival time                                                 -1.38
  --------------------------------------------------------------------------
  slack (MET)                                                       18.09


  Startpoint: UART_RX_IN (input port clocked by UART_RX_CLK)
  Endpoint: UART/U_UART_RX/U6/sample_1_reg
            (rising edge-triggered flip-flop clocked by UART_RX_CLK)
  Path Group: INREG
  Path Type: max

  Point                                                   Incr       Path
  --------------------------------------------------------------------------
  clock UART_RX_CLK (rise edge)                           0.00       0.00
  clock network delay (ideal)                             0.00       0.00
  input external delay                                   54.25      54.25 r
  UART_RX_IN (in)                                         0.03      54.29 r
  UART/RX_IN_S (UART_TOP)                                 0.00      54.29 r
  UART/U_UART_RX/RX_IN (UART_RX_DATA_WIDTH8)              0.00      54.29 r
  UART/U_UART_RX/U6/RX_IN (DATA_SAMPLING)                 0.00      54.29 r
  UART/U_UART_RX/U6/U53/Y (CLKNAND2X2M)                   0.11      54.40 f
  UART/U_UART_RX/U6/U52/Y (MXI2X1M)                       0.14      54.54 r
  UART/U_UART_RX/U6/sample_1_reg/D (DFFRQX2M)             0.00      54.54 r
  data arrival time                                                 54.54

  clock UART_RX_CLK (rise edge)                         271.27     271.27
  clock network delay (ideal)                             0.00     271.27
  clock uncertainty                                      -0.20     271.07
  UART/U_UART_RX/U6/sample_1_reg/CK (DFFRQX2M)            0.00     271.07 r
  library setup time                                     -0.32     270.75
  data required time                                               270.75
  --------------------------------------------------------------------------
  data required time                                               270.75
  data arrival time                                                -54.54
  --------------------------------------------------------------------------
  slack (MET)                                                      216.21


  Startpoint: UART_RX_IN (input port clocked by UART_RX_CLK)
  Endpoint: UART/U_UART_RX/U6/sample_2_reg
            (rising edge-triggered flip-flop clocked by UART_RX_CLK)
  Path Group: INREG
  Path Type: max

  Point                                                   Incr       Path
  --------------------------------------------------------------------------
  clock UART_RX_CLK (rise edge)                           0.00       0.00
  clock network delay (ideal)                             0.00       0.00
  input external delay                                   54.25      54.25 r
  UART_RX_IN (in)                                         0.03      54.29 r
  UART/RX_IN_S (UART_TOP)                                 0.00      54.29 r
  UART/U_UART_RX/RX_IN (UART_RX_DATA_WIDTH8)              0.00      54.29 r
  UART/U_UART_RX/U6/RX_IN (DATA_SAMPLING)                 0.00      54.29 r
  UART/U_UART_RX/U6/U53/Y (CLKNAND2X2M)                   0.11      54.40 f
  UART/U_UART_RX/U6/U45/Y (MXI2X1M)                       0.14      54.54 r
  UART/U_UART_RX/U6/sample_2_reg/D (DFFRQX2M)             0.00      54.54 r
  data arrival time                                                 54.54

  clock UART_RX_CLK (rise edge)                         271.27     271.27
  clock network delay (ideal)                             0.00     271.27
  clock uncertainty                                      -0.20     271.07
  UART/U_UART_RX/U6/sample_2_reg/CK (DFFRQX2M)            0.00     271.07 r
  library setup time                                     -0.32     270.75
  data required time                                               270.75
  --------------------------------------------------------------------------
  data required time                                               270.75
  data arrival time                                                -54.54
  --------------------------------------------------------------------------
  slack (MET)                                                      216.21


  Startpoint: UART_RX_IN (input port clocked by UART_RX_CLK)
  Endpoint: UART/U_UART_RX/U6/sample_3_reg
            (rising edge-triggered flip-flop clocked by UART_RX_CLK)
  Path Group: INREG
  Path Type: max

  Point                                                   Incr       Path
  --------------------------------------------------------------------------
  clock UART_RX_CLK (rise edge)                           0.00       0.00
  clock network delay (ideal)                             0.00       0.00
  input external delay                                   54.25      54.25 r
  UART_RX_IN (in)                                         0.03      54.29 r
  UART/RX_IN_S (UART_TOP)                                 0.00      54.29 r
  UART/U_UART_RX/RX_IN (UART_RX_DATA_WIDTH8)              0.00      54.29 r
  UART/U_UART_RX/U6/RX_IN (DATA_SAMPLING)                 0.00      54.29 r
  UART/U_UART_RX/U6/U53/Y (CLKNAND2X2M)                   0.11      54.40 f
  UART/U_UART_RX/U6/U48/Y (MXI2X1M)                       0.12      54.52 r
  UART/U_UART_RX/U6/sample_3_reg/D (DFFRQX2M)             0.00      54.52 r
  data arrival time                                                 54.52

  clock UART_RX_CLK (rise edge)                         271.27     271.27
  clock network delay (ideal)                             0.00     271.27
  clock uncertainty                                      -0.20     271.07
  UART/U_UART_RX/U6/sample_3_reg/CK (DFFRQX2M)            0.00     271.07 r
  library setup time                                     -0.32     270.75
  data required time                                               270.75
  --------------------------------------------------------------------------
  data required time                                               270.75
  data arrival time                                                -54.52
  --------------------------------------------------------------------------
  slack (MET)                                                      216.23


  Startpoint: UART_RX_IN (input port clocked by UART_RX_CLK)
  Endpoint: UART/U_UART_RX/U7/current_state_reg[0]
            (rising edge-triggered flip-flop clocked by UART_RX_CLK)
  Path Group: INREG
  Path Type: max

  Point                                                   Incr       Path
  --------------------------------------------------------------------------
  clock UART_RX_CLK (rise edge)                           0.00       0.00
  clock network delay (ideal)                             0.00       0.00
  input external delay                                   54.25      54.25 f
  UART_RX_IN (in)                                         0.03      54.28 f
  UART/RX_IN_S (UART_TOP)                                 0.00      54.28 f
  UART/U_UART_RX/RX_IN (UART_RX_DATA_WIDTH8)              0.00      54.28 f
  UART/U_UART_RX/U7/RX_IN (FSM)                           0.00      54.28 f
  UART/U_UART_RX/U7/U9/Y (OAI211X2M)                      0.16      54.44 r
  UART/U_UART_RX/U7/current_state_reg[0]/D (DFFRX1M)      0.00      54.44 r
  data arrival time                                                 54.44

  clock UART_RX_CLK (rise edge)                         271.27     271.27
  clock network delay (ideal)                             0.00     271.27
  clock uncertainty                                      -0.20     271.07
  UART/U_UART_RX/U7/current_state_reg[0]/CK (DFFRX1M)     0.00     271.07 r
  library setup time                                     -0.26     270.80
  data required time                                               270.80
  --------------------------------------------------------------------------
  data required time                                               270.80
  data arrival time                                                -54.44
  --------------------------------------------------------------------------
  slack (MET)                                                      216.37


  Startpoint: U_SYS_CTRL/current_state_reg[1]
              (rising edge-triggered flip-flop clocked by REF_CLK)
  Endpoint: U_RegFile/RdData_reg[0]
            (rising edge-triggered flip-flop clocked by REF_CLK)
  Path Group: REF_CLK
  Path Type: max

  Point                                                   Incr       Path
  --------------------------------------------------------------------------
  clock REF_CLK (rise edge)                               0.00       0.00
  clock network delay (ideal)                             0.00       0.00
  U_SYS_CTRL/current_state_reg[1]/CK (DFFRQX2M)           0.00       0.00 r
  U_SYS_CTRL/current_state_reg[1]/Q (DFFRQX2M)            0.45       0.45 r
  U_SYS_CTRL/U44/Y (INVX2M)                               0.12       0.57 f
  U_SYS_CTRL/U42/Y (NOR2X2M)                              0.13       0.70 r
  U_SYS_CTRL/U19/Y (INVX2M)                               0.08       0.78 f
  U_SYS_CTRL/U12/Y (NOR3X2M)                              0.27       1.05 r
  U_SYS_CTRL/U43/Y (NAND2X2M)                             0.17       1.23 f
  U_SYS_CTRL/U53/Y (OAI222X1M)                            0.28       1.51 r
  U_SYS_CTRL/RF_Addres[0] (SYS_CTRL)                      0.00       1.51 r
  U4/Y (BUFX2M)                                           0.41       1.92 r
  U_RegFile/Address[0] (RegFile)                          0.00       1.92 r
  U_RegFile/U237/Y (INVX2M)                               0.12       2.04 f
  U_RegFile/U14/Y (BUFX2M)                                0.17       2.21 f
  U_RegFile/U13/Y (INVX2M)                                0.77       2.98 r
  U_RegFile/U230/Y (MX4X1M)                               0.49       3.48 f
  U_RegFile/U190/Y (MX4X1M)                               0.34       3.82 f
  U_RegFile/U189/Y (AO22X1M)                              0.32       4.14 f
  U_RegFile/RdData_reg[0]/D (DFFRQX2M)                    0.00       4.14 f
  data arrival time                                                  4.14

  clock REF_CLK (rise edge)                              20.00      20.00
  clock network delay (ideal)                             0.00      20.00
  clock uncertainty                                      -0.20      19.80
  U_RegFile/RdData_reg[0]/CK (DFFRQX2M)                   0.00      19.80 r
  library setup time                                     -0.15      19.65
  data required time                                                19.65
  --------------------------------------------------------------------------
  data required time                                                19.65
  data arrival time                                                 -4.14
  --------------------------------------------------------------------------
  slack (MET)                                                       15.51


  Startpoint: U_SYS_CTRL/current_state_reg[1]
              (rising edge-triggered flip-flop clocked by REF_CLK)
  Endpoint: U_RegFile/RdData_reg[7]
            (rising edge-triggered flip-flop clocked by REF_CLK)
  Path Group: REF_CLK
  Path Type: max

  Point                                                   Incr       Path
  --------------------------------------------------------------------------
  clock REF_CLK (rise edge)                               0.00       0.00
  clock network delay (ideal)                             0.00       0.00
  U_SYS_CTRL/current_state_reg[1]/CK (DFFRQX2M)           0.00       0.00 r
  U_SYS_CTRL/current_state_reg[1]/Q (DFFRQX2M)            0.45       0.45 r
  U_SYS_CTRL/U44/Y (INVX2M)                               0.12       0.57 f
  U_SYS_CTRL/U42/Y (NOR2X2M)                              0.13       0.70 r
  U_SYS_CTRL/U19/Y (INVX2M)                               0.08       0.78 f
  U_SYS_CTRL/U12/Y (NOR3X2M)                              0.27       1.05 r
  U_SYS_CTRL/U43/Y (NAND2X2M)                             0.17       1.23 f
  U_SYS_CTRL/U53/Y (OAI222X1M)                            0.28       1.51 r
  U_SYS_CTRL/RF_Addres[0] (SYS_CTRL)                      0.00       1.51 r
  U4/Y (BUFX2M)                                           0.41       1.92 r
  U_RegFile/Address[0] (RegFile)                          0.00       1.92 r
  U_RegFile/U237/Y (INVX2M)                               0.12       2.04 f
  U_RegFile/U14/Y (BUFX2M)                                0.17       2.21 f
  U_RegFile/U13/Y (INVX2M)                                0.77       2.98 r
  U_RegFile/U236/Y (MX4X1M)                               0.49       3.48 f
  U_RegFile/U218/Y (MX4X1M)                               0.34       3.82 f
  U_RegFile/U217/Y (AO22X1M)                              0.32       4.14 f
  U_RegFile/RdData_reg[7]/D (DFFRQX2M)                    0.00       4.14 f
  data arrival time                                                  4.14

  clock REF_CLK (rise edge)                              20.00      20.00
  clock network delay (ideal)                             0.00      20.00
  clock uncertainty                                      -0.20      19.80
  U_RegFile/RdData_reg[7]/CK (DFFRQX2M)                   0.00      19.80 r
  library setup time                                     -0.15      19.65
  data required time                                                19.65
  --------------------------------------------------------------------------
  data required time                                                19.65
  data arrival time                                                 -4.14
  --------------------------------------------------------------------------
  slack (MET)                                                       15.51


  Startpoint: U_SYS_CTRL/current_state_reg[1]
              (rising edge-triggered flip-flop clocked by REF_CLK)
  Endpoint: U_RegFile/RdData_reg[6]
            (rising edge-triggered flip-flop clocked by REF_CLK)
  Path Group: REF_CLK
  Path Type: max

  Point                                                   Incr       Path
  --------------------------------------------------------------------------
  clock REF_CLK (rise edge)                               0.00       0.00
  clock network delay (ideal)                             0.00       0.00
  U_SYS_CTRL/current_state_reg[1]/CK (DFFRQX2M)           0.00       0.00 r
  U_SYS_CTRL/current_state_reg[1]/Q (DFFRQX2M)            0.45       0.45 r
  U_SYS_CTRL/U44/Y (INVX2M)                               0.12       0.57 f
  U_SYS_CTRL/U42/Y (NOR2X2M)                              0.13       0.70 r
  U_SYS_CTRL/U19/Y (INVX2M)                               0.08       0.78 f
  U_SYS_CTRL/U12/Y (NOR3X2M)                              0.27       1.05 r
  U_SYS_CTRL/U43/Y (NAND2X2M)                             0.17       1.23 f
  U_SYS_CTRL/U53/Y (OAI222X1M)                            0.28       1.51 r
  U_SYS_CTRL/RF_Addres[0] (SYS_CTRL)                      0.00       1.51 r
  U4/Y (BUFX2M)                                           0.41       1.92 r
  U_RegFile/Address[0] (RegFile)                          0.00       1.92 r
  U_RegFile/U237/Y (INVX2M)                               0.12       2.04 f
  U_RegFile/U14/Y (BUFX2M)                                0.17       2.21 f
  U_RegFile/U13/Y (INVX2M)                                0.77       2.98 r
  U_RegFile/U235/Y (MX4X1M)                               0.49       3.48 f
  U_RegFile/U214/Y (MX4X1M)                               0.34       3.82 f
  U_RegFile/U213/Y (AO22X1M)                              0.32       4.14 f
  U_RegFile/RdData_reg[6]/D (DFFRQX2M)                    0.00       4.14 f
  data arrival time                                                  4.14

  clock REF_CLK (rise edge)                              20.00      20.00
  clock network delay (ideal)                             0.00      20.00
  clock uncertainty                                      -0.20      19.80
  U_RegFile/RdData_reg[6]/CK (DFFRQX2M)                   0.00      19.80 r
  library setup time                                     -0.15      19.65
  data required time                                                19.65
  --------------------------------------------------------------------------
  data required time                                                19.65
  data arrival time                                                 -4.14
  --------------------------------------------------------------------------
  slack (MET)                                                       15.51


  Startpoint: U_SYS_CTRL/current_state_reg[1]
              (rising edge-triggered flip-flop clocked by REF_CLK)
  Endpoint: U_RegFile/RdData_reg[5]
            (rising edge-triggered flip-flop clocked by REF_CLK)
  Path Group: REF_CLK
  Path Type: max

  Point                                                   Incr       Path
  --------------------------------------------------------------------------
  clock REF_CLK (rise edge)                               0.00       0.00
  clock network delay (ideal)                             0.00       0.00
  U_SYS_CTRL/current_state_reg[1]/CK (DFFRQX2M)           0.00       0.00 r
  U_SYS_CTRL/current_state_reg[1]/Q (DFFRQX2M)            0.45       0.45 r
  U_SYS_CTRL/U44/Y (INVX2M)                               0.12       0.57 f
  U_SYS_CTRL/U42/Y (NOR2X2M)                              0.13       0.70 r
  U_SYS_CTRL/U19/Y (INVX2M)                               0.08       0.78 f
  U_SYS_CTRL/U12/Y (NOR3X2M)                              0.27       1.05 r
  U_SYS_CTRL/U43/Y (NAND2X2M)                             0.17       1.23 f
  U_SYS_CTRL/U53/Y (OAI222X1M)                            0.28       1.51 r
  U_SYS_CTRL/RF_Addres[0] (SYS_CTRL)                      0.00       1.51 r
  U4/Y (BUFX2M)                                           0.41       1.92 r
  U_RegFile/Address[0] (RegFile)                          0.00       1.92 r
  U_RegFile/U237/Y (INVX2M)                               0.12       2.04 f
  U_RegFile/U14/Y (BUFX2M)                                0.17       2.21 f
  U_RegFile/U13/Y (INVX2M)                                0.77       2.98 r
  U_RegFile/U234/Y (MX4X1M)                               0.49       3.48 f
  U_RegFile/U210/Y (MX4X1M)                               0.34       3.82 f
  U_RegFile/U209/Y (AO22X1M)                              0.32       4.14 f
  U_RegFile/RdData_reg[5]/D (DFFRQX2M)                    0.00       4.14 f
  data arrival time                                                  4.14

  clock REF_CLK (rise edge)                              20.00      20.00
  clock network delay (ideal)                             0.00      20.00
  clock uncertainty                                      -0.20      19.80
  U_RegFile/RdData_reg[5]/CK (DFFRQX2M)                   0.00      19.80 r
  library setup time                                     -0.15      19.65
  data required time                                                19.65
  --------------------------------------------------------------------------
  data required time                                                19.65
  data arrival time                                                 -4.14
  --------------------------------------------------------------------------
  slack (MET)                                                       15.51


  Startpoint: U_SYS_CTRL/current_state_reg[1]
              (rising edge-triggered flip-flop clocked by REF_CLK)
  Endpoint: U_RegFile/RdData_reg[4]
            (rising edge-triggered flip-flop clocked by REF_CLK)
  Path Group: REF_CLK
  Path Type: max

  Point                                                   Incr       Path
  --------------------------------------------------------------------------
  clock REF_CLK (rise edge)                               0.00       0.00
  clock network delay (ideal)                             0.00       0.00
  U_SYS_CTRL/current_state_reg[1]/CK (DFFRQX2M)           0.00       0.00 r
  U_SYS_CTRL/current_state_reg[1]/Q (DFFRQX2M)            0.45       0.45 r
  U_SYS_CTRL/U44/Y (INVX2M)                               0.12       0.57 f
  U_SYS_CTRL/U42/Y (NOR2X2M)                              0.13       0.70 r
  U_SYS_CTRL/U19/Y (INVX2M)                               0.08       0.78 f
  U_SYS_CTRL/U12/Y (NOR3X2M)                              0.27       1.05 r
  U_SYS_CTRL/U43/Y (NAND2X2M)                             0.17       1.23 f
  U_SYS_CTRL/U53/Y (OAI222X1M)                            0.28       1.51 r
  U_SYS_CTRL/RF_Addres[0] (SYS_CTRL)                      0.00       1.51 r
  U4/Y (BUFX2M)                                           0.41       1.92 r
  U_RegFile/Address[0] (RegFile)                          0.00       1.92 r
  U_RegFile/U237/Y (INVX2M)                               0.12       2.04 f
  U_RegFile/U14/Y (BUFX2M)                                0.17       2.21 f
  U_RegFile/U10/Y (INVX2M)                                0.77       2.98 r
  U_RegFile/U233/Y (MX4X1M)                               0.49       3.48 f
  U_RegFile/U206/Y (MX4X1M)                               0.34       3.82 f
  U_RegFile/U205/Y (AO22X1M)                              0.32       4.14 f
  U_RegFile/RdData_reg[4]/D (DFFRQX2M)                    0.00       4.14 f
  data arrival time                                                  4.14

  clock REF_CLK (rise edge)                              20.00      20.00
  clock network delay (ideal)                             0.00      20.00
  clock uncertainty                                      -0.20      19.80
  U_RegFile/RdData_reg[4]/CK (DFFRQX2M)                   0.00      19.80 r
  library setup time                                     -0.15      19.65
  data required time                                                19.65
  --------------------------------------------------------------------------
  data required time                                                19.65
  data arrival time                                                 -4.14
  --------------------------------------------------------------------------
  slack (MET)                                                       15.51


  Startpoint: U_SYS_CTRL/current_state_reg[1]
              (rising edge-triggered flip-flop clocked by REF_CLK)
  Endpoint: U_RegFile/RdData_reg[3]
            (rising edge-triggered flip-flop clocked by REF_CLK)
  Path Group: REF_CLK
  Path Type: max

  Point                                                   Incr       Path
  --------------------------------------------------------------------------
  clock REF_CLK (rise edge)                               0.00       0.00
  clock network delay (ideal)                             0.00       0.00
  U_SYS_CTRL/current_state_reg[1]/CK (DFFRQX2M)           0.00       0.00 r
  U_SYS_CTRL/current_state_reg[1]/Q (DFFRQX2M)            0.45       0.45 r
  U_SYS_CTRL/U44/Y (INVX2M)                               0.12       0.57 f
  U_SYS_CTRL/U42/Y (NOR2X2M)                              0.13       0.70 r
  U_SYS_CTRL/U19/Y (INVX2M)                               0.08       0.78 f
  U_SYS_CTRL/U12/Y (NOR3X2M)                              0.27       1.05 r
  U_SYS_CTRL/U43/Y (NAND2X2M)                             0.17       1.23 f
  U_SYS_CTRL/U53/Y (OAI222X1M)                            0.28       1.51 r
  U_SYS_CTRL/RF_Addres[0] (SYS_CTRL)                      0.00       1.51 r
  U4/Y (BUFX2M)                                           0.41       1.92 r
  U_RegFile/Address[0] (RegFile)                          0.00       1.92 r
  U_RegFile/U237/Y (INVX2M)                               0.12       2.04 f
  U_RegFile/U14/Y (BUFX2M)                                0.17       2.21 f
  U_RegFile/U10/Y (INVX2M)                                0.77       2.98 r
  U_RegFile/U232/Y (MX4X1M)                               0.49       3.48 f
  U_RegFile/U202/Y (MX4X1M)                               0.34       3.82 f
  U_RegFile/U201/Y (AO22X1M)                              0.32       4.14 f
  U_RegFile/RdData_reg[3]/D (DFFRQX2M)                    0.00       4.14 f
  data arrival time                                                  4.14

  clock REF_CLK (rise edge)                              20.00      20.00
  clock network delay (ideal)                             0.00      20.00
  clock uncertainty                                      -0.20      19.80
  U_RegFile/RdData_reg[3]/CK (DFFRQX2M)                   0.00      19.80 r
  library setup time                                     -0.15      19.65
  data required time                                                19.65
  --------------------------------------------------------------------------
  data required time                                                19.65
  data arrival time                                                 -4.14
  --------------------------------------------------------------------------
  slack (MET)                                                       15.51


  Startpoint: U_SYS_CTRL/current_state_reg[1]
              (rising edge-triggered flip-flop clocked by REF_CLK)
  Endpoint: U_RegFile/RdData_reg[2]
            (rising edge-triggered flip-flop clocked by REF_CLK)
  Path Group: REF_CLK
  Path Type: max

  Point                                                   Incr       Path
  --------------------------------------------------------------------------
  clock REF_CLK (rise edge)                               0.00       0.00
  clock network delay (ideal)                             0.00       0.00
  U_SYS_CTRL/current_state_reg[1]/CK (DFFRQX2M)           0.00       0.00 r
  U_SYS_CTRL/current_state_reg[1]/Q (DFFRQX2M)            0.45       0.45 r
  U_SYS_CTRL/U44/Y (INVX2M)                               0.12       0.57 f
  U_SYS_CTRL/U42/Y (NOR2X2M)                              0.13       0.70 r
  U_SYS_CTRL/U19/Y (INVX2M)                               0.08       0.78 f
  U_SYS_CTRL/U12/Y (NOR3X2M)                              0.27       1.05 r
  U_SYS_CTRL/U43/Y (NAND2X2M)                             0.17       1.23 f
  U_SYS_CTRL/U53/Y (OAI222X1M)                            0.28       1.51 r
  U_SYS_CTRL/RF_Addres[0] (SYS_CTRL)                      0.00       1.51 r
  U4/Y (BUFX2M)                                           0.41       1.92 r
  U_RegFile/Address[0] (RegFile)                          0.00       1.92 r
  U_RegFile/U237/Y (INVX2M)                               0.12       2.04 f
  U_RegFile/U14/Y (BUFX2M)                                0.17       2.21 f
  U_RegFile/U10/Y (INVX2M)                                0.77       2.98 r
  U_RegFile/U231/Y (MX4X1M)                               0.49       3.48 f
  U_RegFile/U198/Y (MX4X1M)                               0.34       3.82 f
  U_RegFile/U197/Y (AO22X1M)                              0.32       4.14 f
  U_RegFile/RdData_reg[2]/D (DFFRQX2M)                    0.00       4.14 f
  data arrival time                                                  4.14

  clock REF_CLK (rise edge)                              20.00      20.00
  clock network delay (ideal)                             0.00      20.00
  clock uncertainty                                      -0.20      19.80
  U_RegFile/RdData_reg[2]/CK (DFFRQX2M)                   0.00      19.80 r
  library setup time                                     -0.15      19.65
  data required time                                                19.65
  --------------------------------------------------------------------------
  data required time                                                19.65
  data arrival time                                                 -4.14
  --------------------------------------------------------------------------
  slack (MET)                                                       15.51


  Startpoint: U_SYS_CTRL/current_state_reg[1]
              (rising edge-triggered flip-flop clocked by REF_CLK)
  Endpoint: U_RegFile/RdData_reg[1]
            (rising edge-triggered flip-flop clocked by REF_CLK)
  Path Group: REF_CLK
  Path Type: max

  Point                                                   Incr       Path
  --------------------------------------------------------------------------
  clock REF_CLK (rise edge)                               0.00       0.00
  clock network delay (ideal)                             0.00       0.00
  U_SYS_CTRL/current_state_reg[1]/CK (DFFRQX2M)           0.00       0.00 r
  U_SYS_CTRL/current_state_reg[1]/Q (DFFRQX2M)            0.45       0.45 r
  U_SYS_CTRL/U44/Y (INVX2M)                               0.12       0.57 f
  U_SYS_CTRL/U42/Y (NOR2X2M)                              0.13       0.70 r
  U_SYS_CTRL/U19/Y (INVX2M)                               0.08       0.78 f
  U_SYS_CTRL/U12/Y (NOR3X2M)                              0.27       1.05 r
  U_SYS_CTRL/U43/Y (NAND2X2M)                             0.17       1.23 f
  U_SYS_CTRL/U53/Y (OAI222X1M)                            0.28       1.51 r
  U_SYS_CTRL/RF_Addres[0] (SYS_CTRL)                      0.00       1.51 r
  U4/Y (BUFX2M)                                           0.41       1.92 r
  U_RegFile/Address[0] (RegFile)                          0.00       1.92 r
  U_RegFile/U237/Y (INVX2M)                               0.12       2.04 f
  U_RegFile/U14/Y (BUFX2M)                                0.17       2.21 f
  U_RegFile/U10/Y (INVX2M)                                0.77       2.98 r
  U_RegFile/U196/Y (MX4X1M)                               0.49       3.48 f
  U_RegFile/U194/Y (MX4X1M)                               0.34       3.82 f
  U_RegFile/U193/Y (AO22X1M)                              0.32       4.14 f
  U_RegFile/RdData_reg[1]/D (DFFRQX2M)                    0.00       4.14 f
  data arrival time                                                  4.14

  clock REF_CLK (rise edge)                              20.00      20.00
  clock network delay (ideal)                             0.00      20.00
  clock uncertainty                                      -0.20      19.80
  U_RegFile/RdData_reg[1]/CK (DFFRQX2M)                   0.00      19.80 r
  library setup time                                     -0.15      19.65
  data required time                                                19.65
  --------------------------------------------------------------------------
  data required time                                                19.65
  data arrival time                                                 -4.14
  --------------------------------------------------------------------------
  slack (MET)                                                       15.51


  Startpoint: U_SYS_CTRL/current_state_reg[1]
              (rising edge-triggered flip-flop clocked by REF_CLK)
  Endpoint: U_RegFile/regArr_reg[8][7]
            (rising edge-triggered flip-flop clocked by REF_CLK)
  Path Group: REF_CLK
  Path Type: max

  Point                                                   Incr       Path
  --------------------------------------------------------------------------
  clock REF_CLK (rise edge)                               0.00       0.00
  clock network delay (ideal)                             0.00       0.00
  U_SYS_CTRL/current_state_reg[1]/CK (DFFRQX2M)           0.00       0.00 r
  U_SYS_CTRL/current_state_reg[1]/Q (DFFRQX2M)            0.45       0.45 r
  U_SYS_CTRL/U44/Y (INVX2M)                               0.12       0.57 f
  U_SYS_CTRL/U42/Y (NOR2X2M)                              0.13       0.70 r
  U_SYS_CTRL/U19/Y (INVX2M)                               0.08       0.78 f
  U_SYS_CTRL/U12/Y (NOR3X2M)                              0.27       1.05 r
  U_SYS_CTRL/U43/Y (NAND2X2M)                             0.17       1.23 f
  U_SYS_CTRL/U41/Y (OAI22X1M)                             0.21       1.44 r
  U_SYS_CTRL/RF_Addres[1] (SYS_CTRL)                      0.00       1.44 r
  U3/Y (BUFX2M)                                           0.62       2.06 r
  U_RegFile/Address[1] (RegFile)                          0.00       2.06 r
  U_RegFile/U60/Y (INVX2M)                                0.15       2.21 f
  U_RegFile/U12/Y (BUFX2M)                                0.17       2.38 f
  U_RegFile/U11/Y (INVX2M)                                0.38       2.76 r
  U_RegFile/U8/Y (NOR2X2M)                                0.16       2.93 f
  U_RegFile/U19/Y (NAND2X2M)                              0.27       3.20 r
  U_RegFile/U116/Y (OAI2BB2X1M)                           0.19       3.39 r
  U_RegFile/regArr_reg[8][7]/D (DFFRQX2M)                 0.00       3.39 r
  data arrival time                                                  3.39

  clock REF_CLK (rise edge)                              20.00      20.00
  clock network delay (ideal)                             0.00      20.00
  clock uncertainty                                      -0.20      19.80
  U_RegFile/regArr_reg[8][7]/CK (DFFRQX2M)                0.00      19.80 r
  library setup time                                     -0.31      19.49
  data required time                                                19.49
  --------------------------------------------------------------------------
  data required time                                                19.49
  data arrival time                                                 -3.39
  --------------------------------------------------------------------------
  slack (MET)                                                       16.11


  Startpoint: U_SYS_CTRL/current_state_reg[1]
              (rising edge-triggered flip-flop clocked by REF_CLK)
  Endpoint: U_RegFile/regArr_reg[8][6]
            (rising edge-triggered flip-flop clocked by REF_CLK)
  Path Group: REF_CLK
  Path Type: max

  Point                                                   Incr       Path
  --------------------------------------------------------------------------
  clock REF_CLK (rise edge)                               0.00       0.00
  clock network delay (ideal)                             0.00       0.00
  U_SYS_CTRL/current_state_reg[1]/CK (DFFRQX2M)           0.00       0.00 r
  U_SYS_CTRL/current_state_reg[1]/Q (DFFRQX2M)            0.45       0.45 r
  U_SYS_CTRL/U44/Y (INVX2M)                               0.12       0.57 f
  U_SYS_CTRL/U42/Y (NOR2X2M)                              0.13       0.70 r
  U_SYS_CTRL/U19/Y (INVX2M)                               0.08       0.78 f
  U_SYS_CTRL/U12/Y (NOR3X2M)                              0.27       1.05 r
  U_SYS_CTRL/U43/Y (NAND2X2M)                             0.17       1.23 f
  U_SYS_CTRL/U41/Y (OAI22X1M)                             0.21       1.44 r
  U_SYS_CTRL/RF_Addres[1] (SYS_CTRL)                      0.00       1.44 r
  U3/Y (BUFX2M)                                           0.62       2.06 r
  U_RegFile/Address[1] (RegFile)                          0.00       2.06 r
  U_RegFile/U60/Y (INVX2M)                                0.15       2.21 f
  U_RegFile/U12/Y (BUFX2M)                                0.17       2.38 f
  U_RegFile/U11/Y (INVX2M)                                0.38       2.76 r
  U_RegFile/U8/Y (NOR2X2M)                                0.16       2.93 f
  U_RegFile/U19/Y (NAND2X2M)                              0.27       3.20 r
  U_RegFile/U115/Y (OAI2BB2X1M)                           0.19       3.39 r
  U_RegFile/regArr_reg[8][6]/D (DFFRQX2M)                 0.00       3.39 r
  data arrival time                                                  3.39

  clock REF_CLK (rise edge)                              20.00      20.00
  clock network delay (ideal)                             0.00      20.00
  clock uncertainty                                      -0.20      19.80
  U_RegFile/regArr_reg[8][6]/CK (DFFRQX2M)                0.00      19.80 r
  library setup time                                     -0.31      19.49
  data required time                                                19.49
  --------------------------------------------------------------------------
  data required time                                                19.49
  data arrival time                                                 -3.39
  --------------------------------------------------------------------------
  slack (MET)                                                       16.11


  Startpoint: U_SYS_CTRL/current_state_reg[1]
              (rising edge-triggered flip-flop clocked by REF_CLK)
  Endpoint: U_RegFile/regArr_reg[8][5]
            (rising edge-triggered flip-flop clocked by REF_CLK)
  Path Group: REF_CLK
  Path Type: max

  Point                                                   Incr       Path
  --------------------------------------------------------------------------
  clock REF_CLK (rise edge)                               0.00       0.00
  clock network delay (ideal)                             0.00       0.00
  U_SYS_CTRL/current_state_reg[1]/CK (DFFRQX2M)           0.00       0.00 r
  U_SYS_CTRL/current_state_reg[1]/Q (DFFRQX2M)            0.45       0.45 r
  U_SYS_CTRL/U44/Y (INVX2M)                               0.12       0.57 f
  U_SYS_CTRL/U42/Y (NOR2X2M)                              0.13       0.70 r
  U_SYS_CTRL/U19/Y (INVX2M)                               0.08       0.78 f
  U_SYS_CTRL/U12/Y (NOR3X2M)                              0.27       1.05 r
  U_SYS_CTRL/U43/Y (NAND2X2M)                             0.17       1.23 f
  U_SYS_CTRL/U41/Y (OAI22X1M)                             0.21       1.44 r
  U_SYS_CTRL/RF_Addres[1] (SYS_CTRL)                      0.00       1.44 r
  U3/Y (BUFX2M)                                           0.62       2.06 r
  U_RegFile/Address[1] (RegFile)                          0.00       2.06 r
  U_RegFile/U60/Y (INVX2M)                                0.15       2.21 f
  U_RegFile/U12/Y (BUFX2M)                                0.17       2.38 f
  U_RegFile/U11/Y (INVX2M)                                0.38       2.76 r
  U_RegFile/U8/Y (NOR2X2M)                                0.16       2.93 f
  U_RegFile/U19/Y (NAND2X2M)                              0.27       3.20 r
  U_RegFile/U114/Y (OAI2BB2X1M)                           0.19       3.39 r
  U_RegFile/regArr_reg[8][5]/D (DFFRQX2M)                 0.00       3.39 r
  data arrival time                                                  3.39

  clock REF_CLK (rise edge)                              20.00      20.00
  clock network delay (ideal)                             0.00      20.00
  clock uncertainty                                      -0.20      19.80
  U_RegFile/regArr_reg[8][5]/CK (DFFRQX2M)                0.00      19.80 r
  library setup time                                     -0.31      19.49
  data required time                                                19.49
  --------------------------------------------------------------------------
  data required time                                                19.49
  data arrival time                                                 -3.39
  --------------------------------------------------------------------------
  slack (MET)                                                       16.11


  Startpoint: U_SYS_CTRL/current_state_reg[1]
              (rising edge-triggered flip-flop clocked by REF_CLK)
  Endpoint: U_RegFile/regArr_reg[8][4]
            (rising edge-triggered flip-flop clocked by REF_CLK)
  Path Group: REF_CLK
  Path Type: max

  Point                                                   Incr       Path
  --------------------------------------------------------------------------
  clock REF_CLK (rise edge)                               0.00       0.00
  clock network delay (ideal)                             0.00       0.00
  U_SYS_CTRL/current_state_reg[1]/CK (DFFRQX2M)           0.00       0.00 r
  U_SYS_CTRL/current_state_reg[1]/Q (DFFRQX2M)            0.45       0.45 r
  U_SYS_CTRL/U44/Y (INVX2M)                               0.12       0.57 f
  U_SYS_CTRL/U42/Y (NOR2X2M)                              0.13       0.70 r
  U_SYS_CTRL/U19/Y (INVX2M)                               0.08       0.78 f
  U_SYS_CTRL/U12/Y (NOR3X2M)                              0.27       1.05 r
  U_SYS_CTRL/U43/Y (NAND2X2M)                             0.17       1.23 f
  U_SYS_CTRL/U41/Y (OAI22X1M)                             0.21       1.44 r
  U_SYS_CTRL/RF_Addres[1] (SYS_CTRL)                      0.00       1.44 r
  U3/Y (BUFX2M)                                           0.62       2.06 r
  U_RegFile/Address[1] (RegFile)                          0.00       2.06 r
  U_RegFile/U60/Y (INVX2M)                                0.15       2.21 f
  U_RegFile/U12/Y (BUFX2M)                                0.17       2.38 f
  U_RegFile/U11/Y (INVX2M)                                0.38       2.76 r
  U_RegFile/U8/Y (NOR2X2M)                                0.16       2.93 f
  U_RegFile/U19/Y (NAND2X2M)                              0.27       3.20 r
  U_RegFile/U113/Y (OAI2BB2X1M)                           0.19       3.39 r
  U_RegFile/regArr_reg[8][4]/D (DFFRQX2M)                 0.00       3.39 r
  data arrival time                                                  3.39

  clock REF_CLK (rise edge)                              20.00      20.00
  clock network delay (ideal)                             0.00      20.00
  clock uncertainty                                      -0.20      19.80
  U_RegFile/regArr_reg[8][4]/CK (DFFRQX2M)                0.00      19.80 r
  library setup time                                     -0.31      19.49
  data required time                                                19.49
  --------------------------------------------------------------------------
  data required time                                                19.49
  data arrival time                                                 -3.39
  --------------------------------------------------------------------------
  slack (MET)                                                       16.11


  Startpoint: U_SYS_CTRL/current_state_reg[1]
              (rising edge-triggered flip-flop clocked by REF_CLK)
  Endpoint: U_RegFile/regArr_reg[8][3]
            (rising edge-triggered flip-flop clocked by REF_CLK)
  Path Group: REF_CLK
  Path Type: max

  Point                                                   Incr       Path
  --------------------------------------------------------------------------
  clock REF_CLK (rise edge)                               0.00       0.00
  clock network delay (ideal)                             0.00       0.00
  U_SYS_CTRL/current_state_reg[1]/CK (DFFRQX2M)           0.00       0.00 r
  U_SYS_CTRL/current_state_reg[1]/Q (DFFRQX2M)            0.45       0.45 r
  U_SYS_CTRL/U44/Y (INVX2M)                               0.12       0.57 f
  U_SYS_CTRL/U42/Y (NOR2X2M)                              0.13       0.70 r
  U_SYS_CTRL/U19/Y (INVX2M)                               0.08       0.78 f
  U_SYS_CTRL/U12/Y (NOR3X2M)                              0.27       1.05 r
  U_SYS_CTRL/U43/Y (NAND2X2M)                             0.17       1.23 f
  U_SYS_CTRL/U41/Y (OAI22X1M)                             0.21       1.44 r
  U_SYS_CTRL/RF_Addres[1] (SYS_CTRL)                      0.00       1.44 r
  U3/Y (BUFX2M)                                           0.62       2.06 r
  U_RegFile/Address[1] (RegFile)                          0.00       2.06 r
  U_RegFile/U60/Y (INVX2M)                                0.15       2.21 f
  U_RegFile/U12/Y (BUFX2M)                                0.17       2.38 f
  U_RegFile/U11/Y (INVX2M)                                0.38       2.76 r
  U_RegFile/U8/Y (NOR2X2M)                                0.16       2.93 f
  U_RegFile/U19/Y (NAND2X2M)                              0.27       3.20 r
  U_RegFile/U112/Y (OAI2BB2X1M)                           0.19       3.39 r
  U_RegFile/regArr_reg[8][3]/D (DFFRQX2M)                 0.00       3.39 r
  data arrival time                                                  3.39

  clock REF_CLK (rise edge)                              20.00      20.00
  clock network delay (ideal)                             0.00      20.00
  clock uncertainty                                      -0.20      19.80
  U_RegFile/regArr_reg[8][3]/CK (DFFRQX2M)                0.00      19.80 r
  library setup time                                     -0.31      19.49
  data required time                                                19.49
  --------------------------------------------------------------------------
  data required time                                                19.49
  data arrival time                                                 -3.39
  --------------------------------------------------------------------------
  slack (MET)                                                       16.11


  Startpoint: U_SYS_CTRL/current_state_reg[1]
              (rising edge-triggered flip-flop clocked by REF_CLK)
  Endpoint: U_RegFile/regArr_reg[8][2]
            (rising edge-triggered flip-flop clocked by REF_CLK)
  Path Group: REF_CLK
  Path Type: max

  Point                                                   Incr       Path
  --------------------------------------------------------------------------
  clock REF_CLK (rise edge)                               0.00       0.00
  clock network delay (ideal)                             0.00       0.00
  U_SYS_CTRL/current_state_reg[1]/CK (DFFRQX2M)           0.00       0.00 r
  U_SYS_CTRL/current_state_reg[1]/Q (DFFRQX2M)            0.45       0.45 r
  U_SYS_CTRL/U44/Y (INVX2M)                               0.12       0.57 f
  U_SYS_CTRL/U42/Y (NOR2X2M)                              0.13       0.70 r
  U_SYS_CTRL/U19/Y (INVX2M)                               0.08       0.78 f
  U_SYS_CTRL/U12/Y (NOR3X2M)                              0.27       1.05 r
  U_SYS_CTRL/U43/Y (NAND2X2M)                             0.17       1.23 f
  U_SYS_CTRL/U41/Y (OAI22X1M)                             0.21       1.44 r
  U_SYS_CTRL/RF_Addres[1] (SYS_CTRL)                      0.00       1.44 r
  U3/Y (BUFX2M)                                           0.62       2.06 r
  U_RegFile/Address[1] (RegFile)                          0.00       2.06 r
  U_RegFile/U60/Y (INVX2M)                                0.15       2.21 f
  U_RegFile/U12/Y (BUFX2M)                                0.17       2.38 f
  U_RegFile/U11/Y (INVX2M)                                0.38       2.76 r
  U_RegFile/U8/Y (NOR2X2M)                                0.16       2.93 f
  U_RegFile/U19/Y (NAND2X2M)                              0.27       3.20 r
  U_RegFile/U111/Y (OAI2BB2X1M)                           0.19       3.39 r
  U_RegFile/regArr_reg[8][2]/D (DFFRQX2M)                 0.00       3.39 r
  data arrival time                                                  3.39

  clock REF_CLK (rise edge)                              20.00      20.00
  clock network delay (ideal)                             0.00      20.00
  clock uncertainty                                      -0.20      19.80
  U_RegFile/regArr_reg[8][2]/CK (DFFRQX2M)                0.00      19.80 r
  library setup time                                     -0.31      19.49
  data required time                                                19.49
  --------------------------------------------------------------------------
  data required time                                                19.49
  data arrival time                                                 -3.39
  --------------------------------------------------------------------------
  slack (MET)                                                       16.11


  Startpoint: U_SYS_CTRL/current_state_reg[1]
              (rising edge-triggered flip-flop clocked by REF_CLK)
  Endpoint: U_RegFile/regArr_reg[8][1]
            (rising edge-triggered flip-flop clocked by REF_CLK)
  Path Group: REF_CLK
  Path Type: max

  Point                                                   Incr       Path
  --------------------------------------------------------------------------
  clock REF_CLK (rise edge)                               0.00       0.00
  clock network delay (ideal)                             0.00       0.00
  U_SYS_CTRL/current_state_reg[1]/CK (DFFRQX2M)           0.00       0.00 r
  U_SYS_CTRL/current_state_reg[1]/Q (DFFRQX2M)            0.45       0.45 r
  U_SYS_CTRL/U44/Y (INVX2M)                               0.12       0.57 f
  U_SYS_CTRL/U42/Y (NOR2X2M)                              0.13       0.70 r
  U_SYS_CTRL/U19/Y (INVX2M)                               0.08       0.78 f
  U_SYS_CTRL/U12/Y (NOR3X2M)                              0.27       1.05 r
  U_SYS_CTRL/U43/Y (NAND2X2M)                             0.17       1.23 f
  U_SYS_CTRL/U41/Y (OAI22X1M)                             0.21       1.44 r
  U_SYS_CTRL/RF_Addres[1] (SYS_CTRL)                      0.00       1.44 r
  U3/Y (BUFX2M)                                           0.62       2.06 r
  U_RegFile/Address[1] (RegFile)                          0.00       2.06 r
  U_RegFile/U60/Y (INVX2M)                                0.15       2.21 f
  U_RegFile/U12/Y (BUFX2M)                                0.17       2.38 f
  U_RegFile/U11/Y (INVX2M)                                0.38       2.76 r
  U_RegFile/U8/Y (NOR2X2M)                                0.16       2.93 f
  U_RegFile/U19/Y (NAND2X2M)                              0.27       3.20 r
  U_RegFile/U110/Y (OAI2BB2X1M)                           0.19       3.39 r
  U_RegFile/regArr_reg[8][1]/D (DFFRQX2M)                 0.00       3.39 r
  data arrival time                                                  3.39

  clock REF_CLK (rise edge)                              20.00      20.00
  clock network delay (ideal)                             0.00      20.00
  clock uncertainty                                      -0.20      19.80
  U_RegFile/regArr_reg[8][1]/CK (DFFRQX2M)                0.00      19.80 r
  library setup time                                     -0.31      19.49
  data required time                                                19.49
  --------------------------------------------------------------------------
  data required time                                                19.49
  data arrival time                                                 -3.39
  --------------------------------------------------------------------------
  slack (MET)                                                       16.11


  Startpoint: U_SYS_CTRL/current_state_reg[1]
              (rising edge-triggered flip-flop clocked by REF_CLK)
  Endpoint: U_RegFile/regArr_reg[8][0]
            (rising edge-triggered flip-flop clocked by REF_CLK)
  Path Group: REF_CLK
  Path Type: max

  Point                                                   Incr       Path
  --------------------------------------------------------------------------
  clock REF_CLK (rise edge)                               0.00       0.00
  clock network delay (ideal)                             0.00       0.00
  U_SYS_CTRL/current_state_reg[1]/CK (DFFRQX2M)           0.00       0.00 r
  U_SYS_CTRL/current_state_reg[1]/Q (DFFRQX2M)            0.45       0.45 r
  U_SYS_CTRL/U44/Y (INVX2M)                               0.12       0.57 f
  U_SYS_CTRL/U42/Y (NOR2X2M)                              0.13       0.70 r
  U_SYS_CTRL/U19/Y (INVX2M)                               0.08       0.78 f
  U_SYS_CTRL/U12/Y (NOR3X2M)                              0.27       1.05 r
  U_SYS_CTRL/U43/Y (NAND2X2M)                             0.17       1.23 f
  U_SYS_CTRL/U41/Y (OAI22X1M)                             0.21       1.44 r
  U_SYS_CTRL/RF_Addres[1] (SYS_CTRL)                      0.00       1.44 r
  U3/Y (BUFX2M)                                           0.62       2.06 r
  U_RegFile/Address[1] (RegFile)                          0.00       2.06 r
  U_RegFile/U60/Y (INVX2M)                                0.15       2.21 f
  U_RegFile/U12/Y (BUFX2M)                                0.17       2.38 f
  U_RegFile/U11/Y (INVX2M)                                0.38       2.76 r
  U_RegFile/U8/Y (NOR2X2M)                                0.16       2.93 f
  U_RegFile/U19/Y (NAND2X2M)                              0.27       3.20 r
  U_RegFile/U109/Y (OAI2BB2X1M)                           0.19       3.39 r
  U_RegFile/regArr_reg[8][0]/D (DFFRQX2M)                 0.00       3.39 r
  data arrival time                                                  3.39

  clock REF_CLK (rise edge)                              20.00      20.00
  clock network delay (ideal)                             0.00      20.00
  clock uncertainty                                      -0.20      19.80
  U_RegFile/regArr_reg[8][0]/CK (DFFRQX2M)                0.00      19.80 r
  library setup time                                     -0.31      19.49
  data required time                                                19.49
  --------------------------------------------------------------------------
  data required time                                                19.49
  data arrival time                                                 -3.39
  --------------------------------------------------------------------------
  slack (MET)                                                       16.11


  Startpoint: U_SYS_CTRL/current_state_reg[1]
              (rising edge-triggered flip-flop clocked by REF_CLK)
  Endpoint: U_RegFile/regArr_reg[9][7]
            (rising edge-triggered flip-flop clocked by REF_CLK)
  Path Group: REF_CLK
  Path Type: max

  Point                                                   Incr       Path
  --------------------------------------------------------------------------
  clock REF_CLK (rise edge)                               0.00       0.00
  clock network delay (ideal)                             0.00       0.00
  U_SYS_CTRL/current_state_reg[1]/CK (DFFRQX2M)           0.00       0.00 r
  U_SYS_CTRL/current_state_reg[1]/Q (DFFRQX2M)            0.45       0.45 r
  U_SYS_CTRL/U44/Y (INVX2M)                               0.12       0.57 f
  U_SYS_CTRL/U42/Y (NOR2X2M)                              0.13       0.70 r
  U_SYS_CTRL/U19/Y (INVX2M)                               0.08       0.78 f
  U_SYS_CTRL/U12/Y (NOR3X2M)                              0.27       1.05 r
  U_SYS_CTRL/U43/Y (NAND2X2M)                             0.17       1.23 f
  U_SYS_CTRL/U41/Y (OAI22X1M)                             0.21       1.44 r
  U_SYS_CTRL/RF_Addres[1] (SYS_CTRL)                      0.00       1.44 r
  U3/Y (BUFX2M)                                           0.62       2.06 r
  U_RegFile/Address[1] (RegFile)                          0.00       2.06 r
  U_RegFile/U60/Y (INVX2M)                                0.15       2.21 f
  U_RegFile/U12/Y (BUFX2M)                                0.17       2.38 f
  U_RegFile/U11/Y (INVX2M)                                0.38       2.76 r
  U_RegFile/U8/Y (NOR2X2M)                                0.16       2.93 f
  U_RegFile/U20/Y (NAND2X2M)                              0.27       3.20 r
  U_RegFile/U124/Y (OAI2BB2X1M)                           0.19       3.39 r
  U_RegFile/regArr_reg[9][7]/D (DFFRQX2M)                 0.00       3.39 r
  data arrival time                                                  3.39

  clock REF_CLK (rise edge)                              20.00      20.00
  clock network delay (ideal)                             0.00      20.00
  clock uncertainty                                      -0.20      19.80
  U_RegFile/regArr_reg[9][7]/CK (DFFRQX2M)                0.00      19.80 r
  library setup time                                     -0.31      19.49
  data required time                                                19.49
  --------------------------------------------------------------------------
  data required time                                                19.49
  data arrival time                                                 -3.39
  --------------------------------------------------------------------------
  slack (MET)                                                       16.11


  Startpoint: U_SYS_CTRL/current_state_reg[1]
              (rising edge-triggered flip-flop clocked by REF_CLK)
  Endpoint: U_RegFile/regArr_reg[9][6]
            (rising edge-triggered flip-flop clocked by REF_CLK)
  Path Group: REF_CLK
  Path Type: max

  Point                                                   Incr       Path
  --------------------------------------------------------------------------
  clock REF_CLK (rise edge)                               0.00       0.00
  clock network delay (ideal)                             0.00       0.00
  U_SYS_CTRL/current_state_reg[1]/CK (DFFRQX2M)           0.00       0.00 r
  U_SYS_CTRL/current_state_reg[1]/Q (DFFRQX2M)            0.45       0.45 r
  U_SYS_CTRL/U44/Y (INVX2M)                               0.12       0.57 f
  U_SYS_CTRL/U42/Y (NOR2X2M)                              0.13       0.70 r
  U_SYS_CTRL/U19/Y (INVX2M)                               0.08       0.78 f
  U_SYS_CTRL/U12/Y (NOR3X2M)                              0.27       1.05 r
  U_SYS_CTRL/U43/Y (NAND2X2M)                             0.17       1.23 f
  U_SYS_CTRL/U41/Y (OAI22X1M)                             0.21       1.44 r
  U_SYS_CTRL/RF_Addres[1] (SYS_CTRL)                      0.00       1.44 r
  U3/Y (BUFX2M)                                           0.62       2.06 r
  U_RegFile/Address[1] (RegFile)                          0.00       2.06 r
  U_RegFile/U60/Y (INVX2M)                                0.15       2.21 f
  U_RegFile/U12/Y (BUFX2M)                                0.17       2.38 f
  U_RegFile/U11/Y (INVX2M)                                0.38       2.76 r
  U_RegFile/U8/Y (NOR2X2M)                                0.16       2.93 f
  U_RegFile/U20/Y (NAND2X2M)                              0.27       3.20 r
  U_RegFile/U123/Y (OAI2BB2X1M)                           0.19       3.39 r
  U_RegFile/regArr_reg[9][6]/D (DFFRQX2M)                 0.00       3.39 r
  data arrival time                                                  3.39

  clock REF_CLK (rise edge)                              20.00      20.00
  clock network delay (ideal)                             0.00      20.00
  clock uncertainty                                      -0.20      19.80
  U_RegFile/regArr_reg[9][6]/CK (DFFRQX2M)                0.00      19.80 r
  library setup time                                     -0.31      19.49
  data required time                                                19.49
  --------------------------------------------------------------------------
  data required time                                                19.49
  data arrival time                                                 -3.39
  --------------------------------------------------------------------------
  slack (MET)                                                       16.11


  Startpoint: U_SYS_CTRL/current_state_reg[1]
              (rising edge-triggered flip-flop clocked by REF_CLK)
  Endpoint: U_RegFile/regArr_reg[9][5]
            (rising edge-triggered flip-flop clocked by REF_CLK)
  Path Group: REF_CLK
  Path Type: max

  Point                                                   Incr       Path
  --------------------------------------------------------------------------
  clock REF_CLK (rise edge)                               0.00       0.00
  clock network delay (ideal)                             0.00       0.00
  U_SYS_CTRL/current_state_reg[1]/CK (DFFRQX2M)           0.00       0.00 r
  U_SYS_CTRL/current_state_reg[1]/Q (DFFRQX2M)            0.45       0.45 r
  U_SYS_CTRL/U44/Y (INVX2M)                               0.12       0.57 f
  U_SYS_CTRL/U42/Y (NOR2X2M)                              0.13       0.70 r
  U_SYS_CTRL/U19/Y (INVX2M)                               0.08       0.78 f
  U_SYS_CTRL/U12/Y (NOR3X2M)                              0.27       1.05 r
  U_SYS_CTRL/U43/Y (NAND2X2M)                             0.17       1.23 f
  U_SYS_CTRL/U41/Y (OAI22X1M)                             0.21       1.44 r
  U_SYS_CTRL/RF_Addres[1] (SYS_CTRL)                      0.00       1.44 r
  U3/Y (BUFX2M)                                           0.62       2.06 r
  U_RegFile/Address[1] (RegFile)                          0.00       2.06 r
  U_RegFile/U60/Y (INVX2M)                                0.15       2.21 f
  U_RegFile/U12/Y (BUFX2M)                                0.17       2.38 f
  U_RegFile/U11/Y (INVX2M)                                0.38       2.76 r
  U_RegFile/U8/Y (NOR2X2M)                                0.16       2.93 f
  U_RegFile/U20/Y (NAND2X2M)                              0.27       3.20 r
  U_RegFile/U122/Y (OAI2BB2X1M)                           0.19       3.39 r
  U_RegFile/regArr_reg[9][5]/D (DFFRQX2M)                 0.00       3.39 r
  data arrival time                                                  3.39

  clock REF_CLK (rise edge)                              20.00      20.00
  clock network delay (ideal)                             0.00      20.00
  clock uncertainty                                      -0.20      19.80
  U_RegFile/regArr_reg[9][5]/CK (DFFRQX2M)                0.00      19.80 r
  library setup time                                     -0.31      19.49
  data required time                                                19.49
  --------------------------------------------------------------------------
  data required time                                                19.49
  data arrival time                                                 -3.39
  --------------------------------------------------------------------------
  slack (MET)                                                       16.11


  Startpoint: U_SYS_CTRL/current_state_reg[1]
              (rising edge-triggered flip-flop clocked by REF_CLK)
  Endpoint: U_RegFile/regArr_reg[9][4]
            (rising edge-triggered flip-flop clocked by REF_CLK)
  Path Group: REF_CLK
  Path Type: max

  Point                                                   Incr       Path
  --------------------------------------------------------------------------
  clock REF_CLK (rise edge)                               0.00       0.00
  clock network delay (ideal)                             0.00       0.00
  U_SYS_CTRL/current_state_reg[1]/CK (DFFRQX2M)           0.00       0.00 r
  U_SYS_CTRL/current_state_reg[1]/Q (DFFRQX2M)            0.45       0.45 r
  U_SYS_CTRL/U44/Y (INVX2M)                               0.12       0.57 f
  U_SYS_CTRL/U42/Y (NOR2X2M)                              0.13       0.70 r
  U_SYS_CTRL/U19/Y (INVX2M)                               0.08       0.78 f
  U_SYS_CTRL/U12/Y (NOR3X2M)                              0.27       1.05 r
  U_SYS_CTRL/U43/Y (NAND2X2M)                             0.17       1.23 f
  U_SYS_CTRL/U41/Y (OAI22X1M)                             0.21       1.44 r
  U_SYS_CTRL/RF_Addres[1] (SYS_CTRL)                      0.00       1.44 r
  U3/Y (BUFX2M)                                           0.62       2.06 r
  U_RegFile/Address[1] (RegFile)                          0.00       2.06 r
  U_RegFile/U60/Y (INVX2M)                                0.15       2.21 f
  U_RegFile/U12/Y (BUFX2M)                                0.17       2.38 f
  U_RegFile/U11/Y (INVX2M)                                0.38       2.76 r
  U_RegFile/U8/Y (NOR2X2M)                                0.16       2.93 f
  U_RegFile/U20/Y (NAND2X2M)                              0.27       3.20 r
  U_RegFile/U121/Y (OAI2BB2X1M)                           0.19       3.39 r
  U_RegFile/regArr_reg[9][4]/D (DFFRQX2M)                 0.00       3.39 r
  data arrival time                                                  3.39

  clock REF_CLK (rise edge)                              20.00      20.00
  clock network delay (ideal)                             0.00      20.00
  clock uncertainty                                      -0.20      19.80
  U_RegFile/regArr_reg[9][4]/CK (DFFRQX2M)                0.00      19.80 r
  library setup time                                     -0.31      19.49
  data required time                                                19.49
  --------------------------------------------------------------------------
  data required time                                                19.49
  data arrival time                                                 -3.39
  --------------------------------------------------------------------------
  slack (MET)                                                       16.11


  Startpoint: U_SYS_CTRL/current_state_reg[1]
              (rising edge-triggered flip-flop clocked by REF_CLK)
  Endpoint: U_RegFile/regArr_reg[9][3]
            (rising edge-triggered flip-flop clocked by REF_CLK)
  Path Group: REF_CLK
  Path Type: max

  Point                                                   Incr       Path
  --------------------------------------------------------------------------
  clock REF_CLK (rise edge)                               0.00       0.00
  clock network delay (ideal)                             0.00       0.00
  U_SYS_CTRL/current_state_reg[1]/CK (DFFRQX2M)           0.00       0.00 r
  U_SYS_CTRL/current_state_reg[1]/Q (DFFRQX2M)            0.45       0.45 r
  U_SYS_CTRL/U44/Y (INVX2M)                               0.12       0.57 f
  U_SYS_CTRL/U42/Y (NOR2X2M)                              0.13       0.70 r
  U_SYS_CTRL/U19/Y (INVX2M)                               0.08       0.78 f
  U_SYS_CTRL/U12/Y (NOR3X2M)                              0.27       1.05 r
  U_SYS_CTRL/U43/Y (NAND2X2M)                             0.17       1.23 f
  U_SYS_CTRL/U41/Y (OAI22X1M)                             0.21       1.44 r
  U_SYS_CTRL/RF_Addres[1] (SYS_CTRL)                      0.00       1.44 r
  U3/Y (BUFX2M)                                           0.62       2.06 r
  U_RegFile/Address[1] (RegFile)                          0.00       2.06 r
  U_RegFile/U60/Y (INVX2M)                                0.15       2.21 f
  U_RegFile/U12/Y (BUFX2M)                                0.17       2.38 f
  U_RegFile/U11/Y (INVX2M)                                0.38       2.76 r
  U_RegFile/U8/Y (NOR2X2M)                                0.16       2.93 f
  U_RegFile/U20/Y (NAND2X2M)                              0.27       3.20 r
  U_RegFile/U120/Y (OAI2BB2X1M)                           0.19       3.39 r
  U_RegFile/regArr_reg[9][3]/D (DFFRQX2M)                 0.00       3.39 r
  data arrival time                                                  3.39

  clock REF_CLK (rise edge)                              20.00      20.00
  clock network delay (ideal)                             0.00      20.00
  clock uncertainty                                      -0.20      19.80
  U_RegFile/regArr_reg[9][3]/CK (DFFRQX2M)                0.00      19.80 r
  library setup time                                     -0.31      19.49
  data required time                                                19.49
  --------------------------------------------------------------------------
  data required time                                                19.49
  data arrival time                                                 -3.39
  --------------------------------------------------------------------------
  slack (MET)                                                       16.11


  Startpoint: U_SYS_CTRL/current_state_reg[1]
              (rising edge-triggered flip-flop clocked by REF_CLK)
  Endpoint: U_RegFile/regArr_reg[9][2]
            (rising edge-triggered flip-flop clocked by REF_CLK)
  Path Group: REF_CLK
  Path Type: max

  Point                                                   Incr       Path
  --------------------------------------------------------------------------
  clock REF_CLK (rise edge)                               0.00       0.00
  clock network delay (ideal)                             0.00       0.00
  U_SYS_CTRL/current_state_reg[1]/CK (DFFRQX2M)           0.00       0.00 r
  U_SYS_CTRL/current_state_reg[1]/Q (DFFRQX2M)            0.45       0.45 r
  U_SYS_CTRL/U44/Y (INVX2M)                               0.12       0.57 f
  U_SYS_CTRL/U42/Y (NOR2X2M)                              0.13       0.70 r
  U_SYS_CTRL/U19/Y (INVX2M)                               0.08       0.78 f
  U_SYS_CTRL/U12/Y (NOR3X2M)                              0.27       1.05 r
  U_SYS_CTRL/U43/Y (NAND2X2M)                             0.17       1.23 f
  U_SYS_CTRL/U41/Y (OAI22X1M)                             0.21       1.44 r
  U_SYS_CTRL/RF_Addres[1] (SYS_CTRL)                      0.00       1.44 r
  U3/Y (BUFX2M)                                           0.62       2.06 r
  U_RegFile/Address[1] (RegFile)                          0.00       2.06 r
  U_RegFile/U60/Y (INVX2M)                                0.15       2.21 f
  U_RegFile/U12/Y (BUFX2M)                                0.17       2.38 f
  U_RegFile/U11/Y (INVX2M)                                0.38       2.76 r
  U_RegFile/U8/Y (NOR2X2M)                                0.16       2.93 f
  U_RegFile/U20/Y (NAND2X2M)                              0.27       3.20 r
  U_RegFile/U119/Y (OAI2BB2X1M)                           0.19       3.39 r
  U_RegFile/regArr_reg[9][2]/D (DFFRQX2M)                 0.00       3.39 r
  data arrival time                                                  3.39

  clock REF_CLK (rise edge)                              20.00      20.00
  clock network delay (ideal)                             0.00      20.00
  clock uncertainty                                      -0.20      19.80
  U_RegFile/regArr_reg[9][2]/CK (DFFRQX2M)                0.00      19.80 r
  library setup time                                     -0.31      19.49
  data required time                                                19.49
  --------------------------------------------------------------------------
  data required time                                                19.49
  data arrival time                                                 -3.39
  --------------------------------------------------------------------------
  slack (MET)                                                       16.11


  Startpoint: U_SYS_CTRL/current_state_reg[1]
              (rising edge-triggered flip-flop clocked by REF_CLK)
  Endpoint: U_RegFile/regArr_reg[9][1]
            (rising edge-triggered flip-flop clocked by REF_CLK)
  Path Group: REF_CLK
  Path Type: max

  Point                                                   Incr       Path
  --------------------------------------------------------------------------
  clock REF_CLK (rise edge)                               0.00       0.00
  clock network delay (ideal)                             0.00       0.00
  U_SYS_CTRL/current_state_reg[1]/CK (DFFRQX2M)           0.00       0.00 r
  U_SYS_CTRL/current_state_reg[1]/Q (DFFRQX2M)            0.45       0.45 r
  U_SYS_CTRL/U44/Y (INVX2M)                               0.12       0.57 f
  U_SYS_CTRL/U42/Y (NOR2X2M)                              0.13       0.70 r
  U_SYS_CTRL/U19/Y (INVX2M)                               0.08       0.78 f
  U_SYS_CTRL/U12/Y (NOR3X2M)                              0.27       1.05 r
  U_SYS_CTRL/U43/Y (NAND2X2M)                             0.17       1.23 f
  U_SYS_CTRL/U41/Y (OAI22X1M)                             0.21       1.44 r
  U_SYS_CTRL/RF_Addres[1] (SYS_CTRL)                      0.00       1.44 r
  U3/Y (BUFX2M)                                           0.62       2.06 r
  U_RegFile/Address[1] (RegFile)                          0.00       2.06 r
  U_RegFile/U60/Y (INVX2M)                                0.15       2.21 f
  U_RegFile/U12/Y (BUFX2M)                                0.17       2.38 f
  U_RegFile/U11/Y (INVX2M)                                0.38       2.76 r
  U_RegFile/U8/Y (NOR2X2M)                                0.16       2.93 f
  U_RegFile/U20/Y (NAND2X2M)                              0.27       3.20 r
  U_RegFile/U118/Y (OAI2BB2X1M)                           0.19       3.39 r
  U_RegFile/regArr_reg[9][1]/D (DFFRQX2M)                 0.00       3.39 r
  data arrival time                                                  3.39

  clock REF_CLK (rise edge)                              20.00      20.00
  clock network delay (ideal)                             0.00      20.00
  clock uncertainty                                      -0.20      19.80
  U_RegFile/regArr_reg[9][1]/CK (DFFRQX2M)                0.00      19.80 r
  library setup time                                     -0.31      19.49
  data required time                                                19.49
  --------------------------------------------------------------------------
  data required time                                                19.49
  data arrival time                                                 -3.39
  --------------------------------------------------------------------------
  slack (MET)                                                       16.11


  Startpoint: U_SYS_CTRL/current_state_reg[1]
              (rising edge-triggered flip-flop clocked by REF_CLK)
  Endpoint: U_RegFile/regArr_reg[9][0]
            (rising edge-triggered flip-flop clocked by REF_CLK)
  Path Group: REF_CLK
  Path Type: max

  Point                                                   Incr       Path
  --------------------------------------------------------------------------
  clock REF_CLK (rise edge)                               0.00       0.00
  clock network delay (ideal)                             0.00       0.00
  U_SYS_CTRL/current_state_reg[1]/CK (DFFRQX2M)           0.00       0.00 r
  U_SYS_CTRL/current_state_reg[1]/Q (DFFRQX2M)            0.45       0.45 r
  U_SYS_CTRL/U44/Y (INVX2M)                               0.12       0.57 f
  U_SYS_CTRL/U42/Y (NOR2X2M)                              0.13       0.70 r
  U_SYS_CTRL/U19/Y (INVX2M)                               0.08       0.78 f
  U_SYS_CTRL/U12/Y (NOR3X2M)                              0.27       1.05 r
  U_SYS_CTRL/U43/Y (NAND2X2M)                             0.17       1.23 f
  U_SYS_CTRL/U41/Y (OAI22X1M)                             0.21       1.44 r
  U_SYS_CTRL/RF_Addres[1] (SYS_CTRL)                      0.00       1.44 r
  U3/Y (BUFX2M)                                           0.62       2.06 r
  U_RegFile/Address[1] (RegFile)                          0.00       2.06 r
  U_RegFile/U60/Y (INVX2M)                                0.15       2.21 f
  U_RegFile/U12/Y (BUFX2M)                                0.17       2.38 f
  U_RegFile/U11/Y (INVX2M)                                0.38       2.76 r
  U_RegFile/U8/Y (NOR2X2M)                                0.16       2.93 f
  U_RegFile/U20/Y (NAND2X2M)                              0.27       3.20 r
  U_RegFile/U117/Y (OAI2BB2X1M)                           0.19       3.39 r
  U_RegFile/regArr_reg[9][0]/D (DFFRQX2M)                 0.00       3.39 r
  data arrival time                                                  3.39

  clock REF_CLK (rise edge)                              20.00      20.00
  clock network delay (ideal)                             0.00      20.00
  clock uncertainty                                      -0.20      19.80
  U_RegFile/regArr_reg[9][0]/CK (DFFRQX2M)                0.00      19.80 r
  library setup time                                     -0.31      19.49
  data required time                                                19.49
  --------------------------------------------------------------------------
  data required time                                                19.49
  data arrival time                                                 -3.39
  --------------------------------------------------------------------------
  slack (MET)                                                       16.11


  Startpoint: U_SYS_CTRL/current_state_reg[1]
              (rising edge-triggered flip-flop clocked by REF_CLK)
  Endpoint: U_RegFile/regArr_reg[1][7]
            (rising edge-triggered flip-flop clocked by REF_CLK)
  Path Group: REF_CLK
  Path Type: max

  Point                                                   Incr       Path
  --------------------------------------------------------------------------
  clock REF_CLK (rise edge)                               0.00       0.00
  clock network delay (ideal)                             0.00       0.00
  U_SYS_CTRL/current_state_reg[1]/CK (DFFRQX2M)           0.00       0.00 r
  U_SYS_CTRL/current_state_reg[1]/Q (DFFRQX2M)            0.45       0.45 r
  U_SYS_CTRL/U44/Y (INVX2M)                               0.12       0.57 f
  U_SYS_CTRL/U42/Y (NOR2X2M)                              0.13       0.70 r
  U_SYS_CTRL/U19/Y (INVX2M)                               0.08       0.78 f
  U_SYS_CTRL/U12/Y (NOR3X2M)                              0.27       1.05 r
  U_SYS_CTRL/U43/Y (NAND2X2M)                             0.17       1.23 f
  U_SYS_CTRL/U41/Y (OAI22X1M)                             0.21       1.44 r
  U_SYS_CTRL/RF_Addres[1] (SYS_CTRL)                      0.00       1.44 r
  U3/Y (BUFX2M)                                           0.62       2.06 r
  U_RegFile/Address[1] (RegFile)                          0.00       2.06 r
  U_RegFile/U60/Y (INVX2M)                                0.15       2.21 f
  U_RegFile/U12/Y (BUFX2M)                                0.17       2.38 f
  U_RegFile/U11/Y (INVX2M)                                0.38       2.76 r
  U_RegFile/U8/Y (NOR2X2M)                                0.16       2.93 f
  U_RegFile/U18/Y (NAND2X2M)                              0.27       3.20 r
  U_RegFile/U76/Y (OAI2BB2X1M)                            0.19       3.39 r
  U_RegFile/regArr_reg[1][7]/D (DFFRQX2M)                 0.00       3.39 r
  data arrival time                                                  3.39

  clock REF_CLK (rise edge)                              20.00      20.00
  clock network delay (ideal)                             0.00      20.00
  clock uncertainty                                      -0.20      19.80
  U_RegFile/regArr_reg[1][7]/CK (DFFRQX2M)                0.00      19.80 r
  library setup time                                     -0.31      19.49
  data required time                                                19.49
  --------------------------------------------------------------------------
  data required time                                                19.49
  data arrival time                                                 -3.39
  --------------------------------------------------------------------------
  slack (MET)                                                       16.11


  Startpoint: U_SYS_CTRL/current_state_reg[1]
              (rising edge-triggered flip-flop clocked by REF_CLK)
  Endpoint: U_RegFile/regArr_reg[1][6]
            (rising edge-triggered flip-flop clocked by REF_CLK)
  Path Group: REF_CLK
  Path Type: max

  Point                                                   Incr       Path
  --------------------------------------------------------------------------
  clock REF_CLK (rise edge)                               0.00       0.00
  clock network delay (ideal)                             0.00       0.00
  U_SYS_CTRL/current_state_reg[1]/CK (DFFRQX2M)           0.00       0.00 r
  U_SYS_CTRL/current_state_reg[1]/Q (DFFRQX2M)            0.45       0.45 r
  U_SYS_CTRL/U44/Y (INVX2M)                               0.12       0.57 f
  U_SYS_CTRL/U42/Y (NOR2X2M)                              0.13       0.70 r
  U_SYS_CTRL/U19/Y (INVX2M)                               0.08       0.78 f
  U_SYS_CTRL/U12/Y (NOR3X2M)                              0.27       1.05 r
  U_SYS_CTRL/U43/Y (NAND2X2M)                             0.17       1.23 f
  U_SYS_CTRL/U41/Y (OAI22X1M)                             0.21       1.44 r
  U_SYS_CTRL/RF_Addres[1] (SYS_CTRL)                      0.00       1.44 r
  U3/Y (BUFX2M)                                           0.62       2.06 r
  U_RegFile/Address[1] (RegFile)                          0.00       2.06 r
  U_RegFile/U60/Y (INVX2M)                                0.15       2.21 f
  U_RegFile/U12/Y (BUFX2M)                                0.17       2.38 f
  U_RegFile/U11/Y (INVX2M)                                0.38       2.76 r
  U_RegFile/U8/Y (NOR2X2M)                                0.16       2.93 f
  U_RegFile/U18/Y (NAND2X2M)                              0.27       3.20 r
  U_RegFile/U75/Y (OAI2BB2X1M)                            0.19       3.39 r
  U_RegFile/regArr_reg[1][6]/D (DFFRQX2M)                 0.00       3.39 r
  data arrival time                                                  3.39

  clock REF_CLK (rise edge)                              20.00      20.00
  clock network delay (ideal)                             0.00      20.00
  clock uncertainty                                      -0.20      19.80
  U_RegFile/regArr_reg[1][6]/CK (DFFRQX2M)                0.00      19.80 r
  library setup time                                     -0.31      19.49
  data required time                                                19.49
  --------------------------------------------------------------------------
  data required time                                                19.49
  data arrival time                                                 -3.39
  --------------------------------------------------------------------------
  slack (MET)                                                       16.11


  Startpoint: U_SYS_CTRL/current_state_reg[1]
              (rising edge-triggered flip-flop clocked by REF_CLK)
  Endpoint: U_RegFile/regArr_reg[1][1]
            (rising edge-triggered flip-flop clocked by REF_CLK)
  Path Group: REF_CLK
  Path Type: max

  Point                                                   Incr       Path
  --------------------------------------------------------------------------
  clock REF_CLK (rise edge)                               0.00       0.00
  clock network delay (ideal)                             0.00       0.00
  U_SYS_CTRL/current_state_reg[1]/CK (DFFRQX2M)           0.00       0.00 r
  U_SYS_CTRL/current_state_reg[1]/Q (DFFRQX2M)            0.45       0.45 r
  U_SYS_CTRL/U44/Y (INVX2M)                               0.12       0.57 f
  U_SYS_CTRL/U42/Y (NOR2X2M)                              0.13       0.70 r
  U_SYS_CTRL/U19/Y (INVX2M)                               0.08       0.78 f
  U_SYS_CTRL/U12/Y (NOR3X2M)                              0.27       1.05 r
  U_SYS_CTRL/U43/Y (NAND2X2M)                             0.17       1.23 f
  U_SYS_CTRL/U41/Y (OAI22X1M)                             0.21       1.44 r
  U_SYS_CTRL/RF_Addres[1] (SYS_CTRL)                      0.00       1.44 r
  U3/Y (BUFX2M)                                           0.62       2.06 r
  U_RegFile/Address[1] (RegFile)                          0.00       2.06 r
  U_RegFile/U60/Y (INVX2M)                                0.15       2.21 f
  U_RegFile/U12/Y (BUFX2M)                                0.17       2.38 f
  U_RegFile/U11/Y (INVX2M)                                0.38       2.76 r
  U_RegFile/U8/Y (NOR2X2M)                                0.16       2.93 f
  U_RegFile/U18/Y (NAND2X2M)                              0.27       3.20 r
  U_RegFile/U70/Y (OAI2BB2X1M)                            0.19       3.39 r
  U_RegFile/regArr_reg[1][1]/D (DFFRQX2M)                 0.00       3.39 r
  data arrival time                                                  3.39

  clock REF_CLK (rise edge)                              20.00      20.00
  clock network delay (ideal)                             0.00      20.00
  clock uncertainty                                      -0.20      19.80
  U_RegFile/regArr_reg[1][1]/CK (DFFRQX2M)                0.00      19.80 r
  library setup time                                     -0.31      19.49
  data required time                                                19.49
  --------------------------------------------------------------------------
  data required time                                                19.49
  data arrival time                                                 -3.39
  --------------------------------------------------------------------------
  slack (MET)                                                       16.11


  Startpoint: U_SYS_CTRL/current_state_reg[1]
              (rising edge-triggered flip-flop clocked by REF_CLK)
  Endpoint: U_RegFile/regArr_reg[1][4]
            (rising edge-triggered flip-flop clocked by REF_CLK)
  Path Group: REF_CLK
  Path Type: max

  Point                                                   Incr       Path
  --------------------------------------------------------------------------
  clock REF_CLK (rise edge)                               0.00       0.00
  clock network delay (ideal)                             0.00       0.00
  U_SYS_CTRL/current_state_reg[1]/CK (DFFRQX2M)           0.00       0.00 r
  U_SYS_CTRL/current_state_reg[1]/Q (DFFRQX2M)            0.45       0.45 r
  U_SYS_CTRL/U44/Y (INVX2M)                               0.12       0.57 f
  U_SYS_CTRL/U42/Y (NOR2X2M)                              0.13       0.70 r
  U_SYS_CTRL/U19/Y (INVX2M)                               0.08       0.78 f
  U_SYS_CTRL/U12/Y (NOR3X2M)                              0.27       1.05 r
  U_SYS_CTRL/U43/Y (NAND2X2M)                             0.17       1.23 f
  U_SYS_CTRL/U41/Y (OAI22X1M)                             0.21       1.44 r
  U_SYS_CTRL/RF_Addres[1] (SYS_CTRL)                      0.00       1.44 r
  U3/Y (BUFX2M)                                           0.62       2.06 r
  U_RegFile/Address[1] (RegFile)                          0.00       2.06 r
  U_RegFile/U60/Y (INVX2M)                                0.15       2.21 f
  U_RegFile/U12/Y (BUFX2M)                                0.17       2.38 f
  U_RegFile/U11/Y (INVX2M)                                0.38       2.76 r
  U_RegFile/U8/Y (NOR2X2M)                                0.16       2.93 f
  U_RegFile/U18/Y (NAND2X2M)                              0.27       3.20 r
  U_RegFile/U73/Y (OAI2BB2X1M)                            0.19       3.39 r
  U_RegFile/regArr_reg[1][4]/D (DFFRQX2M)                 0.00       3.39 r
  data arrival time                                                  3.39

  clock REF_CLK (rise edge)                              20.00      20.00
  clock network delay (ideal)                             0.00      20.00
  clock uncertainty                                      -0.20      19.80
  U_RegFile/regArr_reg[1][4]/CK (DFFRQX2M)                0.00      19.80 r
  library setup time                                     -0.31      19.49
  data required time                                                19.49
  --------------------------------------------------------------------------
  data required time                                                19.49
  data arrival time                                                 -3.39
  --------------------------------------------------------------------------
  slack (MET)                                                       16.11


  Startpoint: U_SYS_CTRL/current_state_reg[1]
              (rising edge-triggered flip-flop clocked by REF_CLK)
  Endpoint: U_RegFile/regArr_reg[1][5]
            (rising edge-triggered flip-flop clocked by REF_CLK)
  Path Group: REF_CLK
  Path Type: max

  Point                                                   Incr       Path
  --------------------------------------------------------------------------
  clock REF_CLK (rise edge)                               0.00       0.00
  clock network delay (ideal)                             0.00       0.00
  U_SYS_CTRL/current_state_reg[1]/CK (DFFRQX2M)           0.00       0.00 r
  U_SYS_CTRL/current_state_reg[1]/Q (DFFRQX2M)            0.45       0.45 r
  U_SYS_CTRL/U44/Y (INVX2M)                               0.12       0.57 f
  U_SYS_CTRL/U42/Y (NOR2X2M)                              0.13       0.70 r
  U_SYS_CTRL/U19/Y (INVX2M)                               0.08       0.78 f
  U_SYS_CTRL/U12/Y (NOR3X2M)                              0.27       1.05 r
  U_SYS_CTRL/U43/Y (NAND2X2M)                             0.17       1.23 f
  U_SYS_CTRL/U41/Y (OAI22X1M)                             0.21       1.44 r
  U_SYS_CTRL/RF_Addres[1] (SYS_CTRL)                      0.00       1.44 r
  U3/Y (BUFX2M)                                           0.62       2.06 r
  U_RegFile/Address[1] (RegFile)                          0.00       2.06 r
  U_RegFile/U60/Y (INVX2M)                                0.15       2.21 f
  U_RegFile/U12/Y (BUFX2M)                                0.17       2.38 f
  U_RegFile/U11/Y (INVX2M)                                0.38       2.76 r
  U_RegFile/U8/Y (NOR2X2M)                                0.16       2.93 f
  U_RegFile/U18/Y (NAND2X2M)                              0.27       3.20 r
  U_RegFile/U74/Y (OAI2BB2X1M)                            0.19       3.39 r
  U_RegFile/regArr_reg[1][5]/D (DFFRQX2M)                 0.00       3.39 r
  data arrival time                                                  3.39

  clock REF_CLK (rise edge)                              20.00      20.00
  clock network delay (ideal)                             0.00      20.00
  clock uncertainty                                      -0.20      19.80
  U_RegFile/regArr_reg[1][5]/CK (DFFRQX2M)                0.00      19.80 r
  library setup time                                     -0.31      19.49
  data required time                                                19.49
  --------------------------------------------------------------------------
  data required time                                                19.49
  data arrival time                                                 -3.39
  --------------------------------------------------------------------------
  slack (MET)                                                       16.11


  Startpoint: U_SYS_CTRL/current_state_reg[1]
              (rising edge-triggered flip-flop clocked by REF_CLK)
  Endpoint: U_RegFile/regArr_reg[1][2]
            (rising edge-triggered flip-flop clocked by REF_CLK)
  Path Group: REF_CLK
  Path Type: max

  Point                                                   Incr       Path
  --------------------------------------------------------------------------
  clock REF_CLK (rise edge)                               0.00       0.00
  clock network delay (ideal)                             0.00       0.00
  U_SYS_CTRL/current_state_reg[1]/CK (DFFRQX2M)           0.00       0.00 r
  U_SYS_CTRL/current_state_reg[1]/Q (DFFRQX2M)            0.45       0.45 r
  U_SYS_CTRL/U44/Y (INVX2M)                               0.12       0.57 f
  U_SYS_CTRL/U42/Y (NOR2X2M)                              0.13       0.70 r
  U_SYS_CTRL/U19/Y (INVX2M)                               0.08       0.78 f
  U_SYS_CTRL/U12/Y (NOR3X2M)                              0.27       1.05 r
  U_SYS_CTRL/U43/Y (NAND2X2M)                             0.17       1.23 f
  U_SYS_CTRL/U41/Y (OAI22X1M)                             0.21       1.44 r
  U_SYS_CTRL/RF_Addres[1] (SYS_CTRL)                      0.00       1.44 r
  U3/Y (BUFX2M)                                           0.62       2.06 r
  U_RegFile/Address[1] (RegFile)                          0.00       2.06 r
  U_RegFile/U60/Y (INVX2M)                                0.15       2.21 f
  U_RegFile/U12/Y (BUFX2M)                                0.17       2.38 f
  U_RegFile/U11/Y (INVX2M)                                0.38       2.76 r
  U_RegFile/U8/Y (NOR2X2M)                                0.16       2.93 f
  U_RegFile/U18/Y (NAND2X2M)                              0.27       3.20 r
  U_RegFile/U71/Y (OAI2BB2X1M)                            0.19       3.39 r
  U_RegFile/regArr_reg[1][2]/D (DFFRQX2M)                 0.00       3.39 r
  data arrival time                                                  3.39

  clock REF_CLK (rise edge)                              20.00      20.00
  clock network delay (ideal)                             0.00      20.00
  clock uncertainty                                      -0.20      19.80
  U_RegFile/regArr_reg[1][2]/CK (DFFRQX2M)                0.00      19.80 r
  library setup time                                     -0.31      19.49
  data required time                                                19.49
  --------------------------------------------------------------------------
  data required time                                                19.49
  data arrival time                                                 -3.39
  --------------------------------------------------------------------------
  slack (MET)                                                       16.11


  Startpoint: U_SYS_CTRL/current_state_reg[1]
              (rising edge-triggered flip-flop clocked by REF_CLK)
  Endpoint: U_RegFile/regArr_reg[1][3]
            (rising edge-triggered flip-flop clocked by REF_CLK)
  Path Group: REF_CLK
  Path Type: max

  Point                                                   Incr       Path
  --------------------------------------------------------------------------
  clock REF_CLK (rise edge)                               0.00       0.00
  clock network delay (ideal)                             0.00       0.00
  U_SYS_CTRL/current_state_reg[1]/CK (DFFRQX2M)           0.00       0.00 r
  U_SYS_CTRL/current_state_reg[1]/Q (DFFRQX2M)            0.45       0.45 r
  U_SYS_CTRL/U44/Y (INVX2M)                               0.12       0.57 f
  U_SYS_CTRL/U42/Y (NOR2X2M)                              0.13       0.70 r
  U_SYS_CTRL/U19/Y (INVX2M)                               0.08       0.78 f
  U_SYS_CTRL/U12/Y (NOR3X2M)                              0.27       1.05 r
  U_SYS_CTRL/U43/Y (NAND2X2M)                             0.17       1.23 f
  U_SYS_CTRL/U41/Y (OAI22X1M)                             0.21       1.44 r
  U_SYS_CTRL/RF_Addres[1] (SYS_CTRL)                      0.00       1.44 r
  U3/Y (BUFX2M)                                           0.62       2.06 r
  U_RegFile/Address[1] (RegFile)                          0.00       2.06 r
  U_RegFile/U60/Y (INVX2M)                                0.15       2.21 f
  U_RegFile/U12/Y (BUFX2M)                                0.17       2.38 f
  U_RegFile/U11/Y (INVX2M)                                0.38       2.76 r
  U_RegFile/U8/Y (NOR2X2M)                                0.16       2.93 f
  U_RegFile/U18/Y (NAND2X2M)                              0.27       3.20 r
  U_RegFile/U72/Y (OAI2BB2X1M)                            0.19       3.39 r
  U_RegFile/regArr_reg[1][3]/D (DFFRQX2M)                 0.00       3.39 r
  data arrival time                                                  3.39

  clock REF_CLK (rise edge)                              20.00      20.00
  clock network delay (ideal)                             0.00      20.00
  clock uncertainty                                      -0.20      19.80
  U_RegFile/regArr_reg[1][3]/CK (DFFRQX2M)                0.00      19.80 r
  library setup time                                     -0.31      19.49
  data required time                                                19.49
  --------------------------------------------------------------------------
  data required time                                                19.49
  data arrival time                                                 -3.39
  --------------------------------------------------------------------------
  slack (MET)                                                       16.11


  Startpoint: U_SYS_CTRL/current_state_reg[1]
              (rising edge-triggered flip-flop clocked by REF_CLK)
  Endpoint: U_RegFile/regArr_reg[1][0]
            (rising edge-triggered flip-flop clocked by REF_CLK)
  Path Group: REF_CLK
  Path Type: max

  Point                                                   Incr       Path
  --------------------------------------------------------------------------
  clock REF_CLK (rise edge)                               0.00       0.00
  clock network delay (ideal)                             0.00       0.00
  U_SYS_CTRL/current_state_reg[1]/CK (DFFRQX2M)           0.00       0.00 r
  U_SYS_CTRL/current_state_reg[1]/Q (DFFRQX2M)            0.45       0.45 r
  U_SYS_CTRL/U44/Y (INVX2M)                               0.12       0.57 f
  U_SYS_CTRL/U42/Y (NOR2X2M)                              0.13       0.70 r
  U_SYS_CTRL/U19/Y (INVX2M)                               0.08       0.78 f
  U_SYS_CTRL/U12/Y (NOR3X2M)                              0.27       1.05 r
  U_SYS_CTRL/U43/Y (NAND2X2M)                             0.17       1.23 f
  U_SYS_CTRL/U41/Y (OAI22X1M)                             0.21       1.44 r
  U_SYS_CTRL/RF_Addres[1] (SYS_CTRL)                      0.00       1.44 r
  U3/Y (BUFX2M)                                           0.62       2.06 r
  U_RegFile/Address[1] (RegFile)                          0.00       2.06 r
  U_RegFile/U60/Y (INVX2M)                                0.15       2.21 f
  U_RegFile/U12/Y (BUFX2M)                                0.17       2.38 f
  U_RegFile/U11/Y (INVX2M)                                0.38       2.76 r
  U_RegFile/U8/Y (NOR2X2M)                                0.16       2.93 f
  U_RegFile/U18/Y (NAND2X2M)                              0.27       3.20 r
  U_RegFile/U69/Y (OAI2BB2X1M)                            0.19       3.39 r
  U_RegFile/regArr_reg[1][0]/D (DFFRQX2M)                 0.00       3.39 r
  data arrival time                                                  3.39

  clock REF_CLK (rise edge)                              20.00      20.00
  clock network delay (ideal)                             0.00      20.00
  clock uncertainty                                      -0.20      19.80
  U_RegFile/regArr_reg[1][0]/CK (DFFRQX2M)                0.00      19.80 r
  library setup time                                     -0.31      19.49
  data required time                                                19.49
  --------------------------------------------------------------------------
  data required time                                                19.49
  data arrival time                                                 -3.39
  --------------------------------------------------------------------------
  slack (MET)                                                       16.11


  Startpoint: U_SYS_CTRL/current_state_reg[1]
              (rising edge-triggered flip-flop clocked by REF_CLK)
  Endpoint: U_RegFile/regArr_reg[0][1]
            (rising edge-triggered flip-flop clocked by REF_CLK)
  Path Group: REF_CLK
  Path Type: max

  Point                                                   Incr       Path
  --------------------------------------------------------------------------
  clock REF_CLK (rise edge)                               0.00       0.00
  clock network delay (ideal)                             0.00       0.00
  U_SYS_CTRL/current_state_reg[1]/CK (DFFRQX2M)           0.00       0.00 r
  U_SYS_CTRL/current_state_reg[1]/Q (DFFRQX2M)            0.45       0.45 r
  U_SYS_CTRL/U44/Y (INVX2M)                               0.12       0.57 f
  U_SYS_CTRL/U42/Y (NOR2X2M)                              0.13       0.70 r
  U_SYS_CTRL/U19/Y (INVX2M)                               0.08       0.78 f
  U_SYS_CTRL/U12/Y (NOR3X2M)                              0.27       1.05 r
  U_SYS_CTRL/U43/Y (NAND2X2M)                             0.17       1.23 f
  U_SYS_CTRL/U41/Y (OAI22X1M)                             0.21       1.44 r
  U_SYS_CTRL/RF_Addres[1] (SYS_CTRL)                      0.00       1.44 r
  U3/Y (BUFX2M)                                           0.62       2.06 r
  U_RegFile/Address[1] (RegFile)                          0.00       2.06 r
  U_RegFile/U60/Y (INVX2M)                                0.15       2.21 f
  U_RegFile/U12/Y (BUFX2M)                                0.17       2.38 f
  U_RegFile/U11/Y (INVX2M)                                0.38       2.76 r
  U_RegFile/U8/Y (NOR2X2M)                                0.16       2.93 f
  U_RegFile/U33/Y (NAND2X2M)                              0.27       3.19 r
  U_RegFile/U62/Y (OAI2BB2X1M)                            0.19       3.38 r
  U_RegFile/regArr_reg[0][1]/D (DFFRQX2M)                 0.00       3.38 r
  data arrival time                                                  3.38

  clock REF_CLK (rise edge)                              20.00      20.00
  clock network delay (ideal)                             0.00      20.00
  clock uncertainty                                      -0.20      19.80
  U_RegFile/regArr_reg[0][1]/CK (DFFRQX2M)                0.00      19.80 r
  library setup time                                     -0.31      19.49
  data required time                                                19.49
  --------------------------------------------------------------------------
  data required time                                                19.49
  data arrival time                                                 -3.38
  --------------------------------------------------------------------------
  slack (MET)                                                       16.11


  Startpoint: U_SYS_CTRL/current_state_reg[1]
              (rising edge-triggered flip-flop clocked by REF_CLK)
  Endpoint: U_RegFile/regArr_reg[0][0]
            (rising edge-triggered flip-flop clocked by REF_CLK)
  Path Group: REF_CLK
  Path Type: max

  Point                                                   Incr       Path
  --------------------------------------------------------------------------
  clock REF_CLK (rise edge)                               0.00       0.00
  clock network delay (ideal)                             0.00       0.00
  U_SYS_CTRL/current_state_reg[1]/CK (DFFRQX2M)           0.00       0.00 r
  U_SYS_CTRL/current_state_reg[1]/Q (DFFRQX2M)            0.45       0.45 r
  U_SYS_CTRL/U44/Y (INVX2M)                               0.12       0.57 f
  U_SYS_CTRL/U42/Y (NOR2X2M)                              0.13       0.70 r
  U_SYS_CTRL/U19/Y (INVX2M)                               0.08       0.78 f
  U_SYS_CTRL/U12/Y (NOR3X2M)                              0.27       1.05 r
  U_SYS_CTRL/U43/Y (NAND2X2M)                             0.17       1.23 f
  U_SYS_CTRL/U41/Y (OAI22X1M)                             0.21       1.44 r
  U_SYS_CTRL/RF_Addres[1] (SYS_CTRL)                      0.00       1.44 r
  U3/Y (BUFX2M)                                           0.62       2.06 r
  U_RegFile/Address[1] (RegFile)                          0.00       2.06 r
  U_RegFile/U60/Y (INVX2M)                                0.15       2.21 f
  U_RegFile/U12/Y (BUFX2M)                                0.17       2.38 f
  U_RegFile/U11/Y (INVX2M)                                0.38       2.76 r
  U_RegFile/U8/Y (NOR2X2M)                                0.16       2.93 f
  U_RegFile/U33/Y (NAND2X2M)                              0.27       3.19 r
  U_RegFile/U61/Y (OAI2BB2X1M)                            0.19       3.38 r
  U_RegFile/regArr_reg[0][0]/D (DFFRQX2M)                 0.00       3.38 r
  data arrival time                                                  3.38

  clock REF_CLK (rise edge)                              20.00      20.00
  clock network delay (ideal)                             0.00      20.00
  clock uncertainty                                      -0.20      19.80
  U_RegFile/regArr_reg[0][0]/CK (DFFRQX2M)                0.00      19.80 r
  library setup time                                     -0.31      19.49
  data required time                                                19.49
  --------------------------------------------------------------------------
  data required time                                                19.49
  data arrival time                                                 -3.38
  --------------------------------------------------------------------------
  slack (MET)                                                       16.11


  Startpoint: U_SYS_CTRL/current_state_reg[1]
              (rising edge-triggered flip-flop clocked by REF_CLK)
  Endpoint: U_RegFile/regArr_reg[0][2]
            (rising edge-triggered flip-flop clocked by REF_CLK)
  Path Group: REF_CLK
  Path Type: max

  Point                                                   Incr       Path
  --------------------------------------------------------------------------
  clock REF_CLK (rise edge)                               0.00       0.00
  clock network delay (ideal)                             0.00       0.00
  U_SYS_CTRL/current_state_reg[1]/CK (DFFRQX2M)           0.00       0.00 r
  U_SYS_CTRL/current_state_reg[1]/Q (DFFRQX2M)            0.45       0.45 r
  U_SYS_CTRL/U44/Y (INVX2M)                               0.12       0.57 f
  U_SYS_CTRL/U42/Y (NOR2X2M)                              0.13       0.70 r
  U_SYS_CTRL/U19/Y (INVX2M)                               0.08       0.78 f
  U_SYS_CTRL/U12/Y (NOR3X2M)                              0.27       1.05 r
  U_SYS_CTRL/U43/Y (NAND2X2M)                             0.17       1.23 f
  U_SYS_CTRL/U41/Y (OAI22X1M)                             0.21       1.44 r
  U_SYS_CTRL/RF_Addres[1] (SYS_CTRL)                      0.00       1.44 r
  U3/Y (BUFX2M)                                           0.62       2.06 r
  U_RegFile/Address[1] (RegFile)                          0.00       2.06 r
  U_RegFile/U60/Y (INVX2M)                                0.15       2.21 f
  U_RegFile/U12/Y (BUFX2M)                                0.17       2.38 f
  U_RegFile/U11/Y (INVX2M)                                0.38       2.76 r
  U_RegFile/U8/Y (NOR2X2M)                                0.16       2.93 f
  U_RegFile/U33/Y (NAND2X2M)                              0.27       3.19 r
  U_RegFile/U63/Y (OAI2BB2X1M)                            0.19       3.38 r
  U_RegFile/regArr_reg[0][2]/D (DFFRQX2M)                 0.00       3.38 r
  data arrival time                                                  3.38

  clock REF_CLK (rise edge)                              20.00      20.00
  clock network delay (ideal)                             0.00      20.00
  clock uncertainty                                      -0.20      19.80
  U_RegFile/regArr_reg[0][2]/CK (DFFRQX2M)                0.00      19.80 r
  library setup time                                     -0.31      19.49
  data required time                                                19.49
  --------------------------------------------------------------------------
  data required time                                                19.49
  data arrival time                                                 -3.38
  --------------------------------------------------------------------------
  slack (MET)                                                       16.11


  Startpoint: U_SYS_CTRL/current_state_reg[1]
              (rising edge-triggered flip-flop clocked by REF_CLK)
  Endpoint: U_RegFile/regArr_reg[0][3]
            (rising edge-triggered flip-flop clocked by REF_CLK)
  Path Group: REF_CLK
  Path Type: max

  Point                                                   Incr       Path
  --------------------------------------------------------------------------
  clock REF_CLK (rise edge)                               0.00       0.00
  clock network delay (ideal)                             0.00       0.00
  U_SYS_CTRL/current_state_reg[1]/CK (DFFRQX2M)           0.00       0.00 r
  U_SYS_CTRL/current_state_reg[1]/Q (DFFRQX2M)            0.45       0.45 r
  U_SYS_CTRL/U44/Y (INVX2M)                               0.12       0.57 f
  U_SYS_CTRL/U42/Y (NOR2X2M)                              0.13       0.70 r
  U_SYS_CTRL/U19/Y (INVX2M)                               0.08       0.78 f
  U_SYS_CTRL/U12/Y (NOR3X2M)                              0.27       1.05 r
  U_SYS_CTRL/U43/Y (NAND2X2M)                             0.17       1.23 f
  U_SYS_CTRL/U41/Y (OAI22X1M)                             0.21       1.44 r
  U_SYS_CTRL/RF_Addres[1] (SYS_CTRL)                      0.00       1.44 r
  U3/Y (BUFX2M)                                           0.62       2.06 r
  U_RegFile/Address[1] (RegFile)                          0.00       2.06 r
  U_RegFile/U60/Y (INVX2M)                                0.15       2.21 f
  U_RegFile/U12/Y (BUFX2M)                                0.17       2.38 f
  U_RegFile/U11/Y (INVX2M)                                0.38       2.76 r
  U_RegFile/U8/Y (NOR2X2M)                                0.16       2.93 f
  U_RegFile/U33/Y (NAND2X2M)                              0.27       3.19 r
  U_RegFile/U64/Y (OAI2BB2X1M)                            0.19       3.38 r
  U_RegFile/regArr_reg[0][3]/D (DFFRQX2M)                 0.00       3.38 r
  data arrival time                                                  3.38

  clock REF_CLK (rise edge)                              20.00      20.00
  clock network delay (ideal)                             0.00      20.00
  clock uncertainty                                      -0.20      19.80
  U_RegFile/regArr_reg[0][3]/CK (DFFRQX2M)                0.00      19.80 r
  library setup time                                     -0.31      19.49
  data required time                                                19.49
  --------------------------------------------------------------------------
  data required time                                                19.49
  data arrival time                                                 -3.38
  --------------------------------------------------------------------------
  slack (MET)                                                       16.11


  Startpoint: U_SYS_CTRL/current_state_reg[1]
              (rising edge-triggered flip-flop clocked by REF_CLK)
  Endpoint: U_RegFile/regArr_reg[0][4]
            (rising edge-triggered flip-flop clocked by REF_CLK)
  Path Group: REF_CLK
  Path Type: max

  Point                                                   Incr       Path
  --------------------------------------------------------------------------
  clock REF_CLK (rise edge)                               0.00       0.00
  clock network delay (ideal)                             0.00       0.00
  U_SYS_CTRL/current_state_reg[1]/CK (DFFRQX2M)           0.00       0.00 r
  U_SYS_CTRL/current_state_reg[1]/Q (DFFRQX2M)            0.45       0.45 r
  U_SYS_CTRL/U44/Y (INVX2M)                               0.12       0.57 f
  U_SYS_CTRL/U42/Y (NOR2X2M)                              0.13       0.70 r
  U_SYS_CTRL/U19/Y (INVX2M)                               0.08       0.78 f
  U_SYS_CTRL/U12/Y (NOR3X2M)                              0.27       1.05 r
  U_SYS_CTRL/U43/Y (NAND2X2M)                             0.17       1.23 f
  U_SYS_CTRL/U41/Y (OAI22X1M)                             0.21       1.44 r
  U_SYS_CTRL/RF_Addres[1] (SYS_CTRL)                      0.00       1.44 r
  U3/Y (BUFX2M)                                           0.62       2.06 r
  U_RegFile/Address[1] (RegFile)                          0.00       2.06 r
  U_RegFile/U60/Y (INVX2M)                                0.15       2.21 f
  U_RegFile/U12/Y (BUFX2M)                                0.17       2.38 f
  U_RegFile/U11/Y (INVX2M)                                0.38       2.76 r
  U_RegFile/U8/Y (NOR2X2M)                                0.16       2.93 f
  U_RegFile/U33/Y (NAND2X2M)                              0.27       3.19 r
  U_RegFile/U65/Y (OAI2BB2X1M)                            0.19       3.38 r
  U_RegFile/regArr_reg[0][4]/D (DFFRQX2M)                 0.00       3.38 r
  data arrival time                                                  3.38

  clock REF_CLK (rise edge)                              20.00      20.00
  clock network delay (ideal)                             0.00      20.00
  clock uncertainty                                      -0.20      19.80
  U_RegFile/regArr_reg[0][4]/CK (DFFRQX2M)                0.00      19.80 r
  library setup time                                     -0.31      19.49
  data required time                                                19.49
  --------------------------------------------------------------------------
  data required time                                                19.49
  data arrival time                                                 -3.38
  --------------------------------------------------------------------------
  slack (MET)                                                       16.11


  Startpoint: U_SYS_CTRL/current_state_reg[1]
              (rising edge-triggered flip-flop clocked by REF_CLK)
  Endpoint: U_RegFile/regArr_reg[0][5]
            (rising edge-triggered flip-flop clocked by REF_CLK)
  Path Group: REF_CLK
  Path Type: max

  Point                                                   Incr       Path
  --------------------------------------------------------------------------
  clock REF_CLK (rise edge)                               0.00       0.00
  clock network delay (ideal)                             0.00       0.00
  U_SYS_CTRL/current_state_reg[1]/CK (DFFRQX2M)           0.00       0.00 r
  U_SYS_CTRL/current_state_reg[1]/Q (DFFRQX2M)            0.45       0.45 r
  U_SYS_CTRL/U44/Y (INVX2M)                               0.12       0.57 f
  U_SYS_CTRL/U42/Y (NOR2X2M)                              0.13       0.70 r
  U_SYS_CTRL/U19/Y (INVX2M)                               0.08       0.78 f
  U_SYS_CTRL/U12/Y (NOR3X2M)                              0.27       1.05 r
  U_SYS_CTRL/U43/Y (NAND2X2M)                             0.17       1.23 f
  U_SYS_CTRL/U41/Y (OAI22X1M)                             0.21       1.44 r
  U_SYS_CTRL/RF_Addres[1] (SYS_CTRL)                      0.00       1.44 r
  U3/Y (BUFX2M)                                           0.62       2.06 r
  U_RegFile/Address[1] (RegFile)                          0.00       2.06 r
  U_RegFile/U60/Y (INVX2M)                                0.15       2.21 f
  U_RegFile/U12/Y (BUFX2M)                                0.17       2.38 f
  U_RegFile/U11/Y (INVX2M)                                0.38       2.76 r
  U_RegFile/U8/Y (NOR2X2M)                                0.16       2.93 f
  U_RegFile/U33/Y (NAND2X2M)                              0.27       3.19 r
  U_RegFile/U66/Y (OAI2BB2X1M)                            0.19       3.38 r
  U_RegFile/regArr_reg[0][5]/D (DFFRQX2M)                 0.00       3.38 r
  data arrival time                                                  3.38

  clock REF_CLK (rise edge)                              20.00      20.00
  clock network delay (ideal)                             0.00      20.00
  clock uncertainty                                      -0.20      19.80
  U_RegFile/regArr_reg[0][5]/CK (DFFRQX2M)                0.00      19.80 r
  library setup time                                     -0.31      19.49
  data required time                                                19.49
  --------------------------------------------------------------------------
  data required time                                                19.49
  data arrival time                                                 -3.38
  --------------------------------------------------------------------------
  slack (MET)                                                       16.11


  Startpoint: U_SYS_CTRL/current_state_reg[1]
              (rising edge-triggered flip-flop clocked by REF_CLK)
  Endpoint: U_RegFile/regArr_reg[0][7]
            (rising edge-triggered flip-flop clocked by REF_CLK)
  Path Group: REF_CLK
  Path Type: max

  Point                                                   Incr       Path
  --------------------------------------------------------------------------
  clock REF_CLK (rise edge)                               0.00       0.00
  clock network delay (ideal)                             0.00       0.00
  U_SYS_CTRL/current_state_reg[1]/CK (DFFRQX2M)           0.00       0.00 r
  U_SYS_CTRL/current_state_reg[1]/Q (DFFRQX2M)            0.45       0.45 r
  U_SYS_CTRL/U44/Y (INVX2M)                               0.12       0.57 f
  U_SYS_CTRL/U42/Y (NOR2X2M)                              0.13       0.70 r
  U_SYS_CTRL/U19/Y (INVX2M)                               0.08       0.78 f
  U_SYS_CTRL/U12/Y (NOR3X2M)                              0.27       1.05 r
  U_SYS_CTRL/U43/Y (NAND2X2M)                             0.17       1.23 f
  U_SYS_CTRL/U41/Y (OAI22X1M)                             0.21       1.44 r
  U_SYS_CTRL/RF_Addres[1] (SYS_CTRL)                      0.00       1.44 r
  U3/Y (BUFX2M)                                           0.62       2.06 r
  U_RegFile/Address[1] (RegFile)                          0.00       2.06 r
  U_RegFile/U60/Y (INVX2M)                                0.15       2.21 f
  U_RegFile/U12/Y (BUFX2M)                                0.17       2.38 f
  U_RegFile/U11/Y (INVX2M)                                0.38       2.76 r
  U_RegFile/U8/Y (NOR2X2M)                                0.16       2.93 f
  U_RegFile/U33/Y (NAND2X2M)                              0.27       3.19 r
  U_RegFile/U68/Y (OAI2BB2X1M)                            0.19       3.38 r
  U_RegFile/regArr_reg[0][7]/D (DFFRQX2M)                 0.00       3.38 r
  data arrival time                                                  3.38

  clock REF_CLK (rise edge)                              20.00      20.00
  clock network delay (ideal)                             0.00      20.00
  clock uncertainty                                      -0.20      19.80
  U_RegFile/regArr_reg[0][7]/CK (DFFRQX2M)                0.00      19.80 r
  library setup time                                     -0.31      19.49
  data required time                                                19.49
  --------------------------------------------------------------------------
  data required time                                                19.49
  data arrival time                                                 -3.38
  --------------------------------------------------------------------------
  slack (MET)                                                       16.11


  Startpoint: U_SYS_CTRL/current_state_reg[1]
              (rising edge-triggered flip-flop clocked by REF_CLK)
  Endpoint: U_RegFile/regArr_reg[0][6]
            (rising edge-triggered flip-flop clocked by REF_CLK)
  Path Group: REF_CLK
  Path Type: max

  Point                                                   Incr       Path
  --------------------------------------------------------------------------
  clock REF_CLK (rise edge)                               0.00       0.00
  clock network delay (ideal)                             0.00       0.00
  U_SYS_CTRL/current_state_reg[1]/CK (DFFRQX2M)           0.00       0.00 r
  U_SYS_CTRL/current_state_reg[1]/Q (DFFRQX2M)            0.45       0.45 r
  U_SYS_CTRL/U44/Y (INVX2M)                               0.12       0.57 f
  U_SYS_CTRL/U42/Y (NOR2X2M)                              0.13       0.70 r
  U_SYS_CTRL/U19/Y (INVX2M)                               0.08       0.78 f
  U_SYS_CTRL/U12/Y (NOR3X2M)                              0.27       1.05 r
  U_SYS_CTRL/U43/Y (NAND2X2M)                             0.17       1.23 f
  U_SYS_CTRL/U41/Y (OAI22X1M)                             0.21       1.44 r
  U_SYS_CTRL/RF_Addres[1] (SYS_CTRL)                      0.00       1.44 r
  U3/Y (BUFX2M)                                           0.62       2.06 r
  U_RegFile/Address[1] (RegFile)                          0.00       2.06 r
  U_RegFile/U60/Y (INVX2M)                                0.15       2.21 f
  U_RegFile/U12/Y (BUFX2M)                                0.17       2.38 f
  U_RegFile/U11/Y (INVX2M)                                0.38       2.76 r
  U_RegFile/U8/Y (NOR2X2M)                                0.16       2.93 f
  U_RegFile/U33/Y (NAND2X2M)                              0.27       3.19 r
  U_RegFile/U67/Y (OAI2BB2X1M)                            0.19       3.38 r
  U_RegFile/regArr_reg[0][6]/D (DFFRQX2M)                 0.00       3.38 r
  data arrival time                                                  3.38

  clock REF_CLK (rise edge)                              20.00      20.00
  clock network delay (ideal)                             0.00      20.00
  clock uncertainty                                      -0.20      19.80
  U_RegFile/regArr_reg[0][6]/CK (DFFRQX2M)                0.00      19.80 r
  library setup time                                     -0.31      19.49
  data required time                                                19.49
  --------------------------------------------------------------------------
  data required time                                                19.49
  data arrival time                                                 -3.38
  --------------------------------------------------------------------------
  slack (MET)                                                       16.11


  Startpoint: U_SYS_CTRL/current_state_reg[1]
              (rising edge-triggered flip-flop clocked by REF_CLK)
  Endpoint: U_RegFile/regArr_reg[12][7]
            (rising edge-triggered flip-flop clocked by REF_CLK)
  Path Group: REF_CLK
  Path Type: max

  Point                                                   Incr       Path
  --------------------------------------------------------------------------
  clock REF_CLK (rise edge)                               0.00       0.00
  clock network delay (ideal)                             0.00       0.00
  U_SYS_CTRL/current_state_reg[1]/CK (DFFRQX2M)           0.00       0.00 r
  U_SYS_CTRL/current_state_reg[1]/Q (DFFRQX2M)            0.45       0.45 r
  U_SYS_CTRL/U44/Y (INVX2M)                               0.12       0.57 f
  U_SYS_CTRL/U42/Y (NOR2X2M)                              0.13       0.70 r
  U_SYS_CTRL/U19/Y (INVX2M)                               0.08       0.78 f
  U_SYS_CTRL/U12/Y (NOR3X2M)                              0.27       1.05 r
  U_SYS_CTRL/U43/Y (NAND2X2M)                             0.17       1.23 f
  U_SYS_CTRL/U41/Y (OAI22X1M)                             0.21       1.44 r
  U_SYS_CTRL/RF_Addres[1] (SYS_CTRL)                      0.00       1.44 r
  U3/Y (BUFX2M)                                           0.62       2.06 r
  U_RegFile/Address[1] (RegFile)                          0.00       2.06 r
  U_RegFile/U60/Y (INVX2M)                                0.15       2.21 f
  U_RegFile/U12/Y (BUFX2M)                                0.17       2.38 f
  U_RegFile/U11/Y (INVX2M)                                0.38       2.76 r
  U_RegFile/U5/Y (NOR2BX2M)                               0.18       2.94 f
  U_RegFile/U29/Y (NAND2X2M)                              0.24       3.18 r
  U_RegFile/U148/Y (OAI2BB2X1M)                           0.19       3.37 r
  U_RegFile/regArr_reg[12][7]/D (DFFRQX2M)                0.00       3.37 r
  data arrival time                                                  3.37

  clock REF_CLK (rise edge)                              20.00      20.00
  clock network delay (ideal)                             0.00      20.00
  clock uncertainty                                      -0.20      19.80
  U_RegFile/regArr_reg[12][7]/CK (DFFRQX2M)               0.00      19.80 r
  library setup time                                     -0.31      19.49
  data required time                                                19.49
  --------------------------------------------------------------------------
  data required time                                                19.49
  data arrival time                                                 -3.37
  --------------------------------------------------------------------------
  slack (MET)                                                       16.12


  Startpoint: U_SYS_CTRL/current_state_reg[1]
              (rising edge-triggered flip-flop clocked by REF_CLK)
  Endpoint: U_RegFile/regArr_reg[12][6]
            (rising edge-triggered flip-flop clocked by REF_CLK)
  Path Group: REF_CLK
  Path Type: max

  Point                                                   Incr       Path
  --------------------------------------------------------------------------
  clock REF_CLK (rise edge)                               0.00       0.00
  clock network delay (ideal)                             0.00       0.00
  U_SYS_CTRL/current_state_reg[1]/CK (DFFRQX2M)           0.00       0.00 r
  U_SYS_CTRL/current_state_reg[1]/Q (DFFRQX2M)            0.45       0.45 r
  U_SYS_CTRL/U44/Y (INVX2M)                               0.12       0.57 f
  U_SYS_CTRL/U42/Y (NOR2X2M)                              0.13       0.70 r
  U_SYS_CTRL/U19/Y (INVX2M)                               0.08       0.78 f
  U_SYS_CTRL/U12/Y (NOR3X2M)                              0.27       1.05 r
  U_SYS_CTRL/U43/Y (NAND2X2M)                             0.17       1.23 f
  U_SYS_CTRL/U41/Y (OAI22X1M)                             0.21       1.44 r
  U_SYS_CTRL/RF_Addres[1] (SYS_CTRL)                      0.00       1.44 r
  U3/Y (BUFX2M)                                           0.62       2.06 r
  U_RegFile/Address[1] (RegFile)                          0.00       2.06 r
  U_RegFile/U60/Y (INVX2M)                                0.15       2.21 f
  U_RegFile/U12/Y (BUFX2M)                                0.17       2.38 f
  U_RegFile/U11/Y (INVX2M)                                0.38       2.76 r
  U_RegFile/U5/Y (NOR2BX2M)                               0.18       2.94 f
  U_RegFile/U29/Y (NAND2X2M)                              0.24       3.18 r
  U_RegFile/U147/Y (OAI2BB2X1M)                           0.19       3.37 r
  U_RegFile/regArr_reg[12][6]/D (DFFRQX2M)                0.00       3.37 r
  data arrival time                                                  3.37

  clock REF_CLK (rise edge)                              20.00      20.00
  clock network delay (ideal)                             0.00      20.00
  clock uncertainty                                      -0.20      19.80
  U_RegFile/regArr_reg[12][6]/CK (DFFRQX2M)               0.00      19.80 r
  library setup time                                     -0.31      19.49
  data required time                                                19.49
  --------------------------------------------------------------------------
  data required time                                                19.49
  data arrival time                                                 -3.37
  --------------------------------------------------------------------------
  slack (MET)                                                       16.12


  Startpoint: U_SYS_CTRL/current_state_reg[1]
              (rising edge-triggered flip-flop clocked by REF_CLK)
  Endpoint: U_RegFile/regArr_reg[12][5]
            (rising edge-triggered flip-flop clocked by REF_CLK)
  Path Group: REF_CLK
  Path Type: max

  Point                                                   Incr       Path
  --------------------------------------------------------------------------
  clock REF_CLK (rise edge)                               0.00       0.00
  clock network delay (ideal)                             0.00       0.00
  U_SYS_CTRL/current_state_reg[1]/CK (DFFRQX2M)           0.00       0.00 r
  U_SYS_CTRL/current_state_reg[1]/Q (DFFRQX2M)            0.45       0.45 r
  U_SYS_CTRL/U44/Y (INVX2M)                               0.12       0.57 f
  U_SYS_CTRL/U42/Y (NOR2X2M)                              0.13       0.70 r
  U_SYS_CTRL/U19/Y (INVX2M)                               0.08       0.78 f
  U_SYS_CTRL/U12/Y (NOR3X2M)                              0.27       1.05 r
  U_SYS_CTRL/U43/Y (NAND2X2M)                             0.17       1.23 f
  U_SYS_CTRL/U41/Y (OAI22X1M)                             0.21       1.44 r
  U_SYS_CTRL/RF_Addres[1] (SYS_CTRL)                      0.00       1.44 r
  U3/Y (BUFX2M)                                           0.62       2.06 r
  U_RegFile/Address[1] (RegFile)                          0.00       2.06 r
  U_RegFile/U60/Y (INVX2M)                                0.15       2.21 f
  U_RegFile/U12/Y (BUFX2M)                                0.17       2.38 f
  U_RegFile/U11/Y (INVX2M)                                0.38       2.76 r
  U_RegFile/U5/Y (NOR2BX2M)                               0.18       2.94 f
  U_RegFile/U29/Y (NAND2X2M)                              0.24       3.18 r
  U_RegFile/U146/Y (OAI2BB2X1M)                           0.19       3.37 r
  U_RegFile/regArr_reg[12][5]/D (DFFRQX2M)                0.00       3.37 r
  data arrival time                                                  3.37

  clock REF_CLK (rise edge)                              20.00      20.00
  clock network delay (ideal)                             0.00      20.00
  clock uncertainty                                      -0.20      19.80
  U_RegFile/regArr_reg[12][5]/CK (DFFRQX2M)               0.00      19.80 r
  library setup time                                     -0.31      19.49
  data required time                                                19.49
  --------------------------------------------------------------------------
  data required time                                                19.49
  data arrival time                                                 -3.37
  --------------------------------------------------------------------------
  slack (MET)                                                       16.12


  Startpoint: U_SYS_CTRL/current_state_reg[1]
              (rising edge-triggered flip-flop clocked by REF_CLK)
  Endpoint: U_RegFile/regArr_reg[12][4]
            (rising edge-triggered flip-flop clocked by REF_CLK)
  Path Group: REF_CLK
  Path Type: max

  Point                                                   Incr       Path
  --------------------------------------------------------------------------
  clock REF_CLK (rise edge)                               0.00       0.00
  clock network delay (ideal)                             0.00       0.00
  U_SYS_CTRL/current_state_reg[1]/CK (DFFRQX2M)           0.00       0.00 r
  U_SYS_CTRL/current_state_reg[1]/Q (DFFRQX2M)            0.45       0.45 r
  U_SYS_CTRL/U44/Y (INVX2M)                               0.12       0.57 f
  U_SYS_CTRL/U42/Y (NOR2X2M)                              0.13       0.70 r
  U_SYS_CTRL/U19/Y (INVX2M)                               0.08       0.78 f
  U_SYS_CTRL/U12/Y (NOR3X2M)                              0.27       1.05 r
  U_SYS_CTRL/U43/Y (NAND2X2M)                             0.17       1.23 f
  U_SYS_CTRL/U41/Y (OAI22X1M)                             0.21       1.44 r
  U_SYS_CTRL/RF_Addres[1] (SYS_CTRL)                      0.00       1.44 r
  U3/Y (BUFX2M)                                           0.62       2.06 r
  U_RegFile/Address[1] (RegFile)                          0.00       2.06 r
  U_RegFile/U60/Y (INVX2M)                                0.15       2.21 f
  U_RegFile/U12/Y (BUFX2M)                                0.17       2.38 f
  U_RegFile/U11/Y (INVX2M)                                0.38       2.76 r
  U_RegFile/U5/Y (NOR2BX2M)                               0.18       2.94 f
  U_RegFile/U29/Y (NAND2X2M)                              0.24       3.18 r
  U_RegFile/U145/Y (OAI2BB2X1M)                           0.19       3.37 r
  U_RegFile/regArr_reg[12][4]/D (DFFRQX2M)                0.00       3.37 r
  data arrival time                                                  3.37

  clock REF_CLK (rise edge)                              20.00      20.00
  clock network delay (ideal)                             0.00      20.00
  clock uncertainty                                      -0.20      19.80
  U_RegFile/regArr_reg[12][4]/CK (DFFRQX2M)               0.00      19.80 r
  library setup time                                     -0.31      19.49
  data required time                                                19.49
  --------------------------------------------------------------------------
  data required time                                                19.49
  data arrival time                                                 -3.37
  --------------------------------------------------------------------------
  slack (MET)                                                       16.12


  Startpoint: U_SYS_CTRL/current_state_reg[1]
              (rising edge-triggered flip-flop clocked by REF_CLK)
  Endpoint: U_RegFile/regArr_reg[12][3]
            (rising edge-triggered flip-flop clocked by REF_CLK)
  Path Group: REF_CLK
  Path Type: max

  Point                                                   Incr       Path
  --------------------------------------------------------------------------
  clock REF_CLK (rise edge)                               0.00       0.00
  clock network delay (ideal)                             0.00       0.00
  U_SYS_CTRL/current_state_reg[1]/CK (DFFRQX2M)           0.00       0.00 r
  U_SYS_CTRL/current_state_reg[1]/Q (DFFRQX2M)            0.45       0.45 r
  U_SYS_CTRL/U44/Y (INVX2M)                               0.12       0.57 f
  U_SYS_CTRL/U42/Y (NOR2X2M)                              0.13       0.70 r
  U_SYS_CTRL/U19/Y (INVX2M)                               0.08       0.78 f
  U_SYS_CTRL/U12/Y (NOR3X2M)                              0.27       1.05 r
  U_SYS_CTRL/U43/Y (NAND2X2M)                             0.17       1.23 f
  U_SYS_CTRL/U41/Y (OAI22X1M)                             0.21       1.44 r
  U_SYS_CTRL/RF_Addres[1] (SYS_CTRL)                      0.00       1.44 r
  U3/Y (BUFX2M)                                           0.62       2.06 r
  U_RegFile/Address[1] (RegFile)                          0.00       2.06 r
  U_RegFile/U60/Y (INVX2M)                                0.15       2.21 f
  U_RegFile/U12/Y (BUFX2M)                                0.17       2.38 f
  U_RegFile/U11/Y (INVX2M)                                0.38       2.76 r
  U_RegFile/U5/Y (NOR2BX2M)                               0.18       2.94 f
  U_RegFile/U29/Y (NAND2X2M)                              0.24       3.18 r
  U_RegFile/U144/Y (OAI2BB2X1M)                           0.19       3.37 r
  U_RegFile/regArr_reg[12][3]/D (DFFRQX2M)                0.00       3.37 r
  data arrival time                                                  3.37

  clock REF_CLK (rise edge)                              20.00      20.00
  clock network delay (ideal)                             0.00      20.00
  clock uncertainty                                      -0.20      19.80
  U_RegFile/regArr_reg[12][3]/CK (DFFRQX2M)               0.00      19.80 r
  library setup time                                     -0.31      19.49
  data required time                                                19.49
  --------------------------------------------------------------------------
  data required time                                                19.49
  data arrival time                                                 -3.37
  --------------------------------------------------------------------------
  slack (MET)                                                       16.12


  Startpoint: U_SYS_CTRL/current_state_reg[1]
              (rising edge-triggered flip-flop clocked by REF_CLK)
  Endpoint: U_RegFile/regArr_reg[12][2]
            (rising edge-triggered flip-flop clocked by REF_CLK)
  Path Group: REF_CLK
  Path Type: max

  Point                                                   Incr       Path
  --------------------------------------------------------------------------
  clock REF_CLK (rise edge)                               0.00       0.00
  clock network delay (ideal)                             0.00       0.00
  U_SYS_CTRL/current_state_reg[1]/CK (DFFRQX2M)           0.00       0.00 r
  U_SYS_CTRL/current_state_reg[1]/Q (DFFRQX2M)            0.45       0.45 r
  U_SYS_CTRL/U44/Y (INVX2M)                               0.12       0.57 f
  U_SYS_CTRL/U42/Y (NOR2X2M)                              0.13       0.70 r
  U_SYS_CTRL/U19/Y (INVX2M)                               0.08       0.78 f
  U_SYS_CTRL/U12/Y (NOR3X2M)                              0.27       1.05 r
  U_SYS_CTRL/U43/Y (NAND2X2M)                             0.17       1.23 f
  U_SYS_CTRL/U41/Y (OAI22X1M)                             0.21       1.44 r
  U_SYS_CTRL/RF_Addres[1] (SYS_CTRL)                      0.00       1.44 r
  U3/Y (BUFX2M)                                           0.62       2.06 r
  U_RegFile/Address[1] (RegFile)                          0.00       2.06 r
  U_RegFile/U60/Y (INVX2M)                                0.15       2.21 f
  U_RegFile/U12/Y (BUFX2M)                                0.17       2.38 f
  U_RegFile/U11/Y (INVX2M)                                0.38       2.76 r
  U_RegFile/U5/Y (NOR2BX2M)                               0.18       2.94 f
  U_RegFile/U29/Y (NAND2X2M)                              0.24       3.18 r
  U_RegFile/U143/Y (OAI2BB2X1M)                           0.19       3.37 r
  U_RegFile/regArr_reg[12][2]/D (DFFRQX2M)                0.00       3.37 r
  data arrival time                                                  3.37

  clock REF_CLK (rise edge)                              20.00      20.00
  clock network delay (ideal)                             0.00      20.00
  clock uncertainty                                      -0.20      19.80
  U_RegFile/regArr_reg[12][2]/CK (DFFRQX2M)               0.00      19.80 r
  library setup time                                     -0.31      19.49
  data required time                                                19.49
  --------------------------------------------------------------------------
  data required time                                                19.49
  data arrival time                                                 -3.37
  --------------------------------------------------------------------------
  slack (MET)                                                       16.12


  Startpoint: U_SYS_CTRL/current_state_reg[1]
              (rising edge-triggered flip-flop clocked by REF_CLK)
  Endpoint: U_RegFile/regArr_reg[12][1]
            (rising edge-triggered flip-flop clocked by REF_CLK)
  Path Group: REF_CLK
  Path Type: max

  Point                                                   Incr       Path
  --------------------------------------------------------------------------
  clock REF_CLK (rise edge)                               0.00       0.00
  clock network delay (ideal)                             0.00       0.00
  U_SYS_CTRL/current_state_reg[1]/CK (DFFRQX2M)           0.00       0.00 r
  U_SYS_CTRL/current_state_reg[1]/Q (DFFRQX2M)            0.45       0.45 r
  U_SYS_CTRL/U44/Y (INVX2M)                               0.12       0.57 f
  U_SYS_CTRL/U42/Y (NOR2X2M)                              0.13       0.70 r
  U_SYS_CTRL/U19/Y (INVX2M)                               0.08       0.78 f
  U_SYS_CTRL/U12/Y (NOR3X2M)                              0.27       1.05 r
  U_SYS_CTRL/U43/Y (NAND2X2M)                             0.17       1.23 f
  U_SYS_CTRL/U41/Y (OAI22X1M)                             0.21       1.44 r
  U_SYS_CTRL/RF_Addres[1] (SYS_CTRL)                      0.00       1.44 r
  U3/Y (BUFX2M)                                           0.62       2.06 r
  U_RegFile/Address[1] (RegFile)                          0.00       2.06 r
  U_RegFile/U60/Y (INVX2M)                                0.15       2.21 f
  U_RegFile/U12/Y (BUFX2M)                                0.17       2.38 f
  U_RegFile/U11/Y (INVX2M)                                0.38       2.76 r
  U_RegFile/U5/Y (NOR2BX2M)                               0.18       2.94 f
  U_RegFile/U29/Y (NAND2X2M)                              0.24       3.18 r
  U_RegFile/U142/Y (OAI2BB2X1M)                           0.19       3.37 r
  U_RegFile/regArr_reg[12][1]/D (DFFRQX2M)                0.00       3.37 r
  data arrival time                                                  3.37

  clock REF_CLK (rise edge)                              20.00      20.00
  clock network delay (ideal)                             0.00      20.00
  clock uncertainty                                      -0.20      19.80
  U_RegFile/regArr_reg[12][1]/CK (DFFRQX2M)               0.00      19.80 r
  library setup time                                     -0.31      19.49
  data required time                                                19.49
  --------------------------------------------------------------------------
  data required time                                                19.49
  data arrival time                                                 -3.37
  --------------------------------------------------------------------------
  slack (MET)                                                       16.12


  Startpoint: U_SYS_CTRL/current_state_reg[1]
              (rising edge-triggered flip-flop clocked by REF_CLK)
  Endpoint: U_RegFile/regArr_reg[12][0]
            (rising edge-triggered flip-flop clocked by REF_CLK)
  Path Group: REF_CLK
  Path Type: max

  Point                                                   Incr       Path
  --------------------------------------------------------------------------
  clock REF_CLK (rise edge)                               0.00       0.00
  clock network delay (ideal)                             0.00       0.00
  U_SYS_CTRL/current_state_reg[1]/CK (DFFRQX2M)           0.00       0.00 r
  U_SYS_CTRL/current_state_reg[1]/Q (DFFRQX2M)            0.45       0.45 r
  U_SYS_CTRL/U44/Y (INVX2M)                               0.12       0.57 f
  U_SYS_CTRL/U42/Y (NOR2X2M)                              0.13       0.70 r
  U_SYS_CTRL/U19/Y (INVX2M)                               0.08       0.78 f
  U_SYS_CTRL/U12/Y (NOR3X2M)                              0.27       1.05 r
  U_SYS_CTRL/U43/Y (NAND2X2M)                             0.17       1.23 f
  U_SYS_CTRL/U41/Y (OAI22X1M)                             0.21       1.44 r
  U_SYS_CTRL/RF_Addres[1] (SYS_CTRL)                      0.00       1.44 r
  U3/Y (BUFX2M)                                           0.62       2.06 r
  U_RegFile/Address[1] (RegFile)                          0.00       2.06 r
  U_RegFile/U60/Y (INVX2M)                                0.15       2.21 f
  U_RegFile/U12/Y (BUFX2M)                                0.17       2.38 f
  U_RegFile/U11/Y (INVX2M)                                0.38       2.76 r
  U_RegFile/U5/Y (NOR2BX2M)                               0.18       2.94 f
  U_RegFile/U29/Y (NAND2X2M)                              0.24       3.18 r
  U_RegFile/U141/Y (OAI2BB2X1M)                           0.19       3.37 r
  U_RegFile/regArr_reg[12][0]/D (DFFRQX2M)                0.00       3.37 r
  data arrival time                                                  3.37

  clock REF_CLK (rise edge)                              20.00      20.00
  clock network delay (ideal)                             0.00      20.00
  clock uncertainty                                      -0.20      19.80
  U_RegFile/regArr_reg[12][0]/CK (DFFRQX2M)               0.00      19.80 r
  library setup time                                     -0.31      19.49
  data required time                                                19.49
  --------------------------------------------------------------------------
  data required time                                                19.49
  data arrival time                                                 -3.37
  --------------------------------------------------------------------------
  slack (MET)                                                       16.12


  Startpoint: U_SYS_CTRL/current_state_reg[1]
              (rising edge-triggered flip-flop clocked by REF_CLK)
  Endpoint: U_RegFile/regArr_reg[13][7]
            (rising edge-triggered flip-flop clocked by REF_CLK)
  Path Group: REF_CLK
  Path Type: max

  Point                                                   Incr       Path
  --------------------------------------------------------------------------
  clock REF_CLK (rise edge)                               0.00       0.00
  clock network delay (ideal)                             0.00       0.00
  U_SYS_CTRL/current_state_reg[1]/CK (DFFRQX2M)           0.00       0.00 r
  U_SYS_CTRL/current_state_reg[1]/Q (DFFRQX2M)            0.45       0.45 r
  U_SYS_CTRL/U44/Y (INVX2M)                               0.12       0.57 f
  U_SYS_CTRL/U42/Y (NOR2X2M)                              0.13       0.70 r
  U_SYS_CTRL/U19/Y (INVX2M)                               0.08       0.78 f
  U_SYS_CTRL/U12/Y (NOR3X2M)                              0.27       1.05 r
  U_SYS_CTRL/U43/Y (NAND2X2M)                             0.17       1.23 f
  U_SYS_CTRL/U41/Y (OAI22X1M)                             0.21       1.44 r
  U_SYS_CTRL/RF_Addres[1] (SYS_CTRL)                      0.00       1.44 r
  U3/Y (BUFX2M)                                           0.62       2.06 r
  U_RegFile/Address[1] (RegFile)                          0.00       2.06 r
  U_RegFile/U60/Y (INVX2M)                                0.15       2.21 f
  U_RegFile/U12/Y (BUFX2M)                                0.17       2.38 f
  U_RegFile/U11/Y (INVX2M)                                0.38       2.76 r
  U_RegFile/U5/Y (NOR2BX2M)                               0.18       2.94 f
  U_RegFile/U30/Y (NAND2X2M)                              0.24       3.18 r
  U_RegFile/U156/Y (OAI2BB2X1M)                           0.19       3.37 r
  U_RegFile/regArr_reg[13][7]/D (DFFRQX2M)                0.00       3.37 r
  data arrival time                                                  3.37

  clock REF_CLK (rise edge)                              20.00      20.00
  clock network delay (ideal)                             0.00      20.00
  clock uncertainty                                      -0.20      19.80
  U_RegFile/regArr_reg[13][7]/CK (DFFRQX2M)               0.00      19.80 r
  library setup time                                     -0.31      19.49
  data required time                                                19.49
  --------------------------------------------------------------------------
  data required time                                                19.49
  data arrival time                                                 -3.37
  --------------------------------------------------------------------------
  slack (MET)                                                       16.12


  Startpoint: U_SYS_CTRL/current_state_reg[1]
              (rising edge-triggered flip-flop clocked by REF_CLK)
  Endpoint: U_RegFile/regArr_reg[13][6]
            (rising edge-triggered flip-flop clocked by REF_CLK)
  Path Group: REF_CLK
  Path Type: max

  Point                                                   Incr       Path
  --------------------------------------------------------------------------
  clock REF_CLK (rise edge)                               0.00       0.00
  clock network delay (ideal)                             0.00       0.00
  U_SYS_CTRL/current_state_reg[1]/CK (DFFRQX2M)           0.00       0.00 r
  U_SYS_CTRL/current_state_reg[1]/Q (DFFRQX2M)            0.45       0.45 r
  U_SYS_CTRL/U44/Y (INVX2M)                               0.12       0.57 f
  U_SYS_CTRL/U42/Y (NOR2X2M)                              0.13       0.70 r
  U_SYS_CTRL/U19/Y (INVX2M)                               0.08       0.78 f
  U_SYS_CTRL/U12/Y (NOR3X2M)                              0.27       1.05 r
  U_SYS_CTRL/U43/Y (NAND2X2M)                             0.17       1.23 f
  U_SYS_CTRL/U41/Y (OAI22X1M)                             0.21       1.44 r
  U_SYS_CTRL/RF_Addres[1] (SYS_CTRL)                      0.00       1.44 r
  U3/Y (BUFX2M)                                           0.62       2.06 r
  U_RegFile/Address[1] (RegFile)                          0.00       2.06 r
  U_RegFile/U60/Y (INVX2M)                                0.15       2.21 f
  U_RegFile/U12/Y (BUFX2M)                                0.17       2.38 f
  U_RegFile/U11/Y (INVX2M)                                0.38       2.76 r
  U_RegFile/U5/Y (NOR2BX2M)                               0.18       2.94 f
  U_RegFile/U30/Y (NAND2X2M)                              0.24       3.18 r
  U_RegFile/U155/Y (OAI2BB2X1M)                           0.19       3.37 r
  U_RegFile/regArr_reg[13][6]/D (DFFRQX2M)                0.00       3.37 r
  data arrival time                                                  3.37

  clock REF_CLK (rise edge)                              20.00      20.00
  clock network delay (ideal)                             0.00      20.00
  clock uncertainty                                      -0.20      19.80
  U_RegFile/regArr_reg[13][6]/CK (DFFRQX2M)               0.00      19.80 r
  library setup time                                     -0.31      19.49
  data required time                                                19.49
  --------------------------------------------------------------------------
  data required time                                                19.49
  data arrival time                                                 -3.37
  --------------------------------------------------------------------------
  slack (MET)                                                       16.12


  Startpoint: U_SYS_CTRL/current_state_reg[1]
              (rising edge-triggered flip-flop clocked by REF_CLK)
  Endpoint: U_RegFile/regArr_reg[13][5]
            (rising edge-triggered flip-flop clocked by REF_CLK)
  Path Group: REF_CLK
  Path Type: max

  Point                                                   Incr       Path
  --------------------------------------------------------------------------
  clock REF_CLK (rise edge)                               0.00       0.00
  clock network delay (ideal)                             0.00       0.00
  U_SYS_CTRL/current_state_reg[1]/CK (DFFRQX2M)           0.00       0.00 r
  U_SYS_CTRL/current_state_reg[1]/Q (DFFRQX2M)            0.45       0.45 r
  U_SYS_CTRL/U44/Y (INVX2M)                               0.12       0.57 f
  U_SYS_CTRL/U42/Y (NOR2X2M)                              0.13       0.70 r
  U_SYS_CTRL/U19/Y (INVX2M)                               0.08       0.78 f
  U_SYS_CTRL/U12/Y (NOR3X2M)                              0.27       1.05 r
  U_SYS_CTRL/U43/Y (NAND2X2M)                             0.17       1.23 f
  U_SYS_CTRL/U41/Y (OAI22X1M)                             0.21       1.44 r
  U_SYS_CTRL/RF_Addres[1] (SYS_CTRL)                      0.00       1.44 r
  U3/Y (BUFX2M)                                           0.62       2.06 r
  U_RegFile/Address[1] (RegFile)                          0.00       2.06 r
  U_RegFile/U60/Y (INVX2M)                                0.15       2.21 f
  U_RegFile/U12/Y (BUFX2M)                                0.17       2.38 f
  U_RegFile/U11/Y (INVX2M)                                0.38       2.76 r
  U_RegFile/U5/Y (NOR2BX2M)                               0.18       2.94 f
  U_RegFile/U30/Y (NAND2X2M)                              0.24       3.18 r
  U_RegFile/U154/Y (OAI2BB2X1M)                           0.19       3.37 r
  U_RegFile/regArr_reg[13][5]/D (DFFRQX2M)                0.00       3.37 r
  data arrival time                                                  3.37

  clock REF_CLK (rise edge)                              20.00      20.00
  clock network delay (ideal)                             0.00      20.00
  clock uncertainty                                      -0.20      19.80
  U_RegFile/regArr_reg[13][5]/CK (DFFRQX2M)               0.00      19.80 r
  library setup time                                     -0.31      19.49
  data required time                                                19.49
  --------------------------------------------------------------------------
  data required time                                                19.49
  data arrival time                                                 -3.37
  --------------------------------------------------------------------------
  slack (MET)                                                       16.12


  Startpoint: U_SYS_CTRL/current_state_reg[1]
              (rising edge-triggered flip-flop clocked by REF_CLK)
  Endpoint: U_RegFile/regArr_reg[13][4]
            (rising edge-triggered flip-flop clocked by REF_CLK)
  Path Group: REF_CLK
  Path Type: max

  Point                                                   Incr       Path
  --------------------------------------------------------------------------
  clock REF_CLK (rise edge)                               0.00       0.00
  clock network delay (ideal)                             0.00       0.00
  U_SYS_CTRL/current_state_reg[1]/CK (DFFRQX2M)           0.00       0.00 r
  U_SYS_CTRL/current_state_reg[1]/Q (DFFRQX2M)            0.45       0.45 r
  U_SYS_CTRL/U44/Y (INVX2M)                               0.12       0.57 f
  U_SYS_CTRL/U42/Y (NOR2X2M)                              0.13       0.70 r
  U_SYS_CTRL/U19/Y (INVX2M)                               0.08       0.78 f
  U_SYS_CTRL/U12/Y (NOR3X2M)                              0.27       1.05 r
  U_SYS_CTRL/U43/Y (NAND2X2M)                             0.17       1.23 f
  U_SYS_CTRL/U41/Y (OAI22X1M)                             0.21       1.44 r
  U_SYS_CTRL/RF_Addres[1] (SYS_CTRL)                      0.00       1.44 r
  U3/Y (BUFX2M)                                           0.62       2.06 r
  U_RegFile/Address[1] (RegFile)                          0.00       2.06 r
  U_RegFile/U60/Y (INVX2M)                                0.15       2.21 f
  U_RegFile/U12/Y (BUFX2M)                                0.17       2.38 f
  U_RegFile/U11/Y (INVX2M)                                0.38       2.76 r
  U_RegFile/U5/Y (NOR2BX2M)                               0.18       2.94 f
  U_RegFile/U30/Y (NAND2X2M)                              0.24       3.18 r
  U_RegFile/U153/Y (OAI2BB2X1M)                           0.19       3.37 r
  U_RegFile/regArr_reg[13][4]/D (DFFRQX2M)                0.00       3.37 r
  data arrival time                                                  3.37

  clock REF_CLK (rise edge)                              20.00      20.00
  clock network delay (ideal)                             0.00      20.00
  clock uncertainty                                      -0.20      19.80
  U_RegFile/regArr_reg[13][4]/CK (DFFRQX2M)               0.00      19.80 r
  library setup time                                     -0.31      19.49
  data required time                                                19.49
  --------------------------------------------------------------------------
  data required time                                                19.49
  data arrival time                                                 -3.37
  --------------------------------------------------------------------------
  slack (MET)                                                       16.12


  Startpoint: U_SYS_CTRL/current_state_reg[1]
              (rising edge-triggered flip-flop clocked by REF_CLK)
  Endpoint: U_RegFile/regArr_reg[13][3]
            (rising edge-triggered flip-flop clocked by REF_CLK)
  Path Group: REF_CLK
  Path Type: max

  Point                                                   Incr       Path
  --------------------------------------------------------------------------
  clock REF_CLK (rise edge)                               0.00       0.00
  clock network delay (ideal)                             0.00       0.00
  U_SYS_CTRL/current_state_reg[1]/CK (DFFRQX2M)           0.00       0.00 r
  U_SYS_CTRL/current_state_reg[1]/Q (DFFRQX2M)            0.45       0.45 r
  U_SYS_CTRL/U44/Y (INVX2M)                               0.12       0.57 f
  U_SYS_CTRL/U42/Y (NOR2X2M)                              0.13       0.70 r
  U_SYS_CTRL/U19/Y (INVX2M)                               0.08       0.78 f
  U_SYS_CTRL/U12/Y (NOR3X2M)                              0.27       1.05 r
  U_SYS_CTRL/U43/Y (NAND2X2M)                             0.17       1.23 f
  U_SYS_CTRL/U41/Y (OAI22X1M)                             0.21       1.44 r
  U_SYS_CTRL/RF_Addres[1] (SYS_CTRL)                      0.00       1.44 r
  U3/Y (BUFX2M)                                           0.62       2.06 r
  U_RegFile/Address[1] (RegFile)                          0.00       2.06 r
  U_RegFile/U60/Y (INVX2M)                                0.15       2.21 f
  U_RegFile/U12/Y (BUFX2M)                                0.17       2.38 f
  U_RegFile/U11/Y (INVX2M)                                0.38       2.76 r
  U_RegFile/U5/Y (NOR2BX2M)                               0.18       2.94 f
  U_RegFile/U30/Y (NAND2X2M)                              0.24       3.18 r
  U_RegFile/U152/Y (OAI2BB2X1M)                           0.19       3.37 r
  U_RegFile/regArr_reg[13][3]/D (DFFRQX2M)                0.00       3.37 r
  data arrival time                                                  3.37

  clock REF_CLK (rise edge)                              20.00      20.00
  clock network delay (ideal)                             0.00      20.00
  clock uncertainty                                      -0.20      19.80
  U_RegFile/regArr_reg[13][3]/CK (DFFRQX2M)               0.00      19.80 r
  library setup time                                     -0.31      19.49
  data required time                                                19.49
  --------------------------------------------------------------------------
  data required time                                                19.49
  data arrival time                                                 -3.37
  --------------------------------------------------------------------------
  slack (MET)                                                       16.12


  Startpoint: U_SYS_CTRL/current_state_reg[1]
              (rising edge-triggered flip-flop clocked by REF_CLK)
  Endpoint: U_RegFile/regArr_reg[13][2]
            (rising edge-triggered flip-flop clocked by REF_CLK)
  Path Group: REF_CLK
  Path Type: max

  Point                                                   Incr       Path
  --------------------------------------------------------------------------
  clock REF_CLK (rise edge)                               0.00       0.00
  clock network delay (ideal)                             0.00       0.00
  U_SYS_CTRL/current_state_reg[1]/CK (DFFRQX2M)           0.00       0.00 r
  U_SYS_CTRL/current_state_reg[1]/Q (DFFRQX2M)            0.45       0.45 r
  U_SYS_CTRL/U44/Y (INVX2M)                               0.12       0.57 f
  U_SYS_CTRL/U42/Y (NOR2X2M)                              0.13       0.70 r
  U_SYS_CTRL/U19/Y (INVX2M)                               0.08       0.78 f
  U_SYS_CTRL/U12/Y (NOR3X2M)                              0.27       1.05 r
  U_SYS_CTRL/U43/Y (NAND2X2M)                             0.17       1.23 f
  U_SYS_CTRL/U41/Y (OAI22X1M)                             0.21       1.44 r
  U_SYS_CTRL/RF_Addres[1] (SYS_CTRL)                      0.00       1.44 r
  U3/Y (BUFX2M)                                           0.62       2.06 r
  U_RegFile/Address[1] (RegFile)                          0.00       2.06 r
  U_RegFile/U60/Y (INVX2M)                                0.15       2.21 f
  U_RegFile/U12/Y (BUFX2M)                                0.17       2.38 f
  U_RegFile/U11/Y (INVX2M)                                0.38       2.76 r
  U_RegFile/U5/Y (NOR2BX2M)                               0.18       2.94 f
  U_RegFile/U30/Y (NAND2X2M)                              0.24       3.18 r
  U_RegFile/U151/Y (OAI2BB2X1M)                           0.19       3.37 r
  U_RegFile/regArr_reg[13][2]/D (DFFRQX2M)                0.00       3.37 r
  data arrival time                                                  3.37

  clock REF_CLK (rise edge)                              20.00      20.00
  clock network delay (ideal)                             0.00      20.00
  clock uncertainty                                      -0.20      19.80
  U_RegFile/regArr_reg[13][2]/CK (DFFRQX2M)               0.00      19.80 r
  library setup time                                     -0.31      19.49
  data required time                                                19.49
  --------------------------------------------------------------------------
  data required time                                                19.49
  data arrival time                                                 -3.37
  --------------------------------------------------------------------------
  slack (MET)                                                       16.12


  Startpoint: U_SYS_CTRL/current_state_reg[1]
              (rising edge-triggered flip-flop clocked by REF_CLK)
  Endpoint: U_RegFile/regArr_reg[13][1]
            (rising edge-triggered flip-flop clocked by REF_CLK)
  Path Group: REF_CLK
  Path Type: max

  Point                                                   Incr       Path
  --------------------------------------------------------------------------
  clock REF_CLK (rise edge)                               0.00       0.00
  clock network delay (ideal)                             0.00       0.00
  U_SYS_CTRL/current_state_reg[1]/CK (DFFRQX2M)           0.00       0.00 r
  U_SYS_CTRL/current_state_reg[1]/Q (DFFRQX2M)            0.45       0.45 r
  U_SYS_CTRL/U44/Y (INVX2M)                               0.12       0.57 f
  U_SYS_CTRL/U42/Y (NOR2X2M)                              0.13       0.70 r
  U_SYS_CTRL/U19/Y (INVX2M)                               0.08       0.78 f
  U_SYS_CTRL/U12/Y (NOR3X2M)                              0.27       1.05 r
  U_SYS_CTRL/U43/Y (NAND2X2M)                             0.17       1.23 f
  U_SYS_CTRL/U41/Y (OAI22X1M)                             0.21       1.44 r
  U_SYS_CTRL/RF_Addres[1] (SYS_CTRL)                      0.00       1.44 r
  U3/Y (BUFX2M)                                           0.62       2.06 r
  U_RegFile/Address[1] (RegFile)                          0.00       2.06 r
  U_RegFile/U60/Y (INVX2M)                                0.15       2.21 f
  U_RegFile/U12/Y (BUFX2M)                                0.17       2.38 f
  U_RegFile/U11/Y (INVX2M)                                0.38       2.76 r
  U_RegFile/U5/Y (NOR2BX2M)                               0.18       2.94 f
  U_RegFile/U30/Y (NAND2X2M)                              0.24       3.18 r
  U_RegFile/U150/Y (OAI2BB2X1M)                           0.19       3.37 r
  U_RegFile/regArr_reg[13][1]/D (DFFRQX2M)                0.00       3.37 r
  data arrival time                                                  3.37

  clock REF_CLK (rise edge)                              20.00      20.00
  clock network delay (ideal)                             0.00      20.00
  clock uncertainty                                      -0.20      19.80
  U_RegFile/regArr_reg[13][1]/CK (DFFRQX2M)               0.00      19.80 r
  library setup time                                     -0.31      19.49
  data required time                                                19.49
  --------------------------------------------------------------------------
  data required time                                                19.49
  data arrival time                                                 -3.37
  --------------------------------------------------------------------------
  slack (MET)                                                       16.12


  Startpoint: U_SYS_CTRL/current_state_reg[1]
              (rising edge-triggered flip-flop clocked by REF_CLK)
  Endpoint: U_RegFile/regArr_reg[13][0]
            (rising edge-triggered flip-flop clocked by REF_CLK)
  Path Group: REF_CLK
  Path Type: max

  Point                                                   Incr       Path
  --------------------------------------------------------------------------
  clock REF_CLK (rise edge)                               0.00       0.00
  clock network delay (ideal)                             0.00       0.00
  U_SYS_CTRL/current_state_reg[1]/CK (DFFRQX2M)           0.00       0.00 r
  U_SYS_CTRL/current_state_reg[1]/Q (DFFRQX2M)            0.45       0.45 r
  U_SYS_CTRL/U44/Y (INVX2M)                               0.12       0.57 f
  U_SYS_CTRL/U42/Y (NOR2X2M)                              0.13       0.70 r
  U_SYS_CTRL/U19/Y (INVX2M)                               0.08       0.78 f
  U_SYS_CTRL/U12/Y (NOR3X2M)                              0.27       1.05 r
  U_SYS_CTRL/U43/Y (NAND2X2M)                             0.17       1.23 f
  U_SYS_CTRL/U41/Y (OAI22X1M)                             0.21       1.44 r
  U_SYS_CTRL/RF_Addres[1] (SYS_CTRL)                      0.00       1.44 r
  U3/Y (BUFX2M)                                           0.62       2.06 r
  U_RegFile/Address[1] (RegFile)                          0.00       2.06 r
  U_RegFile/U60/Y (INVX2M)                                0.15       2.21 f
  U_RegFile/U12/Y (BUFX2M)                                0.17       2.38 f
  U_RegFile/U11/Y (INVX2M)                                0.38       2.76 r
  U_RegFile/U5/Y (NOR2BX2M)                               0.18       2.94 f
  U_RegFile/U30/Y (NAND2X2M)                              0.24       3.18 r
  U_RegFile/U149/Y (OAI2BB2X1M)                           0.19       3.37 r
  U_RegFile/regArr_reg[13][0]/D (DFFRQX2M)                0.00       3.37 r
  data arrival time                                                  3.37

  clock REF_CLK (rise edge)                              20.00      20.00
  clock network delay (ideal)                             0.00      20.00
  clock uncertainty                                      -0.20      19.80
  U_RegFile/regArr_reg[13][0]/CK (DFFRQX2M)               0.00      19.80 r
  library setup time                                     -0.31      19.49
  data required time                                                19.49
  --------------------------------------------------------------------------
  data required time                                                19.49
  data arrival time                                                 -3.37
  --------------------------------------------------------------------------
  slack (MET)                                                       16.12


  Startpoint: U_SYS_CTRL/current_state_reg[1]
              (rising edge-triggered flip-flop clocked by REF_CLK)
  Endpoint: U_RegFile/regArr_reg[4][7]
            (rising edge-triggered flip-flop clocked by REF_CLK)
  Path Group: REF_CLK
  Path Type: max

  Point                                                   Incr       Path
  --------------------------------------------------------------------------
  clock REF_CLK (rise edge)                               0.00       0.00
  clock network delay (ideal)                             0.00       0.00
  U_SYS_CTRL/current_state_reg[1]/CK (DFFRQX2M)           0.00       0.00 r
  U_SYS_CTRL/current_state_reg[1]/Q (DFFRQX2M)            0.45       0.45 r
  U_SYS_CTRL/U44/Y (INVX2M)                               0.12       0.57 f
  U_SYS_CTRL/U42/Y (NOR2X2M)                              0.13       0.70 r
  U_SYS_CTRL/U19/Y (INVX2M)                               0.08       0.78 f
  U_SYS_CTRL/U12/Y (NOR3X2M)                              0.27       1.05 r
  U_SYS_CTRL/U43/Y (NAND2X2M)                             0.17       1.23 f
  U_SYS_CTRL/U41/Y (OAI22X1M)                             0.21       1.44 r
  U_SYS_CTRL/RF_Addres[1] (SYS_CTRL)                      0.00       1.44 r
  U3/Y (BUFX2M)                                           0.62       2.06 r
  U_RegFile/Address[1] (RegFile)                          0.00       2.06 r
  U_RegFile/U60/Y (INVX2M)                                0.15       2.21 f
  U_RegFile/U12/Y (BUFX2M)                                0.17       2.38 f
  U_RegFile/U11/Y (INVX2M)                                0.38       2.76 r
  U_RegFile/U5/Y (NOR2BX2M)                               0.18       2.94 f
  U_RegFile/U25/Y (NAND2X2M)                              0.24       3.18 r
  U_RegFile/U84/Y (OAI2BB2X1M)                            0.19       3.37 r
  U_RegFile/regArr_reg[4][7]/D (DFFRQX2M)                 0.00       3.37 r
  data arrival time                                                  3.37

  clock REF_CLK (rise edge)                              20.00      20.00
  clock network delay (ideal)                             0.00      20.00
  clock uncertainty                                      -0.20      19.80
  U_RegFile/regArr_reg[4][7]/CK (DFFRQX2M)                0.00      19.80 r
  library setup time                                     -0.31      19.49
  data required time                                                19.49
  --------------------------------------------------------------------------
  data required time                                                19.49
  data arrival time                                                 -3.37
  --------------------------------------------------------------------------
  slack (MET)                                                       16.13


  Startpoint: U_SYS_CTRL/current_state_reg[1]
              (rising edge-triggered flip-flop clocked by REF_CLK)
  Endpoint: U_RegFile/regArr_reg[4][6]
            (rising edge-triggered flip-flop clocked by REF_CLK)
  Path Group: REF_CLK
  Path Type: max

  Point                                                   Incr       Path
  --------------------------------------------------------------------------
  clock REF_CLK (rise edge)                               0.00       0.00
  clock network delay (ideal)                             0.00       0.00
  U_SYS_CTRL/current_state_reg[1]/CK (DFFRQX2M)           0.00       0.00 r
  U_SYS_CTRL/current_state_reg[1]/Q (DFFRQX2M)            0.45       0.45 r
  U_SYS_CTRL/U44/Y (INVX2M)                               0.12       0.57 f
  U_SYS_CTRL/U42/Y (NOR2X2M)                              0.13       0.70 r
  U_SYS_CTRL/U19/Y (INVX2M)                               0.08       0.78 f
  U_SYS_CTRL/U12/Y (NOR3X2M)                              0.27       1.05 r
  U_SYS_CTRL/U43/Y (NAND2X2M)                             0.17       1.23 f
  U_SYS_CTRL/U41/Y (OAI22X1M)                             0.21       1.44 r
  U_SYS_CTRL/RF_Addres[1] (SYS_CTRL)                      0.00       1.44 r
  U3/Y (BUFX2M)                                           0.62       2.06 r
  U_RegFile/Address[1] (RegFile)                          0.00       2.06 r
  U_RegFile/U60/Y (INVX2M)                                0.15       2.21 f
  U_RegFile/U12/Y (BUFX2M)                                0.17       2.38 f
  U_RegFile/U11/Y (INVX2M)                                0.38       2.76 r
  U_RegFile/U5/Y (NOR2BX2M)                               0.18       2.94 f
  U_RegFile/U25/Y (NAND2X2M)                              0.24       3.18 r
  U_RegFile/U83/Y (OAI2BB2X1M)                            0.19       3.37 r
  U_RegFile/regArr_reg[4][6]/D (DFFRQX2M)                 0.00       3.37 r
  data arrival time                                                  3.37

  clock REF_CLK (rise edge)                              20.00      20.00
  clock network delay (ideal)                             0.00      20.00
  clock uncertainty                                      -0.20      19.80
  U_RegFile/regArr_reg[4][6]/CK (DFFRQX2M)                0.00      19.80 r
  library setup time                                     -0.31      19.49
  data required time                                                19.49
  --------------------------------------------------------------------------
  data required time                                                19.49
  data arrival time                                                 -3.37
  --------------------------------------------------------------------------
  slack (MET)                                                       16.13


  Startpoint: U_SYS_CTRL/current_state_reg[1]
              (rising edge-triggered flip-flop clocked by REF_CLK)
  Endpoint: U_RegFile/regArr_reg[4][5]
            (rising edge-triggered flip-flop clocked by REF_CLK)
  Path Group: REF_CLK
  Path Type: max

  Point                                                   Incr       Path
  --------------------------------------------------------------------------
  clock REF_CLK (rise edge)                               0.00       0.00
  clock network delay (ideal)                             0.00       0.00
  U_SYS_CTRL/current_state_reg[1]/CK (DFFRQX2M)           0.00       0.00 r
  U_SYS_CTRL/current_state_reg[1]/Q (DFFRQX2M)            0.45       0.45 r
  U_SYS_CTRL/U44/Y (INVX2M)                               0.12       0.57 f
  U_SYS_CTRL/U42/Y (NOR2X2M)                              0.13       0.70 r
  U_SYS_CTRL/U19/Y (INVX2M)                               0.08       0.78 f
  U_SYS_CTRL/U12/Y (NOR3X2M)                              0.27       1.05 r
  U_SYS_CTRL/U43/Y (NAND2X2M)                             0.17       1.23 f
  U_SYS_CTRL/U41/Y (OAI22X1M)                             0.21       1.44 r
  U_SYS_CTRL/RF_Addres[1] (SYS_CTRL)                      0.00       1.44 r
  U3/Y (BUFX2M)                                           0.62       2.06 r
  U_RegFile/Address[1] (RegFile)                          0.00       2.06 r
  U_RegFile/U60/Y (INVX2M)                                0.15       2.21 f
  U_RegFile/U12/Y (BUFX2M)                                0.17       2.38 f
  U_RegFile/U11/Y (INVX2M)                                0.38       2.76 r
  U_RegFile/U5/Y (NOR2BX2M)                               0.18       2.94 f
  U_RegFile/U25/Y (NAND2X2M)                              0.24       3.18 r
  U_RegFile/U82/Y (OAI2BB2X1M)                            0.19       3.37 r
  U_RegFile/regArr_reg[4][5]/D (DFFRQX2M)                 0.00       3.37 r
  data arrival time                                                  3.37

  clock REF_CLK (rise edge)                              20.00      20.00
  clock network delay (ideal)                             0.00      20.00
  clock uncertainty                                      -0.20      19.80
  U_RegFile/regArr_reg[4][5]/CK (DFFRQX2M)                0.00      19.80 r
  library setup time                                     -0.31      19.49
  data required time                                                19.49
  --------------------------------------------------------------------------
  data required time                                                19.49
  data arrival time                                                 -3.37
  --------------------------------------------------------------------------
  slack (MET)                                                       16.13


  Startpoint: U_SYS_CTRL/current_state_reg[1]
              (rising edge-triggered flip-flop clocked by REF_CLK)
  Endpoint: U_RegFile/regArr_reg[4][4]
            (rising edge-triggered flip-flop clocked by REF_CLK)
  Path Group: REF_CLK
  Path Type: max

  Point                                                   Incr       Path
  --------------------------------------------------------------------------
  clock REF_CLK (rise edge)                               0.00       0.00
  clock network delay (ideal)                             0.00       0.00
  U_SYS_CTRL/current_state_reg[1]/CK (DFFRQX2M)           0.00       0.00 r
  U_SYS_CTRL/current_state_reg[1]/Q (DFFRQX2M)            0.45       0.45 r
  U_SYS_CTRL/U44/Y (INVX2M)                               0.12       0.57 f
  U_SYS_CTRL/U42/Y (NOR2X2M)                              0.13       0.70 r
  U_SYS_CTRL/U19/Y (INVX2M)                               0.08       0.78 f
  U_SYS_CTRL/U12/Y (NOR3X2M)                              0.27       1.05 r
  U_SYS_CTRL/U43/Y (NAND2X2M)                             0.17       1.23 f
  U_SYS_CTRL/U41/Y (OAI22X1M)                             0.21       1.44 r
  U_SYS_CTRL/RF_Addres[1] (SYS_CTRL)                      0.00       1.44 r
  U3/Y (BUFX2M)                                           0.62       2.06 r
  U_RegFile/Address[1] (RegFile)                          0.00       2.06 r
  U_RegFile/U60/Y (INVX2M)                                0.15       2.21 f
  U_RegFile/U12/Y (BUFX2M)                                0.17       2.38 f
  U_RegFile/U11/Y (INVX2M)                                0.38       2.76 r
  U_RegFile/U5/Y (NOR2BX2M)                               0.18       2.94 f
  U_RegFile/U25/Y (NAND2X2M)                              0.24       3.18 r
  U_RegFile/U81/Y (OAI2BB2X1M)                            0.19       3.37 r
  U_RegFile/regArr_reg[4][4]/D (DFFRQX2M)                 0.00       3.37 r
  data arrival time                                                  3.37

  clock REF_CLK (rise edge)                              20.00      20.00
  clock network delay (ideal)                             0.00      20.00
  clock uncertainty                                      -0.20      19.80
  U_RegFile/regArr_reg[4][4]/CK (DFFRQX2M)                0.00      19.80 r
  library setup time                                     -0.31      19.49
  data required time                                                19.49
  --------------------------------------------------------------------------
  data required time                                                19.49
  data arrival time                                                 -3.37
  --------------------------------------------------------------------------
  slack (MET)                                                       16.13


  Startpoint: U_SYS_CTRL/current_state_reg[1]
              (rising edge-triggered flip-flop clocked by REF_CLK)
  Endpoint: U_RegFile/regArr_reg[4][3]
            (rising edge-triggered flip-flop clocked by REF_CLK)
  Path Group: REF_CLK
  Path Type: max

  Point                                                   Incr       Path
  --------------------------------------------------------------------------
  clock REF_CLK (rise edge)                               0.00       0.00
  clock network delay (ideal)                             0.00       0.00
  U_SYS_CTRL/current_state_reg[1]/CK (DFFRQX2M)           0.00       0.00 r
  U_SYS_CTRL/current_state_reg[1]/Q (DFFRQX2M)            0.45       0.45 r
  U_SYS_CTRL/U44/Y (INVX2M)                               0.12       0.57 f
  U_SYS_CTRL/U42/Y (NOR2X2M)                              0.13       0.70 r
  U_SYS_CTRL/U19/Y (INVX2M)                               0.08       0.78 f
  U_SYS_CTRL/U12/Y (NOR3X2M)                              0.27       1.05 r
  U_SYS_CTRL/U43/Y (NAND2X2M)                             0.17       1.23 f
  U_SYS_CTRL/U41/Y (OAI22X1M)                             0.21       1.44 r
  U_SYS_CTRL/RF_Addres[1] (SYS_CTRL)                      0.00       1.44 r
  U3/Y (BUFX2M)                                           0.62       2.06 r
  U_RegFile/Address[1] (RegFile)                          0.00       2.06 r
  U_RegFile/U60/Y (INVX2M)                                0.15       2.21 f
  U_RegFile/U12/Y (BUFX2M)                                0.17       2.38 f
  U_RegFile/U11/Y (INVX2M)                                0.38       2.76 r
  U_RegFile/U5/Y (NOR2BX2M)                               0.18       2.94 f
  U_RegFile/U25/Y (NAND2X2M)                              0.24       3.18 r
  U_RegFile/U80/Y (OAI2BB2X1M)                            0.19       3.37 r
  U_RegFile/regArr_reg[4][3]/D (DFFRQX2M)                 0.00       3.37 r
  data arrival time                                                  3.37

  clock REF_CLK (rise edge)                              20.00      20.00
  clock network delay (ideal)                             0.00      20.00
  clock uncertainty                                      -0.20      19.80
  U_RegFile/regArr_reg[4][3]/CK (DFFRQX2M)                0.00      19.80 r
  library setup time                                     -0.31      19.49
  data required time                                                19.49
  --------------------------------------------------------------------------
  data required time                                                19.49
  data arrival time                                                 -3.37
  --------------------------------------------------------------------------
  slack (MET)                                                       16.13


  Startpoint: U_SYS_CTRL/current_state_reg[1]
              (rising edge-triggered flip-flop clocked by REF_CLK)
  Endpoint: U_RegFile/regArr_reg[4][2]
            (rising edge-triggered flip-flop clocked by REF_CLK)
  Path Group: REF_CLK
  Path Type: max

  Point                                                   Incr       Path
  --------------------------------------------------------------------------
  clock REF_CLK (rise edge)                               0.00       0.00
  clock network delay (ideal)                             0.00       0.00
  U_SYS_CTRL/current_state_reg[1]/CK (DFFRQX2M)           0.00       0.00 r
  U_SYS_CTRL/current_state_reg[1]/Q (DFFRQX2M)            0.45       0.45 r
  U_SYS_CTRL/U44/Y (INVX2M)                               0.12       0.57 f
  U_SYS_CTRL/U42/Y (NOR2X2M)                              0.13       0.70 r
  U_SYS_CTRL/U19/Y (INVX2M)                               0.08       0.78 f
  U_SYS_CTRL/U12/Y (NOR3X2M)                              0.27       1.05 r
  U_SYS_CTRL/U43/Y (NAND2X2M)                             0.17       1.23 f
  U_SYS_CTRL/U41/Y (OAI22X1M)                             0.21       1.44 r
  U_SYS_CTRL/RF_Addres[1] (SYS_CTRL)                      0.00       1.44 r
  U3/Y (BUFX2M)                                           0.62       2.06 r
  U_RegFile/Address[1] (RegFile)                          0.00       2.06 r
  U_RegFile/U60/Y (INVX2M)                                0.15       2.21 f
  U_RegFile/U12/Y (BUFX2M)                                0.17       2.38 f
  U_RegFile/U11/Y (INVX2M)                                0.38       2.76 r
  U_RegFile/U5/Y (NOR2BX2M)                               0.18       2.94 f
  U_RegFile/U25/Y (NAND2X2M)                              0.24       3.18 r
  U_RegFile/U79/Y (OAI2BB2X1M)                            0.19       3.37 r
  U_RegFile/regArr_reg[4][2]/D (DFFRQX2M)                 0.00       3.37 r
  data arrival time                                                  3.37

  clock REF_CLK (rise edge)                              20.00      20.00
  clock network delay (ideal)                             0.00      20.00
  clock uncertainty                                      -0.20      19.80
  U_RegFile/regArr_reg[4][2]/CK (DFFRQX2M)                0.00      19.80 r
  library setup time                                     -0.31      19.49
  data required time                                                19.49
  --------------------------------------------------------------------------
  data required time                                                19.49
  data arrival time                                                 -3.37
  --------------------------------------------------------------------------
  slack (MET)                                                       16.13


  Startpoint: U_SYS_CTRL/current_state_reg[1]
              (rising edge-triggered flip-flop clocked by REF_CLK)
  Endpoint: U_RegFile/regArr_reg[4][1]
            (rising edge-triggered flip-flop clocked by REF_CLK)
  Path Group: REF_CLK
  Path Type: max

  Point                                                   Incr       Path
  --------------------------------------------------------------------------
  clock REF_CLK (rise edge)                               0.00       0.00
  clock network delay (ideal)                             0.00       0.00
  U_SYS_CTRL/current_state_reg[1]/CK (DFFRQX2M)           0.00       0.00 r
  U_SYS_CTRL/current_state_reg[1]/Q (DFFRQX2M)            0.45       0.45 r
  U_SYS_CTRL/U44/Y (INVX2M)                               0.12       0.57 f
  U_SYS_CTRL/U42/Y (NOR2X2M)                              0.13       0.70 r
  U_SYS_CTRL/U19/Y (INVX2M)                               0.08       0.78 f
  U_SYS_CTRL/U12/Y (NOR3X2M)                              0.27       1.05 r
  U_SYS_CTRL/U43/Y (NAND2X2M)                             0.17       1.23 f
  U_SYS_CTRL/U41/Y (OAI22X1M)                             0.21       1.44 r
  U_SYS_CTRL/RF_Addres[1] (SYS_CTRL)                      0.00       1.44 r
  U3/Y (BUFX2M)                                           0.62       2.06 r
  U_RegFile/Address[1] (RegFile)                          0.00       2.06 r
  U_RegFile/U60/Y (INVX2M)                                0.15       2.21 f
  U_RegFile/U12/Y (BUFX2M)                                0.17       2.38 f
  U_RegFile/U11/Y (INVX2M)                                0.38       2.76 r
  U_RegFile/U5/Y (NOR2BX2M)                               0.18       2.94 f
  U_RegFile/U25/Y (NAND2X2M)                              0.24       3.18 r
  U_RegFile/U78/Y (OAI2BB2X1M)                            0.19       3.37 r
  U_RegFile/regArr_reg[4][1]/D (DFFRQX2M)                 0.00       3.37 r
  data arrival time                                                  3.37

  clock REF_CLK (rise edge)                              20.00      20.00
  clock network delay (ideal)                             0.00      20.00
  clock uncertainty                                      -0.20      19.80
  U_RegFile/regArr_reg[4][1]/CK (DFFRQX2M)                0.00      19.80 r
  library setup time                                     -0.31      19.49
  data required time                                                19.49
  --------------------------------------------------------------------------
  data required time                                                19.49
  data arrival time                                                 -3.37
  --------------------------------------------------------------------------
  slack (MET)                                                       16.13


  Startpoint: U_SYS_CTRL/current_state_reg[1]
              (rising edge-triggered flip-flop clocked by REF_CLK)
  Endpoint: U_RegFile/regArr_reg[4][0]
            (rising edge-triggered flip-flop clocked by REF_CLK)
  Path Group: REF_CLK
  Path Type: max

  Point                                                   Incr       Path
  --------------------------------------------------------------------------
  clock REF_CLK (rise edge)                               0.00       0.00
  clock network delay (ideal)                             0.00       0.00
  U_SYS_CTRL/current_state_reg[1]/CK (DFFRQX2M)           0.00       0.00 r
  U_SYS_CTRL/current_state_reg[1]/Q (DFFRQX2M)            0.45       0.45 r
  U_SYS_CTRL/U44/Y (INVX2M)                               0.12       0.57 f
  U_SYS_CTRL/U42/Y (NOR2X2M)                              0.13       0.70 r
  U_SYS_CTRL/U19/Y (INVX2M)                               0.08       0.78 f
  U_SYS_CTRL/U12/Y (NOR3X2M)                              0.27       1.05 r
  U_SYS_CTRL/U43/Y (NAND2X2M)                             0.17       1.23 f
  U_SYS_CTRL/U41/Y (OAI22X1M)                             0.21       1.44 r
  U_SYS_CTRL/RF_Addres[1] (SYS_CTRL)                      0.00       1.44 r
  U3/Y (BUFX2M)                                           0.62       2.06 r
  U_RegFile/Address[1] (RegFile)                          0.00       2.06 r
  U_RegFile/U60/Y (INVX2M)                                0.15       2.21 f
  U_RegFile/U12/Y (BUFX2M)                                0.17       2.38 f
  U_RegFile/U11/Y (INVX2M)                                0.38       2.76 r
  U_RegFile/U5/Y (NOR2BX2M)                               0.18       2.94 f
  U_RegFile/U25/Y (NAND2X2M)                              0.24       3.18 r
  U_RegFile/U77/Y (OAI2BB2X1M)                            0.19       3.37 r
  U_RegFile/regArr_reg[4][0]/D (DFFRQX2M)                 0.00       3.37 r
  data arrival time                                                  3.37

  clock REF_CLK (rise edge)                              20.00      20.00
  clock network delay (ideal)                             0.00      20.00
  clock uncertainty                                      -0.20      19.80
  U_RegFile/regArr_reg[4][0]/CK (DFFRQX2M)                0.00      19.80 r
  library setup time                                     -0.31      19.49
  data required time                                                19.49
  --------------------------------------------------------------------------
  data required time                                                19.49
  data arrival time                                                 -3.37
  --------------------------------------------------------------------------
  slack (MET)                                                       16.13


  Startpoint: U_SYS_CTRL/current_state_reg[1]
              (rising edge-triggered flip-flop clocked by REF_CLK)
  Endpoint: U_RegFile/regArr_reg[5][7]
            (rising edge-triggered flip-flop clocked by REF_CLK)
  Path Group: REF_CLK
  Path Type: max

  Point                                                   Incr       Path
  --------------------------------------------------------------------------
  clock REF_CLK (rise edge)                               0.00       0.00
  clock network delay (ideal)                             0.00       0.00
  U_SYS_CTRL/current_state_reg[1]/CK (DFFRQX2M)           0.00       0.00 r
  U_SYS_CTRL/current_state_reg[1]/Q (DFFRQX2M)            0.45       0.45 r
  U_SYS_CTRL/U44/Y (INVX2M)                               0.12       0.57 f
  U_SYS_CTRL/U42/Y (NOR2X2M)                              0.13       0.70 r
  U_SYS_CTRL/U19/Y (INVX2M)                               0.08       0.78 f
  U_SYS_CTRL/U12/Y (NOR3X2M)                              0.27       1.05 r
  U_SYS_CTRL/U43/Y (NAND2X2M)                             0.17       1.23 f
  U_SYS_CTRL/U41/Y (OAI22X1M)                             0.21       1.44 r
  U_SYS_CTRL/RF_Addres[1] (SYS_CTRL)                      0.00       1.44 r
  U3/Y (BUFX2M)                                           0.62       2.06 r
  U_RegFile/Address[1] (RegFile)                          0.00       2.06 r
  U_RegFile/U60/Y (INVX2M)                                0.15       2.21 f
  U_RegFile/U12/Y (BUFX2M)                                0.17       2.38 f
  U_RegFile/U11/Y (INVX2M)                                0.38       2.76 r
  U_RegFile/U5/Y (NOR2BX2M)                               0.18       2.94 f
  U_RegFile/U26/Y (NAND2X2M)                              0.24       3.18 r
  U_RegFile/U92/Y (OAI2BB2X1M)                            0.19       3.37 r
  U_RegFile/regArr_reg[5][7]/D (DFFRQX2M)                 0.00       3.37 r
  data arrival time                                                  3.37

  clock REF_CLK (rise edge)                              20.00      20.00
  clock network delay (ideal)                             0.00      20.00
  clock uncertainty                                      -0.20      19.80
  U_RegFile/regArr_reg[5][7]/CK (DFFRQX2M)                0.00      19.80 r
  library setup time                                     -0.31      19.49
  data required time                                                19.49
  --------------------------------------------------------------------------
  data required time                                                19.49
  data arrival time                                                 -3.37
  --------------------------------------------------------------------------
  slack (MET)                                                       16.13


  Startpoint: U_SYS_CTRL/current_state_reg[1]
              (rising edge-triggered flip-flop clocked by REF_CLK)
  Endpoint: U_RegFile/regArr_reg[5][6]
            (rising edge-triggered flip-flop clocked by REF_CLK)
  Path Group: REF_CLK
  Path Type: max

  Point                                                   Incr       Path
  --------------------------------------------------------------------------
  clock REF_CLK (rise edge)                               0.00       0.00
  clock network delay (ideal)                             0.00       0.00
  U_SYS_CTRL/current_state_reg[1]/CK (DFFRQX2M)           0.00       0.00 r
  U_SYS_CTRL/current_state_reg[1]/Q (DFFRQX2M)            0.45       0.45 r
  U_SYS_CTRL/U44/Y (INVX2M)                               0.12       0.57 f
  U_SYS_CTRL/U42/Y (NOR2X2M)                              0.13       0.70 r
  U_SYS_CTRL/U19/Y (INVX2M)                               0.08       0.78 f
  U_SYS_CTRL/U12/Y (NOR3X2M)                              0.27       1.05 r
  U_SYS_CTRL/U43/Y (NAND2X2M)                             0.17       1.23 f
  U_SYS_CTRL/U41/Y (OAI22X1M)                             0.21       1.44 r
  U_SYS_CTRL/RF_Addres[1] (SYS_CTRL)                      0.00       1.44 r
  U3/Y (BUFX2M)                                           0.62       2.06 r
  U_RegFile/Address[1] (RegFile)                          0.00       2.06 r
  U_RegFile/U60/Y (INVX2M)                                0.15       2.21 f
  U_RegFile/U12/Y (BUFX2M)                                0.17       2.38 f
  U_RegFile/U11/Y (INVX2M)                                0.38       2.76 r
  U_RegFile/U5/Y (NOR2BX2M)                               0.18       2.94 f
  U_RegFile/U26/Y (NAND2X2M)                              0.24       3.18 r
  U_RegFile/U91/Y (OAI2BB2X1M)                            0.19       3.37 r
  U_RegFile/regArr_reg[5][6]/D (DFFRQX2M)                 0.00       3.37 r
  data arrival time                                                  3.37

  clock REF_CLK (rise edge)                              20.00      20.00
  clock network delay (ideal)                             0.00      20.00
  clock uncertainty                                      -0.20      19.80
  U_RegFile/regArr_reg[5][6]/CK (DFFRQX2M)                0.00      19.80 r
  library setup time                                     -0.31      19.49
  data required time                                                19.49
  --------------------------------------------------------------------------
  data required time                                                19.49
  data arrival time                                                 -3.37
  --------------------------------------------------------------------------
  slack (MET)                                                       16.13


  Startpoint: U_SYS_CTRL/current_state_reg[1]
              (rising edge-triggered flip-flop clocked by REF_CLK)
  Endpoint: U_RegFile/regArr_reg[5][5]
            (rising edge-triggered flip-flop clocked by REF_CLK)
  Path Group: REF_CLK
  Path Type: max

  Point                                                   Incr       Path
  --------------------------------------------------------------------------
  clock REF_CLK (rise edge)                               0.00       0.00
  clock network delay (ideal)                             0.00       0.00
  U_SYS_CTRL/current_state_reg[1]/CK (DFFRQX2M)           0.00       0.00 r
  U_SYS_CTRL/current_state_reg[1]/Q (DFFRQX2M)            0.45       0.45 r
  U_SYS_CTRL/U44/Y (INVX2M)                               0.12       0.57 f
  U_SYS_CTRL/U42/Y (NOR2X2M)                              0.13       0.70 r
  U_SYS_CTRL/U19/Y (INVX2M)                               0.08       0.78 f
  U_SYS_CTRL/U12/Y (NOR3X2M)                              0.27       1.05 r
  U_SYS_CTRL/U43/Y (NAND2X2M)                             0.17       1.23 f
  U_SYS_CTRL/U41/Y (OAI22X1M)                             0.21       1.44 r
  U_SYS_CTRL/RF_Addres[1] (SYS_CTRL)                      0.00       1.44 r
  U3/Y (BUFX2M)                                           0.62       2.06 r
  U_RegFile/Address[1] (RegFile)                          0.00       2.06 r
  U_RegFile/U60/Y (INVX2M)                                0.15       2.21 f
  U_RegFile/U12/Y (BUFX2M)                                0.17       2.38 f
  U_RegFile/U11/Y (INVX2M)                                0.38       2.76 r
  U_RegFile/U5/Y (NOR2BX2M)                               0.18       2.94 f
  U_RegFile/U26/Y (NAND2X2M)                              0.24       3.18 r
  U_RegFile/U90/Y (OAI2BB2X1M)                            0.19       3.37 r
  U_RegFile/regArr_reg[5][5]/D (DFFRQX2M)                 0.00       3.37 r
  data arrival time                                                  3.37

  clock REF_CLK (rise edge)                              20.00      20.00
  clock network delay (ideal)                             0.00      20.00
  clock uncertainty                                      -0.20      19.80
  U_RegFile/regArr_reg[5][5]/CK (DFFRQX2M)                0.00      19.80 r
  library setup time                                     -0.31      19.49
  data required time                                                19.49
  --------------------------------------------------------------------------
  data required time                                                19.49
  data arrival time                                                 -3.37
  --------------------------------------------------------------------------
  slack (MET)                                                       16.13


  Startpoint: U_SYS_CTRL/current_state_reg[1]
              (rising edge-triggered flip-flop clocked by REF_CLK)
  Endpoint: U_RegFile/regArr_reg[5][4]
            (rising edge-triggered flip-flop clocked by REF_CLK)
  Path Group: REF_CLK
  Path Type: max

  Point                                                   Incr       Path
  --------------------------------------------------------------------------
  clock REF_CLK (rise edge)                               0.00       0.00
  clock network delay (ideal)                             0.00       0.00
  U_SYS_CTRL/current_state_reg[1]/CK (DFFRQX2M)           0.00       0.00 r
  U_SYS_CTRL/current_state_reg[1]/Q (DFFRQX2M)            0.45       0.45 r
  U_SYS_CTRL/U44/Y (INVX2M)                               0.12       0.57 f
  U_SYS_CTRL/U42/Y (NOR2X2M)                              0.13       0.70 r
  U_SYS_CTRL/U19/Y (INVX2M)                               0.08       0.78 f
  U_SYS_CTRL/U12/Y (NOR3X2M)                              0.27       1.05 r
  U_SYS_CTRL/U43/Y (NAND2X2M)                             0.17       1.23 f
  U_SYS_CTRL/U41/Y (OAI22X1M)                             0.21       1.44 r
  U_SYS_CTRL/RF_Addres[1] (SYS_CTRL)                      0.00       1.44 r
  U3/Y (BUFX2M)                                           0.62       2.06 r
  U_RegFile/Address[1] (RegFile)                          0.00       2.06 r
  U_RegFile/U60/Y (INVX2M)                                0.15       2.21 f
  U_RegFile/U12/Y (BUFX2M)                                0.17       2.38 f
  U_RegFile/U11/Y (INVX2M)                                0.38       2.76 r
  U_RegFile/U5/Y (NOR2BX2M)                               0.18       2.94 f
  U_RegFile/U26/Y (NAND2X2M)                              0.24       3.18 r
  U_RegFile/U89/Y (OAI2BB2X1M)                            0.19       3.37 r
  U_RegFile/regArr_reg[5][4]/D (DFFRQX2M)                 0.00       3.37 r
  data arrival time                                                  3.37

  clock REF_CLK (rise edge)                              20.00      20.00
  clock network delay (ideal)                             0.00      20.00
  clock uncertainty                                      -0.20      19.80
  U_RegFile/regArr_reg[5][4]/CK (DFFRQX2M)                0.00      19.80 r
  library setup time                                     -0.31      19.49
  data required time                                                19.49
  --------------------------------------------------------------------------
  data required time                                                19.49
  data arrival time                                                 -3.37
  --------------------------------------------------------------------------
  slack (MET)                                                       16.13


  Startpoint: U_SYS_CTRL/current_state_reg[1]
              (rising edge-triggered flip-flop clocked by REF_CLK)
  Endpoint: U_RegFile/regArr_reg[5][3]
            (rising edge-triggered flip-flop clocked by REF_CLK)
  Path Group: REF_CLK
  Path Type: max

  Point                                                   Incr       Path
  --------------------------------------------------------------------------
  clock REF_CLK (rise edge)                               0.00       0.00
  clock network delay (ideal)                             0.00       0.00
  U_SYS_CTRL/current_state_reg[1]/CK (DFFRQX2M)           0.00       0.00 r
  U_SYS_CTRL/current_state_reg[1]/Q (DFFRQX2M)            0.45       0.45 r
  U_SYS_CTRL/U44/Y (INVX2M)                               0.12       0.57 f
  U_SYS_CTRL/U42/Y (NOR2X2M)                              0.13       0.70 r
  U_SYS_CTRL/U19/Y (INVX2M)                               0.08       0.78 f
  U_SYS_CTRL/U12/Y (NOR3X2M)                              0.27       1.05 r
  U_SYS_CTRL/U43/Y (NAND2X2M)                             0.17       1.23 f
  U_SYS_CTRL/U41/Y (OAI22X1M)                             0.21       1.44 r
  U_SYS_CTRL/RF_Addres[1] (SYS_CTRL)                      0.00       1.44 r
  U3/Y (BUFX2M)                                           0.62       2.06 r
  U_RegFile/Address[1] (RegFile)                          0.00       2.06 r
  U_RegFile/U60/Y (INVX2M)                                0.15       2.21 f
  U_RegFile/U12/Y (BUFX2M)                                0.17       2.38 f
  U_RegFile/U11/Y (INVX2M)                                0.38       2.76 r
  U_RegFile/U5/Y (NOR2BX2M)                               0.18       2.94 f
  U_RegFile/U26/Y (NAND2X2M)                              0.24       3.18 r
  U_RegFile/U88/Y (OAI2BB2X1M)                            0.19       3.37 r
  U_RegFile/regArr_reg[5][3]/D (DFFRQX2M)                 0.00       3.37 r
  data arrival time                                                  3.37

  clock REF_CLK (rise edge)                              20.00      20.00
  clock network delay (ideal)                             0.00      20.00
  clock uncertainty                                      -0.20      19.80
  U_RegFile/regArr_reg[5][3]/CK (DFFRQX2M)                0.00      19.80 r
  library setup time                                     -0.31      19.49
  data required time                                                19.49
  --------------------------------------------------------------------------
  data required time                                                19.49
  data arrival time                                                 -3.37
  --------------------------------------------------------------------------
  slack (MET)                                                       16.13


  Startpoint: U_SYS_CTRL/current_state_reg[1]
              (rising edge-triggered flip-flop clocked by REF_CLK)
  Endpoint: U_RegFile/regArr_reg[5][2]
            (rising edge-triggered flip-flop clocked by REF_CLK)
  Path Group: REF_CLK
  Path Type: max

  Point                                                   Incr       Path
  --------------------------------------------------------------------------
  clock REF_CLK (rise edge)                               0.00       0.00
  clock network delay (ideal)                             0.00       0.00
  U_SYS_CTRL/current_state_reg[1]/CK (DFFRQX2M)           0.00       0.00 r
  U_SYS_CTRL/current_state_reg[1]/Q (DFFRQX2M)            0.45       0.45 r
  U_SYS_CTRL/U44/Y (INVX2M)                               0.12       0.57 f
  U_SYS_CTRL/U42/Y (NOR2X2M)                              0.13       0.70 r
  U_SYS_CTRL/U19/Y (INVX2M)                               0.08       0.78 f
  U_SYS_CTRL/U12/Y (NOR3X2M)                              0.27       1.05 r
  U_SYS_CTRL/U43/Y (NAND2X2M)                             0.17       1.23 f
  U_SYS_CTRL/U41/Y (OAI22X1M)                             0.21       1.44 r
  U_SYS_CTRL/RF_Addres[1] (SYS_CTRL)                      0.00       1.44 r
  U3/Y (BUFX2M)                                           0.62       2.06 r
  U_RegFile/Address[1] (RegFile)                          0.00       2.06 r
  U_RegFile/U60/Y (INVX2M)                                0.15       2.21 f
  U_RegFile/U12/Y (BUFX2M)                                0.17       2.38 f
  U_RegFile/U11/Y (INVX2M)                                0.38       2.76 r
  U_RegFile/U5/Y (NOR2BX2M)                               0.18       2.94 f
  U_RegFile/U26/Y (NAND2X2M)                              0.24       3.18 r
  U_RegFile/U87/Y (OAI2BB2X1M)                            0.19       3.37 r
  U_RegFile/regArr_reg[5][2]/D (DFFRQX2M)                 0.00       3.37 r
  data arrival time                                                  3.37

  clock REF_CLK (rise edge)                              20.00      20.00
  clock network delay (ideal)                             0.00      20.00
  clock uncertainty                                      -0.20      19.80
  U_RegFile/regArr_reg[5][2]/CK (DFFRQX2M)                0.00      19.80 r
  library setup time                                     -0.31      19.49
  data required time                                                19.49
  --------------------------------------------------------------------------
  data required time                                                19.49
  data arrival time                                                 -3.37
  --------------------------------------------------------------------------
  slack (MET)                                                       16.13


  Startpoint: U_SYS_CTRL/current_state_reg[1]
              (rising edge-triggered flip-flop clocked by REF_CLK)
  Endpoint: U_RegFile/regArr_reg[5][1]
            (rising edge-triggered flip-flop clocked by REF_CLK)
  Path Group: REF_CLK
  Path Type: max

  Point                                                   Incr       Path
  --------------------------------------------------------------------------
  clock REF_CLK (rise edge)                               0.00       0.00
  clock network delay (ideal)                             0.00       0.00
  U_SYS_CTRL/current_state_reg[1]/CK (DFFRQX2M)           0.00       0.00 r
  U_SYS_CTRL/current_state_reg[1]/Q (DFFRQX2M)            0.45       0.45 r
  U_SYS_CTRL/U44/Y (INVX2M)                               0.12       0.57 f
  U_SYS_CTRL/U42/Y (NOR2X2M)                              0.13       0.70 r
  U_SYS_CTRL/U19/Y (INVX2M)                               0.08       0.78 f
  U_SYS_CTRL/U12/Y (NOR3X2M)                              0.27       1.05 r
  U_SYS_CTRL/U43/Y (NAND2X2M)                             0.17       1.23 f
  U_SYS_CTRL/U41/Y (OAI22X1M)                             0.21       1.44 r
  U_SYS_CTRL/RF_Addres[1] (SYS_CTRL)                      0.00       1.44 r
  U3/Y (BUFX2M)                                           0.62       2.06 r
  U_RegFile/Address[1] (RegFile)                          0.00       2.06 r
  U_RegFile/U60/Y (INVX2M)                                0.15       2.21 f
  U_RegFile/U12/Y (BUFX2M)                                0.17       2.38 f
  U_RegFile/U11/Y (INVX2M)                                0.38       2.76 r
  U_RegFile/U5/Y (NOR2BX2M)                               0.18       2.94 f
  U_RegFile/U26/Y (NAND2X2M)                              0.24       3.18 r
  U_RegFile/U86/Y (OAI2BB2X1M)                            0.19       3.37 r
  U_RegFile/regArr_reg[5][1]/D (DFFRQX2M)                 0.00       3.37 r
  data arrival time                                                  3.37

  clock REF_CLK (rise edge)                              20.00      20.00
  clock network delay (ideal)                             0.00      20.00
  clock uncertainty                                      -0.20      19.80
  U_RegFile/regArr_reg[5][1]/CK (DFFRQX2M)                0.00      19.80 r
  library setup time                                     -0.31      19.49
  data required time                                                19.49
  --------------------------------------------------------------------------
  data required time                                                19.49
  data arrival time                                                 -3.37
  --------------------------------------------------------------------------
  slack (MET)                                                       16.13


  Startpoint: U_SYS_CTRL/current_state_reg[1]
              (rising edge-triggered flip-flop clocked by REF_CLK)
  Endpoint: U_RegFile/regArr_reg[5][0]
            (rising edge-triggered flip-flop clocked by REF_CLK)
  Path Group: REF_CLK
  Path Type: max

  Point                                                   Incr       Path
  --------------------------------------------------------------------------
  clock REF_CLK (rise edge)                               0.00       0.00
  clock network delay (ideal)                             0.00       0.00
  U_SYS_CTRL/current_state_reg[1]/CK (DFFRQX2M)           0.00       0.00 r
  U_SYS_CTRL/current_state_reg[1]/Q (DFFRQX2M)            0.45       0.45 r
  U_SYS_CTRL/U44/Y (INVX2M)                               0.12       0.57 f
  U_SYS_CTRL/U42/Y (NOR2X2M)                              0.13       0.70 r
  U_SYS_CTRL/U19/Y (INVX2M)                               0.08       0.78 f
  U_SYS_CTRL/U12/Y (NOR3X2M)                              0.27       1.05 r
  U_SYS_CTRL/U43/Y (NAND2X2M)                             0.17       1.23 f
  U_SYS_CTRL/U41/Y (OAI22X1M)                             0.21       1.44 r
  U_SYS_CTRL/RF_Addres[1] (SYS_CTRL)                      0.00       1.44 r
  U3/Y (BUFX2M)                                           0.62       2.06 r
  U_RegFile/Address[1] (RegFile)                          0.00       2.06 r
  U_RegFile/U60/Y (INVX2M)                                0.15       2.21 f
  U_RegFile/U12/Y (BUFX2M)                                0.17       2.38 f
  U_RegFile/U11/Y (INVX2M)                                0.38       2.76 r
  U_RegFile/U5/Y (NOR2BX2M)                               0.18       2.94 f
  U_RegFile/U26/Y (NAND2X2M)                              0.24       3.18 r
  U_RegFile/U85/Y (OAI2BB2X1M)                            0.19       3.37 r
  U_RegFile/regArr_reg[5][0]/D (DFFRQX2M)                 0.00       3.37 r
  data arrival time                                                  3.37

  clock REF_CLK (rise edge)                              20.00      20.00
  clock network delay (ideal)                             0.00      20.00
  clock uncertainty                                      -0.20      19.80
  U_RegFile/regArr_reg[5][0]/CK (DFFRQX2M)                0.00      19.80 r
  library setup time                                     -0.31      19.49
  data required time                                                19.49
  --------------------------------------------------------------------------
  data required time                                                19.49
  data arrival time                                                 -3.37
  --------------------------------------------------------------------------
  slack (MET)                                                       16.13


  Startpoint: U_FIFO/WRITE_MODULE/ADD_COUNTER_reg[2]
              (rising edge-triggered flip-flop clocked by REF_CLK)
  Endpoint: U_FIFO/MEMORY_MODULE/MEMORY_reg[0][7]
            (rising edge-triggered flip-flop clocked by REF_CLK)
  Path Group: REF_CLK
  Path Type: max

  Point                                                   Incr       Path
  --------------------------------------------------------------------------
  clock REF_CLK (rise edge)                               0.00       0.00
  clock network delay (ideal)                             0.00       0.00
  U_FIFO/WRITE_MODULE/ADD_COUNTER_reg[2]/CK (DFFRQX2M)
                                                          0.00       0.00 r
  U_FIFO/WRITE_MODULE/ADD_COUNTER_reg[2]/Q (DFFRQX2M)     0.52       0.52 f
  U_FIFO/WRITE_MODULE/U11/Y (CLKXOR2X2M)                  0.28       0.81 r
  U_FIFO/WRITE_MODULE/U10/Y (CLKXOR2X2M)                  0.30       1.11 f
  U_FIFO/WRITE_MODULE/U7/Y (NAND4X2M)                     0.12       1.23 r
  U_FIFO/WRITE_MODULE/U3/Y (INVX2M)                       0.09       1.32 f
  U_FIFO/WRITE_MODULE/FULL (FIFO_WR_ADDRES_WIDTH4)        0.00       1.32 f
  U_FIFO/FULL (ASYNC_FIFO_ADDRES_WIDTH4_DATA_WIDTH8_FIFO_DEPTH8)
                                                          0.00       1.32 f
  U_SYS_CTRL/FULL_FLAG (SYS_CTRL)                         0.00       1.32 f
  U_SYS_CTRL/U46/Y (NOR3X2M)                              0.19       1.52 r
  U_SYS_CTRL/U45/Y (AND3X2M)                              0.30       1.82 r
  U_SYS_CTRL/U20/Y (OR3X2M)                               0.20       2.02 r
  U_SYS_CTRL/TX_D_VALID (SYS_CTRL)                        0.00       2.02 r
  U_FIFO/W_INC (ASYNC_FIFO_ADDRES_WIDTH4_DATA_WIDTH8_FIFO_DEPTH8)
                                                          0.00       2.02 r
  U_FIFO/MEMORY_MODULE/W_INC (FIFO_MEM_CNTRL_ADDRES_WIDTH4_DATA_WIDTH8_FIFO_DEPTH8)
                                                          0.00       2.02 r
  U_FIFO/MEMORY_MODULE/U13/Y (NOR2BX2M)                   0.16       2.17 r
  U_FIFO/MEMORY_MODULE/U18/Y (NOR2BX2M)                   0.27       2.45 r
  U_FIFO/MEMORY_MODULE/U17/Y (NAND3X2M)                   0.31       2.76 f
  U_FIFO/MEMORY_MODULE/U26/Y (OAI2BB2X1M)                 0.21       2.96 r
  U_FIFO/MEMORY_MODULE/MEMORY_reg[0][7]/D (DFFRQX2M)      0.00       2.96 r
  data arrival time                                                  2.96

  clock REF_CLK (rise edge)                              20.00      20.00
  clock network delay (ideal)                             0.00      20.00
  clock uncertainty                                      -0.20      19.80
  U_FIFO/MEMORY_MODULE/MEMORY_reg[0][7]/CK (DFFRQX2M)     0.00      19.80 r
  library setup time                                     -0.31      19.49
  data required time                                                19.49
  --------------------------------------------------------------------------
  data required time                                                19.49
  data arrival time                                                 -2.96
  --------------------------------------------------------------------------
  slack (MET)                                                       16.53


  Startpoint: U_FIFO/WRITE_MODULE/ADD_COUNTER_reg[2]
              (rising edge-triggered flip-flop clocked by REF_CLK)
  Endpoint: U_FIFO/MEMORY_MODULE/MEMORY_reg[0][6]
            (rising edge-triggered flip-flop clocked by REF_CLK)
  Path Group: REF_CLK
  Path Type: max

  Point                                                   Incr       Path
  --------------------------------------------------------------------------
  clock REF_CLK (rise edge)                               0.00       0.00
  clock network delay (ideal)                             0.00       0.00
  U_FIFO/WRITE_MODULE/ADD_COUNTER_reg[2]/CK (DFFRQX2M)
                                                          0.00       0.00 r
  U_FIFO/WRITE_MODULE/ADD_COUNTER_reg[2]/Q (DFFRQX2M)     0.52       0.52 f
  U_FIFO/WRITE_MODULE/U11/Y (CLKXOR2X2M)                  0.28       0.81 r
  U_FIFO/WRITE_MODULE/U10/Y (CLKXOR2X2M)                  0.30       1.11 f
  U_FIFO/WRITE_MODULE/U7/Y (NAND4X2M)                     0.12       1.23 r
  U_FIFO/WRITE_MODULE/U3/Y (INVX2M)                       0.09       1.32 f
  U_FIFO/WRITE_MODULE/FULL (FIFO_WR_ADDRES_WIDTH4)        0.00       1.32 f
  U_FIFO/FULL (ASYNC_FIFO_ADDRES_WIDTH4_DATA_WIDTH8_FIFO_DEPTH8)
                                                          0.00       1.32 f
  U_SYS_CTRL/FULL_FLAG (SYS_CTRL)                         0.00       1.32 f
  U_SYS_CTRL/U46/Y (NOR3X2M)                              0.19       1.52 r
  U_SYS_CTRL/U45/Y (AND3X2M)                              0.30       1.82 r
  U_SYS_CTRL/U20/Y (OR3X2M)                               0.20       2.02 r
  U_SYS_CTRL/TX_D_VALID (SYS_CTRL)                        0.00       2.02 r
  U_FIFO/W_INC (ASYNC_FIFO_ADDRES_WIDTH4_DATA_WIDTH8_FIFO_DEPTH8)
                                                          0.00       2.02 r
  U_FIFO/MEMORY_MODULE/W_INC (FIFO_MEM_CNTRL_ADDRES_WIDTH4_DATA_WIDTH8_FIFO_DEPTH8)
                                                          0.00       2.02 r
  U_FIFO/MEMORY_MODULE/U13/Y (NOR2BX2M)                   0.16       2.17 r
  U_FIFO/MEMORY_MODULE/U18/Y (NOR2BX2M)                   0.27       2.45 r
  U_FIFO/MEMORY_MODULE/U17/Y (NAND3X2M)                   0.31       2.76 f
  U_FIFO/MEMORY_MODULE/U25/Y (OAI2BB2X1M)                 0.21       2.96 r
  U_FIFO/MEMORY_MODULE/MEMORY_reg[0][6]/D (DFFRQX2M)      0.00       2.96 r
  data arrival time                                                  2.96

  clock REF_CLK (rise edge)                              20.00      20.00
  clock network delay (ideal)                             0.00      20.00
  clock uncertainty                                      -0.20      19.80
  U_FIFO/MEMORY_MODULE/MEMORY_reg[0][6]/CK (DFFRQX2M)     0.00      19.80 r
  library setup time                                     -0.31      19.49
  data required time                                                19.49
  --------------------------------------------------------------------------
  data required time                                                19.49
  data arrival time                                                 -2.96
  --------------------------------------------------------------------------
  slack (MET)                                                       16.53


  Startpoint: U_FIFO/WRITE_MODULE/ADD_COUNTER_reg[2]
              (rising edge-triggered flip-flop clocked by REF_CLK)
  Endpoint: U_FIFO/MEMORY_MODULE/MEMORY_reg[0][5]
            (rising edge-triggered flip-flop clocked by REF_CLK)
  Path Group: REF_CLK
  Path Type: max

  Point                                                   Incr       Path
  --------------------------------------------------------------------------
  clock REF_CLK (rise edge)                               0.00       0.00
  clock network delay (ideal)                             0.00       0.00
  U_FIFO/WRITE_MODULE/ADD_COUNTER_reg[2]/CK (DFFRQX2M)
                                                          0.00       0.00 r
  U_FIFO/WRITE_MODULE/ADD_COUNTER_reg[2]/Q (DFFRQX2M)     0.52       0.52 f
  U_FIFO/WRITE_MODULE/U11/Y (CLKXOR2X2M)                  0.28       0.81 r
  U_FIFO/WRITE_MODULE/U10/Y (CLKXOR2X2M)                  0.30       1.11 f
  U_FIFO/WRITE_MODULE/U7/Y (NAND4X2M)                     0.12       1.23 r
  U_FIFO/WRITE_MODULE/U3/Y (INVX2M)                       0.09       1.32 f
  U_FIFO/WRITE_MODULE/FULL (FIFO_WR_ADDRES_WIDTH4)        0.00       1.32 f
  U_FIFO/FULL (ASYNC_FIFO_ADDRES_WIDTH4_DATA_WIDTH8_FIFO_DEPTH8)
                                                          0.00       1.32 f
  U_SYS_CTRL/FULL_FLAG (SYS_CTRL)                         0.00       1.32 f
  U_SYS_CTRL/U46/Y (NOR3X2M)                              0.19       1.52 r
  U_SYS_CTRL/U45/Y (AND3X2M)                              0.30       1.82 r
  U_SYS_CTRL/U20/Y (OR3X2M)                               0.20       2.02 r
  U_SYS_CTRL/TX_D_VALID (SYS_CTRL)                        0.00       2.02 r
  U_FIFO/W_INC (ASYNC_FIFO_ADDRES_WIDTH4_DATA_WIDTH8_FIFO_DEPTH8)
                                                          0.00       2.02 r
  U_FIFO/MEMORY_MODULE/W_INC (FIFO_MEM_CNTRL_ADDRES_WIDTH4_DATA_WIDTH8_FIFO_DEPTH8)
                                                          0.00       2.02 r
  U_FIFO/MEMORY_MODULE/U13/Y (NOR2BX2M)                   0.16       2.17 r
  U_FIFO/MEMORY_MODULE/U18/Y (NOR2BX2M)                   0.27       2.45 r
  U_FIFO/MEMORY_MODULE/U17/Y (NAND3X2M)                   0.31       2.76 f
  U_FIFO/MEMORY_MODULE/U24/Y (OAI2BB2X1M)                 0.21       2.96 r
  U_FIFO/MEMORY_MODULE/MEMORY_reg[0][5]/D (DFFRQX2M)      0.00       2.96 r
  data arrival time                                                  2.96

  clock REF_CLK (rise edge)                              20.00      20.00
  clock network delay (ideal)                             0.00      20.00
  clock uncertainty                                      -0.20      19.80
  U_FIFO/MEMORY_MODULE/MEMORY_reg[0][5]/CK (DFFRQX2M)     0.00      19.80 r
  library setup time                                     -0.31      19.49
  data required time                                                19.49
  --------------------------------------------------------------------------
  data required time                                                19.49
  data arrival time                                                 -2.96
  --------------------------------------------------------------------------
  slack (MET)                                                       16.53


  Startpoint: U_FIFO/WRITE_MODULE/ADD_COUNTER_reg[2]
              (rising edge-triggered flip-flop clocked by REF_CLK)
  Endpoint: U_FIFO/MEMORY_MODULE/MEMORY_reg[0][4]
            (rising edge-triggered flip-flop clocked by REF_CLK)
  Path Group: REF_CLK
  Path Type: max

  Point                                                   Incr       Path
  --------------------------------------------------------------------------
  clock REF_CLK (rise edge)                               0.00       0.00
  clock network delay (ideal)                             0.00       0.00
  U_FIFO/WRITE_MODULE/ADD_COUNTER_reg[2]/CK (DFFRQX2M)
                                                          0.00       0.00 r
  U_FIFO/WRITE_MODULE/ADD_COUNTER_reg[2]/Q (DFFRQX2M)     0.52       0.52 f
  U_FIFO/WRITE_MODULE/U11/Y (CLKXOR2X2M)                  0.28       0.81 r
  U_FIFO/WRITE_MODULE/U10/Y (CLKXOR2X2M)                  0.30       1.11 f
  U_FIFO/WRITE_MODULE/U7/Y (NAND4X2M)                     0.12       1.23 r
  U_FIFO/WRITE_MODULE/U3/Y (INVX2M)                       0.09       1.32 f
  U_FIFO/WRITE_MODULE/FULL (FIFO_WR_ADDRES_WIDTH4)        0.00       1.32 f
  U_FIFO/FULL (ASYNC_FIFO_ADDRES_WIDTH4_DATA_WIDTH8_FIFO_DEPTH8)
                                                          0.00       1.32 f
  U_SYS_CTRL/FULL_FLAG (SYS_CTRL)                         0.00       1.32 f
  U_SYS_CTRL/U46/Y (NOR3X2M)                              0.19       1.52 r
  U_SYS_CTRL/U45/Y (AND3X2M)                              0.30       1.82 r
  U_SYS_CTRL/U20/Y (OR3X2M)                               0.20       2.02 r
  U_SYS_CTRL/TX_D_VALID (SYS_CTRL)                        0.00       2.02 r
  U_FIFO/W_INC (ASYNC_FIFO_ADDRES_WIDTH4_DATA_WIDTH8_FIFO_DEPTH8)
                                                          0.00       2.02 r
  U_FIFO/MEMORY_MODULE/W_INC (FIFO_MEM_CNTRL_ADDRES_WIDTH4_DATA_WIDTH8_FIFO_DEPTH8)
                                                          0.00       2.02 r
  U_FIFO/MEMORY_MODULE/U13/Y (NOR2BX2M)                   0.16       2.17 r
  U_FIFO/MEMORY_MODULE/U18/Y (NOR2BX2M)                   0.27       2.45 r
  U_FIFO/MEMORY_MODULE/U17/Y (NAND3X2M)                   0.31       2.76 f
  U_FIFO/MEMORY_MODULE/U23/Y (OAI2BB2X1M)                 0.21       2.96 r
  U_FIFO/MEMORY_MODULE/MEMORY_reg[0][4]/D (DFFRQX2M)      0.00       2.96 r
  data arrival time                                                  2.96

  clock REF_CLK (rise edge)                              20.00      20.00
  clock network delay (ideal)                             0.00      20.00
  clock uncertainty                                      -0.20      19.80
  U_FIFO/MEMORY_MODULE/MEMORY_reg[0][4]/CK (DFFRQX2M)     0.00      19.80 r
  library setup time                                     -0.31      19.49
  data required time                                                19.49
  --------------------------------------------------------------------------
  data required time                                                19.49
  data arrival time                                                 -2.96
  --------------------------------------------------------------------------
  slack (MET)                                                       16.53


  Startpoint: U_FIFO/WRITE_MODULE/ADD_COUNTER_reg[2]
              (rising edge-triggered flip-flop clocked by REF_CLK)
  Endpoint: U_FIFO/MEMORY_MODULE/MEMORY_reg[0][3]
            (rising edge-triggered flip-flop clocked by REF_CLK)
  Path Group: REF_CLK
  Path Type: max

  Point                                                   Incr       Path
  --------------------------------------------------------------------------
  clock REF_CLK (rise edge)                               0.00       0.00
  clock network delay (ideal)                             0.00       0.00
  U_FIFO/WRITE_MODULE/ADD_COUNTER_reg[2]/CK (DFFRQX2M)
                                                          0.00       0.00 r
  U_FIFO/WRITE_MODULE/ADD_COUNTER_reg[2]/Q (DFFRQX2M)     0.52       0.52 f
  U_FIFO/WRITE_MODULE/U11/Y (CLKXOR2X2M)                  0.28       0.81 r
  U_FIFO/WRITE_MODULE/U10/Y (CLKXOR2X2M)                  0.30       1.11 f
  U_FIFO/WRITE_MODULE/U7/Y (NAND4X2M)                     0.12       1.23 r
  U_FIFO/WRITE_MODULE/U3/Y (INVX2M)                       0.09       1.32 f
  U_FIFO/WRITE_MODULE/FULL (FIFO_WR_ADDRES_WIDTH4)        0.00       1.32 f
  U_FIFO/FULL (ASYNC_FIFO_ADDRES_WIDTH4_DATA_WIDTH8_FIFO_DEPTH8)
                                                          0.00       1.32 f
  U_SYS_CTRL/FULL_FLAG (SYS_CTRL)                         0.00       1.32 f
  U_SYS_CTRL/U46/Y (NOR3X2M)                              0.19       1.52 r
  U_SYS_CTRL/U45/Y (AND3X2M)                              0.30       1.82 r
  U_SYS_CTRL/U20/Y (OR3X2M)                               0.20       2.02 r
  U_SYS_CTRL/TX_D_VALID (SYS_CTRL)                        0.00       2.02 r
  U_FIFO/W_INC (ASYNC_FIFO_ADDRES_WIDTH4_DATA_WIDTH8_FIFO_DEPTH8)
                                                          0.00       2.02 r
  U_FIFO/MEMORY_MODULE/W_INC (FIFO_MEM_CNTRL_ADDRES_WIDTH4_DATA_WIDTH8_FIFO_DEPTH8)
                                                          0.00       2.02 r
  U_FIFO/MEMORY_MODULE/U13/Y (NOR2BX2M)                   0.16       2.17 r
  U_FIFO/MEMORY_MODULE/U18/Y (NOR2BX2M)                   0.27       2.45 r
  U_FIFO/MEMORY_MODULE/U17/Y (NAND3X2M)                   0.31       2.76 f
  U_FIFO/MEMORY_MODULE/U22/Y (OAI2BB2X1M)                 0.21       2.96 r
  U_FIFO/MEMORY_MODULE/MEMORY_reg[0][3]/D (DFFRQX2M)      0.00       2.96 r
  data arrival time                                                  2.96

  clock REF_CLK (rise edge)                              20.00      20.00
  clock network delay (ideal)                             0.00      20.00
  clock uncertainty                                      -0.20      19.80
  U_FIFO/MEMORY_MODULE/MEMORY_reg[0][3]/CK (DFFRQX2M)     0.00      19.80 r
  library setup time                                     -0.31      19.49
  data required time                                                19.49
  --------------------------------------------------------------------------
  data required time                                                19.49
  data arrival time                                                 -2.96
  --------------------------------------------------------------------------
  slack (MET)                                                       16.53


  Startpoint: U_FIFO/WRITE_MODULE/ADD_COUNTER_reg[2]
              (rising edge-triggered flip-flop clocked by REF_CLK)
  Endpoint: U_FIFO/MEMORY_MODULE/MEMORY_reg[0][2]
            (rising edge-triggered flip-flop clocked by REF_CLK)
  Path Group: REF_CLK
  Path Type: max

  Point                                                   Incr       Path
  --------------------------------------------------------------------------
  clock REF_CLK (rise edge)                               0.00       0.00
  clock network delay (ideal)                             0.00       0.00
  U_FIFO/WRITE_MODULE/ADD_COUNTER_reg[2]/CK (DFFRQX2M)
                                                          0.00       0.00 r
  U_FIFO/WRITE_MODULE/ADD_COUNTER_reg[2]/Q (DFFRQX2M)     0.52       0.52 f
  U_FIFO/WRITE_MODULE/U11/Y (CLKXOR2X2M)                  0.28       0.81 r
  U_FIFO/WRITE_MODULE/U10/Y (CLKXOR2X2M)                  0.30       1.11 f
  U_FIFO/WRITE_MODULE/U7/Y (NAND4X2M)                     0.12       1.23 r
  U_FIFO/WRITE_MODULE/U3/Y (INVX2M)                       0.09       1.32 f
  U_FIFO/WRITE_MODULE/FULL (FIFO_WR_ADDRES_WIDTH4)        0.00       1.32 f
  U_FIFO/FULL (ASYNC_FIFO_ADDRES_WIDTH4_DATA_WIDTH8_FIFO_DEPTH8)
                                                          0.00       1.32 f
  U_SYS_CTRL/FULL_FLAG (SYS_CTRL)                         0.00       1.32 f
  U_SYS_CTRL/U46/Y (NOR3X2M)                              0.19       1.52 r
  U_SYS_CTRL/U45/Y (AND3X2M)                              0.30       1.82 r
  U_SYS_CTRL/U20/Y (OR3X2M)                               0.20       2.02 r
  U_SYS_CTRL/TX_D_VALID (SYS_CTRL)                        0.00       2.02 r
  U_FIFO/W_INC (ASYNC_FIFO_ADDRES_WIDTH4_DATA_WIDTH8_FIFO_DEPTH8)
                                                          0.00       2.02 r
  U_FIFO/MEMORY_MODULE/W_INC (FIFO_MEM_CNTRL_ADDRES_WIDTH4_DATA_WIDTH8_FIFO_DEPTH8)
                                                          0.00       2.02 r
  U_FIFO/MEMORY_MODULE/U13/Y (NOR2BX2M)                   0.16       2.17 r
  U_FIFO/MEMORY_MODULE/U18/Y (NOR2BX2M)                   0.27       2.45 r
  U_FIFO/MEMORY_MODULE/U17/Y (NAND3X2M)                   0.31       2.76 f
  U_FIFO/MEMORY_MODULE/U21/Y (OAI2BB2X1M)                 0.21       2.96 r
  U_FIFO/MEMORY_MODULE/MEMORY_reg[0][2]/D (DFFRQX2M)      0.00       2.96 r
  data arrival time                                                  2.96

  clock REF_CLK (rise edge)                              20.00      20.00
  clock network delay (ideal)                             0.00      20.00
  clock uncertainty                                      -0.20      19.80
  U_FIFO/MEMORY_MODULE/MEMORY_reg[0][2]/CK (DFFRQX2M)     0.00      19.80 r
  library setup time                                     -0.31      19.49
  data required time                                                19.49
  --------------------------------------------------------------------------
  data required time                                                19.49
  data arrival time                                                 -2.96
  --------------------------------------------------------------------------
  slack (MET)                                                       16.53


  Startpoint: U_FIFO/WRITE_MODULE/ADD_COUNTER_reg[2]
              (rising edge-triggered flip-flop clocked by REF_CLK)
  Endpoint: U_FIFO/MEMORY_MODULE/MEMORY_reg[0][1]
            (rising edge-triggered flip-flop clocked by REF_CLK)
  Path Group: REF_CLK
  Path Type: max

  Point                                                   Incr       Path
  --------------------------------------------------------------------------
  clock REF_CLK (rise edge)                               0.00       0.00
  clock network delay (ideal)                             0.00       0.00
  U_FIFO/WRITE_MODULE/ADD_COUNTER_reg[2]/CK (DFFRQX2M)
                                                          0.00       0.00 r
  U_FIFO/WRITE_MODULE/ADD_COUNTER_reg[2]/Q (DFFRQX2M)     0.52       0.52 f
  U_FIFO/WRITE_MODULE/U11/Y (CLKXOR2X2M)                  0.28       0.81 r
  U_FIFO/WRITE_MODULE/U10/Y (CLKXOR2X2M)                  0.30       1.11 f
  U_FIFO/WRITE_MODULE/U7/Y (NAND4X2M)                     0.12       1.23 r
  U_FIFO/WRITE_MODULE/U3/Y (INVX2M)                       0.09       1.32 f
  U_FIFO/WRITE_MODULE/FULL (FIFO_WR_ADDRES_WIDTH4)        0.00       1.32 f
  U_FIFO/FULL (ASYNC_FIFO_ADDRES_WIDTH4_DATA_WIDTH8_FIFO_DEPTH8)
                                                          0.00       1.32 f
  U_SYS_CTRL/FULL_FLAG (SYS_CTRL)                         0.00       1.32 f
  U_SYS_CTRL/U46/Y (NOR3X2M)                              0.19       1.52 r
  U_SYS_CTRL/U45/Y (AND3X2M)                              0.30       1.82 r
  U_SYS_CTRL/U20/Y (OR3X2M)                               0.20       2.02 r
  U_SYS_CTRL/TX_D_VALID (SYS_CTRL)                        0.00       2.02 r
  U_FIFO/W_INC (ASYNC_FIFO_ADDRES_WIDTH4_DATA_WIDTH8_FIFO_DEPTH8)
                                                          0.00       2.02 r
  U_FIFO/MEMORY_MODULE/W_INC (FIFO_MEM_CNTRL_ADDRES_WIDTH4_DATA_WIDTH8_FIFO_DEPTH8)
                                                          0.00       2.02 r
  U_FIFO/MEMORY_MODULE/U13/Y (NOR2BX2M)                   0.16       2.17 r
  U_FIFO/MEMORY_MODULE/U18/Y (NOR2BX2M)                   0.27       2.45 r
  U_FIFO/MEMORY_MODULE/U17/Y (NAND3X2M)                   0.31       2.76 f
  U_FIFO/MEMORY_MODULE/U20/Y (OAI2BB2X1M)                 0.21       2.96 r
  U_FIFO/MEMORY_MODULE/MEMORY_reg[0][1]/D (DFFRQX2M)      0.00       2.96 r
  data arrival time                                                  2.96

  clock REF_CLK (rise edge)                              20.00      20.00
  clock network delay (ideal)                             0.00      20.00
  clock uncertainty                                      -0.20      19.80
  U_FIFO/MEMORY_MODULE/MEMORY_reg[0][1]/CK (DFFRQX2M)     0.00      19.80 r
  library setup time                                     -0.31      19.49
  data required time                                                19.49
  --------------------------------------------------------------------------
  data required time                                                19.49
  data arrival time                                                 -2.96
  --------------------------------------------------------------------------
  slack (MET)                                                       16.53


  Startpoint: U_FIFO/WRITE_MODULE/ADD_COUNTER_reg[2]
              (rising edge-triggered flip-flop clocked by REF_CLK)
  Endpoint: U_FIFO/MEMORY_MODULE/MEMORY_reg[0][0]
            (rising edge-triggered flip-flop clocked by REF_CLK)
  Path Group: REF_CLK
  Path Type: max

  Point                                                   Incr       Path
  --------------------------------------------------------------------------
  clock REF_CLK (rise edge)                               0.00       0.00
  clock network delay (ideal)                             0.00       0.00
  U_FIFO/WRITE_MODULE/ADD_COUNTER_reg[2]/CK (DFFRQX2M)
                                                          0.00       0.00 r
  U_FIFO/WRITE_MODULE/ADD_COUNTER_reg[2]/Q (DFFRQX2M)     0.52       0.52 f
  U_FIFO/WRITE_MODULE/U11/Y (CLKXOR2X2M)                  0.28       0.81 r
  U_FIFO/WRITE_MODULE/U10/Y (CLKXOR2X2M)                  0.30       1.11 f
  U_FIFO/WRITE_MODULE/U7/Y (NAND4X2M)                     0.12       1.23 r
  U_FIFO/WRITE_MODULE/U3/Y (INVX2M)                       0.09       1.32 f
  U_FIFO/WRITE_MODULE/FULL (FIFO_WR_ADDRES_WIDTH4)        0.00       1.32 f
  U_FIFO/FULL (ASYNC_FIFO_ADDRES_WIDTH4_DATA_WIDTH8_FIFO_DEPTH8)
                                                          0.00       1.32 f
  U_SYS_CTRL/FULL_FLAG (SYS_CTRL)                         0.00       1.32 f
  U_SYS_CTRL/U46/Y (NOR3X2M)                              0.19       1.52 r
  U_SYS_CTRL/U45/Y (AND3X2M)                              0.30       1.82 r
  U_SYS_CTRL/U20/Y (OR3X2M)                               0.20       2.02 r
  U_SYS_CTRL/TX_D_VALID (SYS_CTRL)                        0.00       2.02 r
  U_FIFO/W_INC (ASYNC_FIFO_ADDRES_WIDTH4_DATA_WIDTH8_FIFO_DEPTH8)
                                                          0.00       2.02 r
  U_FIFO/MEMORY_MODULE/W_INC (FIFO_MEM_CNTRL_ADDRES_WIDTH4_DATA_WIDTH8_FIFO_DEPTH8)
                                                          0.00       2.02 r
  U_FIFO/MEMORY_MODULE/U13/Y (NOR2BX2M)                   0.16       2.17 r
  U_FIFO/MEMORY_MODULE/U18/Y (NOR2BX2M)                   0.27       2.45 r
  U_FIFO/MEMORY_MODULE/U17/Y (NAND3X2M)                   0.31       2.76 f
  U_FIFO/MEMORY_MODULE/U19/Y (OAI2BB2X1M)                 0.21       2.96 r
  U_FIFO/MEMORY_MODULE/MEMORY_reg[0][0]/D (DFFRQX2M)      0.00       2.96 r
  data arrival time                                                  2.96

  clock REF_CLK (rise edge)                              20.00      20.00
  clock network delay (ideal)                             0.00      20.00
  clock uncertainty                                      -0.20      19.80
  U_FIFO/MEMORY_MODULE/MEMORY_reg[0][0]/CK (DFFRQX2M)     0.00      19.80 r
  library setup time                                     -0.31      19.49
  data required time                                                19.49
  --------------------------------------------------------------------------
  data required time                                                19.49
  data arrival time                                                 -2.96
  --------------------------------------------------------------------------
  slack (MET)                                                       16.53


  Startpoint: U_FIFO/WRITE_MODULE/ADD_COUNTER_reg[2]
              (rising edge-triggered flip-flop clocked by REF_CLK)
  Endpoint: U_FIFO/MEMORY_MODULE/MEMORY_reg[3][7]
            (rising edge-triggered flip-flop clocked by REF_CLK)
  Path Group: REF_CLK
  Path Type: max

  Point                                                   Incr       Path
  --------------------------------------------------------------------------
  clock REF_CLK (rise edge)                               0.00       0.00
  clock network delay (ideal)                             0.00       0.00
  U_FIFO/WRITE_MODULE/ADD_COUNTER_reg[2]/CK (DFFRQX2M)
                                                          0.00       0.00 r
  U_FIFO/WRITE_MODULE/ADD_COUNTER_reg[2]/Q (DFFRQX2M)     0.52       0.52 f
  U_FIFO/WRITE_MODULE/U11/Y (CLKXOR2X2M)                  0.28       0.81 r
  U_FIFO/WRITE_MODULE/U10/Y (CLKXOR2X2M)                  0.30       1.11 f
  U_FIFO/WRITE_MODULE/U7/Y (NAND4X2M)                     0.12       1.23 r
  U_FIFO/WRITE_MODULE/U3/Y (INVX2M)                       0.09       1.32 f
  U_FIFO/WRITE_MODULE/FULL (FIFO_WR_ADDRES_WIDTH4)        0.00       1.32 f
  U_FIFO/FULL (ASYNC_FIFO_ADDRES_WIDTH4_DATA_WIDTH8_FIFO_DEPTH8)
                                                          0.00       1.32 f
  U_SYS_CTRL/FULL_FLAG (SYS_CTRL)                         0.00       1.32 f
  U_SYS_CTRL/U46/Y (NOR3X2M)                              0.19       1.52 r
  U_SYS_CTRL/U45/Y (AND3X2M)                              0.30       1.82 r
  U_SYS_CTRL/U20/Y (OR3X2M)                               0.20       2.02 r
  U_SYS_CTRL/TX_D_VALID (SYS_CTRL)                        0.00       2.02 r
  U_FIFO/W_INC (ASYNC_FIFO_ADDRES_WIDTH4_DATA_WIDTH8_FIFO_DEPTH8)
                                                          0.00       2.02 r
  U_FIFO/MEMORY_MODULE/W_INC (FIFO_MEM_CNTRL_ADDRES_WIDTH4_DATA_WIDTH8_FIFO_DEPTH8)
                                                          0.00       2.02 r
  U_FIFO/MEMORY_MODULE/U13/Y (NOR2BX2M)                   0.16       2.17 r
  U_FIFO/MEMORY_MODULE/U18/Y (NOR2BX2M)                   0.27       2.45 r
  U_FIFO/MEMORY_MODULE/U62/Y (NAND3X2M)                   0.12       2.56 f
  U_FIFO/MEMORY_MODULE/U4/Y (BUFX2M)                      0.23       2.79 f
  U_FIFO/MEMORY_MODULE/U58/Y (OAI2BB2X1M)                 0.16       2.95 r
  U_FIFO/MEMORY_MODULE/MEMORY_reg[3][7]/D (DFFRQX2M)      0.00       2.95 r
  data arrival time                                                  2.95

  clock REF_CLK (rise edge)                              20.00      20.00
  clock network delay (ideal)                             0.00      20.00
  clock uncertainty                                      -0.20      19.80
  U_FIFO/MEMORY_MODULE/MEMORY_reg[3][7]/CK (DFFRQX2M)     0.00      19.80 r
  library setup time                                     -0.31      19.49
  data required time                                                19.49
  --------------------------------------------------------------------------
  data required time                                                19.49
  data arrival time                                                 -2.95
  --------------------------------------------------------------------------
  slack (MET)                                                       16.54


  Startpoint: U_FIFO/WRITE_MODULE/ADD_COUNTER_reg[2]
              (rising edge-triggered flip-flop clocked by REF_CLK)
  Endpoint: U_FIFO/MEMORY_MODULE/MEMORY_reg[3][6]
            (rising edge-triggered flip-flop clocked by REF_CLK)
  Path Group: REF_CLK
  Path Type: max

  Point                                                   Incr       Path
  --------------------------------------------------------------------------
  clock REF_CLK (rise edge)                               0.00       0.00
  clock network delay (ideal)                             0.00       0.00
  U_FIFO/WRITE_MODULE/ADD_COUNTER_reg[2]/CK (DFFRQX2M)
                                                          0.00       0.00 r
  U_FIFO/WRITE_MODULE/ADD_COUNTER_reg[2]/Q (DFFRQX2M)     0.52       0.52 f
  U_FIFO/WRITE_MODULE/U11/Y (CLKXOR2X2M)                  0.28       0.81 r
  U_FIFO/WRITE_MODULE/U10/Y (CLKXOR2X2M)                  0.30       1.11 f
  U_FIFO/WRITE_MODULE/U7/Y (NAND4X2M)                     0.12       1.23 r
  U_FIFO/WRITE_MODULE/U3/Y (INVX2M)                       0.09       1.32 f
  U_FIFO/WRITE_MODULE/FULL (FIFO_WR_ADDRES_WIDTH4)        0.00       1.32 f
  U_FIFO/FULL (ASYNC_FIFO_ADDRES_WIDTH4_DATA_WIDTH8_FIFO_DEPTH8)
                                                          0.00       1.32 f
  U_SYS_CTRL/FULL_FLAG (SYS_CTRL)                         0.00       1.32 f
  U_SYS_CTRL/U46/Y (NOR3X2M)                              0.19       1.52 r
  U_SYS_CTRL/U45/Y (AND3X2M)                              0.30       1.82 r
  U_SYS_CTRL/U20/Y (OR3X2M)                               0.20       2.02 r
  U_SYS_CTRL/TX_D_VALID (SYS_CTRL)                        0.00       2.02 r
  U_FIFO/W_INC (ASYNC_FIFO_ADDRES_WIDTH4_DATA_WIDTH8_FIFO_DEPTH8)
                                                          0.00       2.02 r
  U_FIFO/MEMORY_MODULE/W_INC (FIFO_MEM_CNTRL_ADDRES_WIDTH4_DATA_WIDTH8_FIFO_DEPTH8)
                                                          0.00       2.02 r
  U_FIFO/MEMORY_MODULE/U13/Y (NOR2BX2M)                   0.16       2.17 r
  U_FIFO/MEMORY_MODULE/U18/Y (NOR2BX2M)                   0.27       2.45 r
  U_FIFO/MEMORY_MODULE/U62/Y (NAND3X2M)                   0.12       2.56 f
  U_FIFO/MEMORY_MODULE/U4/Y (BUFX2M)                      0.23       2.79 f
  U_FIFO/MEMORY_MODULE/U57/Y (OAI2BB2X1M)                 0.16       2.95 r
  U_FIFO/MEMORY_MODULE/MEMORY_reg[3][6]/D (DFFRQX2M)      0.00       2.95 r
  data arrival time                                                  2.95

  clock REF_CLK (rise edge)                              20.00      20.00
  clock network delay (ideal)                             0.00      20.00
  clock uncertainty                                      -0.20      19.80
  U_FIFO/MEMORY_MODULE/MEMORY_reg[3][6]/CK (DFFRQX2M)     0.00      19.80 r
  library setup time                                     -0.31      19.49
  data required time                                                19.49
  --------------------------------------------------------------------------
  data required time                                                19.49
  data arrival time                                                 -2.95
  --------------------------------------------------------------------------
  slack (MET)                                                       16.54


  Startpoint: U_FIFO/WRITE_MODULE/ADD_COUNTER_reg[2]
              (rising edge-triggered flip-flop clocked by REF_CLK)
  Endpoint: U_FIFO/MEMORY_MODULE/MEMORY_reg[3][5]
            (rising edge-triggered flip-flop clocked by REF_CLK)
  Path Group: REF_CLK
  Path Type: max

  Point                                                   Incr       Path
  --------------------------------------------------------------------------
  clock REF_CLK (rise edge)                               0.00       0.00
  clock network delay (ideal)                             0.00       0.00
  U_FIFO/WRITE_MODULE/ADD_COUNTER_reg[2]/CK (DFFRQX2M)
                                                          0.00       0.00 r
  U_FIFO/WRITE_MODULE/ADD_COUNTER_reg[2]/Q (DFFRQX2M)     0.52       0.52 f
  U_FIFO/WRITE_MODULE/U11/Y (CLKXOR2X2M)                  0.28       0.81 r
  U_FIFO/WRITE_MODULE/U10/Y (CLKXOR2X2M)                  0.30       1.11 f
  U_FIFO/WRITE_MODULE/U7/Y (NAND4X2M)                     0.12       1.23 r
  U_FIFO/WRITE_MODULE/U3/Y (INVX2M)                       0.09       1.32 f
  U_FIFO/WRITE_MODULE/FULL (FIFO_WR_ADDRES_WIDTH4)        0.00       1.32 f
  U_FIFO/FULL (ASYNC_FIFO_ADDRES_WIDTH4_DATA_WIDTH8_FIFO_DEPTH8)
                                                          0.00       1.32 f
  U_SYS_CTRL/FULL_FLAG (SYS_CTRL)                         0.00       1.32 f
  U_SYS_CTRL/U46/Y (NOR3X2M)                              0.19       1.52 r
  U_SYS_CTRL/U45/Y (AND3X2M)                              0.30       1.82 r
  U_SYS_CTRL/U20/Y (OR3X2M)                               0.20       2.02 r
  U_SYS_CTRL/TX_D_VALID (SYS_CTRL)                        0.00       2.02 r
  U_FIFO/W_INC (ASYNC_FIFO_ADDRES_WIDTH4_DATA_WIDTH8_FIFO_DEPTH8)
                                                          0.00       2.02 r
  U_FIFO/MEMORY_MODULE/W_INC (FIFO_MEM_CNTRL_ADDRES_WIDTH4_DATA_WIDTH8_FIFO_DEPTH8)
                                                          0.00       2.02 r
  U_FIFO/MEMORY_MODULE/U13/Y (NOR2BX2M)                   0.16       2.17 r
  U_FIFO/MEMORY_MODULE/U18/Y (NOR2BX2M)                   0.27       2.45 r
  U_FIFO/MEMORY_MODULE/U62/Y (NAND3X2M)                   0.12       2.56 f
  U_FIFO/MEMORY_MODULE/U4/Y (BUFX2M)                      0.23       2.79 f
  U_FIFO/MEMORY_MODULE/U56/Y (OAI2BB2X1M)                 0.16       2.95 r
  U_FIFO/MEMORY_MODULE/MEMORY_reg[3][5]/D (DFFRQX2M)      0.00       2.95 r
  data arrival time                                                  2.95

  clock REF_CLK (rise edge)                              20.00      20.00
  clock network delay (ideal)                             0.00      20.00
  clock uncertainty                                      -0.20      19.80
  U_FIFO/MEMORY_MODULE/MEMORY_reg[3][5]/CK (DFFRQX2M)     0.00      19.80 r
  library setup time                                     -0.31      19.49
  data required time                                                19.49
  --------------------------------------------------------------------------
  data required time                                                19.49
  data arrival time                                                 -2.95
  --------------------------------------------------------------------------
  slack (MET)                                                       16.54


  Startpoint: U_FIFO/WRITE_MODULE/ADD_COUNTER_reg[2]
              (rising edge-triggered flip-flop clocked by REF_CLK)
  Endpoint: U_FIFO/MEMORY_MODULE/MEMORY_reg[3][4]
            (rising edge-triggered flip-flop clocked by REF_CLK)
  Path Group: REF_CLK
  Path Type: max

  Point                                                   Incr       Path
  --------------------------------------------------------------------------
  clock REF_CLK (rise edge)                               0.00       0.00
  clock network delay (ideal)                             0.00       0.00
  U_FIFO/WRITE_MODULE/ADD_COUNTER_reg[2]/CK (DFFRQX2M)
                                                          0.00       0.00 r
  U_FIFO/WRITE_MODULE/ADD_COUNTER_reg[2]/Q (DFFRQX2M)     0.52       0.52 f
  U_FIFO/WRITE_MODULE/U11/Y (CLKXOR2X2M)                  0.28       0.81 r
  U_FIFO/WRITE_MODULE/U10/Y (CLKXOR2X2M)                  0.30       1.11 f
  U_FIFO/WRITE_MODULE/U7/Y (NAND4X2M)                     0.12       1.23 r
  U_FIFO/WRITE_MODULE/U3/Y (INVX2M)                       0.09       1.32 f
  U_FIFO/WRITE_MODULE/FULL (FIFO_WR_ADDRES_WIDTH4)        0.00       1.32 f
  U_FIFO/FULL (ASYNC_FIFO_ADDRES_WIDTH4_DATA_WIDTH8_FIFO_DEPTH8)
                                                          0.00       1.32 f
  U_SYS_CTRL/FULL_FLAG (SYS_CTRL)                         0.00       1.32 f
  U_SYS_CTRL/U46/Y (NOR3X2M)                              0.19       1.52 r
  U_SYS_CTRL/U45/Y (AND3X2M)                              0.30       1.82 r
  U_SYS_CTRL/U20/Y (OR3X2M)                               0.20       2.02 r
  U_SYS_CTRL/TX_D_VALID (SYS_CTRL)                        0.00       2.02 r
  U_FIFO/W_INC (ASYNC_FIFO_ADDRES_WIDTH4_DATA_WIDTH8_FIFO_DEPTH8)
                                                          0.00       2.02 r
  U_FIFO/MEMORY_MODULE/W_INC (FIFO_MEM_CNTRL_ADDRES_WIDTH4_DATA_WIDTH8_FIFO_DEPTH8)
                                                          0.00       2.02 r
  U_FIFO/MEMORY_MODULE/U13/Y (NOR2BX2M)                   0.16       2.17 r
  U_FIFO/MEMORY_MODULE/U18/Y (NOR2BX2M)                   0.27       2.45 r
  U_FIFO/MEMORY_MODULE/U62/Y (NAND3X2M)                   0.12       2.56 f
  U_FIFO/MEMORY_MODULE/U4/Y (BUFX2M)                      0.23       2.79 f
  U_FIFO/MEMORY_MODULE/U55/Y (OAI2BB2X1M)                 0.16       2.95 r
  U_FIFO/MEMORY_MODULE/MEMORY_reg[3][4]/D (DFFRQX2M)      0.00       2.95 r
  data arrival time                                                  2.95

  clock REF_CLK (rise edge)                              20.00      20.00
  clock network delay (ideal)                             0.00      20.00
  clock uncertainty                                      -0.20      19.80
  U_FIFO/MEMORY_MODULE/MEMORY_reg[3][4]/CK (DFFRQX2M)     0.00      19.80 r
  library setup time                                     -0.31      19.49
  data required time                                                19.49
  --------------------------------------------------------------------------
  data required time                                                19.49
  data arrival time                                                 -2.95
  --------------------------------------------------------------------------
  slack (MET)                                                       16.54


  Startpoint: U_FIFO/WRITE_MODULE/ADD_COUNTER_reg[2]
              (rising edge-triggered flip-flop clocked by REF_CLK)
  Endpoint: U_FIFO/MEMORY_MODULE/MEMORY_reg[3][3]
            (rising edge-triggered flip-flop clocked by REF_CLK)
  Path Group: REF_CLK
  Path Type: max

  Point                                                   Incr       Path
  --------------------------------------------------------------------------
  clock REF_CLK (rise edge)                               0.00       0.00
  clock network delay (ideal)                             0.00       0.00
  U_FIFO/WRITE_MODULE/ADD_COUNTER_reg[2]/CK (DFFRQX2M)
                                                          0.00       0.00 r
  U_FIFO/WRITE_MODULE/ADD_COUNTER_reg[2]/Q (DFFRQX2M)     0.52       0.52 f
  U_FIFO/WRITE_MODULE/U11/Y (CLKXOR2X2M)                  0.28       0.81 r
  U_FIFO/WRITE_MODULE/U10/Y (CLKXOR2X2M)                  0.30       1.11 f
  U_FIFO/WRITE_MODULE/U7/Y (NAND4X2M)                     0.12       1.23 r
  U_FIFO/WRITE_MODULE/U3/Y (INVX2M)                       0.09       1.32 f
  U_FIFO/WRITE_MODULE/FULL (FIFO_WR_ADDRES_WIDTH4)        0.00       1.32 f
  U_FIFO/FULL (ASYNC_FIFO_ADDRES_WIDTH4_DATA_WIDTH8_FIFO_DEPTH8)
                                                          0.00       1.32 f
  U_SYS_CTRL/FULL_FLAG (SYS_CTRL)                         0.00       1.32 f
  U_SYS_CTRL/U46/Y (NOR3X2M)                              0.19       1.52 r
  U_SYS_CTRL/U45/Y (AND3X2M)                              0.30       1.82 r
  U_SYS_CTRL/U20/Y (OR3X2M)                               0.20       2.02 r
  U_SYS_CTRL/TX_D_VALID (SYS_CTRL)                        0.00       2.02 r
  U_FIFO/W_INC (ASYNC_FIFO_ADDRES_WIDTH4_DATA_WIDTH8_FIFO_DEPTH8)
                                                          0.00       2.02 r
  U_FIFO/MEMORY_MODULE/W_INC (FIFO_MEM_CNTRL_ADDRES_WIDTH4_DATA_WIDTH8_FIFO_DEPTH8)
                                                          0.00       2.02 r
  U_FIFO/MEMORY_MODULE/U13/Y (NOR2BX2M)                   0.16       2.17 r
  U_FIFO/MEMORY_MODULE/U18/Y (NOR2BX2M)                   0.27       2.45 r
  U_FIFO/MEMORY_MODULE/U62/Y (NAND3X2M)                   0.12       2.56 f
  U_FIFO/MEMORY_MODULE/U4/Y (BUFX2M)                      0.23       2.79 f
  U_FIFO/MEMORY_MODULE/U54/Y (OAI2BB2X1M)                 0.16       2.95 r
  U_FIFO/MEMORY_MODULE/MEMORY_reg[3][3]/D (DFFRQX2M)      0.00       2.95 r
  data arrival time                                                  2.95

  clock REF_CLK (rise edge)                              20.00      20.00
  clock network delay (ideal)                             0.00      20.00
  clock uncertainty                                      -0.20      19.80
  U_FIFO/MEMORY_MODULE/MEMORY_reg[3][3]/CK (DFFRQX2M)     0.00      19.80 r
  library setup time                                     -0.31      19.49
  data required time                                                19.49
  --------------------------------------------------------------------------
  data required time                                                19.49
  data arrival time                                                 -2.95
  --------------------------------------------------------------------------
  slack (MET)                                                       16.54


  Startpoint: U_FIFO/WRITE_MODULE/ADD_COUNTER_reg[2]
              (rising edge-triggered flip-flop clocked by REF_CLK)
  Endpoint: U_FIFO/MEMORY_MODULE/MEMORY_reg[3][2]
            (rising edge-triggered flip-flop clocked by REF_CLK)
  Path Group: REF_CLK
  Path Type: max

  Point                                                   Incr       Path
  --------------------------------------------------------------------------
  clock REF_CLK (rise edge)                               0.00       0.00
  clock network delay (ideal)                             0.00       0.00
  U_FIFO/WRITE_MODULE/ADD_COUNTER_reg[2]/CK (DFFRQX2M)
                                                          0.00       0.00 r
  U_FIFO/WRITE_MODULE/ADD_COUNTER_reg[2]/Q (DFFRQX2M)     0.52       0.52 f
  U_FIFO/WRITE_MODULE/U11/Y (CLKXOR2X2M)                  0.28       0.81 r
  U_FIFO/WRITE_MODULE/U10/Y (CLKXOR2X2M)                  0.30       1.11 f
  U_FIFO/WRITE_MODULE/U7/Y (NAND4X2M)                     0.12       1.23 r
  U_FIFO/WRITE_MODULE/U3/Y (INVX2M)                       0.09       1.32 f
  U_FIFO/WRITE_MODULE/FULL (FIFO_WR_ADDRES_WIDTH4)        0.00       1.32 f
  U_FIFO/FULL (ASYNC_FIFO_ADDRES_WIDTH4_DATA_WIDTH8_FIFO_DEPTH8)
                                                          0.00       1.32 f
  U_SYS_CTRL/FULL_FLAG (SYS_CTRL)                         0.00       1.32 f
  U_SYS_CTRL/U46/Y (NOR3X2M)                              0.19       1.52 r
  U_SYS_CTRL/U45/Y (AND3X2M)                              0.30       1.82 r
  U_SYS_CTRL/U20/Y (OR3X2M)                               0.20       2.02 r
  U_SYS_CTRL/TX_D_VALID (SYS_CTRL)                        0.00       2.02 r
  U_FIFO/W_INC (ASYNC_FIFO_ADDRES_WIDTH4_DATA_WIDTH8_FIFO_DEPTH8)
                                                          0.00       2.02 r
  U_FIFO/MEMORY_MODULE/W_INC (FIFO_MEM_CNTRL_ADDRES_WIDTH4_DATA_WIDTH8_FIFO_DEPTH8)
                                                          0.00       2.02 r
  U_FIFO/MEMORY_MODULE/U13/Y (NOR2BX2M)                   0.16       2.17 r
  U_FIFO/MEMORY_MODULE/U18/Y (NOR2BX2M)                   0.27       2.45 r
  U_FIFO/MEMORY_MODULE/U62/Y (NAND3X2M)                   0.12       2.56 f
  U_FIFO/MEMORY_MODULE/U4/Y (BUFX2M)                      0.23       2.79 f
  U_FIFO/MEMORY_MODULE/U53/Y (OAI2BB2X1M)                 0.16       2.95 r
  U_FIFO/MEMORY_MODULE/MEMORY_reg[3][2]/D (DFFRQX2M)      0.00       2.95 r
  data arrival time                                                  2.95

  clock REF_CLK (rise edge)                              20.00      20.00
  clock network delay (ideal)                             0.00      20.00
  clock uncertainty                                      -0.20      19.80
  U_FIFO/MEMORY_MODULE/MEMORY_reg[3][2]/CK (DFFRQX2M)     0.00      19.80 r
  library setup time                                     -0.31      19.49
  data required time                                                19.49
  --------------------------------------------------------------------------
  data required time                                                19.49
  data arrival time                                                 -2.95
  --------------------------------------------------------------------------
  slack (MET)                                                       16.54


  Startpoint: U_FIFO/WRITE_MODULE/ADD_COUNTER_reg[2]
              (rising edge-triggered flip-flop clocked by REF_CLK)
  Endpoint: U_FIFO/MEMORY_MODULE/MEMORY_reg[3][1]
            (rising edge-triggered flip-flop clocked by REF_CLK)
  Path Group: REF_CLK
  Path Type: max

  Point                                                   Incr       Path
  --------------------------------------------------------------------------
  clock REF_CLK (rise edge)                               0.00       0.00
  clock network delay (ideal)                             0.00       0.00
  U_FIFO/WRITE_MODULE/ADD_COUNTER_reg[2]/CK (DFFRQX2M)
                                                          0.00       0.00 r
  U_FIFO/WRITE_MODULE/ADD_COUNTER_reg[2]/Q (DFFRQX2M)     0.52       0.52 f
  U_FIFO/WRITE_MODULE/U11/Y (CLKXOR2X2M)                  0.28       0.81 r
  U_FIFO/WRITE_MODULE/U10/Y (CLKXOR2X2M)                  0.30       1.11 f
  U_FIFO/WRITE_MODULE/U7/Y (NAND4X2M)                     0.12       1.23 r
  U_FIFO/WRITE_MODULE/U3/Y (INVX2M)                       0.09       1.32 f
  U_FIFO/WRITE_MODULE/FULL (FIFO_WR_ADDRES_WIDTH4)        0.00       1.32 f
  U_FIFO/FULL (ASYNC_FIFO_ADDRES_WIDTH4_DATA_WIDTH8_FIFO_DEPTH8)
                                                          0.00       1.32 f
  U_SYS_CTRL/FULL_FLAG (SYS_CTRL)                         0.00       1.32 f
  U_SYS_CTRL/U46/Y (NOR3X2M)                              0.19       1.52 r
  U_SYS_CTRL/U45/Y (AND3X2M)                              0.30       1.82 r
  U_SYS_CTRL/U20/Y (OR3X2M)                               0.20       2.02 r
  U_SYS_CTRL/TX_D_VALID (SYS_CTRL)                        0.00       2.02 r
  U_FIFO/W_INC (ASYNC_FIFO_ADDRES_WIDTH4_DATA_WIDTH8_FIFO_DEPTH8)
                                                          0.00       2.02 r
  U_FIFO/MEMORY_MODULE/W_INC (FIFO_MEM_CNTRL_ADDRES_WIDTH4_DATA_WIDTH8_FIFO_DEPTH8)
                                                          0.00       2.02 r
  U_FIFO/MEMORY_MODULE/U13/Y (NOR2BX2M)                   0.16       2.17 r
  U_FIFO/MEMORY_MODULE/U18/Y (NOR2BX2M)                   0.27       2.45 r
  U_FIFO/MEMORY_MODULE/U62/Y (NAND3X2M)                   0.12       2.56 f
  U_FIFO/MEMORY_MODULE/U4/Y (BUFX2M)                      0.23       2.79 f
  U_FIFO/MEMORY_MODULE/U52/Y (OAI2BB2X1M)                 0.16       2.95 r
  U_FIFO/MEMORY_MODULE/MEMORY_reg[3][1]/D (DFFRQX2M)      0.00       2.95 r
  data arrival time                                                  2.95

  clock REF_CLK (rise edge)                              20.00      20.00
  clock network delay (ideal)                             0.00      20.00
  clock uncertainty                                      -0.20      19.80
  U_FIFO/MEMORY_MODULE/MEMORY_reg[3][1]/CK (DFFRQX2M)     0.00      19.80 r
  library setup time                                     -0.31      19.49
  data required time                                                19.49
  --------------------------------------------------------------------------
  data required time                                                19.49
  data arrival time                                                 -2.95
  --------------------------------------------------------------------------
  slack (MET)                                                       16.54


  Startpoint: U_FIFO/WRITE_MODULE/ADD_COUNTER_reg[2]
              (rising edge-triggered flip-flop clocked by REF_CLK)
  Endpoint: U_FIFO/MEMORY_MODULE/MEMORY_reg[3][0]
            (rising edge-triggered flip-flop clocked by REF_CLK)
  Path Group: REF_CLK
  Path Type: max

  Point                                                   Incr       Path
  --------------------------------------------------------------------------
  clock REF_CLK (rise edge)                               0.00       0.00
  clock network delay (ideal)                             0.00       0.00
  U_FIFO/WRITE_MODULE/ADD_COUNTER_reg[2]/CK (DFFRQX2M)
                                                          0.00       0.00 r
  U_FIFO/WRITE_MODULE/ADD_COUNTER_reg[2]/Q (DFFRQX2M)     0.52       0.52 f
  U_FIFO/WRITE_MODULE/U11/Y (CLKXOR2X2M)                  0.28       0.81 r
  U_FIFO/WRITE_MODULE/U10/Y (CLKXOR2X2M)                  0.30       1.11 f
  U_FIFO/WRITE_MODULE/U7/Y (NAND4X2M)                     0.12       1.23 r
  U_FIFO/WRITE_MODULE/U3/Y (INVX2M)                       0.09       1.32 f
  U_FIFO/WRITE_MODULE/FULL (FIFO_WR_ADDRES_WIDTH4)        0.00       1.32 f
  U_FIFO/FULL (ASYNC_FIFO_ADDRES_WIDTH4_DATA_WIDTH8_FIFO_DEPTH8)
                                                          0.00       1.32 f
  U_SYS_CTRL/FULL_FLAG (SYS_CTRL)                         0.00       1.32 f
  U_SYS_CTRL/U46/Y (NOR3X2M)                              0.19       1.52 r
  U_SYS_CTRL/U45/Y (AND3X2M)                              0.30       1.82 r
  U_SYS_CTRL/U20/Y (OR3X2M)                               0.20       2.02 r
  U_SYS_CTRL/TX_D_VALID (SYS_CTRL)                        0.00       2.02 r
  U_FIFO/W_INC (ASYNC_FIFO_ADDRES_WIDTH4_DATA_WIDTH8_FIFO_DEPTH8)
                                                          0.00       2.02 r
  U_FIFO/MEMORY_MODULE/W_INC (FIFO_MEM_CNTRL_ADDRES_WIDTH4_DATA_WIDTH8_FIFO_DEPTH8)
                                                          0.00       2.02 r
  U_FIFO/MEMORY_MODULE/U13/Y (NOR2BX2M)                   0.16       2.17 r
  U_FIFO/MEMORY_MODULE/U18/Y (NOR2BX2M)                   0.27       2.45 r
  U_FIFO/MEMORY_MODULE/U62/Y (NAND3X2M)                   0.12       2.56 f
  U_FIFO/MEMORY_MODULE/U4/Y (BUFX2M)                      0.23       2.79 f
  U_FIFO/MEMORY_MODULE/U51/Y (OAI2BB2X1M)                 0.16       2.95 r
  U_FIFO/MEMORY_MODULE/MEMORY_reg[3][0]/D (DFFRQX2M)      0.00       2.95 r
  data arrival time                                                  2.95

  clock REF_CLK (rise edge)                              20.00      20.00
  clock network delay (ideal)                             0.00      20.00
  clock uncertainty                                      -0.20      19.80
  U_FIFO/MEMORY_MODULE/MEMORY_reg[3][0]/CK (DFFRQX2M)     0.00      19.80 r
  library setup time                                     -0.31      19.49
  data required time                                                19.49
  --------------------------------------------------------------------------
  data required time                                                19.49
  data arrival time                                                 -2.95
  --------------------------------------------------------------------------
  slack (MET)                                                       16.54


  Startpoint: U_FIFO/WRITE_MODULE/ADD_COUNTER_reg[2]
              (rising edge-triggered flip-flop clocked by REF_CLK)
  Endpoint: U_FIFO/MEMORY_MODULE/MEMORY_reg[1][7]
            (rising edge-triggered flip-flop clocked by REF_CLK)
  Path Group: REF_CLK
  Path Type: max

  Point                                                   Incr       Path
  --------------------------------------------------------------------------
  clock REF_CLK (rise edge)                               0.00       0.00
  clock network delay (ideal)                             0.00       0.00
  U_FIFO/WRITE_MODULE/ADD_COUNTER_reg[2]/CK (DFFRQX2M)
                                                          0.00       0.00 r
  U_FIFO/WRITE_MODULE/ADD_COUNTER_reg[2]/Q (DFFRQX2M)     0.52       0.52 f
  U_FIFO/WRITE_MODULE/U11/Y (CLKXOR2X2M)                  0.28       0.81 r
  U_FIFO/WRITE_MODULE/U10/Y (CLKXOR2X2M)                  0.30       1.11 f
  U_FIFO/WRITE_MODULE/U7/Y (NAND4X2M)                     0.12       1.23 r
  U_FIFO/WRITE_MODULE/U3/Y (INVX2M)                       0.09       1.32 f
  U_FIFO/WRITE_MODULE/FULL (FIFO_WR_ADDRES_WIDTH4)        0.00       1.32 f
  U_FIFO/FULL (ASYNC_FIFO_ADDRES_WIDTH4_DATA_WIDTH8_FIFO_DEPTH8)
                                                          0.00       1.32 f
  U_SYS_CTRL/FULL_FLAG (SYS_CTRL)                         0.00       1.32 f
  U_SYS_CTRL/U46/Y (NOR3X2M)                              0.19       1.52 r
  U_SYS_CTRL/U45/Y (AND3X2M)                              0.30       1.82 r
  U_SYS_CTRL/U20/Y (OR3X2M)                               0.20       2.02 r
  U_SYS_CTRL/TX_D_VALID (SYS_CTRL)                        0.00       2.02 r
  U_FIFO/W_INC (ASYNC_FIFO_ADDRES_WIDTH4_DATA_WIDTH8_FIFO_DEPTH8)
                                                          0.00       2.02 r
  U_FIFO/MEMORY_MODULE/W_INC (FIFO_MEM_CNTRL_ADDRES_WIDTH4_DATA_WIDTH8_FIFO_DEPTH8)
                                                          0.00       2.02 r
  U_FIFO/MEMORY_MODULE/U13/Y (NOR2BX2M)                   0.16       2.17 r
  U_FIFO/MEMORY_MODULE/U18/Y (NOR2BX2M)                   0.27       2.45 r
  U_FIFO/MEMORY_MODULE/U60/Y (NAND3X2M)                   0.11       2.56 f
  U_FIFO/MEMORY_MODULE/U5/Y (BUFX2M)                      0.23       2.79 f
  U_FIFO/MEMORY_MODULE/U42/Y (OAI2BB2X1M)                 0.16       2.95 r
  U_FIFO/MEMORY_MODULE/MEMORY_reg[1][7]/D (DFFRQX2M)      0.00       2.95 r
  data arrival time                                                  2.95

  clock REF_CLK (rise edge)                              20.00      20.00
  clock network delay (ideal)                             0.00      20.00
  clock uncertainty                                      -0.20      19.80
  U_FIFO/MEMORY_MODULE/MEMORY_reg[1][7]/CK (DFFRQX2M)     0.00      19.80 r
  library setup time                                     -0.31      19.49
  data required time                                                19.49
  --------------------------------------------------------------------------
  data required time                                                19.49
  data arrival time                                                 -2.95
  --------------------------------------------------------------------------
  slack (MET)                                                       16.54


  Startpoint: U_FIFO/WRITE_MODULE/ADD_COUNTER_reg[2]
              (rising edge-triggered flip-flop clocked by REF_CLK)
  Endpoint: U_FIFO/MEMORY_MODULE/MEMORY_reg[1][6]
            (rising edge-triggered flip-flop clocked by REF_CLK)
  Path Group: REF_CLK
  Path Type: max

  Point                                                   Incr       Path
  --------------------------------------------------------------------------
  clock REF_CLK (rise edge)                               0.00       0.00
  clock network delay (ideal)                             0.00       0.00
  U_FIFO/WRITE_MODULE/ADD_COUNTER_reg[2]/CK (DFFRQX2M)
                                                          0.00       0.00 r
  U_FIFO/WRITE_MODULE/ADD_COUNTER_reg[2]/Q (DFFRQX2M)     0.52       0.52 f
  U_FIFO/WRITE_MODULE/U11/Y (CLKXOR2X2M)                  0.28       0.81 r
  U_FIFO/WRITE_MODULE/U10/Y (CLKXOR2X2M)                  0.30       1.11 f
  U_FIFO/WRITE_MODULE/U7/Y (NAND4X2M)                     0.12       1.23 r
  U_FIFO/WRITE_MODULE/U3/Y (INVX2M)                       0.09       1.32 f
  U_FIFO/WRITE_MODULE/FULL (FIFO_WR_ADDRES_WIDTH4)        0.00       1.32 f
  U_FIFO/FULL (ASYNC_FIFO_ADDRES_WIDTH4_DATA_WIDTH8_FIFO_DEPTH8)
                                                          0.00       1.32 f
  U_SYS_CTRL/FULL_FLAG (SYS_CTRL)                         0.00       1.32 f
  U_SYS_CTRL/U46/Y (NOR3X2M)                              0.19       1.52 r
  U_SYS_CTRL/U45/Y (AND3X2M)                              0.30       1.82 r
  U_SYS_CTRL/U20/Y (OR3X2M)                               0.20       2.02 r
  U_SYS_CTRL/TX_D_VALID (SYS_CTRL)                        0.00       2.02 r
  U_FIFO/W_INC (ASYNC_FIFO_ADDRES_WIDTH4_DATA_WIDTH8_FIFO_DEPTH8)
                                                          0.00       2.02 r
  U_FIFO/MEMORY_MODULE/W_INC (FIFO_MEM_CNTRL_ADDRES_WIDTH4_DATA_WIDTH8_FIFO_DEPTH8)
                                                          0.00       2.02 r
  U_FIFO/MEMORY_MODULE/U13/Y (NOR2BX2M)                   0.16       2.17 r
  U_FIFO/MEMORY_MODULE/U18/Y (NOR2BX2M)                   0.27       2.45 r
  U_FIFO/MEMORY_MODULE/U60/Y (NAND3X2M)                   0.11       2.56 f
  U_FIFO/MEMORY_MODULE/U5/Y (BUFX2M)                      0.23       2.79 f
  U_FIFO/MEMORY_MODULE/U41/Y (OAI2BB2X1M)                 0.16       2.95 r
  U_FIFO/MEMORY_MODULE/MEMORY_reg[1][6]/D (DFFRQX2M)      0.00       2.95 r
  data arrival time                                                  2.95

  clock REF_CLK (rise edge)                              20.00      20.00
  clock network delay (ideal)                             0.00      20.00
  clock uncertainty                                      -0.20      19.80
  U_FIFO/MEMORY_MODULE/MEMORY_reg[1][6]/CK (DFFRQX2M)     0.00      19.80 r
  library setup time                                     -0.31      19.49
  data required time                                                19.49
  --------------------------------------------------------------------------
  data required time                                                19.49
  data arrival time                                                 -2.95
  --------------------------------------------------------------------------
  slack (MET)                                                       16.54


  Startpoint: U_FIFO/WRITE_MODULE/ADD_COUNTER_reg[2]
              (rising edge-triggered flip-flop clocked by REF_CLK)
  Endpoint: U_FIFO/MEMORY_MODULE/MEMORY_reg[1][5]
            (rising edge-triggered flip-flop clocked by REF_CLK)
  Path Group: REF_CLK
  Path Type: max

  Point                                                   Incr       Path
  --------------------------------------------------------------------------
  clock REF_CLK (rise edge)                               0.00       0.00
  clock network delay (ideal)                             0.00       0.00
  U_FIFO/WRITE_MODULE/ADD_COUNTER_reg[2]/CK (DFFRQX2M)
                                                          0.00       0.00 r
  U_FIFO/WRITE_MODULE/ADD_COUNTER_reg[2]/Q (DFFRQX2M)     0.52       0.52 f
  U_FIFO/WRITE_MODULE/U11/Y (CLKXOR2X2M)                  0.28       0.81 r
  U_FIFO/WRITE_MODULE/U10/Y (CLKXOR2X2M)                  0.30       1.11 f
  U_FIFO/WRITE_MODULE/U7/Y (NAND4X2M)                     0.12       1.23 r
  U_FIFO/WRITE_MODULE/U3/Y (INVX2M)                       0.09       1.32 f
  U_FIFO/WRITE_MODULE/FULL (FIFO_WR_ADDRES_WIDTH4)        0.00       1.32 f
  U_FIFO/FULL (ASYNC_FIFO_ADDRES_WIDTH4_DATA_WIDTH8_FIFO_DEPTH8)
                                                          0.00       1.32 f
  U_SYS_CTRL/FULL_FLAG (SYS_CTRL)                         0.00       1.32 f
  U_SYS_CTRL/U46/Y (NOR3X2M)                              0.19       1.52 r
  U_SYS_CTRL/U45/Y (AND3X2M)                              0.30       1.82 r
  U_SYS_CTRL/U20/Y (OR3X2M)                               0.20       2.02 r
  U_SYS_CTRL/TX_D_VALID (SYS_CTRL)                        0.00       2.02 r
  U_FIFO/W_INC (ASYNC_FIFO_ADDRES_WIDTH4_DATA_WIDTH8_FIFO_DEPTH8)
                                                          0.00       2.02 r
  U_FIFO/MEMORY_MODULE/W_INC (FIFO_MEM_CNTRL_ADDRES_WIDTH4_DATA_WIDTH8_FIFO_DEPTH8)
                                                          0.00       2.02 r
  U_FIFO/MEMORY_MODULE/U13/Y (NOR2BX2M)                   0.16       2.17 r
  U_FIFO/MEMORY_MODULE/U18/Y (NOR2BX2M)                   0.27       2.45 r
  U_FIFO/MEMORY_MODULE/U60/Y (NAND3X2M)                   0.11       2.56 f
  U_FIFO/MEMORY_MODULE/U5/Y (BUFX2M)                      0.23       2.79 f
  U_FIFO/MEMORY_MODULE/U40/Y (OAI2BB2X1M)                 0.16       2.95 r
  U_FIFO/MEMORY_MODULE/MEMORY_reg[1][5]/D (DFFRQX2M)      0.00       2.95 r
  data arrival time                                                  2.95

  clock REF_CLK (rise edge)                              20.00      20.00
  clock network delay (ideal)                             0.00      20.00
  clock uncertainty                                      -0.20      19.80
  U_FIFO/MEMORY_MODULE/MEMORY_reg[1][5]/CK (DFFRQX2M)     0.00      19.80 r
  library setup time                                     -0.31      19.49
  data required time                                                19.49
  --------------------------------------------------------------------------
  data required time                                                19.49
  data arrival time                                                 -2.95
  --------------------------------------------------------------------------
  slack (MET)                                                       16.54


  Startpoint: U_FIFO/WRITE_MODULE/ADD_COUNTER_reg[2]
              (rising edge-triggered flip-flop clocked by REF_CLK)
  Endpoint: U_FIFO/MEMORY_MODULE/MEMORY_reg[1][4]
            (rising edge-triggered flip-flop clocked by REF_CLK)
  Path Group: REF_CLK
  Path Type: max

  Point                                                   Incr       Path
  --------------------------------------------------------------------------
  clock REF_CLK (rise edge)                               0.00       0.00
  clock network delay (ideal)                             0.00       0.00
  U_FIFO/WRITE_MODULE/ADD_COUNTER_reg[2]/CK (DFFRQX2M)
                                                          0.00       0.00 r
  U_FIFO/WRITE_MODULE/ADD_COUNTER_reg[2]/Q (DFFRQX2M)     0.52       0.52 f
  U_FIFO/WRITE_MODULE/U11/Y (CLKXOR2X2M)                  0.28       0.81 r
  U_FIFO/WRITE_MODULE/U10/Y (CLKXOR2X2M)                  0.30       1.11 f
  U_FIFO/WRITE_MODULE/U7/Y (NAND4X2M)                     0.12       1.23 r
  U_FIFO/WRITE_MODULE/U3/Y (INVX2M)                       0.09       1.32 f
  U_FIFO/WRITE_MODULE/FULL (FIFO_WR_ADDRES_WIDTH4)        0.00       1.32 f
  U_FIFO/FULL (ASYNC_FIFO_ADDRES_WIDTH4_DATA_WIDTH8_FIFO_DEPTH8)
                                                          0.00       1.32 f
  U_SYS_CTRL/FULL_FLAG (SYS_CTRL)                         0.00       1.32 f
  U_SYS_CTRL/U46/Y (NOR3X2M)                              0.19       1.52 r
  U_SYS_CTRL/U45/Y (AND3X2M)                              0.30       1.82 r
  U_SYS_CTRL/U20/Y (OR3X2M)                               0.20       2.02 r
  U_SYS_CTRL/TX_D_VALID (SYS_CTRL)                        0.00       2.02 r
  U_FIFO/W_INC (ASYNC_FIFO_ADDRES_WIDTH4_DATA_WIDTH8_FIFO_DEPTH8)
                                                          0.00       2.02 r
  U_FIFO/MEMORY_MODULE/W_INC (FIFO_MEM_CNTRL_ADDRES_WIDTH4_DATA_WIDTH8_FIFO_DEPTH8)
                                                          0.00       2.02 r
  U_FIFO/MEMORY_MODULE/U13/Y (NOR2BX2M)                   0.16       2.17 r
  U_FIFO/MEMORY_MODULE/U18/Y (NOR2BX2M)                   0.27       2.45 r
  U_FIFO/MEMORY_MODULE/U60/Y (NAND3X2M)                   0.11       2.56 f
  U_FIFO/MEMORY_MODULE/U5/Y (BUFX2M)                      0.23       2.79 f
  U_FIFO/MEMORY_MODULE/U39/Y (OAI2BB2X1M)                 0.16       2.95 r
  U_FIFO/MEMORY_MODULE/MEMORY_reg[1][4]/D (DFFRQX2M)      0.00       2.95 r
  data arrival time                                                  2.95

  clock REF_CLK (rise edge)                              20.00      20.00
  clock network delay (ideal)                             0.00      20.00
  clock uncertainty                                      -0.20      19.80
  U_FIFO/MEMORY_MODULE/MEMORY_reg[1][4]/CK (DFFRQX2M)     0.00      19.80 r
  library setup time                                     -0.31      19.49
  data required time                                                19.49
  --------------------------------------------------------------------------
  data required time                                                19.49
  data arrival time                                                 -2.95
  --------------------------------------------------------------------------
  slack (MET)                                                       16.54


  Startpoint: U_FIFO/WRITE_MODULE/ADD_COUNTER_reg[2]
              (rising edge-triggered flip-flop clocked by REF_CLK)
  Endpoint: U_FIFO/MEMORY_MODULE/MEMORY_reg[1][3]
            (rising edge-triggered flip-flop clocked by REF_CLK)
  Path Group: REF_CLK
  Path Type: max

  Point                                                   Incr       Path
  --------------------------------------------------------------------------
  clock REF_CLK (rise edge)                               0.00       0.00
  clock network delay (ideal)                             0.00       0.00
  U_FIFO/WRITE_MODULE/ADD_COUNTER_reg[2]/CK (DFFRQX2M)
                                                          0.00       0.00 r
  U_FIFO/WRITE_MODULE/ADD_COUNTER_reg[2]/Q (DFFRQX2M)     0.52       0.52 f
  U_FIFO/WRITE_MODULE/U11/Y (CLKXOR2X2M)                  0.28       0.81 r
  U_FIFO/WRITE_MODULE/U10/Y (CLKXOR2X2M)                  0.30       1.11 f
  U_FIFO/WRITE_MODULE/U7/Y (NAND4X2M)                     0.12       1.23 r
  U_FIFO/WRITE_MODULE/U3/Y (INVX2M)                       0.09       1.32 f
  U_FIFO/WRITE_MODULE/FULL (FIFO_WR_ADDRES_WIDTH4)        0.00       1.32 f
  U_FIFO/FULL (ASYNC_FIFO_ADDRES_WIDTH4_DATA_WIDTH8_FIFO_DEPTH8)
                                                          0.00       1.32 f
  U_SYS_CTRL/FULL_FLAG (SYS_CTRL)                         0.00       1.32 f
  U_SYS_CTRL/U46/Y (NOR3X2M)                              0.19       1.52 r
  U_SYS_CTRL/U45/Y (AND3X2M)                              0.30       1.82 r
  U_SYS_CTRL/U20/Y (OR3X2M)                               0.20       2.02 r
  U_SYS_CTRL/TX_D_VALID (SYS_CTRL)                        0.00       2.02 r
  U_FIFO/W_INC (ASYNC_FIFO_ADDRES_WIDTH4_DATA_WIDTH8_FIFO_DEPTH8)
                                                          0.00       2.02 r
  U_FIFO/MEMORY_MODULE/W_INC (FIFO_MEM_CNTRL_ADDRES_WIDTH4_DATA_WIDTH8_FIFO_DEPTH8)
                                                          0.00       2.02 r
  U_FIFO/MEMORY_MODULE/U13/Y (NOR2BX2M)                   0.16       2.17 r
  U_FIFO/MEMORY_MODULE/U18/Y (NOR2BX2M)                   0.27       2.45 r
  U_FIFO/MEMORY_MODULE/U60/Y (NAND3X2M)                   0.11       2.56 f
  U_FIFO/MEMORY_MODULE/U5/Y (BUFX2M)                      0.23       2.79 f
  U_FIFO/MEMORY_MODULE/U38/Y (OAI2BB2X1M)                 0.16       2.95 r
  U_FIFO/MEMORY_MODULE/MEMORY_reg[1][3]/D (DFFRQX2M)      0.00       2.95 r
  data arrival time                                                  2.95

  clock REF_CLK (rise edge)                              20.00      20.00
  clock network delay (ideal)                             0.00      20.00
  clock uncertainty                                      -0.20      19.80
  U_FIFO/MEMORY_MODULE/MEMORY_reg[1][3]/CK (DFFRQX2M)     0.00      19.80 r
  library setup time                                     -0.31      19.49
  data required time                                                19.49
  --------------------------------------------------------------------------
  data required time                                                19.49
  data arrival time                                                 -2.95
  --------------------------------------------------------------------------
  slack (MET)                                                       16.54


  Startpoint: U_FIFO/WRITE_MODULE/ADD_COUNTER_reg[2]
              (rising edge-triggered flip-flop clocked by REF_CLK)
  Endpoint: U_FIFO/MEMORY_MODULE/MEMORY_reg[1][2]
            (rising edge-triggered flip-flop clocked by REF_CLK)
  Path Group: REF_CLK
  Path Type: max

  Point                                                   Incr       Path
  --------------------------------------------------------------------------
  clock REF_CLK (rise edge)                               0.00       0.00
  clock network delay (ideal)                             0.00       0.00
  U_FIFO/WRITE_MODULE/ADD_COUNTER_reg[2]/CK (DFFRQX2M)
                                                          0.00       0.00 r
  U_FIFO/WRITE_MODULE/ADD_COUNTER_reg[2]/Q (DFFRQX2M)     0.52       0.52 f
  U_FIFO/WRITE_MODULE/U11/Y (CLKXOR2X2M)                  0.28       0.81 r
  U_FIFO/WRITE_MODULE/U10/Y (CLKXOR2X2M)                  0.30       1.11 f
  U_FIFO/WRITE_MODULE/U7/Y (NAND4X2M)                     0.12       1.23 r
  U_FIFO/WRITE_MODULE/U3/Y (INVX2M)                       0.09       1.32 f
  U_FIFO/WRITE_MODULE/FULL (FIFO_WR_ADDRES_WIDTH4)        0.00       1.32 f
  U_FIFO/FULL (ASYNC_FIFO_ADDRES_WIDTH4_DATA_WIDTH8_FIFO_DEPTH8)
                                                          0.00       1.32 f
  U_SYS_CTRL/FULL_FLAG (SYS_CTRL)                         0.00       1.32 f
  U_SYS_CTRL/U46/Y (NOR3X2M)                              0.19       1.52 r
  U_SYS_CTRL/U45/Y (AND3X2M)                              0.30       1.82 r
  U_SYS_CTRL/U20/Y (OR3X2M)                               0.20       2.02 r
  U_SYS_CTRL/TX_D_VALID (SYS_CTRL)                        0.00       2.02 r
  U_FIFO/W_INC (ASYNC_FIFO_ADDRES_WIDTH4_DATA_WIDTH8_FIFO_DEPTH8)
                                                          0.00       2.02 r
  U_FIFO/MEMORY_MODULE/W_INC (FIFO_MEM_CNTRL_ADDRES_WIDTH4_DATA_WIDTH8_FIFO_DEPTH8)
                                                          0.00       2.02 r
  U_FIFO/MEMORY_MODULE/U13/Y (NOR2BX2M)                   0.16       2.17 r
  U_FIFO/MEMORY_MODULE/U18/Y (NOR2BX2M)                   0.27       2.45 r
  U_FIFO/MEMORY_MODULE/U60/Y (NAND3X2M)                   0.11       2.56 f
  U_FIFO/MEMORY_MODULE/U5/Y (BUFX2M)                      0.23       2.79 f
  U_FIFO/MEMORY_MODULE/U37/Y (OAI2BB2X1M)                 0.16       2.95 r
  U_FIFO/MEMORY_MODULE/MEMORY_reg[1][2]/D (DFFRQX2M)      0.00       2.95 r
  data arrival time                                                  2.95

  clock REF_CLK (rise edge)                              20.00      20.00
  clock network delay (ideal)                             0.00      20.00
  clock uncertainty                                      -0.20      19.80
  U_FIFO/MEMORY_MODULE/MEMORY_reg[1][2]/CK (DFFRQX2M)     0.00      19.80 r
  library setup time                                     -0.31      19.49
  data required time                                                19.49
  --------------------------------------------------------------------------
  data required time                                                19.49
  data arrival time                                                 -2.95
  --------------------------------------------------------------------------
  slack (MET)                                                       16.54


  Startpoint: U_FIFO/WRITE_MODULE/ADD_COUNTER_reg[2]
              (rising edge-triggered flip-flop clocked by REF_CLK)
  Endpoint: U_FIFO/MEMORY_MODULE/MEMORY_reg[1][1]
            (rising edge-triggered flip-flop clocked by REF_CLK)
  Path Group: REF_CLK
  Path Type: max

  Point                                                   Incr       Path
  --------------------------------------------------------------------------
  clock REF_CLK (rise edge)                               0.00       0.00
  clock network delay (ideal)                             0.00       0.00
  U_FIFO/WRITE_MODULE/ADD_COUNTER_reg[2]/CK (DFFRQX2M)
                                                          0.00       0.00 r
  U_FIFO/WRITE_MODULE/ADD_COUNTER_reg[2]/Q (DFFRQX2M)     0.52       0.52 f
  U_FIFO/WRITE_MODULE/U11/Y (CLKXOR2X2M)                  0.28       0.81 r
  U_FIFO/WRITE_MODULE/U10/Y (CLKXOR2X2M)                  0.30       1.11 f
  U_FIFO/WRITE_MODULE/U7/Y (NAND4X2M)                     0.12       1.23 r
  U_FIFO/WRITE_MODULE/U3/Y (INVX2M)                       0.09       1.32 f
  U_FIFO/WRITE_MODULE/FULL (FIFO_WR_ADDRES_WIDTH4)        0.00       1.32 f
  U_FIFO/FULL (ASYNC_FIFO_ADDRES_WIDTH4_DATA_WIDTH8_FIFO_DEPTH8)
                                                          0.00       1.32 f
  U_SYS_CTRL/FULL_FLAG (SYS_CTRL)                         0.00       1.32 f
  U_SYS_CTRL/U46/Y (NOR3X2M)                              0.19       1.52 r
  U_SYS_CTRL/U45/Y (AND3X2M)                              0.30       1.82 r
  U_SYS_CTRL/U20/Y (OR3X2M)                               0.20       2.02 r
  U_SYS_CTRL/TX_D_VALID (SYS_CTRL)                        0.00       2.02 r
  U_FIFO/W_INC (ASYNC_FIFO_ADDRES_WIDTH4_DATA_WIDTH8_FIFO_DEPTH8)
                                                          0.00       2.02 r
  U_FIFO/MEMORY_MODULE/W_INC (FIFO_MEM_CNTRL_ADDRES_WIDTH4_DATA_WIDTH8_FIFO_DEPTH8)
                                                          0.00       2.02 r
  U_FIFO/MEMORY_MODULE/U13/Y (NOR2BX2M)                   0.16       2.17 r
  U_FIFO/MEMORY_MODULE/U18/Y (NOR2BX2M)                   0.27       2.45 r
  U_FIFO/MEMORY_MODULE/U60/Y (NAND3X2M)                   0.11       2.56 f
  U_FIFO/MEMORY_MODULE/U5/Y (BUFX2M)                      0.23       2.79 f
  U_FIFO/MEMORY_MODULE/U36/Y (OAI2BB2X1M)                 0.16       2.95 r
  U_FIFO/MEMORY_MODULE/MEMORY_reg[1][1]/D (DFFRQX2M)      0.00       2.95 r
  data arrival time                                                  2.95

  clock REF_CLK (rise edge)                              20.00      20.00
  clock network delay (ideal)                             0.00      20.00
  clock uncertainty                                      -0.20      19.80
  U_FIFO/MEMORY_MODULE/MEMORY_reg[1][1]/CK (DFFRQX2M)     0.00      19.80 r
  library setup time                                     -0.31      19.49
  data required time                                                19.49
  --------------------------------------------------------------------------
  data required time                                                19.49
  data arrival time                                                 -2.95
  --------------------------------------------------------------------------
  slack (MET)                                                       16.54


  Startpoint: U_FIFO/WRITE_MODULE/ADD_COUNTER_reg[2]
              (rising edge-triggered flip-flop clocked by REF_CLK)
  Endpoint: U_FIFO/MEMORY_MODULE/MEMORY_reg[1][0]
            (rising edge-triggered flip-flop clocked by REF_CLK)
  Path Group: REF_CLK
  Path Type: max

  Point                                                   Incr       Path
  --------------------------------------------------------------------------
  clock REF_CLK (rise edge)                               0.00       0.00
  clock network delay (ideal)                             0.00       0.00
  U_FIFO/WRITE_MODULE/ADD_COUNTER_reg[2]/CK (DFFRQX2M)
                                                          0.00       0.00 r
  U_FIFO/WRITE_MODULE/ADD_COUNTER_reg[2]/Q (DFFRQX2M)     0.52       0.52 f
  U_FIFO/WRITE_MODULE/U11/Y (CLKXOR2X2M)                  0.28       0.81 r
  U_FIFO/WRITE_MODULE/U10/Y (CLKXOR2X2M)                  0.30       1.11 f
  U_FIFO/WRITE_MODULE/U7/Y (NAND4X2M)                     0.12       1.23 r
  U_FIFO/WRITE_MODULE/U3/Y (INVX2M)                       0.09       1.32 f
  U_FIFO/WRITE_MODULE/FULL (FIFO_WR_ADDRES_WIDTH4)        0.00       1.32 f
  U_FIFO/FULL (ASYNC_FIFO_ADDRES_WIDTH4_DATA_WIDTH8_FIFO_DEPTH8)
                                                          0.00       1.32 f
  U_SYS_CTRL/FULL_FLAG (SYS_CTRL)                         0.00       1.32 f
  U_SYS_CTRL/U46/Y (NOR3X2M)                              0.19       1.52 r
  U_SYS_CTRL/U45/Y (AND3X2M)                              0.30       1.82 r
  U_SYS_CTRL/U20/Y (OR3X2M)                               0.20       2.02 r
  U_SYS_CTRL/TX_D_VALID (SYS_CTRL)                        0.00       2.02 r
  U_FIFO/W_INC (ASYNC_FIFO_ADDRES_WIDTH4_DATA_WIDTH8_FIFO_DEPTH8)
                                                          0.00       2.02 r
  U_FIFO/MEMORY_MODULE/W_INC (FIFO_MEM_CNTRL_ADDRES_WIDTH4_DATA_WIDTH8_FIFO_DEPTH8)
                                                          0.00       2.02 r
  U_FIFO/MEMORY_MODULE/U13/Y (NOR2BX2M)                   0.16       2.17 r
  U_FIFO/MEMORY_MODULE/U18/Y (NOR2BX2M)                   0.27       2.45 r
  U_FIFO/MEMORY_MODULE/U60/Y (NAND3X2M)                   0.11       2.56 f
  U_FIFO/MEMORY_MODULE/U5/Y (BUFX2M)                      0.23       2.79 f
  U_FIFO/MEMORY_MODULE/U35/Y (OAI2BB2X1M)                 0.16       2.95 r
  U_FIFO/MEMORY_MODULE/MEMORY_reg[1][0]/D (DFFRQX2M)      0.00       2.95 r
  data arrival time                                                  2.95

  clock REF_CLK (rise edge)                              20.00      20.00
  clock network delay (ideal)                             0.00      20.00
  clock uncertainty                                      -0.20      19.80
  U_FIFO/MEMORY_MODULE/MEMORY_reg[1][0]/CK (DFFRQX2M)     0.00      19.80 r
  library setup time                                     -0.31      19.49
  data required time                                                19.49
  --------------------------------------------------------------------------
  data required time                                                19.49
  data arrival time                                                 -2.95
  --------------------------------------------------------------------------
  slack (MET)                                                       16.54


  Startpoint: U_FIFO/WRITE_MODULE/ADD_COUNTER_reg[2]
              (rising edge-triggered flip-flop clocked by REF_CLK)
  Endpoint: U_FIFO/MEMORY_MODULE/MEMORY_reg[2][3]
            (rising edge-triggered flip-flop clocked by REF_CLK)
  Path Group: REF_CLK
  Path Type: max

  Point                                                   Incr       Path
  --------------------------------------------------------------------------
  clock REF_CLK (rise edge)                               0.00       0.00
  clock network delay (ideal)                             0.00       0.00
  U_FIFO/WRITE_MODULE/ADD_COUNTER_reg[2]/CK (DFFRQX2M)
                                                          0.00       0.00 r
  U_FIFO/WRITE_MODULE/ADD_COUNTER_reg[2]/Q (DFFRQX2M)     0.52       0.52 f
  U_FIFO/WRITE_MODULE/U11/Y (CLKXOR2X2M)                  0.28       0.81 r
  U_FIFO/WRITE_MODULE/U10/Y (CLKXOR2X2M)                  0.30       1.11 f
  U_FIFO/WRITE_MODULE/U7/Y (NAND4X2M)                     0.12       1.23 r
  U_FIFO/WRITE_MODULE/U3/Y (INVX2M)                       0.09       1.32 f
  U_FIFO/WRITE_MODULE/FULL (FIFO_WR_ADDRES_WIDTH4)        0.00       1.32 f
  U_FIFO/FULL (ASYNC_FIFO_ADDRES_WIDTH4_DATA_WIDTH8_FIFO_DEPTH8)
                                                          0.00       1.32 f
  U_SYS_CTRL/FULL_FLAG (SYS_CTRL)                         0.00       1.32 f
  U_SYS_CTRL/U46/Y (NOR3X2M)                              0.19       1.52 r
  U_SYS_CTRL/U45/Y (AND3X2M)                              0.30       1.82 r
  U_SYS_CTRL/U20/Y (OR3X2M)                               0.20       2.02 r
  U_SYS_CTRL/TX_D_VALID (SYS_CTRL)                        0.00       2.02 r
  U_FIFO/W_INC (ASYNC_FIFO_ADDRES_WIDTH4_DATA_WIDTH8_FIFO_DEPTH8)
                                                          0.00       2.02 r
  U_FIFO/MEMORY_MODULE/W_INC (FIFO_MEM_CNTRL_ADDRES_WIDTH4_DATA_WIDTH8_FIFO_DEPTH8)
                                                          0.00       2.02 r
  U_FIFO/MEMORY_MODULE/U13/Y (NOR2BX2M)                   0.16       2.17 r
  U_FIFO/MEMORY_MODULE/U18/Y (NOR2BX2M)                   0.27       2.45 r
  U_FIFO/MEMORY_MODULE/U61/Y (NAND3X2M)                   0.11       2.56 f
  U_FIFO/MEMORY_MODULE/U6/Y (BUFX2M)                      0.23       2.79 f
  U_FIFO/MEMORY_MODULE/U46/Y (OAI2BB2X1M)                 0.16       2.95 r
  U_FIFO/MEMORY_MODULE/MEMORY_reg[2][3]/D (DFFRQX2M)      0.00       2.95 r
  data arrival time                                                  2.95

  clock REF_CLK (rise edge)                              20.00      20.00
  clock network delay (ideal)                             0.00      20.00
  clock uncertainty                                      -0.20      19.80
  U_FIFO/MEMORY_MODULE/MEMORY_reg[2][3]/CK (DFFRQX2M)     0.00      19.80 r
  library setup time                                     -0.31      19.49
  data required time                                                19.49
  --------------------------------------------------------------------------
  data required time                                                19.49
  data arrival time                                                 -2.95
  --------------------------------------------------------------------------
  slack (MET)                                                       16.54


  Startpoint: U_FIFO/WRITE_MODULE/ADD_COUNTER_reg[2]
              (rising edge-triggered flip-flop clocked by REF_CLK)
  Endpoint: U_FIFO/MEMORY_MODULE/MEMORY_reg[2][2]
            (rising edge-triggered flip-flop clocked by REF_CLK)
  Path Group: REF_CLK
  Path Type: max

  Point                                                   Incr       Path
  --------------------------------------------------------------------------
  clock REF_CLK (rise edge)                               0.00       0.00
  clock network delay (ideal)                             0.00       0.00
  U_FIFO/WRITE_MODULE/ADD_COUNTER_reg[2]/CK (DFFRQX2M)
                                                          0.00       0.00 r
  U_FIFO/WRITE_MODULE/ADD_COUNTER_reg[2]/Q (DFFRQX2M)     0.52       0.52 f
  U_FIFO/WRITE_MODULE/U11/Y (CLKXOR2X2M)                  0.28       0.81 r
  U_FIFO/WRITE_MODULE/U10/Y (CLKXOR2X2M)                  0.30       1.11 f
  U_FIFO/WRITE_MODULE/U7/Y (NAND4X2M)                     0.12       1.23 r
  U_FIFO/WRITE_MODULE/U3/Y (INVX2M)                       0.09       1.32 f
  U_FIFO/WRITE_MODULE/FULL (FIFO_WR_ADDRES_WIDTH4)        0.00       1.32 f
  U_FIFO/FULL (ASYNC_FIFO_ADDRES_WIDTH4_DATA_WIDTH8_FIFO_DEPTH8)
                                                          0.00       1.32 f
  U_SYS_CTRL/FULL_FLAG (SYS_CTRL)                         0.00       1.32 f
  U_SYS_CTRL/U46/Y (NOR3X2M)                              0.19       1.52 r
  U_SYS_CTRL/U45/Y (AND3X2M)                              0.30       1.82 r
  U_SYS_CTRL/U20/Y (OR3X2M)                               0.20       2.02 r
  U_SYS_CTRL/TX_D_VALID (SYS_CTRL)                        0.00       2.02 r
  U_FIFO/W_INC (ASYNC_FIFO_ADDRES_WIDTH4_DATA_WIDTH8_FIFO_DEPTH8)
                                                          0.00       2.02 r
  U_FIFO/MEMORY_MODULE/W_INC (FIFO_MEM_CNTRL_ADDRES_WIDTH4_DATA_WIDTH8_FIFO_DEPTH8)
                                                          0.00       2.02 r
  U_FIFO/MEMORY_MODULE/U13/Y (NOR2BX2M)                   0.16       2.17 r
  U_FIFO/MEMORY_MODULE/U18/Y (NOR2BX2M)                   0.27       2.45 r
  U_FIFO/MEMORY_MODULE/U61/Y (NAND3X2M)                   0.11       2.56 f
  U_FIFO/MEMORY_MODULE/U6/Y (BUFX2M)                      0.23       2.79 f
  U_FIFO/MEMORY_MODULE/U45/Y (OAI2BB2X1M)                 0.16       2.95 r
  U_FIFO/MEMORY_MODULE/MEMORY_reg[2][2]/D (DFFRQX2M)      0.00       2.95 r
  data arrival time                                                  2.95

  clock REF_CLK (rise edge)                              20.00      20.00
  clock network delay (ideal)                             0.00      20.00
  clock uncertainty                                      -0.20      19.80
  U_FIFO/MEMORY_MODULE/MEMORY_reg[2][2]/CK (DFFRQX2M)     0.00      19.80 r
  library setup time                                     -0.31      19.49
  data required time                                                19.49
  --------------------------------------------------------------------------
  data required time                                                19.49
  data arrival time                                                 -2.95
  --------------------------------------------------------------------------
  slack (MET)                                                       16.54


  Startpoint: U_FIFO/WRITE_MODULE/ADD_COUNTER_reg[2]
              (rising edge-triggered flip-flop clocked by REF_CLK)
  Endpoint: U_FIFO/MEMORY_MODULE/MEMORY_reg[2][1]
            (rising edge-triggered flip-flop clocked by REF_CLK)
  Path Group: REF_CLK
  Path Type: max

  Point                                                   Incr       Path
  --------------------------------------------------------------------------
  clock REF_CLK (rise edge)                               0.00       0.00
  clock network delay (ideal)                             0.00       0.00
  U_FIFO/WRITE_MODULE/ADD_COUNTER_reg[2]/CK (DFFRQX2M)
                                                          0.00       0.00 r
  U_FIFO/WRITE_MODULE/ADD_COUNTER_reg[2]/Q (DFFRQX2M)     0.52       0.52 f
  U_FIFO/WRITE_MODULE/U11/Y (CLKXOR2X2M)                  0.28       0.81 r
  U_FIFO/WRITE_MODULE/U10/Y (CLKXOR2X2M)                  0.30       1.11 f
  U_FIFO/WRITE_MODULE/U7/Y (NAND4X2M)                     0.12       1.23 r
  U_FIFO/WRITE_MODULE/U3/Y (INVX2M)                       0.09       1.32 f
  U_FIFO/WRITE_MODULE/FULL (FIFO_WR_ADDRES_WIDTH4)        0.00       1.32 f
  U_FIFO/FULL (ASYNC_FIFO_ADDRES_WIDTH4_DATA_WIDTH8_FIFO_DEPTH8)
                                                          0.00       1.32 f
  U_SYS_CTRL/FULL_FLAG (SYS_CTRL)                         0.00       1.32 f
  U_SYS_CTRL/U46/Y (NOR3X2M)                              0.19       1.52 r
  U_SYS_CTRL/U45/Y (AND3X2M)                              0.30       1.82 r
  U_SYS_CTRL/U20/Y (OR3X2M)                               0.20       2.02 r
  U_SYS_CTRL/TX_D_VALID (SYS_CTRL)                        0.00       2.02 r
  U_FIFO/W_INC (ASYNC_FIFO_ADDRES_WIDTH4_DATA_WIDTH8_FIFO_DEPTH8)
                                                          0.00       2.02 r
  U_FIFO/MEMORY_MODULE/W_INC (FIFO_MEM_CNTRL_ADDRES_WIDTH4_DATA_WIDTH8_FIFO_DEPTH8)
                                                          0.00       2.02 r
  U_FIFO/MEMORY_MODULE/U13/Y (NOR2BX2M)                   0.16       2.17 r
  U_FIFO/MEMORY_MODULE/U18/Y (NOR2BX2M)                   0.27       2.45 r
  U_FIFO/MEMORY_MODULE/U61/Y (NAND3X2M)                   0.11       2.56 f
  U_FIFO/MEMORY_MODULE/U6/Y (BUFX2M)                      0.23       2.79 f
  U_FIFO/MEMORY_MODULE/U44/Y (OAI2BB2X1M)                 0.16       2.95 r
  U_FIFO/MEMORY_MODULE/MEMORY_reg[2][1]/D (DFFRQX2M)      0.00       2.95 r
  data arrival time                                                  2.95

  clock REF_CLK (rise edge)                              20.00      20.00
  clock network delay (ideal)                             0.00      20.00
  clock uncertainty                                      -0.20      19.80
  U_FIFO/MEMORY_MODULE/MEMORY_reg[2][1]/CK (DFFRQX2M)     0.00      19.80 r
  library setup time                                     -0.31      19.49
  data required time                                                19.49
  --------------------------------------------------------------------------
  data required time                                                19.49
  data arrival time                                                 -2.95
  --------------------------------------------------------------------------
  slack (MET)                                                       16.54


  Startpoint: U_FIFO/WRITE_MODULE/ADD_COUNTER_reg[2]
              (rising edge-triggered flip-flop clocked by REF_CLK)
  Endpoint: U_FIFO/MEMORY_MODULE/MEMORY_reg[2][0]
            (rising edge-triggered flip-flop clocked by REF_CLK)
  Path Group: REF_CLK
  Path Type: max

  Point                                                   Incr       Path
  --------------------------------------------------------------------------
  clock REF_CLK (rise edge)                               0.00       0.00
  clock network delay (ideal)                             0.00       0.00
  U_FIFO/WRITE_MODULE/ADD_COUNTER_reg[2]/CK (DFFRQX2M)
                                                          0.00       0.00 r
  U_FIFO/WRITE_MODULE/ADD_COUNTER_reg[2]/Q (DFFRQX2M)     0.52       0.52 f
  U_FIFO/WRITE_MODULE/U11/Y (CLKXOR2X2M)                  0.28       0.81 r
  U_FIFO/WRITE_MODULE/U10/Y (CLKXOR2X2M)                  0.30       1.11 f
  U_FIFO/WRITE_MODULE/U7/Y (NAND4X2M)                     0.12       1.23 r
  U_FIFO/WRITE_MODULE/U3/Y (INVX2M)                       0.09       1.32 f
  U_FIFO/WRITE_MODULE/FULL (FIFO_WR_ADDRES_WIDTH4)        0.00       1.32 f
  U_FIFO/FULL (ASYNC_FIFO_ADDRES_WIDTH4_DATA_WIDTH8_FIFO_DEPTH8)
                                                          0.00       1.32 f
  U_SYS_CTRL/FULL_FLAG (SYS_CTRL)                         0.00       1.32 f
  U_SYS_CTRL/U46/Y (NOR3X2M)                              0.19       1.52 r
  U_SYS_CTRL/U45/Y (AND3X2M)                              0.30       1.82 r
  U_SYS_CTRL/U20/Y (OR3X2M)                               0.20       2.02 r
  U_SYS_CTRL/TX_D_VALID (SYS_CTRL)                        0.00       2.02 r
  U_FIFO/W_INC (ASYNC_FIFO_ADDRES_WIDTH4_DATA_WIDTH8_FIFO_DEPTH8)
                                                          0.00       2.02 r
  U_FIFO/MEMORY_MODULE/W_INC (FIFO_MEM_CNTRL_ADDRES_WIDTH4_DATA_WIDTH8_FIFO_DEPTH8)
                                                          0.00       2.02 r
  U_FIFO/MEMORY_MODULE/U13/Y (NOR2BX2M)                   0.16       2.17 r
  U_FIFO/MEMORY_MODULE/U18/Y (NOR2BX2M)                   0.27       2.45 r
  U_FIFO/MEMORY_MODULE/U61/Y (NAND3X2M)                   0.11       2.56 f
  U_FIFO/MEMORY_MODULE/U6/Y (BUFX2M)                      0.23       2.79 f
  U_FIFO/MEMORY_MODULE/U43/Y (OAI2BB2X1M)                 0.16       2.95 r
  U_FIFO/MEMORY_MODULE/MEMORY_reg[2][0]/D (DFFRQX2M)      0.00       2.95 r
  data arrival time                                                  2.95

  clock REF_CLK (rise edge)                              20.00      20.00
  clock network delay (ideal)                             0.00      20.00
  clock uncertainty                                      -0.20      19.80
  U_FIFO/MEMORY_MODULE/MEMORY_reg[2][0]/CK (DFFRQX2M)     0.00      19.80 r
  library setup time                                     -0.31      19.49
  data required time                                                19.49
  --------------------------------------------------------------------------
  data required time                                                19.49
  data arrival time                                                 -2.95
  --------------------------------------------------------------------------
  slack (MET)                                                       16.54


  Startpoint: UART/U_UART_RX/U4/stop_err_reg
              (rising edge-triggered flip-flop clocked by UART_RX_CLK)
  Endpoint: framing_error
            (output port clocked by UART_RX_CLK)
  Path Group: REGOUT
  Path Type: max

  Point                                                   Incr       Path
  --------------------------------------------------------------------------
  clock UART_RX_CLK (rise edge)                           0.00       0.00
  clock network delay (ideal)                             0.00       0.00
  UART/U_UART_RX/U4/stop_err_reg/CK (DFFRQX2M)            0.00       0.00 r
  UART/U_UART_RX/U4/stop_err_reg/Q (DFFRQX2M)             0.90       0.90 r
  UART/U_UART_RX/U4/stop_err (STOP_CHECK)                 0.00       0.90 r
  UART/U_UART_RX/stop_err (UART_RX_DATA_WIDTH8)           0.00       0.90 r
  UART/framing_error (UART_TOP)                           0.00       0.90 r
  framing_error (out)                                     0.00       0.90 r
  data arrival time                                                  0.90

  clock UART_RX_CLK (rise edge)                         271.27     271.27
  clock network delay (ideal)                             0.00     271.27
  clock uncertainty                                      -0.20     271.07
  output external delay                                 -54.25     216.81
  data required time                                               216.81
  --------------------------------------------------------------------------
  data required time                                               216.81
  data arrival time                                                 -0.90
  --------------------------------------------------------------------------
  slack (MET)                                                      215.92


  Startpoint: UART/U_UART_RX/U5/par_err_reg
              (rising edge-triggered flip-flop clocked by UART_RX_CLK)
  Endpoint: parity_error
            (output port clocked by UART_RX_CLK)
  Path Group: REGOUT
  Path Type: max

  Point                                                   Incr       Path
  --------------------------------------------------------------------------
  clock UART_RX_CLK (rise edge)                           0.00       0.00
  clock network delay (ideal)                             0.00       0.00
  UART/U_UART_RX/U5/par_err_reg/CK (DFFRQX2M)             0.00       0.00 r
  UART/U_UART_RX/U5/par_err_reg/Q (DFFRQX2M)              0.89       0.89 r
  UART/U_UART_RX/U5/par_err (PAR_CHECK_DATA_WIDTH8)       0.00       0.89 r
  UART/U_UART_RX/par_err (UART_RX_DATA_WIDTH8)            0.00       0.89 r
  UART/parity_error (UART_TOP)                            0.00       0.89 r
  parity_error (out)                                      0.00       0.89 r
  data arrival time                                                  0.89

  clock UART_RX_CLK (rise edge)                         271.27     271.27
  clock network delay (ideal)                             0.00     271.27
  clock uncertainty                                      -0.20     271.07
  output external delay                                 -54.25     216.81
  data required time                                               216.81
  --------------------------------------------------------------------------
  data required time                                               216.81
  data arrival time                                                 -0.89
  --------------------------------------------------------------------------
  slack (MET)                                                      215.92


  Startpoint: UART/U_UART_TX/U4/TX_OUT_reg
              (rising edge-triggered flip-flop clocked by UART_TX_CLK)
  Endpoint: UART_TX_O (output port clocked by UART_TX_CLK)
  Path Group: REGOUT
  Path Type: max

  Point                                                   Incr       Path
  --------------------------------------------------------------------------
  clock UART_TX_CLK (rise edge)                           0.00       0.00
  clock network delay (ideal)                             0.00       0.00
  UART/U_UART_TX/U4/TX_OUT_reg/CK (DFFSQX2M)              0.00       0.00 r
  UART/U_UART_TX/U4/TX_OUT_reg/Q (DFFSQX2M)               0.89       0.89 r
  UART/U_UART_TX/U4/TX_OUT (MUX_MUX_WIDTH2)               0.00       0.89 r
  UART/U_UART_TX/TX_OUT (UART_TX_DATA_WIDTH8)             0.00       0.89 r
  UART/TX_OUT_S (UART_TOP)                                0.00       0.89 r
  UART_TX_O (out)                                         0.00       0.89 r
  data arrival time                                                  0.89

  clock UART_TX_CLK (rise edge)                        8680.54    8680.54
  clock network delay (ideal)                             0.00    8680.54
  clock uncertainty                                      -0.20    8680.34
  output external delay                               -1736.11    6944.23
  data required time                                              6944.23
  --------------------------------------------------------------------------
  data required time                                              6944.23
  data arrival time                                                 -0.89
  --------------------------------------------------------------------------
  slack (MET)                                                     6943.35


  Startpoint: Clk_Div_RX_Prescale/count_reg[2]
              (rising edge-triggered flip-flop clocked by UART_CLK)
  Endpoint: Clk_Div_RX_Prescale/count_reg[5]
            (rising edge-triggered flip-flop clocked by UART_CLK)
  Path Group: UART_CLK
  Path Type: max

  Point                                                   Incr       Path
  --------------------------------------------------------------------------
  clock UART_CLK (rise edge)                              0.00       0.00
  clock network delay (ideal)                             0.00       0.00
  Clk_Div_RX_Prescale/count_reg[2]/CK (DFFRQX2M)          0.00       0.00 r
  Clk_Div_RX_Prescale/count_reg[2]/Q (DFFRQX2M)           0.50       0.50 f
  Clk_Div_RX_Prescale/U35/Y (CLKXOR2X2M)                  0.23       0.73 f
  Clk_Div_RX_Prescale/U34/Y (NOR4X1M)                     0.26       0.99 r
  Clk_Div_RX_Prescale/U33/Y (NAND4X1M)                    0.20       1.19 f
  Clk_Div_RX_Prescale/U32/Y (MXI2X1M)                     0.18       1.37 r
  Clk_Div_RX_Prescale/U31/Y (CLKNAND2X2M)                 0.13       1.50 f
  Clk_Div_RX_Prescale/U25/Y (AND3X1M)                     0.30       1.81 f
  Clk_Div_RX_Prescale/U23/Y (AO22X1M)                     0.41       2.22 f
  Clk_Div_RX_Prescale/count_reg[5]/D (DFFRQX2M)           0.00       2.22 f
  data arrival time                                                  2.22

  clock UART_CLK (rise edge)                            271.27     271.27
  clock network delay (ideal)                             0.00     271.27
  clock uncertainty                                      -0.20     271.07
  Clk_Div_RX_Prescale/count_reg[5]/CK (DFFRQX2M)          0.00     271.07 r
  library setup time                                     -0.15     270.91
  data required time                                               270.91
  --------------------------------------------------------------------------
  data required time                                               270.91
  data arrival time                                                 -2.22
  --------------------------------------------------------------------------
  slack (MET)                                                      268.69


  Startpoint: Clk_Div_RX_Prescale/count_reg[2]
              (rising edge-triggered flip-flop clocked by UART_CLK)
  Endpoint: Clk_Div_RX_Prescale/count_reg[4]
            (rising edge-triggered flip-flop clocked by UART_CLK)
  Path Group: UART_CLK
  Path Type: max

  Point                                                   Incr       Path
  --------------------------------------------------------------------------
  clock UART_CLK (rise edge)                              0.00       0.00
  clock network delay (ideal)                             0.00       0.00
  Clk_Div_RX_Prescale/count_reg[2]/CK (DFFRQX2M)          0.00       0.00 r
  Clk_Div_RX_Prescale/count_reg[2]/Q (DFFRQX2M)           0.50       0.50 f
  Clk_Div_RX_Prescale/U35/Y (CLKXOR2X2M)                  0.23       0.73 f
  Clk_Div_RX_Prescale/U34/Y (NOR4X1M)                     0.26       0.99 r
  Clk_Div_RX_Prescale/U33/Y (NAND4X1M)                    0.20       1.19 f
  Clk_Div_RX_Prescale/U32/Y (MXI2X1M)                     0.18       1.37 r
  Clk_Div_RX_Prescale/U31/Y (CLKNAND2X2M)                 0.13       1.50 f
  Clk_Div_RX_Prescale/U25/Y (AND3X1M)                     0.30       1.81 f
  Clk_Div_RX_Prescale/U22/Y (AO22X1M)                     0.41       2.22 f
  Clk_Div_RX_Prescale/count_reg[4]/D (DFFRQX2M)           0.00       2.22 f
  data arrival time                                                  2.22

  clock UART_CLK (rise edge)                            271.27     271.27
  clock network delay (ideal)                             0.00     271.27
  clock uncertainty                                      -0.20     271.07
  Clk_Div_RX_Prescale/count_reg[4]/CK (DFFRQX2M)          0.00     271.07 r
  library setup time                                     -0.15     270.91
  data required time                                               270.91
  --------------------------------------------------------------------------
  data required time                                               270.91
  data arrival time                                                 -2.22
  --------------------------------------------------------------------------
  slack (MET)                                                      268.69


  Startpoint: Clk_Div_RX_Prescale/count_reg[2]
              (rising edge-triggered flip-flop clocked by UART_CLK)
  Endpoint: Clk_Div_RX_Prescale/count_reg[3]
            (rising edge-triggered flip-flop clocked by UART_CLK)
  Path Group: UART_CLK
  Path Type: max

  Point                                                   Incr       Path
  --------------------------------------------------------------------------
  clock UART_CLK (rise edge)                              0.00       0.00
  clock network delay (ideal)                             0.00       0.00
  Clk_Div_RX_Prescale/count_reg[2]/CK (DFFRQX2M)          0.00       0.00 r
  Clk_Div_RX_Prescale/count_reg[2]/Q (DFFRQX2M)           0.50       0.50 f
  Clk_Div_RX_Prescale/U35/Y (CLKXOR2X2M)                  0.23       0.73 f
  Clk_Div_RX_Prescale/U34/Y (NOR4X1M)                     0.26       0.99 r
  Clk_Div_RX_Prescale/U33/Y (NAND4X1M)                    0.20       1.19 f
  Clk_Div_RX_Prescale/U32/Y (MXI2X1M)                     0.18       1.37 r
  Clk_Div_RX_Prescale/U31/Y (CLKNAND2X2M)                 0.13       1.50 f
  Clk_Div_RX_Prescale/U25/Y (AND3X1M)                     0.30       1.81 f
  Clk_Div_RX_Prescale/U21/Y (AO22X1M)                     0.41       2.22 f
  Clk_Div_RX_Prescale/count_reg[3]/D (DFFRQX2M)           0.00       2.22 f
  data arrival time                                                  2.22

  clock UART_CLK (rise edge)                            271.27     271.27
  clock network delay (ideal)                             0.00     271.27
  clock uncertainty                                      -0.20     271.07
  Clk_Div_RX_Prescale/count_reg[3]/CK (DFFRQX2M)          0.00     271.07 r
  library setup time                                     -0.15     270.91
  data required time                                               270.91
  --------------------------------------------------------------------------
  data required time                                               270.91
  data arrival time                                                 -2.22
  --------------------------------------------------------------------------
  slack (MET)                                                      268.69


  Startpoint: Clk_Div_RX_Prescale/count_reg[2]
              (rising edge-triggered flip-flop clocked by UART_CLK)
  Endpoint: Clk_Div_RX_Prescale/count_reg[6]
            (rising edge-triggered flip-flop clocked by UART_CLK)
  Path Group: UART_CLK
  Path Type: max

  Point                                                   Incr       Path
  --------------------------------------------------------------------------
  clock UART_CLK (rise edge)                              0.00       0.00
  clock network delay (ideal)                             0.00       0.00
  Clk_Div_RX_Prescale/count_reg[2]/CK (DFFRQX2M)          0.00       0.00 r
  Clk_Div_RX_Prescale/count_reg[2]/Q (DFFRQX2M)           0.50       0.50 f
  Clk_Div_RX_Prescale/U35/Y (CLKXOR2X2M)                  0.23       0.73 f
  Clk_Div_RX_Prescale/U34/Y (NOR4X1M)                     0.26       0.99 r
  Clk_Div_RX_Prescale/U33/Y (NAND4X1M)                    0.20       1.19 f
  Clk_Div_RX_Prescale/U32/Y (MXI2X1M)                     0.18       1.37 r
  Clk_Div_RX_Prescale/U31/Y (CLKNAND2X2M)                 0.13       1.50 f
  Clk_Div_RX_Prescale/U25/Y (AND3X1M)                     0.30       1.81 f
  Clk_Div_RX_Prescale/U24/Y (AO22X1M)                     0.41       2.22 f
  Clk_Div_RX_Prescale/count_reg[6]/D (DFFRQX2M)           0.00       2.22 f
  data arrival time                                                  2.22

  clock UART_CLK (rise edge)                            271.27     271.27
  clock network delay (ideal)                             0.00     271.27
  clock uncertainty                                      -0.20     271.07
  Clk_Div_RX_Prescale/count_reg[6]/CK (DFFRQX2M)          0.00     271.07 r
  library setup time                                     -0.15     270.91
  data required time                                               270.91
  --------------------------------------------------------------------------
  data required time                                               270.91
  data arrival time                                                 -2.22
  --------------------------------------------------------------------------
  slack (MET)                                                      268.69


  Startpoint: Clk_Div_RX_Prescale/count_reg[2]
              (rising edge-triggered flip-flop clocked by UART_CLK)
  Endpoint: Clk_Div_RX_Prescale/count_reg[0]
            (rising edge-triggered flip-flop clocked by UART_CLK)
  Path Group: UART_CLK
  Path Type: max

  Point                                                   Incr       Path
  --------------------------------------------------------------------------
  clock UART_CLK (rise edge)                              0.00       0.00
  clock network delay (ideal)                             0.00       0.00
  Clk_Div_RX_Prescale/count_reg[2]/CK (DFFRQX2M)          0.00       0.00 r
  Clk_Div_RX_Prescale/count_reg[2]/Q (DFFRQX2M)           0.50       0.50 f
  Clk_Div_RX_Prescale/U35/Y (CLKXOR2X2M)                  0.23       0.73 f
  Clk_Div_RX_Prescale/U34/Y (NOR4X1M)                     0.26       0.99 r
  Clk_Div_RX_Prescale/U33/Y (NAND4X1M)                    0.20       1.19 f
  Clk_Div_RX_Prescale/U32/Y (MXI2X1M)                     0.18       1.37 r
  Clk_Div_RX_Prescale/U31/Y (CLKNAND2X2M)                 0.13       1.50 f
  Clk_Div_RX_Prescale/U25/Y (AND3X1M)                     0.30       1.81 f
  Clk_Div_RX_Prescale/U18/Y (AO22X1M)                     0.41       2.22 f
  Clk_Div_RX_Prescale/count_reg[0]/D (DFFRQX2M)           0.00       2.22 f
  data arrival time                                                  2.22

  clock UART_CLK (rise edge)                            271.27     271.27
  clock network delay (ideal)                             0.00     271.27
  clock uncertainty                                      -0.20     271.07
  Clk_Div_RX_Prescale/count_reg[0]/CK (DFFRQX2M)          0.00     271.07 r
  library setup time                                     -0.15     270.91
  data required time                                               270.91
  --------------------------------------------------------------------------
  data required time                                               270.91
  data arrival time                                                 -2.22
  --------------------------------------------------------------------------
  slack (MET)                                                      268.69


  Startpoint: Clk_Div_RX_Prescale/count_reg[2]
              (rising edge-triggered flip-flop clocked by UART_CLK)
  Endpoint: Clk_Div_RX_Prescale/count_reg[2]
            (rising edge-triggered flip-flop clocked by UART_CLK)
  Path Group: UART_CLK
  Path Type: max

  Point                                                   Incr       Path
  --------------------------------------------------------------------------
  clock UART_CLK (rise edge)                              0.00       0.00
  clock network delay (ideal)                             0.00       0.00
  Clk_Div_RX_Prescale/count_reg[2]/CK (DFFRQX2M)          0.00       0.00 r
  Clk_Div_RX_Prescale/count_reg[2]/Q (DFFRQX2M)           0.50       0.50 f
  Clk_Div_RX_Prescale/U35/Y (CLKXOR2X2M)                  0.23       0.73 f
  Clk_Div_RX_Prescale/U34/Y (NOR4X1M)                     0.26       0.99 r
  Clk_Div_RX_Prescale/U33/Y (NAND4X1M)                    0.20       1.19 f
  Clk_Div_RX_Prescale/U32/Y (MXI2X1M)                     0.18       1.37 r
  Clk_Div_RX_Prescale/U31/Y (CLKNAND2X2M)                 0.13       1.50 f
  Clk_Div_RX_Prescale/U25/Y (AND3X1M)                     0.30       1.81 f
  Clk_Div_RX_Prescale/U20/Y (AO22X1M)                     0.41       2.22 f
  Clk_Div_RX_Prescale/count_reg[2]/D (DFFRQX2M)           0.00       2.22 f
  data arrival time                                                  2.22

  clock UART_CLK (rise edge)                            271.27     271.27
  clock network delay (ideal)                             0.00     271.27
  clock uncertainty                                      -0.20     271.07
  Clk_Div_RX_Prescale/count_reg[2]/CK (DFFRQX2M)          0.00     271.07 r
  library setup time                                     -0.15     270.91
  data required time                                               270.91
  --------------------------------------------------------------------------
  data required time                                               270.91
  data arrival time                                                 -2.22
  --------------------------------------------------------------------------
  slack (MET)                                                      268.69


  Startpoint: Clk_Div_RX_Prescale/count_reg[2]
              (rising edge-triggered flip-flop clocked by UART_CLK)
  Endpoint: Clk_Div_RX_Prescale/count_reg[1]
            (rising edge-triggered flip-flop clocked by UART_CLK)
  Path Group: UART_CLK
  Path Type: max

  Point                                                   Incr       Path
  --------------------------------------------------------------------------
  clock UART_CLK (rise edge)                              0.00       0.00
  clock network delay (ideal)                             0.00       0.00
  Clk_Div_RX_Prescale/count_reg[2]/CK (DFFRQX2M)          0.00       0.00 r
  Clk_Div_RX_Prescale/count_reg[2]/Q (DFFRQX2M)           0.50       0.50 f
  Clk_Div_RX_Prescale/U35/Y (CLKXOR2X2M)                  0.23       0.73 f
  Clk_Div_RX_Prescale/U34/Y (NOR4X1M)                     0.26       0.99 r
  Clk_Div_RX_Prescale/U33/Y (NAND4X1M)                    0.20       1.19 f
  Clk_Div_RX_Prescale/U32/Y (MXI2X1M)                     0.18       1.37 r
  Clk_Div_RX_Prescale/U31/Y (CLKNAND2X2M)                 0.13       1.50 f
  Clk_Div_RX_Prescale/U25/Y (AND3X1M)                     0.30       1.81 f
  Clk_Div_RX_Prescale/U19/Y (AO22X1M)                     0.41       2.22 f
  Clk_Div_RX_Prescale/count_reg[1]/D (DFFRQX2M)           0.00       2.22 f
  data arrival time                                                  2.22

  clock UART_CLK (rise edge)                            271.27     271.27
  clock network delay (ideal)                             0.00     271.27
  clock uncertainty                                      -0.20     271.07
  Clk_Div_RX_Prescale/count_reg[1]/CK (DFFRQX2M)          0.00     271.07 r
  library setup time                                     -0.15     270.91
  data required time                                               270.91
  --------------------------------------------------------------------------
  data required time                                               270.91
  data arrival time                                                 -2.22
  --------------------------------------------------------------------------
  slack (MET)                                                      268.69


  Startpoint: Clk_Div_TX_CONS/count_reg[2]
              (rising edge-triggered flip-flop clocked by UART_CLK)
  Endpoint: Clk_Div_TX_CONS/count_reg[5]
            (rising edge-triggered flip-flop clocked by UART_CLK)
  Path Group: UART_CLK
  Path Type: max

  Point                                                   Incr       Path
  --------------------------------------------------------------------------
  clock UART_CLK (rise edge)                              0.00       0.00
  clock network delay (ideal)                             0.00       0.00
  Clk_Div_TX_CONS/count_reg[2]/CK (DFFRQX2M)              0.00       0.00 r
  Clk_Div_TX_CONS/count_reg[2]/Q (DFFRQX2M)               0.50       0.50 f
  Clk_Div_TX_CONS/U35/Y (CLKXOR2X2M)                      0.23       0.73 f
  Clk_Div_TX_CONS/U34/Y (NOR4X1M)                         0.26       0.99 r
  Clk_Div_TX_CONS/U33/Y (NAND4X1M)                        0.20       1.19 f
  Clk_Div_TX_CONS/U32/Y (MXI2X1M)                         0.18       1.37 r
  Clk_Div_TX_CONS/U31/Y (CLKNAND2X2M)                     0.13       1.50 f
  Clk_Div_TX_CONS/U25/Y (AND3X1M)                         0.30       1.80 f
  Clk_Div_TX_CONS/U23/Y (AO22X1M)                         0.41       2.21 f
  Clk_Div_TX_CONS/count_reg[5]/D (DFFRQX2M)               0.00       2.21 f
  data arrival time                                                  2.21

  clock UART_CLK (rise edge)                            271.27     271.27
  clock network delay (ideal)                             0.00     271.27
  clock uncertainty                                      -0.20     271.07
  Clk_Div_TX_CONS/count_reg[5]/CK (DFFRQX2M)              0.00     271.07 r
  library setup time                                     -0.15     270.91
  data required time                                               270.91
  --------------------------------------------------------------------------
  data required time                                               270.91
  data arrival time                                                 -2.21
  --------------------------------------------------------------------------
  slack (MET)                                                      268.70


  Startpoint: Clk_Div_TX_CONS/count_reg[2]
              (rising edge-triggered flip-flop clocked by UART_CLK)
  Endpoint: Clk_Div_TX_CONS/count_reg[4]
            (rising edge-triggered flip-flop clocked by UART_CLK)
  Path Group: UART_CLK
  Path Type: max

  Point                                                   Incr       Path
  --------------------------------------------------------------------------
  clock UART_CLK (rise edge)                              0.00       0.00
  clock network delay (ideal)                             0.00       0.00
  Clk_Div_TX_CONS/count_reg[2]/CK (DFFRQX2M)              0.00       0.00 r
  Clk_Div_TX_CONS/count_reg[2]/Q (DFFRQX2M)               0.50       0.50 f
  Clk_Div_TX_CONS/U35/Y (CLKXOR2X2M)                      0.23       0.73 f
  Clk_Div_TX_CONS/U34/Y (NOR4X1M)                         0.26       0.99 r
  Clk_Div_TX_CONS/U33/Y (NAND4X1M)                        0.20       1.19 f
  Clk_Div_TX_CONS/U32/Y (MXI2X1M)                         0.18       1.37 r
  Clk_Div_TX_CONS/U31/Y (CLKNAND2X2M)                     0.13       1.50 f
  Clk_Div_TX_CONS/U25/Y (AND3X1M)                         0.30       1.80 f
  Clk_Div_TX_CONS/U22/Y (AO22X1M)                         0.41       2.21 f
  Clk_Div_TX_CONS/count_reg[4]/D (DFFRQX2M)               0.00       2.21 f
  data arrival time                                                  2.21

  clock UART_CLK (rise edge)                            271.27     271.27
  clock network delay (ideal)                             0.00     271.27
  clock uncertainty                                      -0.20     271.07
  Clk_Div_TX_CONS/count_reg[4]/CK (DFFRQX2M)              0.00     271.07 r
  library setup time                                     -0.15     270.91
  data required time                                               270.91
  --------------------------------------------------------------------------
  data required time                                               270.91
  data arrival time                                                 -2.21
  --------------------------------------------------------------------------
  slack (MET)                                                      268.70


  Startpoint: Clk_Div_TX_CONS/count_reg[2]
              (rising edge-triggered flip-flop clocked by UART_CLK)
  Endpoint: Clk_Div_TX_CONS/count_reg[3]
            (rising edge-triggered flip-flop clocked by UART_CLK)
  Path Group: UART_CLK
  Path Type: max

  Point                                                   Incr       Path
  --------------------------------------------------------------------------
  clock UART_CLK (rise edge)                              0.00       0.00
  clock network delay (ideal)                             0.00       0.00
  Clk_Div_TX_CONS/count_reg[2]/CK (DFFRQX2M)              0.00       0.00 r
  Clk_Div_TX_CONS/count_reg[2]/Q (DFFRQX2M)               0.50       0.50 f
  Clk_Div_TX_CONS/U35/Y (CLKXOR2X2M)                      0.23       0.73 f
  Clk_Div_TX_CONS/U34/Y (NOR4X1M)                         0.26       0.99 r
  Clk_Div_TX_CONS/U33/Y (NAND4X1M)                        0.20       1.19 f
  Clk_Div_TX_CONS/U32/Y (MXI2X1M)                         0.18       1.37 r
  Clk_Div_TX_CONS/U31/Y (CLKNAND2X2M)                     0.13       1.50 f
  Clk_Div_TX_CONS/U25/Y (AND3X1M)                         0.30       1.80 f
  Clk_Div_TX_CONS/U21/Y (AO22X1M)                         0.41       2.21 f
  Clk_Div_TX_CONS/count_reg[3]/D (DFFRQX2M)               0.00       2.21 f
  data arrival time                                                  2.21

  clock UART_CLK (rise edge)                            271.27     271.27
  clock network delay (ideal)                             0.00     271.27
  clock uncertainty                                      -0.20     271.07
  Clk_Div_TX_CONS/count_reg[3]/CK (DFFRQX2M)              0.00     271.07 r
  library setup time                                     -0.15     270.91
  data required time                                               270.91
  --------------------------------------------------------------------------
  data required time                                               270.91
  data arrival time                                                 -2.21
  --------------------------------------------------------------------------
  slack (MET)                                                      268.70


  Startpoint: Clk_Div_TX_CONS/count_reg[2]
              (rising edge-triggered flip-flop clocked by UART_CLK)
  Endpoint: Clk_Div_TX_CONS/count_reg[6]
            (rising edge-triggered flip-flop clocked by UART_CLK)
  Path Group: UART_CLK
  Path Type: max

  Point                                                   Incr       Path
  --------------------------------------------------------------------------
  clock UART_CLK (rise edge)                              0.00       0.00
  clock network delay (ideal)                             0.00       0.00
  Clk_Div_TX_CONS/count_reg[2]/CK (DFFRQX2M)              0.00       0.00 r
  Clk_Div_TX_CONS/count_reg[2]/Q (DFFRQX2M)               0.50       0.50 f
  Clk_Div_TX_CONS/U35/Y (CLKXOR2X2M)                      0.23       0.73 f
  Clk_Div_TX_CONS/U34/Y (NOR4X1M)                         0.26       0.99 r
  Clk_Div_TX_CONS/U33/Y (NAND4X1M)                        0.20       1.19 f
  Clk_Div_TX_CONS/U32/Y (MXI2X1M)                         0.18       1.37 r
  Clk_Div_TX_CONS/U31/Y (CLKNAND2X2M)                     0.13       1.50 f
  Clk_Div_TX_CONS/U25/Y (AND3X1M)                         0.30       1.80 f
  Clk_Div_TX_CONS/U24/Y (AO22X1M)                         0.41       2.21 f
  Clk_Div_TX_CONS/count_reg[6]/D (DFFRQX2M)               0.00       2.21 f
  data arrival time                                                  2.21

  clock UART_CLK (rise edge)                            271.27     271.27
  clock network delay (ideal)                             0.00     271.27
  clock uncertainty                                      -0.20     271.07
  Clk_Div_TX_CONS/count_reg[6]/CK (DFFRQX2M)              0.00     271.07 r
  library setup time                                     -0.15     270.91
  data required time                                               270.91
  --------------------------------------------------------------------------
  data required time                                               270.91
  data arrival time                                                 -2.21
  --------------------------------------------------------------------------
  slack (MET)                                                      268.70


  Startpoint: Clk_Div_TX_CONS/count_reg[2]
              (rising edge-triggered flip-flop clocked by UART_CLK)
  Endpoint: Clk_Div_TX_CONS/count_reg[0]
            (rising edge-triggered flip-flop clocked by UART_CLK)
  Path Group: UART_CLK
  Path Type: max

  Point                                                   Incr       Path
  --------------------------------------------------------------------------
  clock UART_CLK (rise edge)                              0.00       0.00
  clock network delay (ideal)                             0.00       0.00
  Clk_Div_TX_CONS/count_reg[2]/CK (DFFRQX2M)              0.00       0.00 r
  Clk_Div_TX_CONS/count_reg[2]/Q (DFFRQX2M)               0.50       0.50 f
  Clk_Div_TX_CONS/U35/Y (CLKXOR2X2M)                      0.23       0.73 f
  Clk_Div_TX_CONS/U34/Y (NOR4X1M)                         0.26       0.99 r
  Clk_Div_TX_CONS/U33/Y (NAND4X1M)                        0.20       1.19 f
  Clk_Div_TX_CONS/U32/Y (MXI2X1M)                         0.18       1.37 r
  Clk_Div_TX_CONS/U31/Y (CLKNAND2X2M)                     0.13       1.50 f
  Clk_Div_TX_CONS/U25/Y (AND3X1M)                         0.30       1.80 f
  Clk_Div_TX_CONS/U18/Y (AO22X1M)                         0.41       2.21 f
  Clk_Div_TX_CONS/count_reg[0]/D (DFFRQX2M)               0.00       2.21 f
  data arrival time                                                  2.21

  clock UART_CLK (rise edge)                            271.27     271.27
  clock network delay (ideal)                             0.00     271.27
  clock uncertainty                                      -0.20     271.07
  Clk_Div_TX_CONS/count_reg[0]/CK (DFFRQX2M)              0.00     271.07 r
  library setup time                                     -0.15     270.91
  data required time                                               270.91
  --------------------------------------------------------------------------
  data required time                                               270.91
  data arrival time                                                 -2.21
  --------------------------------------------------------------------------
  slack (MET)                                                      268.70


  Startpoint: Clk_Div_TX_CONS/count_reg[2]
              (rising edge-triggered flip-flop clocked by UART_CLK)
  Endpoint: Clk_Div_TX_CONS/count_reg[2]
            (rising edge-triggered flip-flop clocked by UART_CLK)
  Path Group: UART_CLK
  Path Type: max

  Point                                                   Incr       Path
  --------------------------------------------------------------------------
  clock UART_CLK (rise edge)                              0.00       0.00
  clock network delay (ideal)                             0.00       0.00
  Clk_Div_TX_CONS/count_reg[2]/CK (DFFRQX2M)              0.00       0.00 r
  Clk_Div_TX_CONS/count_reg[2]/Q (DFFRQX2M)               0.50       0.50 f
  Clk_Div_TX_CONS/U35/Y (CLKXOR2X2M)                      0.23       0.73 f
  Clk_Div_TX_CONS/U34/Y (NOR4X1M)                         0.26       0.99 r
  Clk_Div_TX_CONS/U33/Y (NAND4X1M)                        0.20       1.19 f
  Clk_Div_TX_CONS/U32/Y (MXI2X1M)                         0.18       1.37 r
  Clk_Div_TX_CONS/U31/Y (CLKNAND2X2M)                     0.13       1.50 f
  Clk_Div_TX_CONS/U25/Y (AND3X1M)                         0.30       1.80 f
  Clk_Div_TX_CONS/U20/Y (AO22X1M)                         0.41       2.21 f
  Clk_Div_TX_CONS/count_reg[2]/D (DFFRQX2M)               0.00       2.21 f
  data arrival time                                                  2.21

  clock UART_CLK (rise edge)                            271.27     271.27
  clock network delay (ideal)                             0.00     271.27
  clock uncertainty                                      -0.20     271.07
  Clk_Div_TX_CONS/count_reg[2]/CK (DFFRQX2M)              0.00     271.07 r
  library setup time                                     -0.15     270.91
  data required time                                               270.91
  --------------------------------------------------------------------------
  data required time                                               270.91
  data arrival time                                                 -2.21
  --------------------------------------------------------------------------
  slack (MET)                                                      268.70


  Startpoint: Clk_Div_TX_CONS/count_reg[2]
              (rising edge-triggered flip-flop clocked by UART_CLK)
  Endpoint: Clk_Div_TX_CONS/count_reg[1]
            (rising edge-triggered flip-flop clocked by UART_CLK)
  Path Group: UART_CLK
  Path Type: max

  Point                                                   Incr       Path
  --------------------------------------------------------------------------
  clock UART_CLK (rise edge)                              0.00       0.00
  clock network delay (ideal)                             0.00       0.00
  Clk_Div_TX_CONS/count_reg[2]/CK (DFFRQX2M)              0.00       0.00 r
  Clk_Div_TX_CONS/count_reg[2]/Q (DFFRQX2M)               0.50       0.50 f
  Clk_Div_TX_CONS/U35/Y (CLKXOR2X2M)                      0.23       0.73 f
  Clk_Div_TX_CONS/U34/Y (NOR4X1M)                         0.26       0.99 r
  Clk_Div_TX_CONS/U33/Y (NAND4X1M)                        0.20       1.19 f
  Clk_Div_TX_CONS/U32/Y (MXI2X1M)                         0.18       1.37 r
  Clk_Div_TX_CONS/U31/Y (CLKNAND2X2M)                     0.13       1.50 f
  Clk_Div_TX_CONS/U25/Y (AND3X1M)                         0.30       1.80 f
  Clk_Div_TX_CONS/U19/Y (AO22X1M)                         0.41       2.21 f
  Clk_Div_TX_CONS/count_reg[1]/D (DFFRQX2M)               0.00       2.21 f
  data arrival time                                                  2.21

  clock UART_CLK (rise edge)                            271.27     271.27
  clock network delay (ideal)                             0.00     271.27
  clock uncertainty                                      -0.20     271.07
  Clk_Div_TX_CONS/count_reg[1]/CK (DFFRQX2M)              0.00     271.07 r
  library setup time                                     -0.15     270.91
  data required time                                               270.91
  --------------------------------------------------------------------------
  data required time                                               270.91
  data arrival time                                                 -2.21
  --------------------------------------------------------------------------
  slack (MET)                                                      268.70


  Startpoint: Clk_Div_RX_Prescale/count_reg[2]
              (rising edge-triggered flip-flop clocked by UART_CLK)
  Endpoint: Clk_Div_RX_Prescale/div_clk_reg
            (rising edge-triggered flip-flop clocked by UART_CLK)
  Path Group: UART_CLK
  Path Type: max

  Point                                                   Incr       Path
  --------------------------------------------------------------------------
  clock UART_CLK (rise edge)                              0.00       0.00
  clock network delay (ideal)                             0.00       0.00
  Clk_Div_RX_Prescale/count_reg[2]/CK (DFFRQX2M)          0.00       0.00 r
  Clk_Div_RX_Prescale/count_reg[2]/Q (DFFRQX2M)           0.50       0.50 f
  Clk_Div_RX_Prescale/U35/Y (CLKXOR2X2M)                  0.23       0.73 f
  Clk_Div_RX_Prescale/U34/Y (NOR4X1M)                     0.26       0.99 r
  Clk_Div_RX_Prescale/U33/Y (NAND4X1M)                    0.20       1.19 f
  Clk_Div_RX_Prescale/U32/Y (MXI2X1M)                     0.18       1.37 r
  Clk_Div_RX_Prescale/U31/Y (CLKNAND2X2M)                 0.13       1.50 f
  Clk_Div_RX_Prescale/U27/Y (AOI21X1M)                    0.16       1.66 r
  Clk_Div_RX_Prescale/U26/Y (CLKXOR2X2M)                  0.22       1.88 r
  Clk_Div_RX_Prescale/div_clk_reg/D (DFFRQX2M)            0.00       1.88 r
  data arrival time                                                  1.88

  clock UART_CLK (rise edge)                            271.27     271.27
  clock network delay (ideal)                             0.00     271.27
  clock uncertainty                                      -0.20     271.07
  Clk_Div_RX_Prescale/div_clk_reg/CK (DFFRQX2M)           0.00     271.07 r
  library setup time                                     -0.29     270.78
  data required time                                               270.78
  --------------------------------------------------------------------------
  data required time                                               270.78
  data arrival time                                                 -1.88
  --------------------------------------------------------------------------
  slack (MET)                                                      268.89


  Startpoint: Clk_Div_TX_CONS/count_reg[2]
              (rising edge-triggered flip-flop clocked by UART_CLK)
  Endpoint: Clk_Div_TX_CONS/div_clk_reg
            (rising edge-triggered flip-flop clocked by UART_CLK)
  Path Group: UART_CLK
  Path Type: max

  Point                                                   Incr       Path
  --------------------------------------------------------------------------
  clock UART_CLK (rise edge)                              0.00       0.00
  clock network delay (ideal)                             0.00       0.00
  Clk_Div_TX_CONS/count_reg[2]/CK (DFFRQX2M)              0.00       0.00 r
  Clk_Div_TX_CONS/count_reg[2]/Q (DFFRQX2M)               0.50       0.50 f
  Clk_Div_TX_CONS/U35/Y (CLKXOR2X2M)                      0.23       0.73 f
  Clk_Div_TX_CONS/U34/Y (NOR4X1M)                         0.26       0.99 r
  Clk_Div_TX_CONS/U33/Y (NAND4X1M)                        0.20       1.19 f
  Clk_Div_TX_CONS/U32/Y (MXI2X1M)                         0.18       1.37 r
  Clk_Div_TX_CONS/U31/Y (CLKNAND2X2M)                     0.13       1.50 f
  Clk_Div_TX_CONS/U27/Y (AOI21X1M)                        0.15       1.65 r
  Clk_Div_TX_CONS/U26/Y (CLKXOR2X2M)                      0.22       1.88 r
  Clk_Div_TX_CONS/div_clk_reg/D (DFFRQX2M)                0.00       1.88 r
  data arrival time                                                  1.88

  clock UART_CLK (rise edge)                            271.27     271.27
  clock network delay (ideal)                             0.00     271.27
  clock uncertainty                                      -0.20     271.07
  Clk_Div_TX_CONS/div_clk_reg/CK (DFFRQX2M)               0.00     271.07 r
  library setup time                                     -0.29     270.78
  data required time                                               270.78
  --------------------------------------------------------------------------
  data required time                                               270.78
  data arrival time                                                 -1.88
  --------------------------------------------------------------------------
  slack (MET)                                                      268.90


  Startpoint: Clk_Div_RX_Prescale/count_reg[2]
              (rising edge-triggered flip-flop clocked by UART_CLK)
  Endpoint: Clk_Div_RX_Prescale/odd_edge_tog_reg
            (rising edge-triggered flip-flop clocked by UART_CLK)
  Path Group: UART_CLK
  Path Type: max

  Point                                                   Incr       Path
  --------------------------------------------------------------------------
  clock UART_CLK (rise edge)                              0.00       0.00
  clock network delay (ideal)                             0.00       0.00
  Clk_Div_RX_Prescale/count_reg[2]/CK (DFFRQX2M)          0.00       0.00 r
  Clk_Div_RX_Prescale/count_reg[2]/Q (DFFRQX2M)           0.50       0.50 f
  Clk_Div_RX_Prescale/U35/Y (CLKXOR2X2M)                  0.23       0.73 f
  Clk_Div_RX_Prescale/U34/Y (NOR4X1M)                     0.26       0.99 r
  Clk_Div_RX_Prescale/U33/Y (NAND4X1M)                    0.20       1.19 f
  Clk_Div_RX_Prescale/U32/Y (MXI2X1M)                     0.18       1.37 r
  Clk_Div_RX_Prescale/U31/Y (CLKNAND2X2M)                 0.13       1.50 f
  Clk_Div_RX_Prescale/U30/Y (OR2X1M)                      0.24       1.74 f
  Clk_Div_RX_Prescale/U29/Y (XNOR2X1M)                    0.17       1.91 f
  Clk_Div_RX_Prescale/odd_edge_tog_reg/D (DFFSQX2M)       0.00       1.91 f
  data arrival time                                                  1.91

  clock UART_CLK (rise edge)                            271.27     271.27
  clock network delay (ideal)                             0.00     271.27
  clock uncertainty                                      -0.20     271.07
  Clk_Div_RX_Prescale/odd_edge_tog_reg/CK (DFFSQX2M)      0.00     271.07 r
  library setup time                                     -0.25     270.82
  data required time                                               270.82
  --------------------------------------------------------------------------
  data required time                                               270.82
  data arrival time                                                 -1.91
  --------------------------------------------------------------------------
  slack (MET)                                                      268.91


  Startpoint: Clk_Div_TX_CONS/count_reg[2]
              (rising edge-triggered flip-flop clocked by UART_CLK)
  Endpoint: Clk_Div_TX_CONS/odd_edge_tog_reg
            (rising edge-triggered flip-flop clocked by UART_CLK)
  Path Group: UART_CLK
  Path Type: max

  Point                                                   Incr       Path
  --------------------------------------------------------------------------
  clock UART_CLK (rise edge)                              0.00       0.00
  clock network delay (ideal)                             0.00       0.00
  Clk_Div_TX_CONS/count_reg[2]/CK (DFFRQX2M)              0.00       0.00 r
  Clk_Div_TX_CONS/count_reg[2]/Q (DFFRQX2M)               0.50       0.50 f
  Clk_Div_TX_CONS/U35/Y (CLKXOR2X2M)                      0.23       0.73 f
  Clk_Div_TX_CONS/U34/Y (NOR4X1M)                         0.26       0.99 r
  Clk_Div_TX_CONS/U33/Y (NAND4X1M)                        0.20       1.19 f
  Clk_Div_TX_CONS/U32/Y (MXI2X1M)                         0.18       1.37 r
  Clk_Div_TX_CONS/U31/Y (CLKNAND2X2M)                     0.13       1.50 f
  Clk_Div_TX_CONS/U30/Y (OR2X1M)                          0.23       1.74 f
  Clk_Div_TX_CONS/U29/Y (XNOR2X1M)                        0.17       1.91 f
  Clk_Div_TX_CONS/odd_edge_tog_reg/D (DFFSQX2M)           0.00       1.91 f
  data arrival time                                                  1.91

  clock UART_CLK (rise edge)                            271.27     271.27
  clock network delay (ideal)                             0.00     271.27
  clock uncertainty                                      -0.20     271.07
  Clk_Div_TX_CONS/odd_edge_tog_reg/CK (DFFSQX2M)          0.00     271.07 r
  library setup time                                     -0.25     270.82
  data required time                                               270.82
  --------------------------------------------------------------------------
  data required time                                               270.82
  data arrival time                                                 -1.91
  --------------------------------------------------------------------------
  slack (MET)                                                      268.91


  Startpoint: UART_RST_SYNC/sync_reg_reg[0]/CK
              (internal path startpoint clocked by UART_CLK)
  Endpoint: UART_RST_SYNC/sync_reg_reg[1]
            (rising edge-triggered flip-flop clocked by UART_CLK)
  Path Group: UART_CLK
  Path Type: max

  Point                                                   Incr       Path
  --------------------------------------------------------------------------
  clock UART_CLK (rise edge)                              0.00       0.00
  clock network delay (ideal)                             0.00       0.00
  input external delay                                    0.00       0.00 r
  UART_RST_SYNC/sync_reg_reg[0]/CK (DFFRQX2M)             0.00       0.00 r
  UART_RST_SYNC/sync_reg_reg[0]/Q (DFFRQX2M)              0.36       0.36 r
  UART_RST_SYNC/sync_reg_reg[1]/D (DFFRQX2M)              0.00       0.36 r
  data arrival time                                                  0.36

  clock UART_CLK (rise edge)                            271.27     271.27
  clock network delay (ideal)                             0.00     271.27
  clock uncertainty                                      -0.20     271.07
  UART_RST_SYNC/sync_reg_reg[1]/CK (DFFRQX2M)             0.00     271.07 r
  library setup time                                     -0.29     270.78
  data required time                                               270.78
  --------------------------------------------------------------------------
  data required time                                               270.78
  data arrival time                                                 -0.36
  --------------------------------------------------------------------------
  slack (MET)                                                      270.42


  Startpoint: UART/U_UART_RX/U1/edge_cnt_reg[0]
              (rising edge-triggered flip-flop clocked by UART_RX_CLK)
  Endpoint: UART/U_UART_RX/U6/sampled_bit_reg
            (rising edge-triggered flip-flop clocked by UART_RX_CLK)
  Path Group: UART_RX_CLK
  Path Type: max

  Point                                                   Incr       Path
  --------------------------------------------------------------------------
  clock UART_RX_CLK (rise edge)                           0.00       0.00
  clock network delay (ideal)                             0.00       0.00
  UART/U_UART_RX/U1/edge_cnt_reg[0]/CK (DFFRQX2M)         0.00       0.00 r
  UART/U_UART_RX/U1/edge_cnt_reg[0]/Q (DFFRQX2M)          0.56       0.56 f
  UART/U_UART_RX/U1/edge_cnt[0] (EDGE_BIT_COUNTER)        0.00       0.56 f
  UART/U_UART_RX/U6/edge_cnt[0] (DATA_SAMPLING)           0.00       0.56 f
  UART/U_UART_RX/U6/U23/Y (NOR2BX1M)                      0.22       0.78 f
  UART/U_UART_RX/U6/U24/Y (OAI2B2X1M)                     0.21       0.99 r
  UART/U_UART_RX/U6/U27/Y (NAND4BBX1M)                    0.21       1.20 f
  UART/U_UART_RX/U6/U31/Y (NOR4X1M)                       0.33       1.53 r
  UART/U_UART_RX/U6/U68/Y (NOR2X1M)                       0.13       1.66 f
  UART/U_UART_RX/U6/U58/Y (NOR4BX1M)                      0.20       1.86 f
  UART/U_UART_RX/U6/U57/Y (AND2X1M)                       0.21       2.07 f
  UART/U_UART_RX/U6/U41/Y (OAI32X1M)                      0.27       2.33 r
  UART/U_UART_RX/U6/sampled_bit_reg/D (DFFRQX2M)          0.00       2.33 r
  data arrival time                                                  2.33

  clock UART_RX_CLK (rise edge)                         271.27     271.27
  clock network delay (ideal)                             0.00     271.27
  clock uncertainty                                      -0.20     271.07
  UART/U_UART_RX/U6/sampled_bit_reg/CK (DFFRQX2M)         0.00     271.07 r
  library setup time                                     -0.35     270.72
  data required time                                               270.72
  --------------------------------------------------------------------------
  data required time                                               270.72
  data arrival time                                                 -2.33
  --------------------------------------------------------------------------
  slack (MET)                                                      268.39


  Startpoint: UART/U_UART_RX/U1/edge_cnt_reg[0]
              (rising edge-triggered flip-flop clocked by UART_RX_CLK)
  Endpoint: UART/U_UART_RX/U7/current_state_reg[2]
            (rising edge-triggered flip-flop clocked by UART_RX_CLK)
  Path Group: UART_RX_CLK
  Path Type: max

  Point                                                   Incr       Path
  --------------------------------------------------------------------------
  clock UART_RX_CLK (rise edge)                           0.00       0.00
  clock network delay (ideal)                             0.00       0.00
  UART/U_UART_RX/U1/edge_cnt_reg[0]/CK (DFFRQX2M)         0.00       0.00 r
  UART/U_UART_RX/U1/edge_cnt_reg[0]/Q (DFFRQX2M)          0.56       0.56 f
  UART/U_UART_RX/U1/edge_cnt[0] (EDGE_BIT_COUNTER)        0.00       0.56 f
  UART/U_UART_RX/U7/edge_cnt[0] (FSM)                     0.00       0.56 f
  UART/U_UART_RX/U7/U60/Y (NOR2BX1M)                      0.22       0.78 f
  UART/U_UART_RX/U7/U61/Y (OAI2B2X1M)                     0.20       0.98 r
  UART/U_UART_RX/U7/U62/Y (NAND4BX1M)                     0.19       1.17 f
  UART/U_UART_RX/U7/U66/Y (NOR4X1M)                       0.17       1.34 r
  UART/U_UART_RX/U7/U13/Y (NOR3BX2M)                      0.42       1.76 r
  UART/U_UART_RX/U7/U19/Y (NAND3X2M)                      0.16       1.92 f
  UART/U_UART_RX/U7/U14/Y (OAI31X1M)                      0.25       2.17 r
  UART/U_UART_RX/U7/current_state_reg[2]/D (DFFRQX2M)     0.00       2.17 r
  data arrival time                                                  2.17

  clock UART_RX_CLK (rise edge)                         271.27     271.27
  clock network delay (ideal)                             0.00     271.27
  clock uncertainty                                      -0.20     271.07
  UART/U_UART_RX/U7/current_state_reg[2]/CK (DFFRQX2M)
                                                          0.00     271.07 r
  library setup time                                     -0.33     270.74
  data required time                                               270.74
  --------------------------------------------------------------------------
  data required time                                               270.74
  data arrival time                                                 -2.17
  --------------------------------------------------------------------------
  slack (MET)                                                      268.57


  Startpoint: UART/U_UART_RX/U1/edge_cnt_reg[0]
              (rising edge-triggered flip-flop clocked by UART_RX_CLK)
  Endpoint: UART/U_UART_RX/U7/current_state_reg[0]
            (rising edge-triggered flip-flop clocked by UART_RX_CLK)
  Path Group: UART_RX_CLK
  Path Type: max

  Point                                                   Incr       Path
  --------------------------------------------------------------------------
  clock UART_RX_CLK (rise edge)                           0.00       0.00
  clock network delay (ideal)                             0.00       0.00
  UART/U_UART_RX/U1/edge_cnt_reg[0]/CK (DFFRQX2M)         0.00       0.00 r
  UART/U_UART_RX/U1/edge_cnt_reg[0]/Q (DFFRQX2M)          0.56       0.56 f
  UART/U_UART_RX/U1/edge_cnt[0] (EDGE_BIT_COUNTER)        0.00       0.56 f
  UART/U_UART_RX/U7/edge_cnt[0] (FSM)                     0.00       0.56 f
  UART/U_UART_RX/U7/U60/Y (NOR2BX1M)                      0.22       0.78 f
  UART/U_UART_RX/U7/U61/Y (OAI2B2X1M)                     0.20       0.98 r
  UART/U_UART_RX/U7/U62/Y (NAND4BX1M)                     0.19       1.17 f
  UART/U_UART_RX/U7/U66/Y (NOR4X1M)                       0.17       1.34 r
  UART/U_UART_RX/U7/U13/Y (NOR3BX2M)                      0.42       1.76 r
  UART/U_UART_RX/U7/U18/Y (NAND4X2M)                      0.17       1.93 f
  UART/U_UART_RX/U7/U12/Y (AOI22X1M)                      0.23       2.16 r
  UART/U_UART_RX/U7/U9/Y (OAI211X2M)                      0.12       2.28 f
  UART/U_UART_RX/U7/current_state_reg[0]/D (DFFRX1M)      0.00       2.28 f
  data arrival time                                                  2.28

  clock UART_RX_CLK (rise edge)                         271.27     271.27
  clock network delay (ideal)                             0.00     271.27
  clock uncertainty                                      -0.20     271.07
  UART/U_UART_RX/U7/current_state_reg[0]/CK (DFFRX1M)     0.00     271.07 r
  library setup time                                     -0.17     270.90
  data required time                                               270.90
  --------------------------------------------------------------------------
  data required time                                               270.90
  data arrival time                                                 -2.28
  --------------------------------------------------------------------------
  slack (MET)                                                      268.62


  Startpoint: UART/U_UART_RX/U1/edge_cnt_reg[0]
              (rising edge-triggered flip-flop clocked by UART_RX_CLK)
  Endpoint: UART/U_UART_RX/U1/bit_cnt_reg[1]
            (rising edge-triggered flip-flop clocked by UART_RX_CLK)
  Path Group: UART_RX_CLK
  Path Type: max

  Point                                                   Incr       Path
  --------------------------------------------------------------------------
  clock UART_RX_CLK (rise edge)                           0.00       0.00
  clock network delay (ideal)                             0.00       0.00
  UART/U_UART_RX/U1/edge_cnt_reg[0]/CK (DFFRQX2M)         0.00       0.00 r
  UART/U_UART_RX/U1/edge_cnt_reg[0]/Q (DFFRQX2M)          0.56       0.56 f
  UART/U_UART_RX/U1/U42/Y (NOR2BX1M)                      0.22       0.78 f
  UART/U_UART_RX/U1/U43/Y (OAI2B2X1M)                     0.20       0.98 r
  UART/U_UART_RX/U1/U44/Y (NAND4BX1M)                     0.19       1.17 f
  UART/U_UART_RX/U1/U48/Y (NOR4X1M)                       0.25       1.42 r
  UART/U_UART_RX/U1/U5/Y (NOR2X2M)                        0.11       1.53 f
  UART/U_UART_RX/U1/U4/Y (INVX2M)                         0.18       1.71 r
  UART/U_UART_RX/U1/U12/Y (AOI32X1M)                      0.18       1.89 f
  UART/U_UART_RX/U1/U11/Y (OAI22X1M)                      0.20       2.09 r
  UART/U_UART_RX/U1/bit_cnt_reg[1]/D (DFFRQX2M)           0.00       2.09 r
  data arrival time                                                  2.09

  clock UART_RX_CLK (rise edge)                         271.27     271.27
  clock network delay (ideal)                             0.00     271.27
  clock uncertainty                                      -0.20     271.07
  UART/U_UART_RX/U1/bit_cnt_reg[1]/CK (DFFRQX2M)          0.00     271.07 r
  library setup time                                     -0.33     270.74
  data required time                                               270.74
  --------------------------------------------------------------------------
  data required time                                               270.74
  data arrival time                                                 -2.09
  --------------------------------------------------------------------------
  slack (MET)                                                      268.65


  Startpoint: UART/U_UART_RX/U1/edge_cnt_reg[0]
              (rising edge-triggered flip-flop clocked by UART_RX_CLK)
  Endpoint: UART/U_UART_RX/U6/sampled_bit_valid_reg
            (rising edge-triggered flip-flop clocked by UART_RX_CLK)
  Path Group: UART_RX_CLK
  Path Type: max

  Point                                                   Incr       Path
  --------------------------------------------------------------------------
  clock UART_RX_CLK (rise edge)                           0.00       0.00
  clock network delay (ideal)                             0.00       0.00
  UART/U_UART_RX/U1/edge_cnt_reg[0]/CK (DFFRQX2M)         0.00       0.00 r
  UART/U_UART_RX/U1/edge_cnt_reg[0]/Q (DFFRQX2M)          0.56       0.56 f
  UART/U_UART_RX/U1/edge_cnt[0] (EDGE_BIT_COUNTER)        0.00       0.56 f
  UART/U_UART_RX/U6/edge_cnt[0] (DATA_SAMPLING)           0.00       0.56 f
  UART/U_UART_RX/U6/U23/Y (NOR2BX1M)                      0.22       0.78 f
  UART/U_UART_RX/U6/U24/Y (OAI2B2X1M)                     0.21       0.99 r
  UART/U_UART_RX/U6/U27/Y (NAND4BBX1M)                    0.21       1.20 f
  UART/U_UART_RX/U6/U31/Y (NOR4X1M)                       0.33       1.53 r
  UART/U_UART_RX/U6/U68/Y (NOR2X1M)                       0.13       1.66 f
  UART/U_UART_RX/U6/U58/Y (NOR4BX1M)                      0.20       1.86 f
  UART/U_UART_RX/U6/U57/Y (AND2X1M)                       0.21       2.07 f
  UART/U_UART_RX/U6/U56/Y (CLKNAND2X2M)                   0.07       2.13 r
  UART/U_UART_RX/U6/U55/Y (CLKINVX1M)                     0.05       2.19 f
  UART/U_UART_RX/U6/sampled_bit_valid_reg/D (DFFRQX2M)
                                                          0.00       2.19 f
  data arrival time                                                  2.19

  clock UART_RX_CLK (rise edge)                         271.27     271.27
  clock network delay (ideal)                             0.00     271.27
  clock uncertainty                                      -0.20     271.07
  UART/U_UART_RX/U6/sampled_bit_valid_reg/CK (DFFRQX2M)
                                                          0.00     271.07 r
  library setup time                                     -0.15     270.91
  data required time                                               270.91
  --------------------------------------------------------------------------
  data required time                                               270.91
  data arrival time                                                 -2.19
  --------------------------------------------------------------------------
  slack (MET)                                                      268.73


  Startpoint: UART/U_UART_RX/U1/edge_cnt_reg[0]
              (rising edge-triggered flip-flop clocked by UART_RX_CLK)
  Endpoint: UART/U_UART_RX/U7/current_state_reg[1]
            (rising edge-triggered flip-flop clocked by UART_RX_CLK)
  Path Group: UART_RX_CLK
  Path Type: max

  Point                                                   Incr       Path
  --------------------------------------------------------------------------
  clock UART_RX_CLK (rise edge)                           0.00       0.00
  clock network delay (ideal)                             0.00       0.00
  UART/U_UART_RX/U1/edge_cnt_reg[0]/CK (DFFRQX2M)         0.00       0.00 r
  UART/U_UART_RX/U1/edge_cnt_reg[0]/Q (DFFRQX2M)          0.56       0.56 f
  UART/U_UART_RX/U1/edge_cnt[0] (EDGE_BIT_COUNTER)        0.00       0.56 f
  UART/U_UART_RX/U7/edge_cnt[0] (FSM)                     0.00       0.56 f
  UART/U_UART_RX/U7/U60/Y (NOR2BX1M)                      0.22       0.78 f
  UART/U_UART_RX/U7/U61/Y (OAI2B2X1M)                     0.20       0.98 r
  UART/U_UART_RX/U7/U62/Y (NAND4BX1M)                     0.19       1.17 f
  UART/U_UART_RX/U7/U66/Y (NOR4X1M)                       0.17       1.34 r
  UART/U_UART_RX/U7/U13/Y (NOR3BX2M)                      0.42       1.76 r
  UART/U_UART_RX/U7/U21/Y (NAND3X2M)                      0.15       1.91 f
  UART/U_UART_RX/U7/U20/Y (OAI211X2M)                     0.09       2.00 r
  UART/U_UART_RX/U7/current_state_reg[1]/D (DFFRQX2M)     0.00       2.00 r
  data arrival time                                                  2.00

  clock UART_RX_CLK (rise edge)                         271.27     271.27
  clock network delay (ideal)                             0.00     271.27
  clock uncertainty                                      -0.20     271.07
  UART/U_UART_RX/U7/current_state_reg[1]/CK (DFFRQX2M)
                                                          0.00     271.07 r
  library setup time                                     -0.32     270.75
  data required time                                               270.75
  --------------------------------------------------------------------------
  data required time                                               270.75
  data arrival time                                                 -2.00
  --------------------------------------------------------------------------
  slack (MET)                                                      268.75


  Startpoint: UART/U_UART_RX/U1/edge_cnt_reg[0]
              (rising edge-triggered flip-flop clocked by UART_RX_CLK)
  Endpoint: UART/U_UART_RX/U6/sample_3_reg
            (rising edge-triggered flip-flop clocked by UART_RX_CLK)
  Path Group: UART_RX_CLK
  Path Type: max

  Point                                                   Incr       Path
  --------------------------------------------------------------------------
  clock UART_RX_CLK (rise edge)                           0.00       0.00
  clock network delay (ideal)                             0.00       0.00
  UART/U_UART_RX/U1/edge_cnt_reg[0]/CK (DFFRQX2M)         0.00       0.00 r
  UART/U_UART_RX/U1/edge_cnt_reg[0]/Q (DFFRQX2M)          0.56       0.56 f
  UART/U_UART_RX/U1/edge_cnt[0] (EDGE_BIT_COUNTER)        0.00       0.56 f
  UART/U_UART_RX/U6/edge_cnt[0] (DATA_SAMPLING)           0.00       0.56 f
  UART/U_UART_RX/U6/U23/Y (NOR2BX1M)                      0.22       0.78 f
  UART/U_UART_RX/U6/U24/Y (OAI2B2X1M)                     0.21       0.99 r
  UART/U_UART_RX/U6/U27/Y (NAND4BBX1M)                    0.21       1.20 f
  UART/U_UART_RX/U6/U31/Y (NOR4X1M)                       0.33       1.53 r
  UART/U_UART_RX/U6/U68/Y (NOR2X1M)                       0.13       1.66 f
  UART/U_UART_RX/U6/U49/Y (AOI21X1M)                      0.20       1.85 r
  UART/U_UART_RX/U6/U48/Y (MXI2X1M)                       0.14       2.00 r
  UART/U_UART_RX/U6/sample_3_reg/D (DFFRQX2M)             0.00       2.00 r
  data arrival time                                                  2.00

  clock UART_RX_CLK (rise edge)                         271.27     271.27
  clock network delay (ideal)                             0.00     271.27
  clock uncertainty                                      -0.20     271.07
  UART/U_UART_RX/U6/sample_3_reg/CK (DFFRQX2M)            0.00     271.07 r
  library setup time                                     -0.32     270.75
  data required time                                               270.75
  --------------------------------------------------------------------------
  data required time                                               270.75
  data arrival time                                                 -2.00
  --------------------------------------------------------------------------
  slack (MET)                                                      268.76


  Startpoint: UART/U_UART_RX/U1/edge_cnt_reg[0]
              (rising edge-triggered flip-flop clocked by UART_RX_CLK)
  Endpoint: UART/U_UART_RX/U1/bit_cnt_reg[3]
            (rising edge-triggered flip-flop clocked by UART_RX_CLK)
  Path Group: UART_RX_CLK
  Path Type: max

  Point                                                   Incr       Path
  --------------------------------------------------------------------------
  clock UART_RX_CLK (rise edge)                           0.00       0.00
  clock network delay (ideal)                             0.00       0.00
  UART/U_UART_RX/U1/edge_cnt_reg[0]/CK (DFFRQX2M)         0.00       0.00 r
  UART/U_UART_RX/U1/edge_cnt_reg[0]/Q (DFFRQX2M)          0.56       0.56 f
  UART/U_UART_RX/U1/U42/Y (NOR2BX1M)                      0.22       0.78 f
  UART/U_UART_RX/U1/U43/Y (OAI2B2X1M)                     0.20       0.98 r
  UART/U_UART_RX/U1/U44/Y (NAND4BX1M)                     0.19       1.17 f
  UART/U_UART_RX/U1/U48/Y (NOR4X1M)                       0.25       1.42 r
  UART/U_UART_RX/U1/U14/Y (AND3X2M)                       0.24       1.66 r
  UART/U_UART_RX/U1/U20/Y (NAND2X2M)                      0.07       1.73 f
  UART/U_UART_RX/U1/U19/Y (CLKXOR2X2M)                    0.17       1.90 f
  UART/U_UART_RX/U1/U18/Y (NOR2X2M)                       0.09       1.99 r
  UART/U_UART_RX/U1/bit_cnt_reg[3]/D (DFFRQX2M)           0.00       1.99 r
  data arrival time                                                  1.99

  clock UART_RX_CLK (rise edge)                         271.27     271.27
  clock network delay (ideal)                             0.00     271.27
  clock uncertainty                                      -0.20     271.07
  UART/U_UART_RX/U1/bit_cnt_reg[3]/CK (DFFRQX2M)          0.00     271.07 r
  library setup time                                     -0.30     270.76
  data required time                                               270.76
  --------------------------------------------------------------------------
  data required time                                               270.76
  data arrival time                                                 -1.99
  --------------------------------------------------------------------------
  slack (MET)                                                      268.77


  Startpoint: UART/U_UART_RX/U1/edge_cnt_reg[0]
              (rising edge-triggered flip-flop clocked by UART_RX_CLK)
  Endpoint: UART/U_UART_RX/U1/bit_cnt_reg[0]
            (rising edge-triggered flip-flop clocked by UART_RX_CLK)
  Path Group: UART_RX_CLK
  Path Type: max

  Point                                                   Incr       Path
  --------------------------------------------------------------------------
  clock UART_RX_CLK (rise edge)                           0.00       0.00
  clock network delay (ideal)                             0.00       0.00
  UART/U_UART_RX/U1/edge_cnt_reg[0]/CK (DFFRQX2M)         0.00       0.00 r
  UART/U_UART_RX/U1/edge_cnt_reg[0]/Q (DFFRQX2M)          0.56       0.56 f
  UART/U_UART_RX/U1/U42/Y (NOR2BX1M)                      0.22       0.78 f
  UART/U_UART_RX/U1/U43/Y (OAI2B2X1M)                     0.20       0.98 r
  UART/U_UART_RX/U1/U44/Y (NAND4BX1M)                     0.19       1.17 f
  UART/U_UART_RX/U1/U48/Y (NOR4X1M)                       0.25       1.42 r
  UART/U_UART_RX/U1/U5/Y (NOR2X2M)                        0.11       1.53 f
  UART/U_UART_RX/U1/U10/Y (OAI32X1M)                      0.29       1.82 r
  UART/U_UART_RX/U1/bit_cnt_reg[0]/D (DFFRQX2M)           0.00       1.82 r
  data arrival time                                                  1.82

  clock UART_RX_CLK (rise edge)                         271.27     271.27
  clock network delay (ideal)                             0.00     271.27
  clock uncertainty                                      -0.20     271.07
  UART/U_UART_RX/U1/bit_cnt_reg[0]/CK (DFFRQX2M)          0.00     271.07 r
  library setup time                                     -0.35     270.72
  data required time                                               270.72
  --------------------------------------------------------------------------
  data required time                                               270.72
  data arrival time                                                 -1.82
  --------------------------------------------------------------------------
  slack (MET)                                                      268.90


  Startpoint: UART/U_UART_RX/U1/edge_cnt_reg[0]
              (rising edge-triggered flip-flop clocked by UART_RX_CLK)
  Endpoint: UART/U_UART_RX/U1/bit_cnt_reg[2]
            (rising edge-triggered flip-flop clocked by UART_RX_CLK)
  Path Group: UART_RX_CLK
  Path Type: max

  Point                                                   Incr       Path
  --------------------------------------------------------------------------
  clock UART_RX_CLK (rise edge)                           0.00       0.00
  clock network delay (ideal)                             0.00       0.00
  UART/U_UART_RX/U1/edge_cnt_reg[0]/CK (DFFRQX2M)         0.00       0.00 r
  UART/U_UART_RX/U1/edge_cnt_reg[0]/Q (DFFRQX2M)          0.56       0.56 f
  UART/U_UART_RX/U1/U42/Y (NOR2BX1M)                      0.22       0.78 f
  UART/U_UART_RX/U1/U43/Y (OAI2B2X1M)                     0.20       0.98 r
  UART/U_UART_RX/U1/U44/Y (NAND4BX1M)                     0.19       1.17 f
  UART/U_UART_RX/U1/U48/Y (NOR4X1M)                       0.25       1.42 r
  UART/U_UART_RX/U1/U14/Y (AND3X2M)                       0.24       1.66 r
  UART/U_UART_RX/U1/U22/Y (XNOR2X2M)                      0.06       1.73 f
  UART/U_UART_RX/U1/U21/Y (NOR2X2M)                       0.09       1.81 r
  UART/U_UART_RX/U1/bit_cnt_reg[2]/D (DFFRQX2M)           0.00       1.81 r
  data arrival time                                                  1.81

  clock UART_RX_CLK (rise edge)                         271.27     271.27
  clock network delay (ideal)                             0.00     271.27
  clock uncertainty                                      -0.20     271.07
  UART/U_UART_RX/U1/bit_cnt_reg[2]/CK (DFFRQX2M)          0.00     271.07 r
  library setup time                                     -0.30     270.76
  data required time                                               270.76
  --------------------------------------------------------------------------
  data required time                                               270.76
  data arrival time                                                 -1.81
  --------------------------------------------------------------------------
  slack (MET)                                                      268.95


  Startpoint: UART/U_UART_RX/U1/edge_cnt_reg[0]
              (rising edge-triggered flip-flop clocked by UART_RX_CLK)
  Endpoint: UART/U_UART_RX/U6/sample_2_reg
            (rising edge-triggered flip-flop clocked by UART_RX_CLK)
  Path Group: UART_RX_CLK
  Path Type: max

  Point                                                   Incr       Path
  --------------------------------------------------------------------------
  clock UART_RX_CLK (rise edge)                           0.00       0.00
  clock network delay (ideal)                             0.00       0.00
  UART/U_UART_RX/U1/edge_cnt_reg[0]/CK (DFFRQX2M)         0.00       0.00 r
  UART/U_UART_RX/U1/edge_cnt_reg[0]/Q (DFFRQX2M)          0.56       0.56 f
  UART/U_UART_RX/U1/edge_cnt[0] (EDGE_BIT_COUNTER)        0.00       0.56 f
  UART/U_UART_RX/U6/edge_cnt[0] (DATA_SAMPLING)           0.00       0.56 f
  UART/U_UART_RX/U6/U32/Y (NOR2BX1M)                      0.22       0.78 f
  UART/U_UART_RX/U6/U33/Y (OAI2B2X1M)                     0.20       0.98 r
  UART/U_UART_RX/U6/U36/Y (NAND4BBX1M)                    0.21       1.19 f
  UART/U_UART_RX/U6/U40/Y (NOR4X1M)                       0.22       1.41 r
  UART/U_UART_RX/U6/U46/Y (NOR2BX1M)                      0.22       1.63 r
  UART/U_UART_RX/U6/U45/Y (MXI2X1M)                       0.14       1.77 r
  UART/U_UART_RX/U6/sample_2_reg/D (DFFRQX2M)             0.00       1.77 r
  data arrival time                                                  1.77

  clock UART_RX_CLK (rise edge)                         271.27     271.27
  clock network delay (ideal)                             0.00     271.27
  clock uncertainty                                      -0.20     271.07
  UART/U_UART_RX/U6/sample_2_reg/CK (DFFRQX2M)            0.00     271.07 r
  library setup time                                     -0.32     270.75
  data required time                                               270.75
  --------------------------------------------------------------------------
  data required time                                               270.75
  data arrival time                                                 -1.77
  --------------------------------------------------------------------------
  slack (MET)                                                      268.98


  Startpoint: UART/U_UART_RX/U1/edge_cnt_reg[0]
              (rising edge-triggered flip-flop clocked by UART_RX_CLK)
  Endpoint: UART/U_UART_RX/U6/sample_1_reg
            (rising edge-triggered flip-flop clocked by UART_RX_CLK)
  Path Group: UART_RX_CLK
  Path Type: max

  Point                                                   Incr       Path
  --------------------------------------------------------------------------
  clock UART_RX_CLK (rise edge)                           0.00       0.00
  clock network delay (ideal)                             0.00       0.00
  UART/U_UART_RX/U1/edge_cnt_reg[0]/CK (DFFRQX2M)         0.00       0.00 r
  UART/U_UART_RX/U1/edge_cnt_reg[0]/Q (DFFRQX2M)          0.56       0.56 f
  UART/U_UART_RX/U1/edge_cnt[0] (EDGE_BIT_COUNTER)        0.00       0.56 f
  UART/U_UART_RX/U6/edge_cnt[0] (DATA_SAMPLING)           0.00       0.56 f
  UART/U_UART_RX/U6/U23/Y (NOR2BX1M)                      0.22       0.78 f
  UART/U_UART_RX/U6/U24/Y (OAI2B2X1M)                     0.21       0.99 r
  UART/U_UART_RX/U6/U27/Y (NAND4BBX1M)                    0.21       1.20 f
  UART/U_UART_RX/U6/U31/Y (NOR4X1M)                       0.33       1.53 r
  UART/U_UART_RX/U6/U52/Y (MXI2X1M)                       0.19       1.72 r
  UART/U_UART_RX/U6/sample_1_reg/D (DFFRQX2M)             0.00       1.72 r
  data arrival time                                                  1.72

  clock UART_RX_CLK (rise edge)                         271.27     271.27
  clock network delay (ideal)                             0.00     271.27
  clock uncertainty                                      -0.20     271.07
  UART/U_UART_RX/U6/sample_1_reg/CK (DFFRQX2M)            0.00     271.07 r
  library setup time                                     -0.32     270.75
  data required time                                               270.75
  --------------------------------------------------------------------------
  data required time                                               270.75
  data arrival time                                                 -1.72
  --------------------------------------------------------------------------
  slack (MET)                                                      269.03


  Startpoint: UART/U_UART_RX/U2/P_DATA_reg[5]
              (rising edge-triggered flip-flop clocked by UART_RX_CLK)
  Endpoint: UART/U_UART_RX/U5/par_err_reg
            (rising edge-triggered flip-flop clocked by UART_RX_CLK)
  Path Group: UART_RX_CLK
  Path Type: max

  Point                                                   Incr       Path
  --------------------------------------------------------------------------
  clock UART_RX_CLK (rise edge)                           0.00       0.00
  clock network delay (ideal)                             0.00       0.00
  UART/U_UART_RX/U2/P_DATA_reg[5]/CK (DFFRQX2M)           0.00       0.00 r
  UART/U_UART_RX/U2/P_DATA_reg[5]/Q (DFFRQX2M)            0.48       0.48 f
  UART/U_UART_RX/U2/P_DATA[5] (DESERIALIZER_DATA_WIDTH8)
                                                          0.00       0.48 f
  UART/U_UART_RX/U5/P_DATA[5] (PAR_CHECK_DATA_WIDTH8)     0.00       0.48 f
  UART/U_UART_RX/U5/U5/Y (XOR3XLM)                        0.50       0.98 f
  UART/U_UART_RX/U5/U4/Y (XOR3XLM)                        0.50       1.48 f
  UART/U_UART_RX/U5/U2/Y (OAI2BB2X1M)                     0.14       1.62 r
  UART/U_UART_RX/U5/par_err_reg/D (DFFRQX2M)              0.00       1.62 r
  data arrival time                                                  1.62

  clock UART_RX_CLK (rise edge)                         271.27     271.27
  clock network delay (ideal)                             0.00     271.27
  clock uncertainty                                      -0.20     271.07
  UART/U_UART_RX/U5/par_err_reg/CK (DFFRQX2M)             0.00     271.07 r
  library setup time                                     -0.31     270.75
  data required time                                               270.75
  --------------------------------------------------------------------------
  data required time                                               270.75
  data arrival time                                                 -1.62
  --------------------------------------------------------------------------
  slack (MET)                                                      269.13


  Startpoint: UART/U_UART_RX/U1/edge_cnt_reg[0]
              (rising edge-triggered flip-flop clocked by UART_RX_CLK)
  Endpoint: UART/U_UART_RX/U1/edge_cnt_reg[0]
            (rising edge-triggered flip-flop clocked by UART_RX_CLK)
  Path Group: UART_RX_CLK
  Path Type: max

  Point                                                   Incr       Path
  --------------------------------------------------------------------------
  clock UART_RX_CLK (rise edge)                           0.00       0.00
  clock network delay (ideal)                             0.00       0.00
  UART/U_UART_RX/U1/edge_cnt_reg[0]/CK (DFFRQX2M)         0.00       0.00 r
  UART/U_UART_RX/U1/edge_cnt_reg[0]/Q (DFFRQX2M)          0.56       0.56 f
  UART/U_UART_RX/U1/U42/Y (NOR2BX1M)                      0.22       0.78 f
  UART/U_UART_RX/U1/U43/Y (OAI2B2X1M)                     0.20       0.98 r
  UART/U_UART_RX/U1/U44/Y (NAND4BX1M)                     0.19       1.17 f
  UART/U_UART_RX/U1/U48/Y (NOR4X1M)                       0.25       1.42 r
  UART/U_UART_RX/U1/U5/Y (NOR2X2M)                        0.11       1.53 f
  UART/U_UART_RX/U1/U4/Y (INVX2M)                         0.18       1.71 r
  UART/U_UART_RX/U1/U15/Y (NOR2X2M)                       0.07       1.78 f
  UART/U_UART_RX/U1/edge_cnt_reg[0]/D (DFFRQX2M)          0.00       1.78 f
  data arrival time                                                  1.78

  clock UART_RX_CLK (rise edge)                         271.27     271.27
  clock network delay (ideal)                             0.00     271.27
  clock uncertainty                                      -0.20     271.07
  UART/U_UART_RX/U1/edge_cnt_reg[0]/CK (DFFRQX2M)         0.00     271.07 r
  library setup time                                     -0.16     270.91
  data required time                                               270.91
  --------------------------------------------------------------------------
  data required time                                               270.91
  data arrival time                                                 -1.78
  --------------------------------------------------------------------------
  slack (MET)                                                      269.13


  Startpoint: UART/U_UART_RX/U1/edge_cnt_reg[0]
              (rising edge-triggered flip-flop clocked by UART_RX_CLK)
  Endpoint: UART/U_UART_RX/U1/edge_cnt_reg[5]
            (rising edge-triggered flip-flop clocked by UART_RX_CLK)
  Path Group: UART_RX_CLK
  Path Type: max

  Point                                                   Incr       Path
  --------------------------------------------------------------------------
  clock UART_RX_CLK (rise edge)                           0.00       0.00
  clock network delay (ideal)                             0.00       0.00
  UART/U_UART_RX/U1/edge_cnt_reg[0]/CK (DFFRQX2M)         0.00       0.00 r
  UART/U_UART_RX/U1/edge_cnt_reg[0]/Q (DFFRQX2M)          0.56       0.56 f
  UART/U_UART_RX/U1/U42/Y (NOR2BX1M)                      0.22       0.78 f
  UART/U_UART_RX/U1/U43/Y (OAI2B2X1M)                     0.20       0.98 r
  UART/U_UART_RX/U1/U44/Y (NAND4BX1M)                     0.19       1.17 f
  UART/U_UART_RX/U1/U48/Y (NOR4X1M)                       0.25       1.42 r
  UART/U_UART_RX/U1/U5/Y (NOR2X2M)                        0.11       1.53 f
  UART/U_UART_RX/U1/U4/Y (INVX2M)                         0.18       1.71 r
  UART/U_UART_RX/U1/U16/Y (NOR2X2M)                       0.07       1.78 f
  UART/U_UART_RX/U1/edge_cnt_reg[5]/D (DFFRQX2M)          0.00       1.78 f
  data arrival time                                                  1.78

  clock UART_RX_CLK (rise edge)                         271.27     271.27
  clock network delay (ideal)                             0.00     271.27
  clock uncertainty                                      -0.20     271.07
  UART/U_UART_RX/U1/edge_cnt_reg[5]/CK (DFFRQX2M)         0.00     271.07 r
  library setup time                                     -0.16     270.91
  data required time                                               270.91
  --------------------------------------------------------------------------
  data required time                                               270.91
  data arrival time                                                 -1.78
  --------------------------------------------------------------------------
  slack (MET)                                                      269.13


  Startpoint: UART/U_UART_RX/U1/edge_cnt_reg[0]
              (rising edge-triggered flip-flop clocked by UART_RX_CLK)
  Endpoint: UART/U_UART_RX/U1/edge_cnt_reg[3]
            (rising edge-triggered flip-flop clocked by UART_RX_CLK)
  Path Group: UART_RX_CLK
  Path Type: max

  Point                                                   Incr       Path
  --------------------------------------------------------------------------
  clock UART_RX_CLK (rise edge)                           0.00       0.00
  clock network delay (ideal)                             0.00       0.00
  UART/U_UART_RX/U1/edge_cnt_reg[0]/CK (DFFRQX2M)         0.00       0.00 r
  UART/U_UART_RX/U1/edge_cnt_reg[0]/Q (DFFRQX2M)          0.56       0.56 f
  UART/U_UART_RX/U1/U42/Y (NOR2BX1M)                      0.22       0.78 f
  UART/U_UART_RX/U1/U43/Y (OAI2B2X1M)                     0.20       0.98 r
  UART/U_UART_RX/U1/U44/Y (NAND4BX1M)                     0.19       1.17 f
  UART/U_UART_RX/U1/U48/Y (NOR4X1M)                       0.25       1.42 r
  UART/U_UART_RX/U1/U5/Y (NOR2X2M)                        0.11       1.53 f
  UART/U_UART_RX/U1/U4/Y (INVX2M)                         0.18       1.71 r
  UART/U_UART_RX/U1/U8/Y (NOR2BX2M)                       0.07       1.78 f
  UART/U_UART_RX/U1/edge_cnt_reg[3]/D (DFFRQX2M)          0.00       1.78 f
  data arrival time                                                  1.78

  clock UART_RX_CLK (rise edge)                         271.27     271.27
  clock network delay (ideal)                             0.00     271.27
  clock uncertainty                                      -0.20     271.07
  UART/U_UART_RX/U1/edge_cnt_reg[3]/CK (DFFRQX2M)         0.00     271.07 r
  library setup time                                     -0.16     270.91
  data required time                                               270.91
  --------------------------------------------------------------------------
  data required time                                               270.91
  data arrival time                                                 -1.78
  --------------------------------------------------------------------------
  slack (MET)                                                      269.13


  Startpoint: UART/U_UART_RX/U1/edge_cnt_reg[0]
              (rising edge-triggered flip-flop clocked by UART_RX_CLK)
  Endpoint: UART/U_UART_RX/U1/edge_cnt_reg[2]
            (rising edge-triggered flip-flop clocked by UART_RX_CLK)
  Path Group: UART_RX_CLK
  Path Type: max

  Point                                                   Incr       Path
  --------------------------------------------------------------------------
  clock UART_RX_CLK (rise edge)                           0.00       0.00
  clock network delay (ideal)                             0.00       0.00
  UART/U_UART_RX/U1/edge_cnt_reg[0]/CK (DFFRQX2M)         0.00       0.00 r
  UART/U_UART_RX/U1/edge_cnt_reg[0]/Q (DFFRQX2M)          0.56       0.56 f
  UART/U_UART_RX/U1/U42/Y (NOR2BX1M)                      0.22       0.78 f
  UART/U_UART_RX/U1/U43/Y (OAI2B2X1M)                     0.20       0.98 r
  UART/U_UART_RX/U1/U44/Y (NAND4BX1M)                     0.19       1.17 f
  UART/U_UART_RX/U1/U48/Y (NOR4X1M)                       0.25       1.42 r
  UART/U_UART_RX/U1/U5/Y (NOR2X2M)                        0.11       1.53 f
  UART/U_UART_RX/U1/U4/Y (INVX2M)                         0.18       1.71 r
  UART/U_UART_RX/U1/U7/Y (NOR2BX2M)                       0.07       1.78 f
  UART/U_UART_RX/U1/edge_cnt_reg[2]/D (DFFRQX2M)          0.00       1.78 f
  data arrival time                                                  1.78

  clock UART_RX_CLK (rise edge)                         271.27     271.27
  clock network delay (ideal)                             0.00     271.27
  clock uncertainty                                      -0.20     271.07
  UART/U_UART_RX/U1/edge_cnt_reg[2]/CK (DFFRQX2M)         0.00     271.07 r
  library setup time                                     -0.16     270.91
  data required time                                               270.91
  --------------------------------------------------------------------------
  data required time                                               270.91
  data arrival time                                                 -1.78
  --------------------------------------------------------------------------
  slack (MET)                                                      269.13


  Startpoint: UART/U_UART_RX/U1/edge_cnt_reg[0]
              (rising edge-triggered flip-flop clocked by UART_RX_CLK)
  Endpoint: UART/U_UART_RX/U1/edge_cnt_reg[4]
            (rising edge-triggered flip-flop clocked by UART_RX_CLK)
  Path Group: UART_RX_CLK
  Path Type: max

  Point                                                   Incr       Path
  --------------------------------------------------------------------------
  clock UART_RX_CLK (rise edge)                           0.00       0.00
  clock network delay (ideal)                             0.00       0.00
  UART/U_UART_RX/U1/edge_cnt_reg[0]/CK (DFFRQX2M)         0.00       0.00 r
  UART/U_UART_RX/U1/edge_cnt_reg[0]/Q (DFFRQX2M)          0.56       0.56 f
  UART/U_UART_RX/U1/U42/Y (NOR2BX1M)                      0.22       0.78 f
  UART/U_UART_RX/U1/U43/Y (OAI2B2X1M)                     0.20       0.98 r
  UART/U_UART_RX/U1/U44/Y (NAND4BX1M)                     0.19       1.17 f
  UART/U_UART_RX/U1/U48/Y (NOR4X1M)                       0.25       1.42 r
  UART/U_UART_RX/U1/U5/Y (NOR2X2M)                        0.11       1.53 f
  UART/U_UART_RX/U1/U4/Y (INVX2M)                         0.18       1.71 r
  UART/U_UART_RX/U1/U9/Y (NOR2BX2M)                       0.07       1.78 f
  UART/U_UART_RX/U1/edge_cnt_reg[4]/D (DFFRQX2M)          0.00       1.78 f
  data arrival time                                                  1.78

  clock UART_RX_CLK (rise edge)                         271.27     271.27
  clock network delay (ideal)                             0.00     271.27
  clock uncertainty                                      -0.20     271.07
  UART/U_UART_RX/U1/edge_cnt_reg[4]/CK (DFFRQX2M)         0.00     271.07 r
  library setup time                                     -0.16     270.91
  data required time                                               270.91
  --------------------------------------------------------------------------
  data required time                                               270.91
  data arrival time                                                 -1.78
  --------------------------------------------------------------------------
  slack (MET)                                                      269.13


  Startpoint: UART/U_UART_RX/U1/edge_cnt_reg[0]
              (rising edge-triggered flip-flop clocked by UART_RX_CLK)
  Endpoint: UART/U_UART_RX/U1/edge_cnt_reg[1]
            (rising edge-triggered flip-flop clocked by UART_RX_CLK)
  Path Group: UART_RX_CLK
  Path Type: max

  Point                                                   Incr       Path
  --------------------------------------------------------------------------
  clock UART_RX_CLK (rise edge)                           0.00       0.00
  clock network delay (ideal)                             0.00       0.00
  UART/U_UART_RX/U1/edge_cnt_reg[0]/CK (DFFRQX2M)         0.00       0.00 r
  UART/U_UART_RX/U1/edge_cnt_reg[0]/Q (DFFRQX2M)          0.56       0.56 f
  UART/U_UART_RX/U1/U42/Y (NOR2BX1M)                      0.22       0.78 f
  UART/U_UART_RX/U1/U43/Y (OAI2B2X1M)                     0.20       0.98 r
  UART/U_UART_RX/U1/U44/Y (NAND4BX1M)                     0.19       1.17 f
  UART/U_UART_RX/U1/U48/Y (NOR4X1M)                       0.25       1.42 r
  UART/U_UART_RX/U1/U5/Y (NOR2X2M)                        0.11       1.53 f
  UART/U_UART_RX/U1/U4/Y (INVX2M)                         0.18       1.71 r
  UART/U_UART_RX/U1/U6/Y (NOR2BX2M)                       0.07       1.78 f
  UART/U_UART_RX/U1/edge_cnt_reg[1]/D (DFFRQX2M)          0.00       1.78 f
  data arrival time                                                  1.78

  clock UART_RX_CLK (rise edge)                         271.27     271.27
  clock network delay (ideal)                             0.00     271.27
  clock uncertainty                                      -0.20     271.07
  UART/U_UART_RX/U1/edge_cnt_reg[1]/CK (DFFRQX2M)         0.00     271.07 r
  library setup time                                     -0.16     270.91
  data required time                                               270.91
  --------------------------------------------------------------------------
  data required time                                               270.91
  data arrival time                                                 -1.78
  --------------------------------------------------------------------------
  slack (MET)                                                      269.13


  Startpoint: UART/U_UART_RX/U7/current_state_reg[2]
              (rising edge-triggered flip-flop clocked by UART_RX_CLK)
  Endpoint: UART/U_UART_RX/U2/P_DATA_reg[7]
            (rising edge-triggered flip-flop clocked by UART_RX_CLK)
  Path Group: UART_RX_CLK
  Path Type: max

  Point                                                   Incr       Path
  --------------------------------------------------------------------------
  clock UART_RX_CLK (rise edge)                           0.00       0.00
  clock network delay (ideal)                             0.00       0.00
  UART/U_UART_RX/U7/current_state_reg[2]/CK (DFFRQX2M)
                                                          0.00       0.00 r
  UART/U_UART_RX/U7/current_state_reg[2]/Q (DFFRQX2M)     0.50       0.50 f
  UART/U_UART_RX/U7/U23/Y (NOR2X2M)                       0.16       0.66 r
  UART/U_UART_RX/U7/U8/Y (INVX2M)                         0.09       0.75 f
  UART/U_UART_RX/U7/U4/Y (NOR2X2M)                        0.16       0.92 r
  UART/U_UART_RX/U7/deser_en (FSM)                        0.00       0.92 r
  UART/U_UART_RX/U2/deser_en (DESERIALIZER_DATA_WIDTH8)
                                                          0.00       0.92 r
  UART/U_UART_RX/U2/U9/Y (NAND2X2M)                       0.18       1.10 f
  UART/U_UART_RX/U2/U8/Y (INVX2M)                         0.17       1.27 r
  UART/U_UART_RX/U2/U11/Y (OAI2BB2X1M)                    0.17       1.44 r
  UART/U_UART_RX/U2/P_DATA_reg[7]/D (DFFRQX2M)            0.00       1.44 r
  data arrival time                                                  1.44

  clock UART_RX_CLK (rise edge)                         271.27     271.27
  clock network delay (ideal)                             0.00     271.27
  clock uncertainty                                      -0.20     271.07
  UART/U_UART_RX/U2/P_DATA_reg[7]/CK (DFFRQX2M)           0.00     271.07 r
  library setup time                                     -0.31     270.75
  data required time                                               270.75
  --------------------------------------------------------------------------
  data required time                                               270.75
  data arrival time                                                 -1.44
  --------------------------------------------------------------------------
  slack (MET)                                                      269.31


  Startpoint: UART/U_UART_RX/U7/current_state_reg[2]
              (rising edge-triggered flip-flop clocked by UART_RX_CLK)
  Endpoint: UART/U_UART_RX/U2/P_DATA_reg[5]
            (rising edge-triggered flip-flop clocked by UART_RX_CLK)
  Path Group: UART_RX_CLK
  Path Type: max

  Point                                                   Incr       Path
  --------------------------------------------------------------------------
  clock UART_RX_CLK (rise edge)                           0.00       0.00
  clock network delay (ideal)                             0.00       0.00
  UART/U_UART_RX/U7/current_state_reg[2]/CK (DFFRQX2M)
                                                          0.00       0.00 r
  UART/U_UART_RX/U7/current_state_reg[2]/Q (DFFRQX2M)     0.50       0.50 f
  UART/U_UART_RX/U7/U23/Y (NOR2X2M)                       0.16       0.66 r
  UART/U_UART_RX/U7/U8/Y (INVX2M)                         0.09       0.75 f
  UART/U_UART_RX/U7/U4/Y (NOR2X2M)                        0.16       0.92 r
  UART/U_UART_RX/U7/deser_en (FSM)                        0.00       0.92 r
  UART/U_UART_RX/U2/deser_en (DESERIALIZER_DATA_WIDTH8)
                                                          0.00       0.92 r
  UART/U_UART_RX/U2/U9/Y (NAND2X2M)                       0.18       1.10 f
  UART/U_UART_RX/U2/U6/Y (OAI22X1M)                       0.20       1.30 r
  UART/U_UART_RX/U2/P_DATA_reg[5]/D (DFFRQX2M)            0.00       1.30 r
  data arrival time                                                  1.30

  clock UART_RX_CLK (rise edge)                         271.27     271.27
  clock network delay (ideal)                             0.00     271.27
  clock uncertainty                                      -0.20     271.07
  UART/U_UART_RX/U2/P_DATA_reg[5]/CK (DFFRQX2M)           0.00     271.07 r
  library setup time                                     -0.33     270.74
  data required time                                               270.74
  --------------------------------------------------------------------------
  data required time                                               270.74
  data arrival time                                                 -1.30
  --------------------------------------------------------------------------
  slack (MET)                                                      269.44


  Startpoint: UART/U_UART_RX/U7/current_state_reg[2]
              (rising edge-triggered flip-flop clocked by UART_RX_CLK)
  Endpoint: UART/U_UART_RX/U2/P_DATA_reg[1]
            (rising edge-triggered flip-flop clocked by UART_RX_CLK)
  Path Group: UART_RX_CLK
  Path Type: max

  Point                                                   Incr       Path
  --------------------------------------------------------------------------
  clock UART_RX_CLK (rise edge)                           0.00       0.00
  clock network delay (ideal)                             0.00       0.00
  UART/U_UART_RX/U7/current_state_reg[2]/CK (DFFRQX2M)
                                                          0.00       0.00 r
  UART/U_UART_RX/U7/current_state_reg[2]/Q (DFFRQX2M)     0.50       0.50 f
  UART/U_UART_RX/U7/U23/Y (NOR2X2M)                       0.16       0.66 r
  UART/U_UART_RX/U7/U8/Y (INVX2M)                         0.09       0.75 f
  UART/U_UART_RX/U7/U4/Y (NOR2X2M)                        0.16       0.92 r
  UART/U_UART_RX/U7/deser_en (FSM)                        0.00       0.92 r
  UART/U_UART_RX/U2/deser_en (DESERIALIZER_DATA_WIDTH8)
                                                          0.00       0.92 r
  UART/U_UART_RX/U2/U9/Y (NAND2X2M)                       0.18       1.10 f
  UART/U_UART_RX/U2/U2/Y (OAI22X1M)                       0.20       1.30 r
  UART/U_UART_RX/U2/P_DATA_reg[1]/D (DFFRQX2M)            0.00       1.30 r
  data arrival time                                                  1.30

  clock UART_RX_CLK (rise edge)                         271.27     271.27
  clock network delay (ideal)                             0.00     271.27
  clock uncertainty                                      -0.20     271.07
  UART/U_UART_RX/U2/P_DATA_reg[1]/CK (DFFRQX2M)           0.00     271.07 r
  library setup time                                     -0.33     270.74
  data required time                                               270.74
  --------------------------------------------------------------------------
  data required time                                               270.74
  data arrival time                                                 -1.30
  --------------------------------------------------------------------------
  slack (MET)                                                      269.44


  Startpoint: UART/U_UART_RX/U7/current_state_reg[2]
              (rising edge-triggered flip-flop clocked by UART_RX_CLK)
  Endpoint: UART/U_UART_RX/U2/P_DATA_reg[4]
            (rising edge-triggered flip-flop clocked by UART_RX_CLK)
  Path Group: UART_RX_CLK
  Path Type: max

  Point                                                   Incr       Path
  --------------------------------------------------------------------------
  clock UART_RX_CLK (rise edge)                           0.00       0.00
  clock network delay (ideal)                             0.00       0.00
  UART/U_UART_RX/U7/current_state_reg[2]/CK (DFFRQX2M)
                                                          0.00       0.00 r
  UART/U_UART_RX/U7/current_state_reg[2]/Q (DFFRQX2M)     0.50       0.50 f
  UART/U_UART_RX/U7/U23/Y (NOR2X2M)                       0.16       0.66 r
  UART/U_UART_RX/U7/U8/Y (INVX2M)                         0.09       0.75 f
  UART/U_UART_RX/U7/U4/Y (NOR2X2M)                        0.16       0.92 r
  UART/U_UART_RX/U7/deser_en (FSM)                        0.00       0.92 r
  UART/U_UART_RX/U2/deser_en (DESERIALIZER_DATA_WIDTH8)
                                                          0.00       0.92 r
  UART/U_UART_RX/U2/U9/Y (NAND2X2M)                       0.18       1.10 f
  UART/U_UART_RX/U2/U5/Y (OAI22X1M)                       0.20       1.30 r
  UART/U_UART_RX/U2/P_DATA_reg[4]/D (DFFRQX2M)            0.00       1.30 r
  data arrival time                                                  1.30

  clock UART_RX_CLK (rise edge)                         271.27     271.27
  clock network delay (ideal)                             0.00     271.27
  clock uncertainty                                      -0.20     271.07
  UART/U_UART_RX/U2/P_DATA_reg[4]/CK (DFFRQX2M)           0.00     271.07 r
  library setup time                                     -0.33     270.74
  data required time                                               270.74
  --------------------------------------------------------------------------
  data required time                                               270.74
  data arrival time                                                 -1.30
  --------------------------------------------------------------------------
  slack (MET)                                                      269.44


  Startpoint: UART/U_UART_RX/U7/current_state_reg[2]
              (rising edge-triggered flip-flop clocked by UART_RX_CLK)
  Endpoint: UART/U_UART_RX/U2/P_DATA_reg[3]
            (rising edge-triggered flip-flop clocked by UART_RX_CLK)
  Path Group: UART_RX_CLK
  Path Type: max

  Point                                                   Incr       Path
  --------------------------------------------------------------------------
  clock UART_RX_CLK (rise edge)                           0.00       0.00
  clock network delay (ideal)                             0.00       0.00
  UART/U_UART_RX/U7/current_state_reg[2]/CK (DFFRQX2M)
                                                          0.00       0.00 r
  UART/U_UART_RX/U7/current_state_reg[2]/Q (DFFRQX2M)     0.50       0.50 f
  UART/U_UART_RX/U7/U23/Y (NOR2X2M)                       0.16       0.66 r
  UART/U_UART_RX/U7/U8/Y (INVX2M)                         0.09       0.75 f
  UART/U_UART_RX/U7/U4/Y (NOR2X2M)                        0.16       0.92 r
  UART/U_UART_RX/U7/deser_en (FSM)                        0.00       0.92 r
  UART/U_UART_RX/U2/deser_en (DESERIALIZER_DATA_WIDTH8)
                                                          0.00       0.92 r
  UART/U_UART_RX/U2/U9/Y (NAND2X2M)                       0.18       1.10 f
  UART/U_UART_RX/U2/U4/Y (OAI22X1M)                       0.20       1.30 r
  UART/U_UART_RX/U2/P_DATA_reg[3]/D (DFFRQX2M)            0.00       1.30 r
  data arrival time                                                  1.30

  clock UART_RX_CLK (rise edge)                         271.27     271.27
  clock network delay (ideal)                             0.00     271.27
  clock uncertainty                                      -0.20     271.07
  UART/U_UART_RX/U2/P_DATA_reg[3]/CK (DFFRQX2M)           0.00     271.07 r
  library setup time                                     -0.33     270.74
  data required time                                               270.74
  --------------------------------------------------------------------------
  data required time                                               270.74
  data arrival time                                                 -1.30
  --------------------------------------------------------------------------
  slack (MET)                                                      269.44


  Startpoint: UART/U_UART_RX/U7/current_state_reg[2]
              (rising edge-triggered flip-flop clocked by UART_RX_CLK)
  Endpoint: UART/U_UART_RX/U2/P_DATA_reg[6]
            (rising edge-triggered flip-flop clocked by UART_RX_CLK)
  Path Group: UART_RX_CLK
  Path Type: max

  Point                                                   Incr       Path
  --------------------------------------------------------------------------
  clock UART_RX_CLK (rise edge)                           0.00       0.00
  clock network delay (ideal)                             0.00       0.00
  UART/U_UART_RX/U7/current_state_reg[2]/CK (DFFRQX2M)
                                                          0.00       0.00 r
  UART/U_UART_RX/U7/current_state_reg[2]/Q (DFFRQX2M)     0.50       0.50 f
  UART/U_UART_RX/U7/U23/Y (NOR2X2M)                       0.16       0.66 r
  UART/U_UART_RX/U7/U8/Y (INVX2M)                         0.09       0.75 f
  UART/U_UART_RX/U7/U4/Y (NOR2X2M)                        0.16       0.92 r
  UART/U_UART_RX/U7/deser_en (FSM)                        0.00       0.92 r
  UART/U_UART_RX/U2/deser_en (DESERIALIZER_DATA_WIDTH8)
                                                          0.00       0.92 r
  UART/U_UART_RX/U2/U9/Y (NAND2X2M)                       0.18       1.10 f
  UART/U_UART_RX/U2/U7/Y (OAI22X1M)                       0.20       1.30 r
  UART/U_UART_RX/U2/P_DATA_reg[6]/D (DFFRQX2M)            0.00       1.30 r
  data arrival time                                                  1.30

  clock UART_RX_CLK (rise edge)                         271.27     271.27
  clock network delay (ideal)                             0.00     271.27
  clock uncertainty                                      -0.20     271.07
  UART/U_UART_RX/U2/P_DATA_reg[6]/CK (DFFRQX2M)           0.00     271.07 r
  library setup time                                     -0.33     270.74
  data required time                                               270.74
  --------------------------------------------------------------------------
  data required time                                               270.74
  data arrival time                                                 -1.30
  --------------------------------------------------------------------------
  slack (MET)                                                      269.44


  Startpoint: UART/U_UART_RX/U7/current_state_reg[2]
              (rising edge-triggered flip-flop clocked by UART_RX_CLK)
  Endpoint: UART/U_UART_RX/U2/P_DATA_reg[2]
            (rising edge-triggered flip-flop clocked by UART_RX_CLK)
  Path Group: UART_RX_CLK
  Path Type: max

  Point                                                   Incr       Path
  --------------------------------------------------------------------------
  clock UART_RX_CLK (rise edge)                           0.00       0.00
  clock network delay (ideal)                             0.00       0.00
  UART/U_UART_RX/U7/current_state_reg[2]/CK (DFFRQX2M)
                                                          0.00       0.00 r
  UART/U_UART_RX/U7/current_state_reg[2]/Q (DFFRQX2M)     0.50       0.50 f
  UART/U_UART_RX/U7/U23/Y (NOR2X2M)                       0.16       0.66 r
  UART/U_UART_RX/U7/U8/Y (INVX2M)                         0.09       0.75 f
  UART/U_UART_RX/U7/U4/Y (NOR2X2M)                        0.16       0.92 r
  UART/U_UART_RX/U7/deser_en (FSM)                        0.00       0.92 r
  UART/U_UART_RX/U2/deser_en (DESERIALIZER_DATA_WIDTH8)
                                                          0.00       0.92 r
  UART/U_UART_RX/U2/U9/Y (NAND2X2M)                       0.18       1.10 f
  UART/U_UART_RX/U2/U3/Y (OAI22X1M)                       0.20       1.30 r
  UART/U_UART_RX/U2/P_DATA_reg[2]/D (DFFRQX2M)            0.00       1.30 r
  data arrival time                                                  1.30

  clock UART_RX_CLK (rise edge)                         271.27     271.27
  clock network delay (ideal)                             0.00     271.27
  clock uncertainty                                      -0.20     271.07
  UART/U_UART_RX/U2/P_DATA_reg[2]/CK (DFFRQX2M)           0.00     271.07 r
  library setup time                                     -0.33     270.74
  data required time                                               270.74
  --------------------------------------------------------------------------
  data required time                                               270.74
  data arrival time                                                 -1.30
  --------------------------------------------------------------------------
  slack (MET)                                                      269.44


  Startpoint: UART/U_UART_RX/U4/stop_err_reg
              (rising edge-triggered flip-flop clocked by UART_RX_CLK)
  Endpoint: UART/U_UART_RX/U4/stop_err_reg
            (rising edge-triggered flip-flop clocked by UART_RX_CLK)
  Path Group: UART_RX_CLK
  Path Type: max

  Point                                                   Incr       Path
  --------------------------------------------------------------------------
  clock UART_RX_CLK (rise edge)                           0.00       0.00
  clock network delay (ideal)                             0.00       0.00
  UART/U_UART_RX/U4/stop_err_reg/CK (DFFRQX2M)            0.00       0.00 r
  UART/U_UART_RX/U4/stop_err_reg/Q (DFFRQX2M)             0.90       0.90 r
  UART/U_UART_RX/U4/U4/Y (AOI2BB2XLM)                     0.23       1.13 f
  UART/U_UART_RX/U4/U3/Y (NOR2BX2M)                       0.13       1.26 r
  UART/U_UART_RX/U4/stop_err_reg/D (DFFRQX2M)             0.00       1.26 r
  data arrival time                                                  1.26

  clock UART_RX_CLK (rise edge)                         271.27     271.27
  clock network delay (ideal)                             0.00     271.27
  clock uncertainty                                      -0.20     271.07
  UART/U_UART_RX/U4/stop_err_reg/CK (DFFRQX2M)            0.00     271.07 r
  library setup time                                     -0.31     270.76
  data required time                                               270.76
  --------------------------------------------------------------------------
  data required time                                               270.76
  data arrival time                                                 -1.26
  --------------------------------------------------------------------------
  slack (MET)                                                      269.50


  Startpoint: UART/U_UART_RX/U7/current_state_reg[2]
              (rising edge-triggered flip-flop clocked by UART_RX_CLK)
  Endpoint: UART/U_UART_RX/U2/P_DATA_reg[0]
            (rising edge-triggered flip-flop clocked by UART_RX_CLK)
  Path Group: UART_RX_CLK
  Path Type: max

  Point                                                   Incr       Path
  --------------------------------------------------------------------------
  clock UART_RX_CLK (rise edge)                           0.00       0.00
  clock network delay (ideal)                             0.00       0.00
  UART/U_UART_RX/U7/current_state_reg[2]/CK (DFFRQX2M)
                                                          0.00       0.00 r
  UART/U_UART_RX/U7/current_state_reg[2]/Q (DFFRQX2M)     0.50       0.50 f
  UART/U_UART_RX/U7/U23/Y (NOR2X2M)                       0.16       0.66 r
  UART/U_UART_RX/U7/U8/Y (INVX2M)                         0.09       0.75 f
  UART/U_UART_RX/U7/U4/Y (NOR2X2M)                        0.16       0.92 r
  UART/U_UART_RX/U7/deser_en (FSM)                        0.00       0.92 r
  UART/U_UART_RX/U2/deser_en (DESERIALIZER_DATA_WIDTH8)
                                                          0.00       0.92 r
  UART/U_UART_RX/U2/U9/Y (NAND2X2M)                       0.18       1.10 f
  UART/U_UART_RX/U2/U10/Y (OAI2BB2X1M)                    0.16       1.25 r
  UART/U_UART_RX/U2/P_DATA_reg[0]/D (DFFRQX2M)            0.00       1.25 r
  data arrival time                                                  1.25

  clock UART_RX_CLK (rise edge)                         271.27     271.27
  clock network delay (ideal)                             0.00     271.27
  clock uncertainty                                      -0.20     271.07
  UART/U_UART_RX/U2/P_DATA_reg[0]/CK (DFFRQX2M)           0.00     271.07 r
  library setup time                                     -0.31     270.75
  data required time                                               270.75
  --------------------------------------------------------------------------
  data required time                                               270.75
  data arrival time                                                 -1.25
  --------------------------------------------------------------------------
  slack (MET)                                                      269.50


  Startpoint: UART/U_UART_RX/U7/current_state_reg[2]
              (rising edge-triggered flip-flop clocked by UART_RX_CLK)
  Endpoint: UART/U_UART_RX/U3/start_glitch_reg
            (rising edge-triggered flip-flop clocked by UART_RX_CLK)
  Path Group: UART_RX_CLK
  Path Type: max

  Point                                                   Incr       Path
  --------------------------------------------------------------------------
  clock UART_RX_CLK (rise edge)                           0.00       0.00
  clock network delay (ideal)                             0.00       0.00
  UART/U_UART_RX/U7/current_state_reg[2]/CK (DFFRQX2M)
                                                          0.00       0.00 r
  UART/U_UART_RX/U7/current_state_reg[2]/Q (DFFRQX2M)     0.50       0.50 f
  UART/U_UART_RX/U7/U23/Y (NOR2X2M)                       0.16       0.66 r
  UART/U_UART_RX/U7/U8/Y (INVX2M)                         0.09       0.75 f
  UART/U_UART_RX/U7/U30/Y (NOR2X2M)                       0.11       0.87 r
  UART/U_UART_RX/U7/start_chk_en (FSM)                    0.00       0.87 r
  UART/U_UART_RX/U3/start_chk_en (START_CHECK)            0.00       0.87 r
  UART/U_UART_RX/U3/U3/Y (NOR2BX2M)                       0.14       1.01 r
  UART/U_UART_RX/U3/start_glitch_reg/D (DFFRQX2M)         0.00       1.01 r
  data arrival time                                                  1.01

  clock UART_RX_CLK (rise edge)                         271.27     271.27
  clock network delay (ideal)                             0.00     271.27
  clock uncertainty                                      -0.20     271.07
  UART/U_UART_RX/U3/start_glitch_reg/CK (DFFRQX2M)        0.00     271.07 r
  library setup time                                     -0.31     270.76
  data required time                                               270.76
  --------------------------------------------------------------------------
  data required time                                               270.76
  data arrival time                                                 -1.01
  --------------------------------------------------------------------------
  slack (MET)                                                      269.75


  Startpoint: U_FIFO/READ_MODULE/R_ADD_COUNTER_reg[0]
              (rising edge-triggered flip-flop clocked by UART_TX_CLK)
  Endpoint: UART/U_UART_TX/U3/par_bit_reg
            (rising edge-triggered flip-flop clocked by UART_TX_CLK)
  Path Group: UART_TX_CLK
  Path Type: max

  Point                                                   Incr       Path
  --------------------------------------------------------------------------
  clock UART_TX_CLK (rise edge)                           0.00       0.00
  clock network delay (ideal)                             0.00       0.00
  U_FIFO/READ_MODULE/R_ADD_COUNTER_reg[0]/CK (DFFRX1M)
                                                          0.00       0.00 r
  U_FIFO/READ_MODULE/R_ADD_COUNTER_reg[0]/Q (DFFRX1M)     0.48       0.48 r
  U_FIFO/READ_MODULE/R_ADD[0] (FIFO_RD_ADDRES_WIDTH4)     0.00       0.48 r
  U_FIFO/MEMORY_MODULE/R_ADD[0] (FIFO_MEM_CNTRL_ADDRES_WIDTH4_DATA_WIDTH8_FIFO_DEPTH8)
                                                          0.00       0.48 r
  U_FIFO/MEMORY_MODULE/U100/Y (BUFX4M)                    0.55       1.03 r
  U_FIFO/MEMORY_MODULE/U117/Y (MX4X1M)                    0.45       1.48 f
  U_FIFO/MEMORY_MODULE/U116/Y (MX2X2M)                    0.25       1.72 f
  U_FIFO/MEMORY_MODULE/RD_DATA[5] (FIFO_MEM_CNTRL_ADDRES_WIDTH4_DATA_WIDTH8_FIFO_DEPTH8)
                                                          0.00       1.72 f
  U_FIFO/RD_DATA[5] (ASYNC_FIFO_ADDRES_WIDTH4_DATA_WIDTH8_FIFO_DEPTH8)
                                                          0.00       1.72 f
  UART/TX_IN_P[5] (UART_TOP)                              0.00       1.72 f
  UART/U_UART_TX/IN_DATA[5] (UART_TX_DATA_WIDTH8)         0.00       1.72 f
  UART/U_UART_TX/U3/IN_DATA[5] (PARITY_CALC_DATA_WIDTH8)
                                                          0.00       1.72 f
  UART/U_UART_TX/U3/U3/Y (XOR3XLM)                        0.49       2.21 f
  UART/U_UART_TX/U3/U7/Y (XOR3XLM)                        0.51       2.72 f
  UART/U_UART_TX/U3/U5/Y (OAI2BB2X1M)                     0.14       2.87 r
  UART/U_UART_TX/U3/par_bit_reg/D (DFFRQX2M)              0.00       2.87 r
  data arrival time                                                  2.87

  clock UART_TX_CLK (rise edge)                        8680.54    8680.54
  clock network delay (ideal)                             0.00    8680.54
  clock uncertainty                                      -0.20    8680.34
  UART/U_UART_TX/U3/par_bit_reg/CK (DFFRQX2M)             0.00    8680.34 r
  library setup time                                     -0.31    8680.03
  data required time                                              8680.03
  --------------------------------------------------------------------------
  data required time                                              8680.03
  data arrival time                                                 -2.87
  --------------------------------------------------------------------------
  slack (MET)                                                     8677.16


  Startpoint: U_FIFO/READ_MODULE/R_ADD_COUNTER_reg[1]
              (rising edge-triggered flip-flop clocked by UART_TX_CLK)
  Endpoint: U_FIFO/READ_MODULE/R_ADD_COUNTER_reg[3]
            (rising edge-triggered flip-flop clocked by UART_TX_CLK)
  Path Group: UART_TX_CLK
  Path Type: max

  Point                                                   Incr       Path
  --------------------------------------------------------------------------
  clock UART_TX_CLK (rise edge)                           0.00       0.00
  clock network delay (ideal)                             0.00       0.00
  U_FIFO/READ_MODULE/R_ADD_COUNTER_reg[1]/CK (DFFRQX2M)
                                                          0.00       0.00 r
  U_FIFO/READ_MODULE/R_ADD_COUNTER_reg[1]/Q (DFFRQX2M)
                                                          0.83       0.83 r
  U_FIFO/READ_MODULE/U16/Y (CLKXOR2X2M)                   0.33       1.16 f
  U_FIFO/READ_MODULE/U4/Y (XNOR2X2M)                      0.13       1.29 f
  U_FIFO/READ_MODULE/U8/Y (NAND4X2M)                      0.10       1.39 r
  U_FIFO/READ_MODULE/U13/Y (NAND2X2M)                     0.09       1.48 f
  U_FIFO/READ_MODULE/U6/Y (NOR2X2M)                       0.13       1.61 r
  U_FIFO/READ_MODULE/U12/Y (NAND2X2M)                     0.09       1.70 f
  U_FIFO/READ_MODULE/U15/Y (NAND2BX2M)                    0.19       1.89 f
  U_FIFO/READ_MODULE/U14/Y (XNOR2X2M)                     0.13       2.02 r
  U_FIFO/READ_MODULE/R_ADD_COUNTER_reg[3]/D (DFFRQX2M)
                                                          0.00       2.02 r
  data arrival time                                                  2.02

  clock UART_TX_CLK (rise edge)                        8680.54    8680.54
  clock network delay (ideal)                             0.00    8680.54
  clock uncertainty                                      -0.20    8680.34
  U_FIFO/READ_MODULE/R_ADD_COUNTER_reg[3]/CK (DFFRQX2M)
                                                          0.00    8680.34 r
  library setup time                                     -0.32    8680.02
  data required time                                              8680.02
  --------------------------------------------------------------------------
  data required time                                              8680.02
  data arrival time                                                 -2.02
  --------------------------------------------------------------------------
  slack (MET)                                                     8678.00


  Startpoint: U_FIFO/READ_MODULE/R_ADD_COUNTER_reg[1]
              (rising edge-triggered flip-flop clocked by UART_TX_CLK)
  Endpoint: U_FIFO/READ_MODULE/R_ADD_COUNTER_reg[2]
            (rising edge-triggered flip-flop clocked by UART_TX_CLK)
  Path Group: UART_TX_CLK
  Path Type: max

  Point                                                   Incr       Path
  --------------------------------------------------------------------------
  clock UART_TX_CLK (rise edge)                           0.00       0.00
  clock network delay (ideal)                             0.00       0.00
  U_FIFO/READ_MODULE/R_ADD_COUNTER_reg[1]/CK (DFFRQX2M)
                                                          0.00       0.00 r
  U_FIFO/READ_MODULE/R_ADD_COUNTER_reg[1]/Q (DFFRQX2M)
                                                          0.83       0.83 r
  U_FIFO/READ_MODULE/U5/Y (XNOR2X2M)                      0.28       1.11 r
  U_FIFO/READ_MODULE/U11/Y (XNOR2X2M)                     0.16       1.26 r
  U_FIFO/READ_MODULE/U8/Y (NAND4X2M)                      0.17       1.43 f
  U_FIFO/READ_MODULE/U13/Y (NAND2X2M)                     0.12       1.55 r
  U_FIFO/READ_MODULE/U6/Y (NOR2X2M)                       0.06       1.61 f
  U_FIFO/READ_MODULE/U12/Y (NAND2X2M)                     0.07       1.68 r
  U_FIFO/READ_MODULE/U7/Y (XNOR2X2M)                      0.17       1.86 r
  U_FIFO/READ_MODULE/R_ADD_COUNTER_reg[2]/D (DFFRQX2M)
                                                          0.00       1.86 r
  data arrival time                                                  1.86

  clock UART_TX_CLK (rise edge)                        8680.54    8680.54
  clock network delay (ideal)                             0.00    8680.54
  clock uncertainty                                      -0.20    8680.34
  U_FIFO/READ_MODULE/R_ADD_COUNTER_reg[2]/CK (DFFRQX2M)
                                                          0.00    8680.34 r
  library setup time                                     -0.32    8680.02
  data required time                                              8680.02
  --------------------------------------------------------------------------
  data required time                                              8680.02
  data arrival time                                                 -1.86
  --------------------------------------------------------------------------
  slack (MET)                                                     8678.17


  Startpoint: UART/U_UART_TX/U2/current_state_reg[2]
              (rising edge-triggered flip-flop clocked by UART_TX_CLK)
  Endpoint: UART/U_UART_TX/U1/counter_reg[0]
            (rising edge-triggered flip-flop clocked by UART_TX_CLK)
  Path Group: UART_TX_CLK
  Path Type: max

  Point                                                   Incr       Path
  --------------------------------------------------------------------------
  clock UART_TX_CLK (rise edge)                           0.00       0.00
  clock network delay (ideal)                             0.00       0.00
  UART/U_UART_TX/U2/current_state_reg[2]/CK (DFFRQX2M)
                                                          0.00       0.00 r
  UART/U_UART_TX/U2/current_state_reg[2]/Q (DFFRQX2M)     0.49       0.49 f
  UART/U_UART_TX/U2/U5/Y (NAND2BX2M)                      0.23       0.72 f
  UART/U_UART_TX/U2/U4/Y (AOI21X2M)                       0.16       0.88 r
  UART/U_UART_TX/U2/SER_EN (FSM_tx_MUX_WIDTH2)            0.00       0.88 r
  UART/U_UART_TX/U1/SER_EN (SERIALIZER_DATA_WIDTH8_COUNT3)
                                                          0.00       0.88 r
  UART/U_UART_TX/U1/U5/Y (INVX2M)                         0.07       0.95 f
  UART/U_UART_TX/U1/U3/Y (NOR2X2M)                        0.35       1.30 r
  UART/U_UART_TX/U1/U4/Y (NOR2X2M)                        0.18       1.48 f
  UART/U_UART_TX/U1/U11/Y (AOI221XLM)                     0.46       1.94 r
  UART/U_UART_TX/U1/U10/Y (INVX2M)                        0.07       2.00 f
  UART/U_UART_TX/U1/counter_reg[0]/D (DFFRQX2M)           0.00       2.00 f
  data arrival time                                                  2.00

  clock UART_TX_CLK (rise edge)                        8680.54    8680.54
  clock network delay (ideal)                             0.00    8680.54
  clock uncertainty                                      -0.20    8680.34
  UART/U_UART_TX/U1/counter_reg[0]/CK (DFFRQX2M)          0.00    8680.34 r
  library setup time                                     -0.16    8680.18
  data required time                                              8680.18
  --------------------------------------------------------------------------
  data required time                                              8680.18
  data arrival time                                                 -2.00
  --------------------------------------------------------------------------
  slack (MET)                                                     8678.18


  Startpoint: U_FIFO/READ_MODULE/R_ADD_COUNTER_reg[1]
              (rising edge-triggered flip-flop clocked by UART_TX_CLK)
  Endpoint: U_FIFO/READ_MODULE/R_ADD_COUNTER_reg[1]
            (rising edge-triggered flip-flop clocked by UART_TX_CLK)
  Path Group: UART_TX_CLK
  Path Type: max

  Point                                                   Incr       Path
  --------------------------------------------------------------------------
  clock UART_TX_CLK (rise edge)                           0.00       0.00
  clock network delay (ideal)                             0.00       0.00
  U_FIFO/READ_MODULE/R_ADD_COUNTER_reg[1]/CK (DFFRQX2M)
                                                          0.00       0.00 r
  U_FIFO/READ_MODULE/R_ADD_COUNTER_reg[1]/Q (DFFRQX2M)
                                                          0.83       0.83 r
  U_FIFO/READ_MODULE/U5/Y (XNOR2X2M)                      0.28       1.11 r
  U_FIFO/READ_MODULE/U11/Y (XNOR2X2M)                     0.16       1.26 r
  U_FIFO/READ_MODULE/U8/Y (NAND4X2M)                      0.17       1.43 f
  U_FIFO/READ_MODULE/U13/Y (NAND2X2M)                     0.12       1.55 r
  U_FIFO/READ_MODULE/U6/Y (NOR2X2M)                       0.06       1.61 f
  U_FIFO/READ_MODULE/U18/Y (CLKXOR2X2M)                   0.25       1.86 r
  U_FIFO/READ_MODULE/R_ADD_COUNTER_reg[1]/D (DFFRQX2M)
                                                          0.00       1.86 r
  data arrival time                                                  1.86

  clock UART_TX_CLK (rise edge)                        8680.54    8680.54
  clock network delay (ideal)                             0.00    8680.54
  clock uncertainty                                      -0.20    8680.34
  U_FIFO/READ_MODULE/R_ADD_COUNTER_reg[1]/CK (DFFRQX2M)
                                                          0.00    8680.34 r
  library setup time                                     -0.30    8680.04
  data required time                                              8680.04
  --------------------------------------------------------------------------
  data required time                                              8680.04
  data arrival time                                                 -1.86
  --------------------------------------------------------------------------
  slack (MET)                                                     8678.18


  Startpoint: U_FIFO/READ_MODULE/R_ADD_COUNTER_reg[0]
              (rising edge-triggered flip-flop clocked by UART_TX_CLK)
  Endpoint: UART/U_UART_TX/U1/register_reg[1]
            (rising edge-triggered flip-flop clocked by UART_TX_CLK)
  Path Group: UART_TX_CLK
  Path Type: max

  Point                                                   Incr       Path
  --------------------------------------------------------------------------
  clock UART_TX_CLK (rise edge)                           0.00       0.00
  clock network delay (ideal)                             0.00       0.00
  U_FIFO/READ_MODULE/R_ADD_COUNTER_reg[0]/CK (DFFRX1M)
                                                          0.00       0.00 r
  U_FIFO/READ_MODULE/R_ADD_COUNTER_reg[0]/Q (DFFRX1M)     0.48       0.48 r
  U_FIFO/READ_MODULE/R_ADD[0] (FIFO_RD_ADDRES_WIDTH4)     0.00       0.48 r
  U_FIFO/MEMORY_MODULE/R_ADD[0] (FIFO_MEM_CNTRL_ADDRES_WIDTH4_DATA_WIDTH8_FIFO_DEPTH8)
                                                          0.00       0.48 r
  U_FIFO/MEMORY_MODULE/U100/Y (BUFX4M)                    0.55       1.03 r
  U_FIFO/MEMORY_MODULE/U108/Y (MX4X1M)                    0.45       1.48 f
  U_FIFO/MEMORY_MODULE/U107/Y (MX2X2M)                    0.25       1.73 f
  U_FIFO/MEMORY_MODULE/RD_DATA[2] (FIFO_MEM_CNTRL_ADDRES_WIDTH4_DATA_WIDTH8_FIFO_DEPTH8)
                                                          0.00       1.73 f
  U_FIFO/RD_DATA[2] (ASYNC_FIFO_ADDRES_WIDTH4_DATA_WIDTH8_FIFO_DEPTH8)
                                                          0.00       1.73 f
  UART/TX_IN_P[2] (UART_TOP)                              0.00       1.73 f
  UART/U_UART_TX/IN_DATA[2] (UART_TX_DATA_WIDTH8)         0.00       1.73 f
  UART/U_UART_TX/U1/IN_DATA[2] (SERIALIZER_DATA_WIDTH8_COUNT3)
                                                          0.00       1.73 f
  UART/U_UART_TX/U1/U24/Y (AOI22X1M)                      0.14       1.87 r
  UART/U_UART_TX/U1/U23/Y (OAI2BB1X2M)                    0.07       1.94 f
  UART/U_UART_TX/U1/register_reg[1]/D (DFFRQX2M)          0.00       1.94 f
  data arrival time                                                  1.94

  clock UART_TX_CLK (rise edge)                        8680.54    8680.54
  clock network delay (ideal)                             0.00    8680.54
  clock uncertainty                                      -0.20    8680.34
  UART/U_UART_TX/U1/register_reg[1]/CK (DFFRQX2M)         0.00    8680.34 r
  library setup time                                     -0.16    8680.19
  data required time                                              8680.19
  --------------------------------------------------------------------------
  data required time                                              8680.19
  data arrival time                                                 -1.94
  --------------------------------------------------------------------------
  slack (MET)                                                     8678.25


  Startpoint: U_FIFO/READ_MODULE/R_ADD_COUNTER_reg[0]
              (rising edge-triggered flip-flop clocked by UART_TX_CLK)
  Endpoint: UART/U_UART_TX/U1/register_reg[2]
            (rising edge-triggered flip-flop clocked by UART_TX_CLK)
  Path Group: UART_TX_CLK
  Path Type: max

  Point                                                   Incr       Path
  --------------------------------------------------------------------------
  clock UART_TX_CLK (rise edge)                           0.00       0.00
  clock network delay (ideal)                             0.00       0.00
  U_FIFO/READ_MODULE/R_ADD_COUNTER_reg[0]/CK (DFFRX1M)
                                                          0.00       0.00 r
  U_FIFO/READ_MODULE/R_ADD_COUNTER_reg[0]/Q (DFFRX1M)     0.48       0.48 r
  U_FIFO/READ_MODULE/R_ADD[0] (FIFO_RD_ADDRES_WIDTH4)     0.00       0.48 r
  U_FIFO/MEMORY_MODULE/R_ADD[0] (FIFO_MEM_CNTRL_ADDRES_WIDTH4_DATA_WIDTH8_FIFO_DEPTH8)
                                                          0.00       0.48 r
  U_FIFO/MEMORY_MODULE/U100/Y (BUFX4M)                    0.55       1.03 r
  U_FIFO/MEMORY_MODULE/U123/Y (MX4X1M)                    0.45       1.48 f
  U_FIFO/MEMORY_MODULE/U122/Y (MX2X2M)                    0.25       1.72 f
  U_FIFO/MEMORY_MODULE/RD_DATA[3] (FIFO_MEM_CNTRL_ADDRES_WIDTH4_DATA_WIDTH8_FIFO_DEPTH8)
                                                          0.00       1.72 f
  U_FIFO/RD_DATA[3] (ASYNC_FIFO_ADDRES_WIDTH4_DATA_WIDTH8_FIFO_DEPTH8)
                                                          0.00       1.72 f
  UART/TX_IN_P[3] (UART_TOP)                              0.00       1.72 f
  UART/U_UART_TX/IN_DATA[3] (UART_TX_DATA_WIDTH8)         0.00       1.72 f
  UART/U_UART_TX/U1/IN_DATA[3] (SERIALIZER_DATA_WIDTH8_COUNT3)
                                                          0.00       1.72 f
  UART/U_UART_TX/U1/U26/Y (AOI22X1M)                      0.14       1.87 r
  UART/U_UART_TX/U1/U25/Y (OAI2BB1X2M)                    0.07       1.94 f
  UART/U_UART_TX/U1/register_reg[2]/D (DFFRQX2M)          0.00       1.94 f
  data arrival time                                                  1.94

  clock UART_TX_CLK (rise edge)                        8680.54    8680.54
  clock network delay (ideal)                             0.00    8680.54
  clock uncertainty                                      -0.20    8680.34
  UART/U_UART_TX/U1/register_reg[2]/CK (DFFRQX2M)         0.00    8680.34 r
  library setup time                                     -0.16    8680.19
  data required time                                              8680.19
  --------------------------------------------------------------------------
  data required time                                              8680.19
  data arrival time                                                 -1.94
  --------------------------------------------------------------------------
  slack (MET)                                                     8678.25


  Startpoint: U_FIFO/READ_MODULE/R_ADD_COUNTER_reg[0]
              (rising edge-triggered flip-flop clocked by UART_TX_CLK)
  Endpoint: UART/U_UART_TX/U1/register_reg[3]
            (rising edge-triggered flip-flop clocked by UART_TX_CLK)
  Path Group: UART_TX_CLK
  Path Type: max

  Point                                                   Incr       Path
  --------------------------------------------------------------------------
  clock UART_TX_CLK (rise edge)                           0.00       0.00
  clock network delay (ideal)                             0.00       0.00
  U_FIFO/READ_MODULE/R_ADD_COUNTER_reg[0]/CK (DFFRX1M)
                                                          0.00       0.00 r
  U_FIFO/READ_MODULE/R_ADD_COUNTER_reg[0]/Q (DFFRX1M)     0.48       0.48 r
  U_FIFO/READ_MODULE/R_ADD[0] (FIFO_RD_ADDRES_WIDTH4)     0.00       0.48 r
  U_FIFO/MEMORY_MODULE/R_ADD[0] (FIFO_MEM_CNTRL_ADDRES_WIDTH4_DATA_WIDTH8_FIFO_DEPTH8)
                                                          0.00       0.48 r
  U_FIFO/MEMORY_MODULE/U100/Y (BUFX4M)                    0.55       1.03 r
  U_FIFO/MEMORY_MODULE/U111/Y (MX4X1M)                    0.45       1.48 f
  U_FIFO/MEMORY_MODULE/U110/Y (MX2X2M)                    0.25       1.72 f
  U_FIFO/MEMORY_MODULE/RD_DATA[4] (FIFO_MEM_CNTRL_ADDRES_WIDTH4_DATA_WIDTH8_FIFO_DEPTH8)
                                                          0.00       1.72 f
  U_FIFO/RD_DATA[4] (ASYNC_FIFO_ADDRES_WIDTH4_DATA_WIDTH8_FIFO_DEPTH8)
                                                          0.00       1.72 f
  UART/TX_IN_P[4] (UART_TOP)                              0.00       1.72 f
  UART/U_UART_TX/IN_DATA[4] (UART_TX_DATA_WIDTH8)         0.00       1.72 f
  UART/U_UART_TX/U1/IN_DATA[4] (SERIALIZER_DATA_WIDTH8_COUNT3)
                                                          0.00       1.72 f
  UART/U_UART_TX/U1/U28/Y (AOI22X1M)                      0.14       1.87 r
  UART/U_UART_TX/U1/U27/Y (OAI2BB1X2M)                    0.07       1.94 f
  UART/U_UART_TX/U1/register_reg[3]/D (DFFRQX2M)          0.00       1.94 f
  data arrival time                                                  1.94

  clock UART_TX_CLK (rise edge)                        8680.54    8680.54
  clock network delay (ideal)                             0.00    8680.54
  clock uncertainty                                      -0.20    8680.34
  UART/U_UART_TX/U1/register_reg[3]/CK (DFFRQX2M)         0.00    8680.34 r
  library setup time                                     -0.16    8680.19
  data required time                                              8680.19
  --------------------------------------------------------------------------
  data required time                                              8680.19
  data arrival time                                                 -1.94
  --------------------------------------------------------------------------
  slack (MET)                                                     8678.25


  Startpoint: U_FIFO/READ_MODULE/R_ADD_COUNTER_reg[0]
              (rising edge-triggered flip-flop clocked by UART_TX_CLK)
  Endpoint: UART/U_UART_TX/U1/ser_data_reg
            (rising edge-triggered flip-flop clocked by UART_TX_CLK)
  Path Group: UART_TX_CLK
  Path Type: max

  Point                                                   Incr       Path
  --------------------------------------------------------------------------
  clock UART_TX_CLK (rise edge)                           0.00       0.00
  clock network delay (ideal)                             0.00       0.00
  U_FIFO/READ_MODULE/R_ADD_COUNTER_reg[0]/CK (DFFRX1M)
                                                          0.00       0.00 r
  U_FIFO/READ_MODULE/R_ADD_COUNTER_reg[0]/Q (DFFRX1M)     0.48       0.48 r
  U_FIFO/READ_MODULE/R_ADD[0] (FIFO_RD_ADDRES_WIDTH4)     0.00       0.48 r
  U_FIFO/MEMORY_MODULE/R_ADD[0] (FIFO_MEM_CNTRL_ADDRES_WIDTH4_DATA_WIDTH8_FIFO_DEPTH8)
                                                          0.00       0.48 r
  U_FIFO/MEMORY_MODULE/U100/Y (BUFX4M)                    0.55       1.03 r
  U_FIFO/MEMORY_MODULE/U114/Y (MX4X1M)                    0.45       1.48 f
  U_FIFO/MEMORY_MODULE/U113/Y (MX2X2M)                    0.25       1.72 f
  U_FIFO/MEMORY_MODULE/RD_DATA[0] (FIFO_MEM_CNTRL_ADDRES_WIDTH4_DATA_WIDTH8_FIFO_DEPTH8)
                                                          0.00       1.72 f
  U_FIFO/RD_DATA[0] (ASYNC_FIFO_ADDRES_WIDTH4_DATA_WIDTH8_FIFO_DEPTH8)
                                                          0.00       1.72 f
  UART/TX_IN_P[0] (UART_TOP)                              0.00       1.72 f
  UART/U_UART_TX/IN_DATA[0] (UART_TX_DATA_WIDTH8)         0.00       1.72 f
  UART/U_UART_TX/U1/IN_DATA[0] (SERIALIZER_DATA_WIDTH8_COUNT3)
                                                          0.00       1.72 f
  UART/U_UART_TX/U1/U20/Y (AOI22X1M)                      0.14       1.87 r
  UART/U_UART_TX/U1/U19/Y (OAI2BB1X2M)                    0.07       1.94 f
  UART/U_UART_TX/U1/ser_data_reg/D (DFFRQX2M)             0.00       1.94 f
  data arrival time                                                  1.94

  clock UART_TX_CLK (rise edge)                        8680.54    8680.54
  clock network delay (ideal)                             0.00    8680.54
  clock uncertainty                                      -0.20    8680.34
  UART/U_UART_TX/U1/ser_data_reg/CK (DFFRQX2M)            0.00    8680.34 r
  library setup time                                     -0.16    8680.19
  data required time                                              8680.19
  --------------------------------------------------------------------------
  data required time                                              8680.19
  data arrival time                                                 -1.94
  --------------------------------------------------------------------------
  slack (MET)                                                     8678.25


  Startpoint: U_FIFO/READ_MODULE/R_ADD_COUNTER_reg[0]
              (rising edge-triggered flip-flop clocked by UART_TX_CLK)
  Endpoint: UART/U_UART_TX/U1/register_reg[5]
            (rising edge-triggered flip-flop clocked by UART_TX_CLK)
  Path Group: UART_TX_CLK
  Path Type: max

  Point                                                   Incr       Path
  --------------------------------------------------------------------------
  clock UART_TX_CLK (rise edge)                           0.00       0.00
  clock network delay (ideal)                             0.00       0.00
  U_FIFO/READ_MODULE/R_ADD_COUNTER_reg[0]/CK (DFFRX1M)
                                                          0.00       0.00 r
  U_FIFO/READ_MODULE/R_ADD_COUNTER_reg[0]/Q (DFFRX1M)     0.48       0.48 r
  U_FIFO/READ_MODULE/R_ADD[0] (FIFO_RD_ADDRES_WIDTH4)     0.00       0.48 r
  U_FIFO/MEMORY_MODULE/R_ADD[0] (FIFO_MEM_CNTRL_ADDRES_WIDTH4_DATA_WIDTH8_FIFO_DEPTH8)
                                                          0.00       0.48 r
  U_FIFO/MEMORY_MODULE/U100/Y (BUFX4M)                    0.55       1.03 r
  U_FIFO/MEMORY_MODULE/U105/Y (MX4X1M)                    0.45       1.48 f
  U_FIFO/MEMORY_MODULE/U104/Y (MX2X2M)                    0.25       1.72 f
  U_FIFO/MEMORY_MODULE/RD_DATA[6] (FIFO_MEM_CNTRL_ADDRES_WIDTH4_DATA_WIDTH8_FIFO_DEPTH8)
                                                          0.00       1.72 f
  U_FIFO/RD_DATA[6] (ASYNC_FIFO_ADDRES_WIDTH4_DATA_WIDTH8_FIFO_DEPTH8)
                                                          0.00       1.72 f
  UART/TX_IN_P[6] (UART_TOP)                              0.00       1.72 f
  UART/U_UART_TX/IN_DATA[6] (UART_TX_DATA_WIDTH8)         0.00       1.72 f
  UART/U_UART_TX/U1/IN_DATA[6] (SERIALIZER_DATA_WIDTH8_COUNT3)
                                                          0.00       1.72 f
  UART/U_UART_TX/U1/U32/Y (AOI22X1M)                      0.14       1.86 r
  UART/U_UART_TX/U1/U31/Y (OAI2BB1X2M)                    0.07       1.93 f
  UART/U_UART_TX/U1/register_reg[5]/D (DFFRQX2M)          0.00       1.93 f
  data arrival time                                                  1.93

  clock UART_TX_CLK (rise edge)                        8680.54    8680.54
  clock network delay (ideal)                             0.00    8680.54
  clock uncertainty                                      -0.20    8680.34
  UART/U_UART_TX/U1/register_reg[5]/CK (DFFRQX2M)         0.00    8680.34 r
  library setup time                                     -0.16    8680.19
  data required time                                              8680.19
  --------------------------------------------------------------------------
  data required time                                              8680.19
  data arrival time                                                 -1.93
  --------------------------------------------------------------------------
  slack (MET)                                                     8678.25


  Startpoint: U_FIFO/READ_MODULE/R_ADD_COUNTER_reg[0]
              (rising edge-triggered flip-flop clocked by UART_TX_CLK)
  Endpoint: UART/U_UART_TX/U1/register_reg[4]
            (rising edge-triggered flip-flop clocked by UART_TX_CLK)
  Path Group: UART_TX_CLK
  Path Type: max

  Point                                                   Incr       Path
  --------------------------------------------------------------------------
  clock UART_TX_CLK (rise edge)                           0.00       0.00
  clock network delay (ideal)                             0.00       0.00
  U_FIFO/READ_MODULE/R_ADD_COUNTER_reg[0]/CK (DFFRX1M)
                                                          0.00       0.00 r
  U_FIFO/READ_MODULE/R_ADD_COUNTER_reg[0]/Q (DFFRX1M)     0.48       0.48 r
  U_FIFO/READ_MODULE/R_ADD[0] (FIFO_RD_ADDRES_WIDTH4)     0.00       0.48 r
  U_FIFO/MEMORY_MODULE/R_ADD[0] (FIFO_MEM_CNTRL_ADDRES_WIDTH4_DATA_WIDTH8_FIFO_DEPTH8)
                                                          0.00       0.48 r
  U_FIFO/MEMORY_MODULE/U100/Y (BUFX4M)                    0.55       1.03 r
  U_FIFO/MEMORY_MODULE/U117/Y (MX4X1M)                    0.45       1.48 f
  U_FIFO/MEMORY_MODULE/U116/Y (MX2X2M)                    0.25       1.72 f
  U_FIFO/MEMORY_MODULE/RD_DATA[5] (FIFO_MEM_CNTRL_ADDRES_WIDTH4_DATA_WIDTH8_FIFO_DEPTH8)
                                                          0.00       1.72 f
  U_FIFO/RD_DATA[5] (ASYNC_FIFO_ADDRES_WIDTH4_DATA_WIDTH8_FIFO_DEPTH8)
                                                          0.00       1.72 f
  UART/TX_IN_P[5] (UART_TOP)                              0.00       1.72 f
  UART/U_UART_TX/IN_DATA[5] (UART_TX_DATA_WIDTH8)         0.00       1.72 f
  UART/U_UART_TX/U1/IN_DATA[5] (SERIALIZER_DATA_WIDTH8_COUNT3)
                                                          0.00       1.72 f
  UART/U_UART_TX/U1/U30/Y (AOI22X1M)                      0.14       1.86 r
  UART/U_UART_TX/U1/U29/Y (OAI2BB1X2M)                    0.07       1.93 f
  UART/U_UART_TX/U1/register_reg[4]/D (DFFRQX2M)          0.00       1.93 f
  data arrival time                                                  1.93

  clock UART_TX_CLK (rise edge)                        8680.54    8680.54
  clock network delay (ideal)                             0.00    8680.54
  clock uncertainty                                      -0.20    8680.34
  UART/U_UART_TX/U1/register_reg[4]/CK (DFFRQX2M)         0.00    8680.34 r
  library setup time                                     -0.16    8680.19
  data required time                                              8680.19
  --------------------------------------------------------------------------
  data required time                                              8680.19
  data arrival time                                                 -1.93
  --------------------------------------------------------------------------
  slack (MET)                                                     8678.25


  Startpoint: U_FIFO/READ_MODULE/R_ADD_COUNTER_reg[0]
              (rising edge-triggered flip-flop clocked by UART_TX_CLK)
  Endpoint: UART/U_UART_TX/U1/register_reg[0]
            (rising edge-triggered flip-flop clocked by UART_TX_CLK)
  Path Group: UART_TX_CLK
  Path Type: max

  Point                                                   Incr       Path
  --------------------------------------------------------------------------
  clock UART_TX_CLK (rise edge)                           0.00       0.00
  clock network delay (ideal)                             0.00       0.00
  U_FIFO/READ_MODULE/R_ADD_COUNTER_reg[0]/CK (DFFRX1M)
                                                          0.00       0.00 r
  U_FIFO/READ_MODULE/R_ADD_COUNTER_reg[0]/Q (DFFRX1M)     0.48       0.48 r
  U_FIFO/READ_MODULE/R_ADD[0] (FIFO_RD_ADDRES_WIDTH4)     0.00       0.48 r
  U_FIFO/MEMORY_MODULE/R_ADD[0] (FIFO_MEM_CNTRL_ADDRES_WIDTH4_DATA_WIDTH8_FIFO_DEPTH8)
                                                          0.00       0.48 r
  U_FIFO/MEMORY_MODULE/U100/Y (BUFX4M)                    0.55       1.03 r
  U_FIFO/MEMORY_MODULE/U120/Y (MX4X1M)                    0.45       1.48 f
  U_FIFO/MEMORY_MODULE/U119/Y (MX2X2M)                    0.25       1.72 f
  U_FIFO/MEMORY_MODULE/RD_DATA[1] (FIFO_MEM_CNTRL_ADDRES_WIDTH4_DATA_WIDTH8_FIFO_DEPTH8)
                                                          0.00       1.72 f
  U_FIFO/RD_DATA[1] (ASYNC_FIFO_ADDRES_WIDTH4_DATA_WIDTH8_FIFO_DEPTH8)
                                                          0.00       1.72 f
  UART/TX_IN_P[1] (UART_TOP)                              0.00       1.72 f
  UART/U_UART_TX/IN_DATA[1] (UART_TX_DATA_WIDTH8)         0.00       1.72 f
  UART/U_UART_TX/U1/IN_DATA[1] (SERIALIZER_DATA_WIDTH8_COUNT3)
                                                          0.00       1.72 f
  UART/U_UART_TX/U1/U22/Y (AOI22X1M)                      0.14       1.86 r
  UART/U_UART_TX/U1/U21/Y (OAI2BB1X2M)                    0.07       1.93 f
  UART/U_UART_TX/U1/register_reg[0]/D (DFFRQX2M)          0.00       1.93 f
  data arrival time                                                  1.93

  clock UART_TX_CLK (rise edge)                        8680.54    8680.54
  clock network delay (ideal)                             0.00    8680.54
  clock uncertainty                                      -0.20    8680.34
  UART/U_UART_TX/U1/register_reg[0]/CK (DFFRQX2M)         0.00    8680.34 r
  library setup time                                     -0.16    8680.19
  data required time                                              8680.19
  --------------------------------------------------------------------------
  data required time                                              8680.19
  data arrival time                                                 -1.93
  --------------------------------------------------------------------------
  slack (MET)                                                     8678.25


  Startpoint: U_FIFO/READ_MODULE/R_ADD_COUNTER_reg[0]
              (rising edge-triggered flip-flop clocked by UART_TX_CLK)
  Endpoint: UART/U_UART_TX/U1/register_reg[6]
            (rising edge-triggered flip-flop clocked by UART_TX_CLK)
  Path Group: UART_TX_CLK
  Path Type: max

  Point                                                   Incr       Path
  --------------------------------------------------------------------------
  clock UART_TX_CLK (rise edge)                           0.00       0.00
  clock network delay (ideal)                             0.00       0.00
  U_FIFO/READ_MODULE/R_ADD_COUNTER_reg[0]/CK (DFFRX1M)
                                                          0.00       0.00 r
  U_FIFO/READ_MODULE/R_ADD_COUNTER_reg[0]/Q (DFFRX1M)     0.48       0.48 r
  U_FIFO/READ_MODULE/R_ADD[0] (FIFO_RD_ADDRES_WIDTH4)     0.00       0.48 r
  U_FIFO/MEMORY_MODULE/R_ADD[0] (FIFO_MEM_CNTRL_ADDRES_WIDTH4_DATA_WIDTH8_FIFO_DEPTH8)
                                                          0.00       0.48 r
  U_FIFO/MEMORY_MODULE/U100/Y (BUFX4M)                    0.55       1.03 r
  U_FIFO/MEMORY_MODULE/U102/Y (MX4X1M)                    0.45       1.48 f
  U_FIFO/MEMORY_MODULE/U101/Y (MX2X2M)                    0.26       1.74 f
  U_FIFO/MEMORY_MODULE/RD_DATA[7] (FIFO_MEM_CNTRL_ADDRES_WIDTH4_DATA_WIDTH8_FIFO_DEPTH8)
                                                          0.00       1.74 f
  U_FIFO/RD_DATA[7] (ASYNC_FIFO_ADDRES_WIDTH4_DATA_WIDTH8_FIFO_DEPTH8)
                                                          0.00       1.74 f
  UART/TX_IN_P[7] (UART_TOP)                              0.00       1.74 f
  UART/U_UART_TX/IN_DATA[7] (UART_TX_DATA_WIDTH8)         0.00       1.74 f
  UART/U_UART_TX/U1/IN_DATA[7] (SERIALIZER_DATA_WIDTH8_COUNT3)
                                                          0.00       1.74 f
  UART/U_UART_TX/U1/U18/Y (NAND2X2M)                      0.07       1.81 r
  UART/U_UART_TX/U1/U17/Y (OAI2BB1X2M)                    0.05       1.86 f
  UART/U_UART_TX/U1/register_reg[6]/D (DFFRQX2M)          0.00       1.86 f
  data arrival time                                                  1.86

  clock UART_TX_CLK (rise edge)                        8680.54    8680.54
  clock network delay (ideal)                             0.00    8680.54
  clock uncertainty                                      -0.20    8680.34
  UART/U_UART_TX/U1/register_reg[6]/CK (DFFRQX2M)         0.00    8680.34 r
  library setup time                                     -0.16    8680.19
  data required time                                              8680.19
  --------------------------------------------------------------------------
  data required time                                              8680.19
  data arrival time                                                 -1.86
  --------------------------------------------------------------------------
  slack (MET)                                                     8678.33


  Startpoint: U_FIFO/READ_MODULE/R_ADD_COUNTER_reg[1]
              (rising edge-triggered flip-flop clocked by UART_TX_CLK)
  Endpoint: U_FIFO/READ_MODULE/R_ADD_COUNTER_reg[0]
            (rising edge-triggered flip-flop clocked by UART_TX_CLK)
  Path Group: UART_TX_CLK
  Path Type: max

  Point                                                   Incr       Path
  --------------------------------------------------------------------------
  clock UART_TX_CLK (rise edge)                           0.00       0.00
  clock network delay (ideal)                             0.00       0.00
  U_FIFO/READ_MODULE/R_ADD_COUNTER_reg[1]/CK (DFFRQX2M)
                                                          0.00       0.00 r
  U_FIFO/READ_MODULE/R_ADD_COUNTER_reg[1]/Q (DFFRQX2M)
                                                          0.83       0.83 r
  U_FIFO/READ_MODULE/U5/Y (XNOR2X2M)                      0.28       1.11 r
  U_FIFO/READ_MODULE/U11/Y (XNOR2X2M)                     0.16       1.26 r
  U_FIFO/READ_MODULE/U8/Y (NAND4X2M)                      0.17       1.43 f
  U_FIFO/READ_MODULE/U13/Y (NAND2X2M)                     0.12       1.55 r
  U_FIFO/READ_MODULE/U19/Y (CLKXOR2X2M)                   0.21       1.76 r
  U_FIFO/READ_MODULE/R_ADD_COUNTER_reg[0]/D (DFFRX1M)     0.00       1.76 r
  data arrival time                                                  1.76

  clock UART_TX_CLK (rise edge)                        8680.54    8680.54
  clock network delay (ideal)                             0.00    8680.54
  clock uncertainty                                      -0.20    8680.34
  U_FIFO/READ_MODULE/R_ADD_COUNTER_reg[0]/CK (DFFRX1M)
                                                          0.00    8680.34 r
  library setup time                                     -0.24    8680.10
  data required time                                              8680.10
  --------------------------------------------------------------------------
  data required time                                              8680.10
  data arrival time                                                 -1.76
  --------------------------------------------------------------------------
  slack (MET)                                                     8678.34


  Startpoint: U_FIFO/READ_MODULE/R_ADD_COUNTER_reg[1]
              (rising edge-triggered flip-flop clocked by UART_TX_CLK)
  Endpoint: UART/U_UART_TX/U2/current_state_reg[0]
            (rising edge-triggered flip-flop clocked by UART_TX_CLK)
  Path Group: UART_TX_CLK
  Path Type: max

  Point                                                   Incr       Path
  --------------------------------------------------------------------------
  clock UART_TX_CLK (rise edge)                           0.00       0.00
  clock network delay (ideal)                             0.00       0.00
  U_FIFO/READ_MODULE/R_ADD_COUNTER_reg[1]/CK (DFFRQX2M)
                                                          0.00       0.00 r
  U_FIFO/READ_MODULE/R_ADD_COUNTER_reg[1]/Q (DFFRQX2M)
                                                          0.83       0.83 r
  U_FIFO/READ_MODULE/U16/Y (CLKXOR2X2M)                   0.33       1.16 f
  U_FIFO/READ_MODULE/U4/Y (XNOR2X2M)                      0.13       1.29 f
  U_FIFO/READ_MODULE/U8/Y (NAND4X2M)                      0.10       1.39 r
  U_FIFO/READ_MODULE/U3/Y (INVX2M)                        0.06       1.45 f
  U_FIFO/READ_MODULE/EMPTY (FIFO_RD_ADDRES_WIDTH4)        0.00       1.45 f
  U_FIFO/EMPTY (ASYNC_FIFO_ADDRES_WIDTH4_DATA_WIDTH8_FIFO_DEPTH8)
                                                          0.00       1.45 f
  U2/Y (INVX2M)                                           0.07       1.52 r
  UART/TX_IN_V (UART_TOP)                                 0.00       1.52 r
  UART/U_UART_TX/DATA_VALID (UART_TX_DATA_WIDTH8)         0.00       1.52 r
  UART/U_UART_TX/U2/DATA_VALID (FSM_tx_MUX_WIDTH2)        0.00       1.52 r
  UART/U_UART_TX/U2/U7/Y (NAND3BX2M)                      0.10       1.62 f
  UART/U_UART_TX/U2/U6/Y (NAND2BX2M)                      0.07       1.69 r
  UART/U_UART_TX/U2/current_state_reg[0]/D (DFFRQX2M)     0.00       1.69 r
  data arrival time                                                  1.69

  clock UART_TX_CLK (rise edge)                        8680.54    8680.54
  clock network delay (ideal)                             0.00    8680.54
  clock uncertainty                                      -0.20    8680.34
  UART/U_UART_TX/U2/current_state_reg[0]/CK (DFFRQX2M)
                                                          0.00    8680.34 r
  library setup time                                     -0.30    8680.04
  data required time                                              8680.04
  --------------------------------------------------------------------------
  data required time                                              8680.04
  data arrival time                                                 -1.69
  --------------------------------------------------------------------------
  slack (MET)                                                     8678.36


  Startpoint: UART/U_UART_TX/U2/current_state_reg[2]
              (rising edge-triggered flip-flop clocked by UART_TX_CLK)
  Endpoint: UART/U_UART_TX/U1/counter_reg[1]
            (rising edge-triggered flip-flop clocked by UART_TX_CLK)
  Path Group: UART_TX_CLK
  Path Type: max

  Point                                                   Incr       Path
  --------------------------------------------------------------------------
  clock UART_TX_CLK (rise edge)                           0.00       0.00
  clock network delay (ideal)                             0.00       0.00
  UART/U_UART_TX/U2/current_state_reg[2]/CK (DFFRQX2M)
                                                          0.00       0.00 r
  UART/U_UART_TX/U2/current_state_reg[2]/Q (DFFRQX2M)     0.49       0.49 f
  UART/U_UART_TX/U2/U5/Y (NAND2BX2M)                      0.23       0.72 f
  UART/U_UART_TX/U2/U4/Y (AOI21X2M)                       0.16       0.88 r
  UART/U_UART_TX/U2/SER_EN (FSM_tx_MUX_WIDTH2)            0.00       0.88 r
  UART/U_UART_TX/U1/SER_EN (SERIALIZER_DATA_WIDTH8_COUNT3)
                                                          0.00       0.88 r
  UART/U_UART_TX/U1/U5/Y (INVX2M)                         0.07       0.95 f
  UART/U_UART_TX/U1/U3/Y (NOR2X2M)                        0.35       1.30 r
  UART/U_UART_TX/U1/U4/Y (NOR2X2M)                        0.18       1.48 f
  UART/U_UART_TX/U1/U13/Y (AOI21X2M)                      0.14       1.62 r
  UART/U_UART_TX/U1/U12/Y (OAI32X1M)                      0.10       1.72 f
  UART/U_UART_TX/U1/counter_reg[1]/D (DFFRQX2M)           0.00       1.72 f
  data arrival time                                                  1.72

  clock UART_TX_CLK (rise edge)                        8680.54    8680.54
  clock network delay (ideal)                             0.00    8680.54
  clock uncertainty                                      -0.20    8680.34
  UART/U_UART_TX/U1/counter_reg[1]/CK (DFFRQX2M)          0.00    8680.34 r
  library setup time                                     -0.17    8680.18
  data required time                                              8680.18
  --------------------------------------------------------------------------
  data required time                                              8680.18
  data arrival time                                                 -1.72
  --------------------------------------------------------------------------
  slack (MET)                                                     8678.46


  Startpoint: UART/U_UART_TX/U2/current_state_reg[2]
              (rising edge-triggered flip-flop clocked by UART_TX_CLK)
  Endpoint: UART/U_UART_TX/U1/counter_reg[2]
            (rising edge-triggered flip-flop clocked by UART_TX_CLK)
  Path Group: UART_TX_CLK
  Path Type: max

  Point                                                   Incr       Path
  --------------------------------------------------------------------------
  clock UART_TX_CLK (rise edge)                           0.00       0.00
  clock network delay (ideal)                             0.00       0.00
  UART/U_UART_TX/U2/current_state_reg[2]/CK (DFFRQX2M)
                                                          0.00       0.00 r
  UART/U_UART_TX/U2/current_state_reg[2]/Q (DFFRQX2M)     0.49       0.49 f
  UART/U_UART_TX/U2/U5/Y (NAND2BX2M)                      0.23       0.72 f
  UART/U_UART_TX/U2/U4/Y (AOI21X2M)                       0.16       0.88 r
  UART/U_UART_TX/U2/SER_EN (FSM_tx_MUX_WIDTH2)            0.00       0.88 r
  UART/U_UART_TX/U1/SER_EN (SERIALIZER_DATA_WIDTH8_COUNT3)
                                                          0.00       0.88 r
  UART/U_UART_TX/U1/U5/Y (INVX2M)                         0.07       0.95 f
  UART/U_UART_TX/U1/U3/Y (NOR2X2M)                        0.35       1.30 r
  UART/U_UART_TX/U1/U15/Y (AOI2BB2XLM)                    0.28       1.57 r
  UART/U_UART_TX/U1/U14/Y (OAI22X1M)                      0.13       1.70 f
  UART/U_UART_TX/U1/counter_reg[2]/D (DFFRQX2M)           0.00       1.70 f
  data arrival time                                                  1.70

  clock UART_TX_CLK (rise edge)                        8680.54    8680.54
  clock network delay (ideal)                             0.00    8680.54
  clock uncertainty                                      -0.20    8680.34
  UART/U_UART_TX/U1/counter_reg[2]/CK (DFFRQX2M)          0.00    8680.34 r
  library setup time                                     -0.16    8680.18
  data required time                                              8680.18
  --------------------------------------------------------------------------
  data required time                                              8680.18
  data arrival time                                                 -1.70
  --------------------------------------------------------------------------
  slack (MET)                                                     8678.48


  Startpoint: U_FIFO/READ_MODULE/R_ADD_COUNTER_reg[1]
              (rising edge-triggered flip-flop clocked by UART_TX_CLK)
  Endpoint: U_FIFO/READ_MODULE/GRAY_R_ADD_reg[0]
            (rising edge-triggered flip-flop clocked by UART_TX_CLK)
  Path Group: UART_TX_CLK
  Path Type: max

  Point                                                   Incr       Path
  --------------------------------------------------------------------------
  clock UART_TX_CLK (rise edge)                           0.00       0.00
  clock network delay (ideal)                             0.00       0.00
  U_FIFO/READ_MODULE/R_ADD_COUNTER_reg[1]/CK (DFFRQX2M)
                                                          0.00       0.00 r
  U_FIFO/READ_MODULE/R_ADD_COUNTER_reg[1]/Q (DFFRQX2M)
                                                          0.83       0.83 r
  U_FIFO/READ_MODULE/U5/Y (XNOR2X2M)                      0.28       1.11 r
  U_FIFO/READ_MODULE/GRAY_R_ADD_reg[0]/D (DFFRQX2M)       0.00       1.11 r
  data arrival time                                                  1.11

  clock UART_TX_CLK (rise edge)                        8680.54    8680.54
  clock network delay (ideal)                             0.00    8680.54
  clock uncertainty                                      -0.20    8680.34
  U_FIFO/READ_MODULE/GRAY_R_ADD_reg[0]/CK (DFFRQX2M)      0.00    8680.34 r
  library setup time                                     -0.33    8680.01
  data required time                                              8680.01
  --------------------------------------------------------------------------
  data required time                                              8680.01
  data arrival time                                                 -1.11
  --------------------------------------------------------------------------
  slack (MET)                                                     8678.90


  Startpoint: U_FIFO/READ_MODULE/R_ADD_COUNTER_reg[1]
              (rising edge-triggered flip-flop clocked by UART_TX_CLK)
  Endpoint: U_FIFO/READ_MODULE/GRAY_R_ADD_reg[1]
            (rising edge-triggered flip-flop clocked by UART_TX_CLK)
  Path Group: UART_TX_CLK
  Path Type: max

  Point                                                   Incr       Path
  --------------------------------------------------------------------------
  clock UART_TX_CLK (rise edge)                           0.00       0.00
  clock network delay (ideal)                             0.00       0.00
  U_FIFO/READ_MODULE/R_ADD_COUNTER_reg[1]/CK (DFFRQX2M)
                                                          0.00       0.00 r
  U_FIFO/READ_MODULE/R_ADD_COUNTER_reg[1]/Q (DFFRQX2M)
                                                          0.83       0.83 r
  U_FIFO/READ_MODULE/U16/Y (CLKXOR2X2M)                   0.27       1.10 r
  U_FIFO/READ_MODULE/GRAY_R_ADD_reg[1]/D (DFFRQX2M)       0.00       1.10 r
  data arrival time                                                  1.10

  clock UART_TX_CLK (rise edge)                        8680.54    8680.54
  clock network delay (ideal)                             0.00    8680.54
  clock uncertainty                                      -0.20    8680.34
  U_FIFO/READ_MODULE/GRAY_R_ADD_reg[1]/CK (DFFRQX2M)      0.00    8680.34 r
  library setup time                                     -0.31    8680.04
  data required time                                              8680.04
  --------------------------------------------------------------------------
  data required time                                              8680.04
  data arrival time                                                 -1.10
  --------------------------------------------------------------------------
  slack (MET)                                                     8678.94


  Startpoint: UART/U_UART_TX/U2/current_state_reg[2]
              (rising edge-triggered flip-flop clocked by UART_TX_CLK)
  Endpoint: UART/U_UART_TX/U4/TX_OUT_reg
            (rising edge-triggered flip-flop clocked by UART_TX_CLK)
  Path Group: UART_TX_CLK
  Path Type: max

  Point                                                   Incr       Path
  --------------------------------------------------------------------------
  clock UART_TX_CLK (rise edge)                           0.00       0.00
  clock network delay (ideal)                             0.00       0.00
  UART/U_UART_TX/U2/current_state_reg[2]/CK (DFFRQX2M)
                                                          0.00       0.00 r
  UART/U_UART_TX/U2/current_state_reg[2]/Q (DFFRQX2M)     0.49       0.49 f
  UART/U_UART_TX/U2/U5/Y (NAND2BX2M)                      0.23       0.72 f
  UART/U_UART_TX/U2/mux_sel[0] (FSM_tx_MUX_WIDTH2)        0.00       0.72 f
  UART/U_UART_TX/U4/mux_sel[0] (MUX_MUX_WIDTH2)           0.00       0.72 f
  UART/U_UART_TX/U4/U4/Y (AOI22X1M)                       0.19       0.91 r
  UART/U_UART_TX/U4/U3/Y (OAI2B2X1M)                      0.14       1.05 f
  UART/U_UART_TX/U4/TX_OUT_reg/D (DFFSQX2M)               0.00       1.05 f
  data arrival time                                                  1.05

  clock UART_TX_CLK (rise edge)                        8680.54    8680.54
  clock network delay (ideal)                             0.00    8680.54
  clock uncertainty                                      -0.20    8680.34
  UART/U_UART_TX/U4/TX_OUT_reg/CK (DFFSQX2M)              0.00    8680.34 r
  library setup time                                     -0.26    8680.08
  data required time                                              8680.08
  --------------------------------------------------------------------------
  data required time                                              8680.08
  data arrival time                                                 -1.05
  --------------------------------------------------------------------------
  slack (MET)                                                     8679.03


  Startpoint: U_FIFO/READ_MODULE/R_ADD_COUNTER_reg[2]
              (rising edge-triggered flip-flop clocked by UART_TX_CLK)
  Endpoint: U_FIFO/READ_MODULE/GRAY_R_ADD_reg[2]
            (rising edge-triggered flip-flop clocked by UART_TX_CLK)
  Path Group: UART_TX_CLK
  Path Type: max

  Point                                                   Incr       Path
  --------------------------------------------------------------------------
  clock UART_TX_CLK (rise edge)                           0.00       0.00
  clock network delay (ideal)                             0.00       0.00
  U_FIFO/READ_MODULE/R_ADD_COUNTER_reg[2]/CK (DFFRQX2M)
                                                          0.00       0.00 r
  U_FIFO/READ_MODULE/R_ADD_COUNTER_reg[2]/Q (DFFRQX2M)
                                                          0.61       0.61 f
  U_FIFO/READ_MODULE/U17/Y (CLKXOR2X2M)                   0.32       0.94 r
  U_FIFO/READ_MODULE/GRAY_R_ADD_reg[2]/D (DFFRQX2M)       0.00       0.94 r
  data arrival time                                                  0.94

  clock UART_TX_CLK (rise edge)                        8680.54    8680.54
  clock network delay (ideal)                             0.00    8680.54
  clock uncertainty                                      -0.20    8680.34
  U_FIFO/READ_MODULE/GRAY_R_ADD_reg[2]/CK (DFFRQX2M)      0.00    8680.34 r
  library setup time                                     -0.30    8680.04
  data required time                                              8680.04
  --------------------------------------------------------------------------
  data required time                                              8680.04
  data arrival time                                                 -0.94
  --------------------------------------------------------------------------
  slack (MET)                                                     8679.10


  Startpoint: UART/U_UART_TX/U2/BUSY_reg
              (rising edge-triggered flip-flop clocked by UART_TX_CLK)
  Endpoint: UART/U_UART_TX/U1/SER_DONE_reg
            (rising edge-triggered flip-flop clocked by UART_TX_CLK)
  Path Group: UART_TX_CLK
  Path Type: max

  Point                                                   Incr       Path
  --------------------------------------------------------------------------
  clock UART_TX_CLK (rise edge)                           0.00       0.00
  clock network delay (ideal)                             0.00       0.00
  UART/U_UART_TX/U2/BUSY_reg/CK (DFFRQX2M)                0.00       0.00 r
  UART/U_UART_TX/U2/BUSY_reg/Q (DFFRQX2M)                 0.37       0.37 r
  UART/U_UART_TX/U2/BUSY (FSM_tx_MUX_WIDTH2)              0.00       0.37 r
  UART/U_UART_TX/U1/BUSY (SERIALIZER_DATA_WIDTH8_COUNT3)
                                                          0.00       0.37 r
  UART/U_UART_TX/U1/U16/Y (BUFX2M)                        0.27       0.64 r
  UART/U_UART_TX/U1/U7/Y (NAND2X2M)                       0.11       0.76 f
  UART/U_UART_TX/U1/U8/Y (NOR2X2M)                        0.10       0.86 r
  UART/U_UART_TX/U1/SER_DONE_reg/D (DFFRQX2M)             0.00       0.86 r
  data arrival time                                                  0.86

  clock UART_TX_CLK (rise edge)                        8680.54    8680.54
  clock network delay (ideal)                             0.00    8680.54
  clock uncertainty                                      -0.20    8680.34
  UART/U_UART_TX/U1/SER_DONE_reg/CK (DFFRQX2M)            0.00    8680.34 r
  library setup time                                     -0.30    8680.04
  data required time                                              8680.04
  --------------------------------------------------------------------------
  data required time                                              8680.04
  data arrival time                                                 -0.86
  --------------------------------------------------------------------------
  slack (MET)                                                     8679.18


  Startpoint: UART/U_UART_TX/U2/current_state_reg[2]
              (rising edge-triggered flip-flop clocked by UART_TX_CLK)
  Endpoint: UART/U_UART_TX/U2/current_state_reg[2]
            (rising edge-triggered flip-flop clocked by UART_TX_CLK)
  Path Group: UART_TX_CLK
  Path Type: max

  Point                                                   Incr       Path
  --------------------------------------------------------------------------
  clock UART_TX_CLK (rise edge)                           0.00       0.00
  clock network delay (ideal)                             0.00       0.00
  UART/U_UART_TX/U2/current_state_reg[2]/CK (DFFRQX2M)
                                                          0.00       0.00 r
  UART/U_UART_TX/U2/current_state_reg[2]/Q (DFFRQX2M)     0.49       0.49 f
  UART/U_UART_TX/U2/U8/Y (NOR2X2M)                        0.16       0.65 r
  UART/U_UART_TX/U2/U3/Y (INVX2M)                         0.08       0.73 f
  UART/U_UART_TX/U2/U11/Y (NOR2X2M)                       0.09       0.82 r
  UART/U_UART_TX/U2/current_state_reg[2]/D (DFFRQX2M)     0.00       0.82 r
  data arrival time                                                  0.82

  clock UART_TX_CLK (rise edge)                        8680.54    8680.54
  clock network delay (ideal)                             0.00    8680.54
  clock uncertainty                                      -0.20    8680.34
  UART/U_UART_TX/U2/current_state_reg[2]/CK (DFFRQX2M)
                                                          0.00    8680.34 r
  library setup time                                     -0.30    8680.04
  data required time                                              8680.04
  --------------------------------------------------------------------------
  data required time                                              8680.04
  data arrival time                                                 -0.82
  --------------------------------------------------------------------------
  slack (MET)                                                     8679.21


  Startpoint: UART/U_UART_TX/U2/current_state_reg[2]
              (rising edge-triggered flip-flop clocked by UART_TX_CLK)
  Endpoint: UART/U_UART_TX/U2/BUSY_reg
            (rising edge-triggered flip-flop clocked by UART_TX_CLK)
  Path Group: UART_TX_CLK
  Path Type: max

  Point                                                   Incr       Path
  --------------------------------------------------------------------------
  clock UART_TX_CLK (rise edge)                           0.00       0.00
  clock network delay (ideal)                             0.00       0.00
  UART/U_UART_TX/U2/current_state_reg[2]/CK (DFFRQX2M)
                                                          0.00       0.00 r
  UART/U_UART_TX/U2/current_state_reg[2]/Q (DFFRQX2M)     0.49       0.49 f
  UART/U_UART_TX/U2/U5/Y (NAND2BX2M)                      0.23       0.72 f
  UART/U_UART_TX/U2/U9/Y (OAI21X2M)                       0.07       0.79 r
  UART/U_UART_TX/U2/BUSY_reg/D (DFFRQX2M)                 0.00       0.79 r
  data arrival time                                                  0.79

  clock UART_TX_CLK (rise edge)                        8680.54    8680.54
  clock network delay (ideal)                             0.00    8680.54
  clock uncertainty                                      -0.20    8680.34
  UART/U_UART_TX/U2/BUSY_reg/CK (DFFRQX2M)                0.00    8680.34 r
  library setup time                                     -0.31    8680.03
  data required time                                              8680.03
  --------------------------------------------------------------------------
  data required time                                              8680.03
  data arrival time                                                 -0.79
  --------------------------------------------------------------------------
  slack (MET)                                                     8679.24


  Startpoint: UART/U_UART_TX/U2/current_state_reg[2]
              (rising edge-triggered flip-flop clocked by UART_TX_CLK)
  Endpoint: UART/U_UART_TX/U2/current_state_reg[1]
            (rising edge-triggered flip-flop clocked by UART_TX_CLK)
  Path Group: UART_TX_CLK
  Path Type: max

  Point                                                   Incr       Path
  --------------------------------------------------------------------------
  clock UART_TX_CLK (rise edge)                           0.00       0.00
  clock network delay (ideal)                             0.00       0.00
  UART/U_UART_TX/U2/current_state_reg[2]/CK (DFFRQX2M)
                                                          0.00       0.00 r
  UART/U_UART_TX/U2/current_state_reg[2]/Q (DFFRQX2M)     0.49       0.49 f
  UART/U_UART_TX/U2/U8/Y (NOR2X2M)                        0.16       0.65 r
  UART/U_UART_TX/U2/U3/Y (INVX2M)                         0.08       0.73 f
  UART/U_UART_TX/U2/U10/Y (OAI21X2M)                      0.05       0.79 r
  UART/U_UART_TX/U2/current_state_reg[1]/D (DFFRQX2M)     0.00       0.79 r
  data arrival time                                                  0.79

  clock UART_TX_CLK (rise edge)                        8680.54    8680.54
  clock network delay (ideal)                             0.00    8680.54
  clock uncertainty                                      -0.20    8680.34
  UART/U_UART_TX/U2/current_state_reg[1]/CK (DFFRQX2M)
                                                          0.00    8680.34 r
  library setup time                                     -0.31    8680.03
  data required time                                              8680.03
  --------------------------------------------------------------------------
  data required time                                              8680.03
  data arrival time                                                 -0.79
  --------------------------------------------------------------------------
  slack (MET)                                                     8679.25


  Startpoint: U_FIFO/READ_MODULE/R_ADD_COUNTER_reg[3]
              (rising edge-triggered flip-flop clocked by UART_TX_CLK)
  Endpoint: U_FIFO/READ_MODULE/GRAY_R_ADD_reg[3]
            (rising edge-triggered flip-flop clocked by UART_TX_CLK)
  Path Group: UART_TX_CLK
  Path Type: max

  Point                                                   Incr       Path
  --------------------------------------------------------------------------
  clock UART_TX_CLK (rise edge)                           0.00       0.00
  clock network delay (ideal)                             0.00       0.00
  U_FIFO/READ_MODULE/R_ADD_COUNTER_reg[3]/CK (DFFRQX2M)
                                                          0.00       0.00 r
  U_FIFO/READ_MODULE/R_ADD_COUNTER_reg[3]/Q (DFFRQX2M)
                                                          0.41       0.41 r
  U_FIFO/READ_MODULE/GRAY_R_ADD_reg[3]/D (DFFRQX2M)       0.00       0.41 r
  data arrival time                                                  0.41

  clock UART_TX_CLK (rise edge)                        8680.54    8680.54
  clock network delay (ideal)                             0.00    8680.54
  clock uncertainty                                      -0.20    8680.34
  U_FIFO/READ_MODULE/GRAY_R_ADD_reg[3]/CK (DFFRQX2M)      0.00    8680.34 r
  library setup time                                     -0.31    8680.03
  data required time                                              8680.03
  --------------------------------------------------------------------------
  data required time                                              8680.03
  data arrival time                                                 -0.41
  --------------------------------------------------------------------------
  slack (MET)                                                     8679.62


  Startpoint: UART/U_UART_TX/U2/BUSY_reg
              (rising edge-triggered flip-flop clocked by UART_TX_CLK)
  Endpoint: U_PULSE_GEN/rcv_flop_reg
            (rising edge-triggered flip-flop clocked by UART_TX_CLK)
  Path Group: UART_TX_CLK
  Path Type: max

  Point                                                   Incr       Path
  --------------------------------------------------------------------------
  clock UART_TX_CLK (rise edge)                           0.00       0.00
  clock network delay (ideal)                             0.00       0.00
  UART/U_UART_TX/U2/BUSY_reg/CK (DFFRQX2M)                0.00       0.00 r
  UART/U_UART_TX/U2/BUSY_reg/Q (DFFRQX2M)                 0.37       0.37 r
  UART/U_UART_TX/U2/BUSY (FSM_tx_MUX_WIDTH2)              0.00       0.37 r
  UART/U_UART_TX/BUSY (UART_TX_DATA_WIDTH8)               0.00       0.37 r
  UART/TX_OUT_V (UART_TOP)                                0.00       0.37 r
  U_PULSE_GEN/lvl_sig (PULSE_GEN)                         0.00       0.37 r
  U_PULSE_GEN/rcv_flop_reg/D (DFFRQX2M)                   0.00       0.37 r
  data arrival time                                                  0.37

  clock UART_TX_CLK (rise edge)                        8680.54    8680.54
  clock network delay (ideal)                             0.00    8680.54
  clock uncertainty                                      -0.20    8680.34
  U_PULSE_GEN/rcv_flop_reg/CK (DFFRQX2M)                  0.00    8680.34 r
  library setup time                                     -0.30    8680.04
  data required time                                              8680.04
  --------------------------------------------------------------------------
  data required time                                              8680.04
  data arrival time                                                 -0.37
  --------------------------------------------------------------------------
  slack (MET)                                                     8679.67


  Startpoint: U_PULSE_GEN/rcv_flop_reg
              (rising edge-triggered flip-flop clocked by UART_TX_CLK)
  Endpoint: U_PULSE_GEN/pulse_flop_reg
            (rising edge-triggered flip-flop clocked by UART_TX_CLK)
  Path Group: UART_TX_CLK
  Path Type: max

  Point                                                   Incr       Path
  --------------------------------------------------------------------------
  clock UART_TX_CLK (rise edge)                           0.00       0.00
  clock network delay (ideal)                             0.00       0.00
  U_PULSE_GEN/rcv_flop_reg/CK (DFFRQX2M)                  0.00       0.00 r
  U_PULSE_GEN/rcv_flop_reg/Q (DFFRQX2M)                   0.36       0.36 r
  U_PULSE_GEN/pulse_flop_reg/D (DFFRQX2M)                 0.00       0.36 r
  data arrival time                                                  0.36

  clock UART_TX_CLK (rise edge)                        8680.54    8680.54
  clock network delay (ideal)                             0.00    8680.54
  clock uncertainty                                      -0.20    8680.34
  U_PULSE_GEN/pulse_flop_reg/CK (DFFRQX2M)                0.00    8680.34 r
  library setup time                                     -0.30    8680.04
  data required time                                              8680.04
  --------------------------------------------------------------------------
  data required time                                              8680.04
  data arrival time                                                 -0.36
  --------------------------------------------------------------------------
  slack (MET)                                                     8679.68


  Startpoint: U_FIFO/BIT_SYNC_W_TO_R/sync_reg_reg[3][0]
              (rising edge-triggered flip-flop clocked by UART_TX_CLK)
  Endpoint: U_FIFO/BIT_SYNC_W_TO_R/sync_reg_reg[3][1]
            (rising edge-triggered flip-flop clocked by UART_TX_CLK)
  Path Group: UART_TX_CLK
  Path Type: max

  Point                                                   Incr       Path
  --------------------------------------------------------------------------
  clock UART_TX_CLK (rise edge)                           0.00       0.00
  clock network delay (ideal)                             0.00       0.00
  U_FIFO/BIT_SYNC_W_TO_R/sync_reg_reg[3][0]/CK (DFFRQX2M)
                                                          0.00       0.00 r
  U_FIFO/BIT_SYNC_W_TO_R/sync_reg_reg[3][0]/Q (DFFRQX2M)
                                                          0.35       0.35 r
  U_FIFO/BIT_SYNC_W_TO_R/sync_reg_reg[3][1]/D (DFFRQX2M)
                                                          0.00       0.35 r
  data arrival time                                                  0.35

  clock UART_TX_CLK (rise edge)                        8680.54    8680.54
  clock network delay (ideal)                             0.00    8680.54
  clock uncertainty                                      -0.20    8680.34
  U_FIFO/BIT_SYNC_W_TO_R/sync_reg_reg[3][1]/CK (DFFRQX2M)
                                                          0.00    8680.34 r
  library setup time                                     -0.30    8680.04
  data required time                                              8680.04
  --------------------------------------------------------------------------
  data required time                                              8680.04
  data arrival time                                                 -0.35
  --------------------------------------------------------------------------
  slack (MET)                                                     8679.70


  Startpoint: U_FIFO/BIT_SYNC_W_TO_R/sync_reg_reg[2][0]
              (rising edge-triggered flip-flop clocked by UART_TX_CLK)
  Endpoint: U_FIFO/BIT_SYNC_W_TO_R/sync_reg_reg[2][1]
            (rising edge-triggered flip-flop clocked by UART_TX_CLK)
  Path Group: UART_TX_CLK
  Path Type: max

  Point                                                   Incr       Path
  --------------------------------------------------------------------------
  clock UART_TX_CLK (rise edge)                           0.00       0.00
  clock network delay (ideal)                             0.00       0.00
  U_FIFO/BIT_SYNC_W_TO_R/sync_reg_reg[2][0]/CK (DFFRQX2M)
                                                          0.00       0.00 r
  U_FIFO/BIT_SYNC_W_TO_R/sync_reg_reg[2][0]/Q (DFFRQX2M)
                                                          0.35       0.35 r
  U_FIFO/BIT_SYNC_W_TO_R/sync_reg_reg[2][1]/D (DFFRQX2M)
                                                          0.00       0.35 r
  data arrival time                                                  0.35

  clock UART_TX_CLK (rise edge)                        8680.54    8680.54
  clock network delay (ideal)                             0.00    8680.54
  clock uncertainty                                      -0.20    8680.34
  U_FIFO/BIT_SYNC_W_TO_R/sync_reg_reg[2][1]/CK (DFFRQX2M)
                                                          0.00    8680.34 r
  library setup time                                     -0.30    8680.04
  data required time                                              8680.04
  --------------------------------------------------------------------------
  data required time                                              8680.04
  data arrival time                                                 -0.35
  --------------------------------------------------------------------------
  slack (MET)                                                     8679.70


  Startpoint: U_FIFO/BIT_SYNC_W_TO_R/sync_reg_reg[1][0]
              (rising edge-triggered flip-flop clocked by UART_TX_CLK)
  Endpoint: U_FIFO/BIT_SYNC_W_TO_R/sync_reg_reg[1][1]
            (rising edge-triggered flip-flop clocked by UART_TX_CLK)
  Path Group: UART_TX_CLK
  Path Type: max

  Point                                                   Incr       Path
  --------------------------------------------------------------------------
  clock UART_TX_CLK (rise edge)                           0.00       0.00
  clock network delay (ideal)                             0.00       0.00
  U_FIFO/BIT_SYNC_W_TO_R/sync_reg_reg[1][0]/CK (DFFRQX2M)
                                                          0.00       0.00 r
  U_FIFO/BIT_SYNC_W_TO_R/sync_reg_reg[1][0]/Q (DFFRQX2M)
                                                          0.35       0.35 r
  U_FIFO/BIT_SYNC_W_TO_R/sync_reg_reg[1][1]/D (DFFRQX2M)
                                                          0.00       0.35 r
  data arrival time                                                  0.35

  clock UART_TX_CLK (rise edge)                        8680.54    8680.54
  clock network delay (ideal)                             0.00    8680.54
  clock uncertainty                                      -0.20    8680.34
  U_FIFO/BIT_SYNC_W_TO_R/sync_reg_reg[1][1]/CK (DFFRQX2M)
                                                          0.00    8680.34 r
  library setup time                                     -0.30    8680.04
  data required time                                              8680.04
  --------------------------------------------------------------------------
  data required time                                              8680.04
  data arrival time                                                 -0.35
  --------------------------------------------------------------------------
  slack (MET)                                                     8679.70


  Startpoint: U_FIFO/BIT_SYNC_W_TO_R/sync_reg_reg[0][0]
              (rising edge-triggered flip-flop clocked by UART_TX_CLK)
  Endpoint: U_FIFO/BIT_SYNC_W_TO_R/sync_reg_reg[0][1]
            (rising edge-triggered flip-flop clocked by UART_TX_CLK)
  Path Group: UART_TX_CLK
  Path Type: max

  Point                                                   Incr       Path
  --------------------------------------------------------------------------
  clock UART_TX_CLK (rise edge)                           0.00       0.00
  clock network delay (ideal)                             0.00       0.00
  U_FIFO/BIT_SYNC_W_TO_R/sync_reg_reg[0][0]/CK (DFFRQX2M)
                                                          0.00       0.00 r
  U_FIFO/BIT_SYNC_W_TO_R/sync_reg_reg[0][0]/Q (DFFRQX2M)
                                                          0.35       0.35 r
  U_FIFO/BIT_SYNC_W_TO_R/sync_reg_reg[0][1]/D (DFFRQX2M)
                                                          0.00       0.35 r
  data arrival time                                                  0.35

  clock UART_TX_CLK (rise edge)                        8680.54    8680.54
  clock network delay (ideal)                             0.00    8680.54
  clock uncertainty                                      -0.20    8680.34
  U_FIFO/BIT_SYNC_W_TO_R/sync_reg_reg[0][1]/CK (DFFRQX2M)
                                                          0.00    8680.34 r
  library setup time                                     -0.30    8680.04
  data required time                                              8680.04
  --------------------------------------------------------------------------
  data required time                                              8680.04
  data arrival time                                                 -0.35
  --------------------------------------------------------------------------
  slack (MET)                                                     8679.70


1
